smiles,family,y_true,y_pred,abs_error,rf_pred,gb_pred,disagreement,max_tanimoto,nearest_train_smiles,ad_status,pri_recalibrated,pri_category,pri_as_published_equations,pri_as_deployed_code,conformal_halfwidth_a0.1,conformal_covered_a0.1,conformal_halfwidth_a0.2,conformal_covered_a0.2,conformal_halfwidth_a0.32,conformal_covered_a0.32
[*]c1ccc(-c2ccc(-c3ccc(-c4ccc(-c5ccc6c(c5)C(=O)N(c5ccc(Oc7ccc(N8C(=O)c9ccc([*])cc9C8=O)cc7)cc5)C6=O)cc4)cc3)cc2)cc1,polyimide,517.15,555.6149780869916,38.464978086991664,563.00736046176,548.2225957122233,7.392382374768317,0.75,[*]Oc1ccc2c(c1)C(=O)N(c1ccc(Oc3ccc(-c4ccc(Oc5ccc(N6C(=O)c7ccc([*])cc7C6=O)cc5)cc4)cc3)cc1)C2=O,IN_DOMAIN,0.5648875595811845,moderate,0.8477856100632749,0.8400866557278465,77.51700116651342,True,56.598946765291984,True,41.91768619197392,True
[*]c1ccc(-c2ccc(-c3ccc(-c4ccc(-c5ccc6c(c5)C(=O)N(c5cccc(N7C(=O)c8ccc([*])cc8C7=O)c5)C6=O)cc4)cc3)cc2)cc1,polyimide,510.15,579.0224580823879,68.87245808238788,580.4827065873014,577.5622095774744,1.4602485049135225,0.7,[*]c1ccc2c(c1)C(=O)N(c1cccc(N3C(=O)c4cccc([*])c4C3=O)c1)C2=O,IN_DOMAIN,0.5757254846149573,moderate,0.8538259151718574,0.8608491242723382,45.04201120597342,False,32.88737123579362,False,24.35668127991241,False
[*]c1ccc(-c2ccc(-c3ccc(-c4ccc(N([*])c5ccc(C)cc5)cc4)c4c(C)ccc(C)c34)c3c(C)ccc(C)c23)cc1,aromatic_hc,421.15,450.403773230833,29.25377323083302,444.4558635555543,456.3516829061117,5.947909675278709,0.6451613,[*]c1ccc(-c2ccc(N([*])c3ccc(C)cc3)cc2)cc1,IN_DOMAIN,0.5534689372732169,moderate,0.8480817138000378,0.84514231017606,69.60935150058513,True,50.82518570971341,True,37.641587114038465,True
[*]c1ccc(-c2ccc(-c3ccc(-c4ccc([*])n4CCCCCCCCCCCC)s3)s2)s1,heterocycle,325.15,298.7628812610559,26.387118738944082,322.7583922340956,274.76737028801625,23.99551097303967,0.50877196,[*]c1ccc2c(c1)Sc1cc(-c3ccc(-c4ccc([*])s4)s3)ccc1N2CCCCCC,IN_DOMAIN,0.47854041877834297,low,0.7925458383390963,0.7819757056338966,168.4094938802045,True,122.9639928719676,True,91.06823290358564,True
[*]c1ccc(-c2ccc(-c3ccc(Oc4ccc(Sc5ccc(Oc6ccc([*])cc6C(F)(F)F)cc5)cc4)c(C(F)(F)F)c3)cc2)cc1,fluoropolymer,449.65,453.16859834290597,3.518598342905989,466.0803613492055,440.25683533660646,12.911763006299509,0.59574467,[*]c1ccc(Oc2ccc(-c3ccc(-c4ccc(Oc5ccc(C([*])(C)C)cc5)c(C(F)(F)F)c4)cc3)cc2C(F)(F)F)cc1,IN_DOMAIN,0.5243973415612905,moderate,0.8349944458071669,0.8207688235174873,107.73240670687456,True,78.66068940155616,True,58.25681010729934,True
[*]c1ccc(-c2ccc(-c3cnc4cc(-c5ccc6nc([*])cnc6c5)ccc4n3)cc2)cc1,aromatic_hc,618.65,639.9570499903367,21.307049990336736,644.5948623214297,635.3192376592438,4.6378123310929595,0.9677419,[*]c1ccc(-c2cnc3cc(-c4ccc5nc([*])cnc5c4)ccc3n2)cc1,IN_DOMAIN,0.6065889082322475,moderate,0.8515482582364227,0.8497276508807101,62.43732891424999,True,45.588541896680915,True,33.76328186987717,True
[*]c1ccc(-c2ccc(-c3cnc4cc(Oc5ccc6nc([*])cnc6c5)ccc4n3)cc2)cc1,polyether,663.15,617.8524905840337,45.29750941596626,631.2974133477649,604.4075678203026,13.444922763731142,0.8947368,[*]c1ccc(Oc2ccc(-c3cnc4cc(Oc5ccc6nc([*])cnc6c5)ccc4n3)cc2)cc1,IN_DOMAIN,0.5681813673493008,moderate,0.8379662616821654,0.8189027643664765,110.65114693590787,True,80.7918041294068,True,59.835132735308335,True
[*]c1ccc(-c2ccc(-c3cnc4ccc(-c5ccc6ncc(-c7ccc([*])cc7)nc6c5)cc4n3)cc2)cc1,aromatic_hc,578.15,637.2816673621858,59.131667362185794,644.0614811904771,630.5018535338944,6.779813828291367,0.78125,[*]c1ccc(-c2cnc3cc(-c4ccc5nc([*])cnc5c4)ccc3n2)cc1,IN_DOMAIN,0.5715800082200007,moderate,0.8487471410941192,0.8422306456405156,74.16354390586862,True,54.15042391070934,False,40.10428826642787,False
[*]c1ccc(-c2ccc(-c3nc4ccc(-c5ccc6nc([*])c(-c7ccccc7)c(-c7ccccc7)c6c5)cc4c(-c4ccccc4)c3-c3ccccc3)cc2)cc1,aromatic_hc,693.15,633.6442614436905,59.50573855630944,634.4360709884572,632.8524518989238,0.7918095447666929,0.48,[*]Oc1ccc2nc(-c3ccccc3)c(-c3ccc(Oc4ccc(-c5c(-c6ccccc6)nc6ccc([*])cc6c5-c5ccccc5)cc4)cc3)c(-c3ccccc3)c2c1,IN_DOMAIN,0.5452266698308879,moderate,0.8332194474820301,0.863188660632852,41.38269585735782,False,30.21552645984812,False,22.377889142027115,False
[*]c1ccc(-c2ccc(-c3nc4ccccc4c(-c4ccc(Oc5ccc(-c6c(-c7ccccc7)c([*])nc7ccccc67)cc5)cc4)c3-c3ccccc3)cc2)cc1,polyether,618.15,598.5678754906056,19.58212450939436,608.3517865331895,588.7839644480217,9.783911042583895,0.7692308,[*]c1ccc2nc(-c3ccccc3)c(-c3ccc(Oc4ccc(-c5c(-c6ccccc6)nc6ccc([*])cc6c5-c5ccccc5)cc4)cc3)c(-c3ccccc3)c2c1,IN_DOMAIN,0.5603685781316222,moderate,0.8443701203514042,0.8317163053904918,90.60923259310387,True,66.15822406448378,True,48.997372457360456,True
[*]c1ccc(-c2ccc(-c3sc(-c4c(F)c(F)c(-c5cc(CC(CCCCCCCC)CCCCCCCCCC)c([*])s5)c5nsnc45)cc3CC(CCCCCCCC)CCCCCCCCCC)s2)s1,aromatic_hc,301.15,298.72825594674003,2.4217440532599426,303.7678720534427,293.68863984003735,5.039616106702681,0.4871795,[*]c1ccc(-c2ccc(-c3sc(-c4ccc([Si](C)(C)[Si](C)(C)c5ccc(-c6cc(CCCCCCCC)c([*])s6)s5)s4)cc3CCCCCCCC)s2)s1,IN_DOMAIN,0.533065356641121,moderate,0.8311951109332781,0.8483213376660761,64.63697138107655,True,47.19460824353508,True,34.952748970918826,True
[*]c1ccc(-c2ccc(-c3sc(-c4ccc([Si](C)(C)[Si](C)(C)[Si](C)(C)[Si](C)(C)[Si](C)(C)[Si](C)(C)[Si](C)(C)[Si](C)(C)c5ccc(-c6cc(CCCCCCCC)c([*])s6)s5)s4)cc3CCCCCCCC)s2)s1,heterocycle,286.15,274.33764186533006,11.812358134669921,289.77283724414394,258.9024464865162,15.435195378813859,0.9122807,[*]c1ccc(-c2ccc(-c3sc(-c4ccc([Si](C)(C)[Si](C)(C)c5ccc(-c6cc(CCCCCCCC)c([*])s6)s5)s4)cc3CCCCCCCC)s2)s1,IN_DOMAIN,0.5647340222185042,moderate,0.8335989779904907,0.8119368102136869,121.54673436052731,True,88.74720440731409,True,65.7269733337513,True
[*]c1ccc(-c2ccc(-c3sc(-c4ccc([Si](C)(C)[Si](C)(C)[Si](C)(C)[Si](C)(C)c5ccc(-c6cc(CCCCCCCC)c([*])s6)s5)s4)cc3CCCCCCCC)s2)s1,heterocycle,279.15,271.86910610588507,7.280893894114911,289.77283724414394,253.96537496762622,17.903731138258863,0.9285714,[*]c1ccc(-c2ccc(-c3sc(-c4ccc([Si](C)(C)[Si](C)(C)c5ccc(-c6cc(CCCCCCCC)c([*])s6)s5)s4)cc3CCCCCCCC)s2)s1,IN_DOMAIN,0.5597123761460152,moderate,0.8273275856331531,0.8032969350556295,135.06053491930882,True,98.61428991001878,True,73.0346251076777,True
[*]c1ccc(-c2ccc(C(=O)c3ccc4c(c3)C(=O)N(c3ccc(Cc5ccc(N6C(=O)c7ccc(C(=O)c8ccc(-c9ccc(C([*])(C)C)cc9)cc8)cc7C6=O)cc5)cc3)C4=O)cc2)cc1,polyimide,489.15,534.1403886314362,44.99038863143619,528.4588525396814,539.8219247231909,5.681536091754765,0.6727273,[*]c1ccc(Oc2ccc(N3C(=O)c4ccc(C(=O)c5ccc6c(c5)C(=O)N(c5ccc(Oc7ccc(C([*])(C)C)cc7)cc5)C6=O)cc4C3=O)cc2)cc1,IN_DOMAIN,0.558463316935505,moderate,0.8490649067928403,0.8460746177183939,68.15111073251143,True,49.76045293675835,True,36.85303649948163,False
[*]c1ccc(-c2ccc(C3([*])CCCCC3)cc2)cc1,aromatic_hc,560.15,440.9461880932122,119.20381190678779,446.2777907287146,435.6145854577097,5.331602635502435,0.37209302,[*]c1ccc(OC(=O)Oc2ccc(C3([*])CCCCC3)cc2C)c(C)c1,IN_DOMAIN,0.5161959495335715,moderate,0.7621431950016321,0.7927645025082244,66.23542815892688,False,48.3617195702727,False,35.81712205807469,False
[*]c1ccc(-c2ccc(C3([*])c4ccccc4-c4ccccc43)cc2)cc1,aromatic_hc,570.15,449.6235196376614,120.52648036233859,430.3858318001432,468.86120747517964,19.237687837518223,0.3448276,[*]Oc1c(-c2ccccc2)cc([*])cc1-c1ccccc1,IN_DOMAIN,0.4697418730774842,low,0.7052503449059899,0.725007409613898,142.36317362683738,True,103.94630292953327,False,76.98356163913604,False
[*]c1ccc(-c2ccc(N(c3ccc(C)cc3)c3ccc(C(c4ccccc4)c4ccc(N([*])c5ccc(C)cc5)cc4)cc3)cc2)cc1,aromatic_hc,512.15,462.24550857231964,49.90449142768034,455.13323268253833,469.357784462101,7.11227588978133,0.7058824,[*]c1ccc(C(c2ccccc2)c2ccc(N([*])c3ccc(C)cc3)cc2)cc1,IN_DOMAIN,0.5590313256448207,moderate,0.8477765424763967,0.8410670284253009,75.98358073342781,True,55.47932164880185,True,41.08848181684117,False
[*]c1ccc(-c2ccc(N(c3ccc(OC)cc3)c3ccc4ccc(N([*])c5ccc(OC)cc5)cc4c3)cc2)cc1,polyether,505.15,474.7915564234651,30.358443576534853,455.39777573412573,494.1853371128045,19.393780689339394,0.53333336,[*]c1ccc(Oc2ccc(N(c3ccccc3)c3ccc(-c4ccc(N([*])c5ccccc5)cc4)cc3)cc2)cc1,IN_DOMAIN,0.4955198596943966,low,0.8128080686613613,0.7980817616268476,143.21769139515078,True,104.57022806790226,True,77.44564617696128,True
[*]c1ccc(-c2ccc(N(c3ccccc3)c3ccc(-c4ccc(N(c5ccccc5)c5ccc(-c6ccc(-n7c(=O)c8cc9c(=O)n([*])c(=O)c9cc8c7=O)cc6)cc5)cc4)cc3)cc2)cc1,aromatic_hc,493.15,644.1678628149234,151.01786281492343,638.1052828253983,650.2304428044487,6.062579989525204,0.65789473,[*]c1ccc(-n2c(=O)c3cc4c(=O)n([*])c(=O)c4cc3c2=O)cc1,IN_DOMAIN,0.5550312314178782,moderate,0.8482816417602385,0.8447409640761973,70.23710491708349,False,51.28353912467329,False,37.98104775264331,False
[*]c1ccc(-c2ccc(N3C(=O)c4c(c(-c5ccccc5)c(-c5ccc(Oc6ccc(-c7c(-c8ccccc8)c8c(c(-c9ccccc9)c7-c7ccccc7)C(=O)N([*])C8=O)cc6)cc5)c(-c5ccccc5)c4-c4ccccc4)C3=O)cc2)cc1,polyimide,672.15,610.8346113269841,61.31538867301583,613.288077369409,608.3811452845592,2.453466042424907,0.9189189,[*]c1ccc(N2C(=O)c3c(c(-c4ccccc4)c(-c4ccc(Oc5ccc(-c6c(-c7ccccc7)c7c(c(-c8ccccc8)c6-c6ccccc6)C(=O)N([*])C7=O)cc5)cc4)c(-c4ccccc4)c3-c3ccccc3)C2=O)cc1,IN_DOMAIN,0.6060424232653389,moderate,0.8537592863946328,0.8573728628910483,50.47930076601229,False,36.85740178038415,False,27.296921408952183,False
[*]c1ccc(-c2ccc(N3C(=O)c4ccc(C(=O)Oc5cc(OC(=O)c6ccc7c(c6)C(=O)N([*])C7=O)ccc5C56CC7CC(CC(C7)C5)C6)cc4C3=O)cc2C)c(C)c1,polyimide,498.15,533.0353679966709,34.88536799667088,514.0819481746021,551.9887878187396,18.95341982206878,0.69863015,[*]c1ccc(-c2ccc(N3C(=O)c4ccc(C(=O)Oc5ccc(C(C)(C)c6ccc(OC(=O)c7ccc8c(c7)C(=O)N([*])C8=O)cc6)cc5)cc4C3=O)cc2C)c(C)c1,IN_DOMAIN,0.5215087359405042,moderate,0.82349237365531,0.7996230246622947,140.80697122979856,True,102.81004358899432,True,76.14203780889723,True
[*]c1ccc(-c2ccc(N3C(=O)c4ccc(C(=O)Oc5ccc(C6(c7ccc(OC(=O)c8ccc9c(c8)C(=O)N([*])C9=O)cc7)C7CC8CC(C7)CC6C8)cc5)cc4C3=O)cc2C)c(C)c1,polyimide,495.15,518.8665580262455,23.71655802624548,513.6947196031734,524.0383964493175,5.171838423072018,0.71428573,[*]c1ccc(-c2ccc(N3C(=O)c4ccc(C(=O)Oc5ccc(C(C)(C)c6ccc(OC(=O)c7ccc8c(c7)C(=O)N([*])C8=O)cc6)cc5)cc4C3=O)cc2C)c(C)c1,IN_DOMAIN,0.5663671840948725,moderate,0.8502636371636262,0.8478585595587834,65.36081182211478,True,47.72311948587383,True,35.34416912396788,True
[*]c1ccc(-c2ccc(N3C(=O)c4ccc(C(=O)Oc5ccc(C6(c7ccc(OC(=O)c8ccc9c(c8)C(=O)N([*])C9=O)cc7)CC7CC6C6CCCC76)cc5)cc4C3=O)cc2C)c(C)c1,polyimide,499.15,522.9279369116259,23.777936911625943,516.1216186507925,529.7342551724594,6.80631826083345,0.66233766,[*]c1ccc(-c2ccc(N3C(=O)c4ccc(C(=O)Oc5ccc(C(C)(C)c6ccc(OC(=O)c7ccc8c(c7)C(=O)N([*])C8=O)cc6)cc5)cc4C3=O)cc2C)c(C)c1,IN_DOMAIN,0.5533806574112572,moderate,0.8474494565139213,0.8421378801266185,74.30864029101393,True,54.256365864798035,True,40.182749825164464,True
[*]c1ccc(-c2ccc(N3C(=O)c4ccc(C(=O)Oc5ccc(C6(c7ccc(OC(=O)c8ccc9c(c8)C(=O)N([*])C9=O)cc7)CCC(C(C)(C)C)CC6)cc5)cc4C3=O)cc2C)c(C)c1,polyimide,490.15,517.0508759173698,26.90087591736983,508.20364293650675,525.8981088982329,8.847232980863055,0.7222222,[*]c1ccc(-c2ccc(N3C(=O)c4ccc(C(=O)Oc5ccc(C(C)(C)c6ccc(OC(=O)c7ccc8c(c7)C(=O)N([*])C8=O)cc6)cc5)cc4C3=O)cc2C)c(C)c1,IN_DOMAIN,0.5561059650013112,moderate,0.8455059184439394,0.8349946786065149,85.48146384782656,True,62.414189776892506,True,46.22450717755136,True
[*]c1ccc(-c2ccc(N3C(=O)c4ccc(C(=O)Oc5ccc(C6(c7ccc(OC(=O)c8ccc9c(c8)C(=O)N([*])C9=O)cc7)CCCCCCCCCCC6)cc5)cc4C3=O)cc2C)c(C)c1,polyimide,477.15,518.4094594983637,41.25945949836375,514.3674829365067,522.4514360602208,4.041976561857041,0.7352941,[*]c1ccc(-c2ccc(N3C(=O)c4ccc(C(=O)Oc5ccc(C(C)(C)c6ccc(OC(=O)c7ccc8c(c7)C(=O)N([*])C8=O)cc6)cc5)cc4C3=O)cc2C)c(C)c1,IN_DOMAIN,0.57309244884631,moderate,0.8516975063274905,0.8518130760730359,59.175473897390646,True,43.20690231211098,True,31.999418292302508,False
[*]c1ccc(-c2ccc(N3C(=O)c4ccc(C(=O)c5ccc6c(c5)C(=O)N([*])C6=O)cc4C3=O)cc2C)c(C)c1,polyimide,658.15,598.981749825918,59.168250174082004,606.9314394444449,591.032060207391,7.949689618526918,0.7234042,[*]c1cc(N2C(=O)c3ccc(C(=O)c4ccc5c(c4)C(=O)N([*])C5=O)cc3C2=O)ccc1C,IN_DOMAIN,0.5590867731475792,moderate,0.8468182265233272,0.8381360803746912,80.56793486812252,True,58.826582400871814,False,43.56749306752439,False
[*]c1ccc(-c2ccc(N3C(=O)c4ccc(C(c5ccc6c(c5)C(=O)N([*])C6=O)(C(F)(F)F)C(F)(F)F)cc4C3=O)cc2-c2ccc(C)cc2)c(-c2ccc(C)cc2)c1,fluoropolymer,559.15,629.027631788286,69.87763178828607,625.9630694365086,632.0921941400636,3.0645623517775107,0.73214287,[*]c1ccc(-c2ccc(N3C(=O)c4ccc(C(c5ccc6c(c5)C(=O)N([*])C6=O)(C(F)(F)F)C(F)(F)F)cc4C3=O)cc2C)c(C)c1,IN_DOMAIN,0.5756511491441015,moderate,0.8526695011884395,0.8552340258083142,53.8246983828794,False,39.30003989559018,False,29.10596104388315,False
[*]c1ccc(-c2ccc(N3C(=O)c4ccc(Oc5ccc6c(c5)C(=O)N([*])C6=O)cc4C3=O)cc2C)c(C)c1,polyimide,598.15,557.668773213413,40.481226786586944,568.4157393578638,546.9218070689624,10.74696614445071,0.6666667,[*]c1ccc(-c2ccc(N3C(=O)c4ccc(C(c5ccc6c(c5)C(=O)N([*])C6=O)(C(F)(F)F)C(F)(F)F)cc4C3=O)cc2C)c(C)c1,IN_DOMAIN,0.5417488121316754,moderate,0.841659296024217,0.828345612533958,95.88140032409562,True,70.0076911007937,True,51.8483221738548,True
[*]c1ccc(-c2ccc(N3C(=O)c4cccc(-c5ccc6c(c5)C(=O)N([*])C6=O)c4C3=O)cc2C)c(C)c1,polyimide,645.15,601.9703699494105,43.17963005058948,594.746342531746,609.194397367075,7.224027417664502,0.627451,[*]c1cc(C)c(-c2c(C)cc(N3C(=O)c4ccc(-c5ccc6c(c5)C(=O)N([*])C6=O)cc4C3=O)cc2C)c(C)c1,IN_DOMAIN,0.5468235465692399,moderate,0.8458636883517842,0.8406758980777097,76.59535548863406,True,55.92600826310841,True,41.419301918535,False
[*]c1ccc(-c2ccc(Oc3ccc(-c4ccc(Oc5ccc([*])cc5C(F)(F)F)cc4)cc3)c(C(F)(F)F)c2)cc1,fluoropolymer,476.65,465.42886472791656,11.221135272083416,469.11883706349124,461.7388923923418,3.6899723355747085,0.68292683,[*]c1ccc(Oc2ccc(-c3ccc(-c4ccc(Oc5ccc(C([*])(C)C)cc5)c(C(F)(F)F)c4)cc3)cc2C(F)(F)F)cc1,IN_DOMAIN,0.5662155206638854,moderate,0.8514577563540059,0.853045090865024,57.24845505975504,True,41.79989178582957,True,30.957373712320404,True
[*]c1ccc(-c2ccc(Oc3ccc(C(c4ccc(Oc5ccc([*])cc5C(F)(F)F)cc4)(C(F)(F)F)C(F)(F)F)cc3)c(C(F)(F)F)c2)cc1,fluoropolymer,480.65,464.7535654418879,15.896434558112105,465.7359034126975,463.77122747107825,0.982337970809624,0.5833333,[*]c1ccc(Oc2ccc(-c3ccc(-c4ccc(Oc5ccc(C([*])(C)C)cc5)c(C(F)(F)F)c4)cc3)cc2C(F)(F)F)cc1,IN_DOMAIN,0.5596606784136637,moderate,0.8501786311061601,0.8625218111417018,42.42572840832301,True,30.977095443918266,True,22.94191394305696,True
[*]c1ccc(-c2ccc(Oc3ccc(C4(c5ccc(Oc6ccc([*])cc6C(F)(F)F)cc5)c5ccccc5-c5ccccc54)cc3)c(C(F)(F)F)c2)cc1,fluoropolymer,510.15,480.1189644748557,30.03103552514426,479.2225370634911,481.0153918862204,0.8964274113646695,0.5555556,[*]C(=O)c1ccc(Oc2ccc(C3(c4ccc(Oc5ccc(C(=O)c6ccc([*])cc6)cc5C(F)(F)F)cc4)c4ccccc4-c4ccccc43)cc2)c(C(F)(F)F)c1,IN_DOMAIN,0.5558298917154131,moderate,0.8477603145094453,0.8628224980997592,41.955417957364226,True,30.63369882412648,True,22.68759133512031,False
[*]c1ccc(-c2ccc(Oc3ccc(Sc4ccc(Oc5ccc([*])cc5C(F)(F)F)cc4)cc3)c(C(F)(F)F)c2)cc1,fluoropolymer,437.65,453.16859834290597,15.518598342905989,466.0803613492055,440.25683533660646,12.911763006299509,0.59574467,[*]c1ccc(Oc2ccc(-c3ccc(-c4ccc(Oc5ccc(C([*])(C)C)cc5)c(C(F)(F)F)c4)cc3)cc2C(F)(F)F)cc1,IN_DOMAIN,0.5243973415612905,moderate,0.8349944458071669,0.8207688235174873,107.73240670687456,True,78.66068940155616,True,58.25681010729934,True
[*]c1ccc(-c2ccc([Si](C)(C)c3ccc4c(c3)C(=O)N(c3cccc(Cc5cccc(N6C(=O)c7ccc([Si]([*])(C)C)cc7C6=O)c5)c3)C4=O)cc2)cc1,polyimide,558.15,530.4365595760694,27.713440423930592,513.8765026190456,546.9966165330933,16.560056957023846,0.73214287,[*]O[Si](C)(C)c1ccc2c(c1)C(=O)N(c1cccc(Cc3cccc(N4C(=O)c5ccc([Si]([*])(C)C)cc5C4=O)c3)c1)C2=O,IN_DOMAIN,0.5338197946273511,moderate,0.8303611621426342,0.8079997946899521,127.70469863793508,True,93.24343474484854,True,69.05692173574487,True
[*]c1ccc(-c2ccc3c(c2)C(=O)N(CCCCCCCCCCCCN2C(=O)c4ccc([*])cc4C2=O)C3=O)cc1,polyimide,359.15,392.6121572002651,33.462157200265096,384.9541728513525,400.2701415491776,7.657984348912549,0.6486486,[*]Oc1ccc2c(c1)C(=O)N(CCCCCCCCCCCCN1C(=O)c3ccc([*])cc3C1=O)C2=O,IN_DOMAIN,0.5486557274631909,moderate,0.8459689359552256,0.8391570488183416,78.97101782107094,True,57.66059530675671,True,42.70395259710382,True
[*]c1ccc(-c2ccc3c(c2)C(=O)N(CCCCCCCCCCCN2C(=O)c4ccc([*])cc4C2=O)C3=O)cc1,polyimide,362.15,392.6121572002651,30.462157200265096,384.9541728513525,400.2701415491776,7.657984348912549,0.6486486,[*]Oc1ccc2c(c1)C(=O)N(CCCCCCCCCCCCN1C(=O)c3ccc([*])cc3C1=O)C2=O,IN_DOMAIN,0.5486557274631909,moderate,0.8459689359552256,0.8391570488183416,78.97101782107094,True,57.66059530675671,True,42.70395259710382,True
[*]c1ccc(-c2ccc3c(c2)C(=O)N(CCCCCCCCCCN2C(=O)c4ccc([*])cc4C2=O)C3=O)cc1,polyimide,376.15,392.6121572002651,16.462157200265096,384.9541728513525,400.2701415491776,7.657984348912549,0.6486486,[*]Oc1ccc2c(c1)C(=O)N(CCCCCCCCCCCCN1C(=O)c3ccc([*])cc3C1=O)C2=O,IN_DOMAIN,0.5486557274631909,moderate,0.8459689359552256,0.8391570488183416,78.97101782107094,True,57.66059530675671,True,42.70395259710382,True
[*]c1ccc(-c2ccc3c(c2)C(=O)N(CCCCCCCCCN2C(=O)c4ccc([*])cc4C2=O)C3=O)cc1,polyimide,377.15,392.6121572002651,15.462157200265096,384.9541728513525,400.2701415491776,7.657984348912549,0.6486486,[*]Oc1ccc2c(c1)C(=O)N(CCCCCCCCCCCCN1C(=O)c3ccc([*])cc3C1=O)C2=O,IN_DOMAIN,0.5486557274631909,moderate,0.8459689359552256,0.8391570488183416,78.97101782107094,True,57.66059530675671,True,42.70395259710382,True
[*]c1ccc(-c2ccc3c(c2)C(=O)N(CCCCCCCCN2C(=O)c4ccc([*])cc4C2=O)C3=O)cc1,polyimide,393.15,392.6121572002651,0.5378427997349036,384.9541728513525,400.2701415491776,7.657984348912549,0.6486486,[*]Oc1ccc2c(c1)C(=O)N(CCCCCCCCCCCCN1C(=O)c3ccc([*])cc3C1=O)C2=O,IN_DOMAIN,0.5486557274631909,moderate,0.8459689359552256,0.8391570488183416,78.97101782107094,True,57.66059530675671,True,42.70395259710382,True
[*]c1ccc(-c2ccc3c(c2)C(=O)N(CCCCCCCN2C(=O)c4ccc([*])cc4C2=O)C3=O)cc1,polyimide,408.15,392.6121572002651,15.537842799734904,384.9541728513525,400.2701415491776,7.657984348912549,0.6486486,[*]Oc1ccc2c(c1)C(=O)N(CCCCCCCCCCCCN1C(=O)c3ccc([*])cc3C1=O)C2=O,IN_DOMAIN,0.5486557274631909,moderate,0.8459689359552256,0.8391570488183416,78.97101782107094,True,57.66059530675671,True,42.70395259710382,True
[*]c1ccc(-c2ccc3c(c2)C(=O)N(CCCCCCN2C(=O)c4ccc([*])cc4C2=O)C3=O)cc1,polyimide,414.15,392.6121572002651,21.537842799734904,384.9541728513525,400.2701415491776,7.657984348912549,0.6486486,[*]Oc1ccc2c(c1)C(=O)N(CCCCCCCCCCCCN1C(=O)c3ccc([*])cc3C1=O)C2=O,IN_DOMAIN,0.5486557274631909,moderate,0.8459689359552256,0.8391570488183416,78.97101782107094,True,57.66059530675671,True,42.70395259710382,True
[*]c1ccc(-c2ccc3ccc4ccc(-c5ccc(-c6cc(CCCCCC)c([*])cc6CCCCCC)cc5)nc4c3n2)cc1,aromatic_hc,463.15,354.95557969981496,108.19442030018502,340.8953169264063,369.01584247322364,14.060262773408681,0.5263158,[*]c1ccc2c(c1)C(CCCCCC)(CCCCCC)c1cc(-c3cc(CCCCCC)c([*])cc3CCCCCC)ccc1-2,IN_DOMAIN,0.5106529336601467,moderate,0.8253594998428855,0.8167490743326051,114.01977634903434,True,83.25140491318822,False,61.65673507429934,False
[*]c1ccc(-c2ccc3nc([*])cc(-c4ccccc4)c3c2)cc1,aromatic_hc,656.15,595.9403661821265,60.20963381787351,598.7947574458876,593.0859749183653,2.8543912637611584,0.425,[*]c1ccc(-c2cnc3cc(-c4ccc5nc([*])cnc5c4)ccc3n2)cc1,IN_DOMAIN,0.5311218925248617,moderate,0.8068719246887649,0.8384696413056719,52.67413365809953,False,38.45995642192802,False,28.483787709632548,False
[*]c1ccc(-c2cnc3cc(Oc4ccc5nc([*])cnc5c4)ccc3n2)cc1,polyether,579.15,597.2384260605907,18.088426060590677,620.9735510425696,573.5033010786116,23.735124981979027,0.8918919,[*]c1ccc(Oc2ccc(-c3cnc4cc(Oc5ccc6nc([*])cnc6c5)ccc4n3)cc2)cc1,IN_DOMAIN,0.5370244444880374,moderate,0.8081469206983879,0.7828870566026088,166.9840317057026,True,121.9231933503599,True,90.29740746903423,True
[*]c1ccc(-c2cnc3ccc(-c4ccc5ncc([*])nc5c4)cc3n2)cc1,aromatic_hc,649.15,637.6200082229234,11.529991777076589,638.4418325000008,636.798183945846,0.8218242770774395,0.9354839,[*]c1ccc(-c2cnc3cc(-c4ccc5nc([*])cnc5c4)ccc3n2)cc1,IN_DOMAIN,0.6135884944952856,moderate,0.8552098457469611,0.8630836090697644,41.54700909637844,True,30.33549957707674,True,22.46674230567902,True
[*]c1ccc(-c2cnc3ccc(Oc4ccc5ncc([*])nc5c4)cc3n2)cc1,polyether,579.15,599.2781872510666,20.128187251066606,625.0530734235217,573.5033010786116,25.77488617245507,0.84210527,[*]c1ccc(Oc2ccc(-c3cnc4cc(Oc5ccc6nc([*])cnc6c5)ccc4n3)cc2)cc1,IN_DOMAIN,0.5236683811628046,moderate,0.7997868809831853,0.7757478924359428,178.15054035771152,True,130.07640644217707,True,96.33575000668486,True
[*]c1ccc(-c2nc3cc(-c4ccc5nc(-c6ccccc6)c(-c6ccc(-n7c(=O)c8cc9c(=O)n([*])c(=O)c9cc8c7=O)cc6)nc5c4)ccc3nc2-c2ccccc2)cc1,aromatic_hc,490.15,646.2682760332012,156.11827603320125,634.0493718730171,658.4871801933854,12.218904160184138,0.66,[*]C(=O)c1ccc2nc(-c3ccccc3)c(-c3ccc(-n4c(=O)c5cc6c(=O)n(-c7ccc(-c8nc9cc([*])ccc9nc8-c8ccccc8)cc7)c(=O)c6cc5c4=O)cc3)nc2c1,IN_DOMAIN,0.5361745110272682,moderate,0.8388598341386561,0.8231938294788911,103.93940665574476,False,75.89123489810478,False,56.20572733220762,False
[*]c1ccc(-c2nc3cc(-c4ccc5nc(-c6ccccc6)c(-c6ccc(N7C(=O)C8OC9C(=O)N([*])C(=O)C9C8C7=O)cc6)nc5c4)ccc3nc2-c2ccccc2)cc1,polyamide,503.15,613.2908078392621,110.14080783926215,617.1325906587307,609.4490250197936,3.8417828194685626,0.6666667,[*]C(=O)c1ccc2nc(-c3ccccc3)c(-c3ccc(N4C(=O)C5OC6C(=O)N(c7ccc(-c8nc9cc([*])ccc9nc8-c8ccccc8)cc7)C(=O)C6C5C4=O)cc3)nc2c1,IN_DOMAIN,0.5632800700819516,moderate,0.8509932126569582,0.8525137541713955,58.079529349128464,False,42.40669969576417,False,31.406781077671663,False
[*]c1ccc(-c2nc3cc(-c4ccc5oc([*])nc5c4)ccc3o2)cc1,aromatic_hc,703.15,604.779506832588,98.37049316741195,600.4220575198416,609.1369561453345,4.357449312746439,0.575,[*]c1ccc(-c2nc3cc(C)ccc3o2)c([*])c1,IN_DOMAIN,0.5479572560684629,moderate,0.8463031243347902,0.8507089214449229,60.90250410991144,False,44.467891380180625,False,32.93331807432578,False
[*]c1ccc(-c2nc3cc(C(c4ccc5oc(-c6ccc(C([*])(C(F)(F)F)C(F)(F)F)cc6)nc5c4)(C(F)(F)F)C(F)(F)F)ccc3o2)cc1,fluoropolymer,609.15,561.3073869506195,47.842613049380475,549.4542332846311,573.1605406166078,11.853153665988373,0.46938777,[*]c1ccc(-c2nc3cc(C)ccc3o2)c([*])c1,IN_DOMAIN,0.5093026336182302,moderate,0.8155513123060847,0.8244739562085762,101.9371349795392,True,74.42927860070138,True,55.122989422700876,True
[*]c1ccc(-c2nc3cc(C(c4ccc5oc(-c6ccc(C([*])(c7ccccc7)C(F)(F)F)cc6)nc5c4)(C(F)(F)F)C(F)(F)F)ccc3o2)cc1,fluoropolymer,583.15,558.760024315335,24.389975684664932,549.2626232846311,568.257425346039,9.49740103070394,0.46,[*]c1ccc(-c2nc3cc(C)ccc3o2)c([*])c1,IN_DOMAIN,0.5152996129357348,moderate,0.8160201077204569,0.8327190904320717,89.04075656685002,True,65.01300314808269,True,48.14921160388635,True
[*]c1ccc(-c2nc3cc(C(c4ccccc4)(c4ccc5oc(-c6ccc(C([*])(c7ccccc7)C(F)(F)F)cc6)nc5c4)C(F)(F)F)ccc3o2)cc1,fluoropolymer,603.15,579.2035183128038,23.946481687196183,552.6395436417738,605.7674929838338,26.563974671029996,0.44230768,[*]c1ccc(-c2nc3cc(C)ccc3o2)c([*])c1,IN_DOMAIN,0.461879861929675,low,0.7594174613607295,0.7676014586865665,182.47034190491186,True,133.2305044352279,True,98.67170319040233,True
[*]c1ccc(-c2nc3cc(Oc4ccc5nc(-c6ccccc6)c(-c6ccc(-n7c(=O)c8cc9c(=O)n([*])c(=O)c9cc8c7=O)cc6)nc5c4)ccc3nc2-c2ccccc2)cc1,polyether,547.15,620.4364363379534,73.28643633795343,623.6399240253086,617.2329486505984,3.203487687355107,0.6458333,[*]c1cccc(Oc2ccc(-n3c(=O)c4cc5c(=O)n([*])c(=O)c5cc4c3=O)cc2)c1,IN_DOMAIN,0.5621203928301257,moderate,0.8511228733918687,0.8547477871337926,54.58523396368845,False,39.855344050853574,False,29.517224267878408,False
[*]c1ccc(-c2nc3cc(S(=O)(=O)c4ccc5nc(-c6ccccc6)c(-c6ccc(-n7c(=O)c8cc9c(=O)n([*])c(=O)c9cc8c7=O)cc6)nc5c4)ccc3nc2-c2ccccc2)cc1,polysulfone,459.15,649.8269044562677,190.67690445626772,631.9367318730172,667.7170770395182,17.890172583250546,0.58928573,[*]C(=O)c1ccc2nc(-c3ccccc3)c(-c3ccc(-n4c(=O)c5cc6c(=O)n(-c7ccc(-c8nc9cc([*])ccc9nc8-c8ccccc8)cc7)c(=O)c6cc5c4=O)cc3)nc2c1,IN_DOMAIN,0.5082448879375706,moderate,0.8228857443493242,0.8033443899981586,134.98630969994687,False,98.56009445384672,False,72.99448746811574,False
[*]c1ccc(-c2nc3cc4sc([*])nc4cc3s2)cc1,aromatic_hc,298.15,601.8956663070337,303.74566630703373,618.9491007449496,584.8422318691179,17.053434437915882,0.3,[*]c1ccc2nc(-c3cccc(-c4nc5cc([*])ccc5nc4-c4ccccc4)c3)c(-c3ccccc3)nc2c1,IN_DOMAIN,0.4704723414986746,low,0.6546308960713885,0.7012729991368272,130.4056539923222,False,95.21553410392985,False,70.51747615941933,False
[*]c1ccc(-c2nc3ccc(-c4ccc5nc(-c6ccc(C([*])(C(F)(F)F)C(F)(F)F)cc6)[nH]c5c4)cc3[nH]2)cc1,fluoropolymer,542.15,605.5019143563234,63.35191435632339,596.1556004036796,614.8482283089671,9.346313952643754,0.5263158,[*]c1ccc(-c2ccc(C([*])(C(F)(F)F)C(F)(F)F)cc2)cc1,IN_DOMAIN,0.5252606290788289,moderate,0.8340049421204504,0.8332478952052823,88.21364250455528,True,64.40908679326803,True,47.70194575011881,False
[*]c1ccc(-c2nc3ccc(-c4ccc5nc(-c6ccc(C([*])(C(F)(F)F)C(F)(F)F)cc6)oc5c4)cc3o2)cc1,fluoropolymer,618.15,560.3527120650554,57.79728793494462,531.1814720039667,589.5239521261441,29.171240061088668,0.5263158,[*]c1ccc(-c2ccc(C([*])(C(F)(F)F)C(F)(F)F)cc2)cc1,IN_DOMAIN,0.4667411463732086,low,0.7727264559917985,0.7638606538257252,196.743606673411,True,143.6521118328601,True,106.39003883932271,True
[*]c1ccc(-c2nc3ccc(-c4ccc5nc(-c6ccc(C([*])(c7ccccc7)C(F)(F)F)cc6)oc5c4)cc3o2)cc1,fluoropolymer,623.15,557.6451249059614,65.50487509403854,530.6694129563477,584.6208368555752,26.975711949613753,0.4878049,[*]c1cc([*])cc(-c2nc3ccccc3o2)c1,IN_DOMAIN,0.46716855797591283,low,0.774843387473562,0.7715450022158874,184.72436453517238,True,134.87627639412807,True,99.89057662284986,True
[*]c1ccc(-c2nc3ccc(-c4ccc5nc([*])c(-c6ccccc6)c(-c6ccccc6)c5c4)cc3c(-c3ccccc3)c2-c2ccccc2)cc1,aromatic_hc,673.15,626.7058488029169,46.4441511970831,624.0703097979809,629.3413878078528,2.6355390049359357,0.48979592,[*]Oc1ccc2nc(-c3ccccc3)c(-c3ccc(Oc4ccc(-c5c(-c6ccccc6)nc6ccc([*])cc6c5-c5ccccc5)cc4)cc3)c(-c3ccccc3)c2c1,IN_DOMAIN,0.5409193826652844,moderate,0.8344256411088428,0.8567356075222597,51.476044561643484,True,37.58517308446726,False,27.8359153458992,False
[*]c1ccc(-c2nc3ccc(Oc4ccc5nc([*])c(-c6ccccc6)c(-c6ccccc6)c5c4)cc3c(-c3ccccc3)c2-c2ccccc2)cc1,polyether,618.15,593.0187997247122,25.131200275287824,602.3602401984135,583.6773592510109,9.341440473701311,0.5813953,[*]c1ccc2nc(-c3ccccc3)c(-c3ccc(Oc4ccc(-c5c(-c6ccccc6)nc6ccc([*])cc6c5-c5ccccc5)cc4)cc3)c(-c3ccccc3)c2c1,IN_DOMAIN,0.5333527205040968,moderate,0.8403082381196879,0.8332649523815808,88.18696303588499,True,64.38960681075746,True,47.687518700843675,True
[*]c1ccc(-c2nnc(-c3ccc(-c4ccc(-c5nnc(-c6ccc([Si]([*])(c7ccccc7)c7ccccc7)cc6)o5)cc4)cc3)o2)cc1,aromatic_hc,551.15,349.09322142122005,202.05677857877993,337.3985374761894,360.7879053662507,11.694683945030647,0.41463414,[*]c1ccc(Oc2ccc(-c3nnc(-c4ccc(Oc5ccc(C([*])(C)C)cc5)cc4)o3)cc2)cc1,IN_DOMAIN,0.5021481868898057,moderate,0.7882314475053537,0.8002724964778847,101.06960523222456,False,73.79585278124671,False,54.65386859549005,False
[*]c1ccc(-c2nnc(-c3ccc(-c4nnc(-c5ccc([Si]([*])(c6ccccc6)c6ccccc6)cc5)o4)c4ccccc34)o2)cc1,aromatic_hc,546.15,357.5070112379901,188.64298876200985,339.2225208095226,375.7915016664577,18.284490428467535,0.36956522,[*]c1ccc(Oc2ccc(-c3nnc(-c4ccc(Oc5ccc(C([*])(C)C)cc5)cc4)o3)cc2)cc1,IN_DOMAIN,0.47588150315078964,low,0.7351292119619571,0.7456599419457218,137.14497104266482,False,100.13623848137868,False,74.16179383184394,False
[*]c1ccc(-c2nnc(-c3ccc(-c4nnc(-c5ccc([Si]([*])(c6ccccc6)c6ccccc6)cc5)o4)cc3)o2)cc1,aromatic_hc,547.15,350.2298297545533,196.92017024544668,339.67175414285595,360.7879053662507,10.558075611697376,0.425,[*]c1ccc(Oc2ccc(-c3nnc(-c4ccc(Oc5ccc(C([*])(C)C)cc5)cc4)o3)cc2)cc1,IN_DOMAIN,0.507108562328486,moderate,0.7968673074053283,0.8115067460878952,94.84733428826698,False,69.25266900715079,False,51.28914605843035,False
[*]c1ccc(-c2nnc(-c3ccc(-c4nnc(-c5ccc([Si]([*])(c6ccccc6)c6ccccc6)cc5)o4)nc3)o2)cc1,aromatic_hc,545.15,343.0641494060201,202.0858505939799,339.37477914285597,346.75351966918413,3.6893702631640792,0.3469388,[*]c1ccc(Oc2ccc(-c3nnc(-c4ccc(Oc5ccc(C([*])(C)C)cc5)cc4)o3)cc2)cc1,IN_DOMAIN,0.5179619931139393,moderate,0.736757820584516,0.7809043586866985,57.24515906274626,False,41.797485217509966,False,30.9555913862987,False
[*]c1ccc(-c2nnc(-c3ccc(-c4nnc(-c5ccc([Si]([*])(c6ccccc6)c6ccccc6)cc5)o4)o3)o2)cc1,aromatic_hc,549.15,364.43730928704224,184.71269071295774,342.81882833333225,386.05579024075223,21.61848095370999,0.4090909,[*]c1ccc(Oc2ccc(-c3nnc(-c4ccc(Oc5ccc(C([*])(C)C)cc5)cc4)o3)cc2)cc1,IN_DOMAIN,0.4713693148503004,low,0.7588707245459095,0.7616589445726291,155.39663413914087,False,113.46266871513426,False,84.0314672537592,False
[*]c1ccc(-c2nnc(-c3ccc(C4([*])OC(=O)c5ccccc54)cc3)o2)cc1,polyester,653.15,498.4530181974515,154.69698180254846,482.4555977777766,514.4504386171265,15.997420419674938,0.48979592,[*]c1ccc(Oc2ccc(C(=O)c3ccc(Oc4ccc(C5([*])OC(=O)c6ccccc65)cc4)cc3)cc2)cc1,IN_DOMAIN,0.49946574397317833,low,0.8130969172366745,0.8099690225706732,124.62459014701088,False,90.99449717133916,False,67.39133845444051,False
[*]c1ccc(-c2nnc(-c3ccc([Si]([*])(c4ccccc4)c4ccccc4)cc3)o2)cc1,aromatic_hc,535.15,350.2298297545533,184.92017024544668,339.67175414285595,360.7879053662507,10.558075611697376,0.425,[*]c1ccc(Oc2ccc(-c3nnc(-c4ccc(Oc5ccc(C([*])(C)C)cc5)cc4)o3)cc2)cc1,IN_DOMAIN,0.507108562328486,moderate,0.7968673074053283,0.8115067460878952,94.84733428826698,False,69.25266900715079,False,51.28914605843035,False
[*]c1ccc(-c2nnc(-c3cccc(-c4nnc(-c5ccc([Si]([*])(c6ccccc6)c6ccccc6)cc5)o4)n3)o2)cc1,aromatic_hc,538.15,355.421964029177,182.728035970823,351.79735374603064,359.04657431232334,3.624610283146353,0.3617021,[*]c1ccc(Oc2ccc(-c3nnc(-c4ccc(Oc5ccc(C([*])(C)C)cc5)cc4)o3)cc2)cc1,IN_DOMAIN,0.5201234429854797,moderate,0.7533008634819227,0.7914653613348849,56.89063575847499,False,41.53863044599472,False,30.763881227332895,False
[*]c1ccc(-c2nnc(-c3cccc(-c4nnc([*])n4-c4ccccc4)c3)n2-c2ccccc2)cc1,aromatic_hc,545.65,494.0328033024057,51.617196697594295,468.96400448412584,519.1016021206856,25.068798818279873,0.44642857,[*]c1ccc(Oc2ccc(C(c3ccc(Oc4ccc(-c5nnc([*])n5-c5cccc(C(F)(F)F)c5)cc4)cc3)(C(F)(F)F)C(F)(F)F)cc2)cc1,IN_DOMAIN,0.46663697281857025,low,0.7678392043338035,0.7757192005597416,174.28512190270536,True,127.25407572674455,True,94.2455066360782,True
[*]c1ccc(-c2nnc(-c3cncc(-c4nnc(-c5ccc([Si]([*])(c6ccccc6)c6ccccc6)cc5)o4)c3)o2)cc1,aromatic_hc,545.15,366.4052031332605,178.74479686673948,339.5158196984115,393.2945865681095,26.88938343484898,0.39130434,[*]c1ccc(Oc2ccc(-c3nnc(-c4ccc(Oc5ccc(C([*])(C)C)cc5)cc4)o3)cc2)cc1,IN_DOMAIN,0.4539527676237359,low,0.7240364198159918,0.7307602100600904,184.2517660214165,True,134.5312091479898,False,99.63501673409903,False
[*]c1ccc(-c2sc(-c3ccc(-c4cc(CCCCCCCC)c([*])s4)cn3)cc2CCCCCCCC)cc1,aromatic_hc,289.35,300.85513193396656,11.505131933966538,292.3213380158726,309.38892585206054,8.533793918093977,0.78431374,[*]c1ccc(-c2sc(-c3ccc(-c4cc(CCCCCCCC)c([*])s4)cc3)cc2CCCCCCCC)cc1,IN_DOMAIN,0.5665738088389632,moderate,0.8463456606266307,0.8360917153262065,83.76556689742344,True,61.16132964699694,True,45.29662775984455,True
[*]c1ccc(-c2sc(-c3ccc(-c4ccc(-c5cc(CCCCCCCC)c([*])s5)cc4)cc3)cc2CCCCCCCC)cc1,aromatic_hc,273.75,284.57516861924375,10.825168619243755,276.6254831998555,292.524854038632,7.949685419388231,0.9767442,[*]c1ccc(-c2sc(-c3ccc(-c4cc(CCCCCCCC)c([*])s4)cc3)cc2CCCCCCCC)cc1,IN_DOMAIN,0.5975971200023076,moderate,0.8474142192623199,0.8381360950716766,80.56791188027537,True,58.82656561632239,True,43.56748063673696,True
[*]c1ccc(-c2sc(-c3ccc(-n4c(=O)c5cc6c(=O)n([*])c(=O)c6cc5c4=O)cc3)c(-c3ccccc3)c2-c2ccccc2)cc1,aromatic_hc,733.15,637.2345629163347,95.91543708366532,638.3491618730175,636.1199639596517,1.114598956682869,0.64102566,[*]c1ccc(-n2c(=O)c3cc4c(=O)n([*])c(=O)c4cc3c2=O)cc1,IN_DOMAIN,0.5678685668689295,moderate,0.8529002882587997,0.8620588976911455,43.14978054245158,False,31.505761253716678,False,23.333448570149084,False
[*]c1ccc(-n2c(=O)c3cc4c(=O)n(-c5ccc(-c6cc(-c7ccc(OCCCC#N)cc7)cc([*])n6)cc5)c(=O)c4cc3c2=O)cc1,nitrile,618.15,463.5828597262198,154.56714027378018,441.0923285291365,486.07339092330307,22.49053119708327,0.63235295,[*]c1ccc(N2C(=O)c3ccc(C(=O)c4ccc5c(c4)C(=O)N(c4ccc(-c6cc(-c7ccc(OCCCC#N)cc7)cc([*])n6)cc4)C5=O)cc3C2=O)cc1,IN_DOMAIN,0.5010810923604594,moderate,0.8104622838927796,0.7872431348497441,160.17060308858518,True,116.94837650004119,False,86.61301361522348,False
[*]c1ccc(-n2c(=O)c3cc4c(=O)n(-c5ccc(N([*])c6ccc(C#N)cc6)cc5)c(=O)c4cc3c2=O)cc1,nitrile,626.15,633.1525285760214,7.002528576021405,627.6703761904774,638.6346809615653,5.482152385543941,0.5,[*]C(=O)c1ccc(-n2c(=O)c3cc4c(=O)n(-c5ccc([*])cc5)c(=O)c4cc3c2=O)cc1,IN_DOMAIN,0.533520530125589,moderate,0.8340029792273081,0.8467724606901318,67.0596006621815,True,48.963488149231566,True,36.262797249833845,True
[*]c1ccc(-n2nccc2-c2ccc(-c3ccnn3-c3ccc(S([*])(=O)=O)cc3)cc2)cc1,polysulfone,539.15,523.1155804191936,16.034419580806343,505.07623714285575,541.1549236955315,18.03934327633786,0.5,[*]c1ccc(Oc2ccc(-c3cc(-c4ccc(Oc5ccc(S([*])(=O)=O)cc5)cc4)nn3-c3ccccc3)cc2)cc1,IN_DOMAIN,0.49475081642997254,low,0.8103824594696852,0.802822292572353,135.80293266677413,True,99.1563507477078,True,73.43608021222994,True
[*]c1ccc(-n2nccc2-c2cccc(-c3ccnn3-c3ccc(S([*])(=O)=O)cc3)c2)cc1,polysulfone,491.15,522.2076121372976,31.05761213729761,497.63943333333197,546.7757909412633,24.56817880396565,0.44230768,[*]c1ccc(Oc2ccc(-c3cc(-c4ccc(Oc5ccc(S([*])(=O)=O)cc5)cc4)nn3-c3ccccc3)cc2)cc1,IN_DOMAIN,0.4674764631101713,low,0.7678870465793449,0.7745867442212917,171.5445178813572,True,125.25302694035213,True,92.76351200761519,True
[*]c1ccc(/C=C(\C#N)C(=O)NC2CCCCC2NC(=O)/C(C#N)=C/c2ccc(N(CC)c3ccc(Oc4ccc(N([*])CC)cc4)cc3)cc2)cc1,polyamide,508.15,450.0922178486737,58.05778215132625,449.8969494603159,450.28748623703154,0.19526838835781746,0.6315789,[*]Cc1ccccc1CN(CC)c1ccc(/C=C/c2ccc(/C=C(\C#N)C(=O)NC3CCCCC3NC(=O)/C(C#N)=C/c3ccc(/C=C/c4ccc(N([*])CC)cc4)cc3)cc2)cc1,IN_DOMAIN,0.5692821412526134,moderate,0.8533396865866666,0.8652765546802831,38.11697925512926,False,27.831067343285806,False,20.61193739384117,False
[*]c1ccc(/C=C/c2ccc(-n3c(=O)c4cc5c(=O)n([*])c(=O)c5cc4c3=O)cc2S(=O)(=O)O[Na])c(S(=O)(=O)O[Na])c1,polysulfone,501.15,585.3376595165178,84.18765951651778,594.3264909365084,576.3488280965271,8.988831419990674,0.5849057,[*]c1ccc(-n2c(=O)c3cc4c(=O)n([*])c(=O)c4cc3c2=O)cc1S(=O)(=O)O[Na],IN_DOMAIN,0.5349719594108713,moderate,0.8411043132480456,0.8344990840695682,86.25663311911782,True,62.98017870396232,False,46.643683639110414,False
[*]c1ccc(/C=N/c2ccc(Oc3ccc(/N=C/c4ccc(N([*])c5ccccc5)cc4)cc3)cc2)cc1,polyether,435.15,441.968117628253,6.818117628253049,440.96533584559774,442.9708994109083,1.0027817826552905,0.5813953,[*]c1ccc(Oc2ccc(/C=N/c3ccc(Oc4ccc(-c5ccc(Oc6ccc(/N=C/c7ccc(Oc8ccc(S([*])(=O)=O)cc8)cc7)cc6)cc5)cc4)cc3)cc2)cc1,IN_DOMAIN,0.5593106154597784,moderate,0.8500182980737235,0.862450257800242,42.53764641270538,True,31.05881224251459,True,23.002434134967565,True
[*]c1ccc(/C=N/c2ccc(Oc3cccc(Oc4ccc(/N=C/c5ccc(N([*])c6ccccc6)cc5)cc4)c3)cc2)cc1,polyether,447.15,437.6357571218453,9.514242878154676,439.39249099999876,435.87902324369185,1.7567338781534545,0.5681818,[*]C(=Nc1ccccc1)c1ccc(Oc2ccc(Oc3cccc(Oc4ccc(Oc5ccc([*])cc5)cc4)n3)cc2)cc1,IN_DOMAIN,0.5550286818758152,moderate,0.8482735444075274,0.8598114254659984,46.66509654602988,True,34.072465078111485,True,25.23437237894155,True
[*]c1ccc(/N=C/c2ccc(-c3ccc(-c4ccc(/C=N/c5ccc(C([*])c6ccccc6)cc5)cc4)s3)cc2)cc1,aromatic_hc,402.15,436.919155153175,34.76915515317501,442.6058393650778,431.2324709412721,5.686684211902872,0.6923077,[*]N=Cc1ccc(-c2ccc(-c3ccc(/C=N/c4cccc([*])c4)cc3)s2)cc1,IN_DOMAIN,0.5614171866725584,moderate,0.8493890089799221,0.8460565992978755,68.17929370238252,True,49.78103069889334,True,36.86827657416508,True
[*]c1ccc(/N=C/c2ccc(OCCCCCCCCCCOc3ccc(/C=N/c4ccc([*])cc4OC)c(O)c3)cc2O)c(OC)c1,polyether,345.15,342.7547107915622,2.3952892084377595,349.42117616439043,336.088245418734,6.666465372828213,0.5,[*]CC([*])C(=O)OCCCCCCOc1ccc(/C=N/c2ccc(OCCCCC)cc2)c(O)c1,IN_DOMAIN,0.5298241737035718,moderate,0.8325500358795959,0.8426273652346368,73.54302689900972,True,53.69735415169321,True,39.76874075067167,True
[*]c1ccc(/N=N/c2ccc(OCC)cc2)cc1C(=O)OCCCCCCOC(=O)c1cc(/N=N/c2ccc(OCC)cc2)ccc1[*],polyester,356.15,326.5172932296931,29.632706770306868,323.1252028132968,329.90938364608945,3.3920904163963144,0.5762712,[*]C(=O)OCCCCCCCCCCCOc1ccc(-c2ccc(OCCCCCCCCCCCOC(=O)c3cc([*])cc(OCCCCCCCCCCOc4ccc(/N=N/c5ccc(OC)cc5)cc4)c3)cc2)cc1,IN_DOMAIN,0.5511494130991398,moderate,0.8474146578585937,0.8540876775821484,55.617724441232845,True,40.609215752477795,True,30.07554839268477,True
[*]c1ccc(/N=N/c2ccc(OCC)cc2)cc1C(=O)OCCCOC(=O)c1cc(/N=N/c2ccc(OCC)cc2)ccc1[*],polyester,374.15,341.103329900571,33.04667009942898,338.1801867658724,344.0264730352696,2.9231431346985914,0.5740741,[*]COC(=O)c1cccc(C(=O)OC([*])COc2ccc(/N=N/c3ccc(C#N)cc3)cc2)c1,IN_DOMAIN,0.5522819362281838,moderate,0.8476988140742908,0.8557289930680904,53.0505102482853,True,38.73476734431996,True,28.687315136648493,False
[*]c1ccc(/N=N/c2ccc(OCC)cc2)cc1C(=O)OCCOCCOCCOC(=O)c1cc(/N=N/c2ccc(OCC)cc2)ccc1[*],polyester,338.15,307.52273071436156,30.62726928563842,299.484003253967,315.5614581747561,8.038727460394568,0.5925926,[*]COC(=O)c1cccc(C(=O)OC([*])COc2ccc(/N=N/c3ccc(C#N)cc3)cc2)c1,IN_DOMAIN,0.5390766993785133,moderate,0.8430106161914818,0.8378244479281546,81.05536537528856,True,59.18247920946491,True,43.83107342708823,True
[*]c1ccc(/N=N/c2ccc(OCC)cc2)cc1C(=O)Oc1ccc(-c2ccc(OC(=O)c3cc(/N=N/c4ccc(OCC)cc4)ccc3[*])cc2)cc1,polyester,438.15,406.3287777993448,31.8212222006552,400.6851713095228,411.97238428916677,5.643606489821991,0.49056605,[*]O[Si]([*])(C)CCCOc1ccc(C(=O)Oc2ccc(-c3ccc(OC(=O)c4ccc(OCC)cc4)cc3)cc2)cc1,IN_DOMAIN,0.5316651755191835,moderate,0.8314258325084655,0.8462073713251584,67.94346817605572,True,49.6088429696261,True,36.740752801833004,True
[*]c1ccc(/N=N/c2ccc(OCC)cc2)cc1C(=O)Oc1ccc(OC(=O)c2cc(/N=N/c3ccc(OCC)cc3)ccc2[*])cc1,polyester,443.15,398.84127593923205,44.30872406076793,399.22719330952276,398.45535856894134,0.3859173702907128,0.4909091,[*]COC(=O)c1cccc(C(=O)OC([*])COc2ccc(/N=N/c3ccc(C#N)cc3)cc2)c1,IN_DOMAIN,0.548033372003017,moderate,0.8366986619476148,0.864609283243518,39.16067177962205,False,28.593118206246942,False,21.17631907868758,False
[*]c1ccc(C(=O)N2CCN(C(=O)c3ccc(C([*])(C)CC)cc3)CC2)cc1,aromatic_hc,505.15,401.3446320608326,103.80536793916735,383.1603169812403,419.5289471404249,18.184315079592295,0.51282054,[*]C(=O)N1CCN(C(=O)c2cccc([*])c2)CC1,IN_DOMAIN,0.4961611182507275,low,0.8127683356113604,0.8023148912609624,136.59656914877826,True,99.73582348684869,False,73.86524290560723,False
[*]c1ccc(C(=O)NCCCCCCNC(=O)c2ccc(C([*])(C)CC)cc2)cc1,polyamide,437.15,397.3321136604088,39.817886339591155,394.8809626756569,399.7832646451608,2.4511509847519335,0.55263156,[*]CCCN([*])C(=O)c1ccccc1,IN_DOMAIN,0.5505914364377209,moderate,0.846056249823903,0.8573809655929038,50.46662716889913,True,36.84814816843402,False,27.290068101178164,False
[*]c1ccc(C(=O)NCCCCCCNC(=O)c2ccc3c(c2)C([*])(C)CC3(C)C)cc1,polyamide,463.15,403.91803299312437,59.23196700687561,405.46346326728747,402.3726027189613,1.5454302741630954,0.42553192,[*]c1ccc2c(c1)C([*])(C)CC2(C)C,IN_DOMAIN,0.5352517958907468,moderate,0.8084002414318727,0.8434233549851771,45.50833195359819,False,33.22785477841249,False,24.608846436840413,False
[*]c1ccc(C(=O)NCCCCNC(=O)c2ccc(C([*])(C)CC)cc2)cc1,polyamide,455.15,406.7896665848235,48.360333415176456,403.92115575396724,409.65817741567986,2.8685108308563088,0.5675676,[*]CCCN([*])C(=O)c1ccccc1,IN_DOMAIN,0.5514917060926309,moderate,0.8471835927875819,0.8559202061315384,52.75143009302867,True,38.516394322515836,False,28.525586123585096,False
[*]c1ccc(C(=O)Nc2ccc(C(=O)Nc3ccc(-c4ccc(NC(=O)c5ccc(NC(=O)c6ccc([Si]([*])(C)C)cc6)cc5)cc4)cc3)cc2)cc1,polyamide,593.15,451.7932454801138,141.35675451988618,454.66858642856977,448.91790453165777,2.8753409484559995,0.4878049,[*]c1ccc(C(=O)Oc2ccc(OC(=O)c3ccc([Si]([*])(C)C)cc3)cc2)cc1,IN_DOMAIN,0.5398906075335519,moderate,0.8336461517200425,0.8558963007199395,52.78882102272539,False,38.543695265632344,False,28.545805446235185,False
[*]c1ccc(C(=O)Nc2ccc(C(=O)Nc3ccc(-c4sc(-c5ccc(NC(=O)c6ccc(NC(=O)c7ccc([Si]([*])(C)C)cc7)cc6)cc5)c(-c5ccccc5)c4-c4ccccc4)cc3)cc2)cc1,polyamide,610.15,456.11632089494435,154.03367910505563,455.8081045238081,456.4245372660807,0.30821637113629663,0.45762712,[*]Nc1ccc(-c2c(-c3ccc(-c4ccccc4)cc3)cc(-c3ccc(-c4cc(-c5ccc(-c6ccccc6)cc5)c(-c5ccc(NC(=O)c6ccc(C([*])=O)cc6)cc5)c(-c5ccc(-c6ccccc6)cc5)c4)cc3)cc2-c2ccc(-c3ccccc3)cc2)cc1,IN_DOMAIN,0.5435499631734002,moderate,0.8255796051681048,0.8648812367405584,38.73530390647165,False,28.282536356513244,False,20.946299382949295,False
[*]c1ccc(C(=O)Nc2ccc(C(=O)Nc3ccc(Cc4ccc(NC(=O)c5ccc(NC(=O)c6ccc([Si]([*])(C)C)cc6)cc5)cc4)cc3)cc2)cc1,polyamide,573.15,484.04141486484696,89.10858513515302,506.71480575793987,461.368023971754,22.673390893092943,0.5416667,[*]C(=O)Nc1ccc(Cc2ccc(NC(=O)c3cc([*])cc(NC(=O)c4ccccc4)c3)cc2)cc1,IN_DOMAIN,0.48711029559766983,low,0.8030916258979933,0.7866031259137102,161.17165379350578,True,117.67929248885056,True,87.15433653380464,False
[*]c1ccc(C(=O)Nc2ccc(C(=O)Nc3ccc(NC(=O)c4ccc(NC(=O)c5ccc([Si]([*])(C)C)cc5)cc4)cc3)cc2)cc1,polyamide,611.15,449.2525386626745,161.89746133732547,459.688580779219,438.81649654612994,10.436042116544542,0.5263158,[*]c1ccc(C(=O)Oc2ccc(OC(=O)c3ccc([Si]([*])(C)C)cc3)cc2)cc1,IN_DOMAIN,0.5218672518553338,moderate,0.8322488088520487,0.8294338466316297,94.17927172985495,False,68.76488391987394,False,50.92788806007243,False
[*]c1ccc(C(=O)Nc2ccc(C(=O)Nc3ccc(Oc4ccc(NC(=O)c5ccc(NC(=O)c6ccc([Si]([*])(C)C)cc6)cc5)cc4)cc3)cc2)cc1,polyamide,577.15,465.95602445429506,111.19397554570492,460.5921063203447,471.3199425882454,5.363918133950335,0.5609756,[*]c1ccc(C(=O)Oc2ccc(OC(=O)c3ccc([Si]([*])(C)C)cc3)cc2)cc1,IN_DOMAIN,0.5427527754030131,moderate,0.8438951272482422,0.8471862805707093,66.41233675719678,False,48.49088917416762,False,35.912786222004485,False
[*]c1ccc(C(=O)Nc2ccc(C(=O)Nc3ccc(S(=O)(=O)c4ccc(NC(=O)c5ccc(NC(=O)c6ccc([Si]([*])(C)C)cc6)cc5)cc4)cc3)cc2)cc1,polyamide,588.15,453.7340825619518,134.41591743804815,459.7935141125523,447.6746510113513,6.059431550600522,0.5090909,[*]c1ccc(Oc2ccc(C(=O)Nc3ccc(Oc4ccc(S(=O)(=O)c5ccc(Oc6ccc(NC(=O)c7ccc(Oc8ccc(C(C)(C)c9ccc(C([*])(C)C)cc9)cc8)cc7)cc6)cc5)cc4)cc3)cc2)cc1,IN_DOMAIN,0.5330268565435621,moderate,0.835338238211203,0.8447519836124336,70.21986904130698,False,51.270954370350395,False,37.97172737103449,False
[*]c1ccc(C(=O)Nc2ccc(C(=O)Nc3cccc(NC(=O)c4ccc(NC(=O)c5ccc([Si]([*])(C)C)cc5)cc4)c3)cc2)cc1,polyamide,576.15,475.36187163429656,100.78812836570341,480.67288506493367,470.0508582036594,5.311013430637132,0.55813956,[*]C(=O)Nc1ccc(NC(=O)c2cc([*])cc(NC(=O)c3ccccc3)c2)cc1,IN_DOMAIN,0.5425010110988047,moderate,0.8436652154770262,0.8473714470323056,66.12271421214729,False,48.279421615275965,False,35.756171456536116,False
[*]c1ccc(C(=O)Nc2ccc(C(=O)Nc3cccc4c(NC(=O)c5ccc(NC(=O)c6ccc([Si]([*])(C)C)cc6)cc5)cccc34)cc2)cc1,polyamide,651.15,460.6644443159524,190.4855556840476,459.0342064935048,462.29468213839993,1.6302378224475547,0.44,[*]Nc1cccc2c(NC(=O)c3ccc(C([*])=O)cc3)cccc12,IN_DOMAIN,0.5370003053984217,moderate,0.8163581595250113,0.8532541623762248,45.97260405863469,False,33.566842507067335,False,24.85990378056818,False
[*]c1ccc(C(=O)Nc2ccc(C(c3ccc(NC(=O)c4ccc([*])cc4C)cc3)(C(F)(F)F)C(F)(F)F)cc2)c(C)c1,fluoropolymer,562.15,491.80749743433216,70.34250256566781,506.7279529563479,476.8870419123164,14.920455522015743,0.5185185,[*]c1cc(C)c(N2C(=O)c3ccc(C(=O)Nc4ccc(C(c5ccc(NC(=O)c6ccc7c(c6)C(=O)N(c6c(C)cc([*])cc6C)C7=O)cc5)(C(F)(F)F)C(F)(F)F)cc4)cc3C2=O)c(C)c1,IN_DOMAIN,0.506884244421129,moderate,0.8221034490753644,0.8137383997124804,118.72883239665646,True,86.68971661956623,True,64.20317947609738,False
[*]c1ccc(C(=O)Nc2ccc(C3(c4ccc(NC(=O)c5ccc([*])cc5C)cc4)c4ccccc4-c4ccccc43)cc2)c(C)c1,polyamide,566.15,495.1498790264528,71.00012097354715,494.5631478968239,495.7366101560817,0.5867311296289017,0.5192308,[*]Nc1ccc(C2(c3ccc(NC(=O)c4ccc(C([*])=O)cc4)cc3)c3ccccc3-c3ccccc32)cc1,IN_DOMAIN,0.5514897541737704,moderate,0.8428398297328419,0.8639064350858343,40.26001056082956,False,29.395799117766312,False,21.770791740888946,False
[*]c1ccc(C(=O)Nc2ccc(OC(=O)c3ccc([Si]([*])(C)C)cc3)cc2)cc1,polyamide,493.15,445.7635333541652,47.38646664583479,456.2381362554093,435.2889304529211,10.474602901244111,0.7631579,[*]c1ccc(C(=O)Oc2ccc(OC(=O)c3ccc([Si]([*])(C)C)cc3)cc2)cc1,IN_DOMAIN,0.5572897414779677,moderate,0.8432091893710513,0.829298883885181,94.39036964562395,True,68.91901681352405,True,51.0420402596651,True
[*]c1ccc(C(=O)Nc2ccc(Oc3ccc(C(C)(C)c4ccc(Oc5ccc(NC(=O)c6ccc([*])cc6C)cc5)cc4)cc3)cc2)c(C)c1,polyamide,503.15,478.2272415061848,24.922758493815195,489.258027828283,467.19645518408663,11.03078632209818,0.59183675,[*]c1ccc(Oc2ccc(C(=O)Nc3ccc(NC(=O)c4ccc(Oc5ccc(C(C)(C)c6ccc(C([*])(C)C)cc6)cc5)cc4)cc3)cc2)cc1,IN_DOMAIN,0.5296435217034385,moderate,0.83825338952814,0.8273522419121918,97.43515106909118,True,71.1421603704915,True,52.68852026161835,True
[*]c1ccc(C(=O)Nc2ccc(Oc3ccc(Oc4ccc(NC(=O)c5ccc([*])cc5C)cc4)cc3)cc2)c(C)c1,polyamide,492.15,481.10053496044543,11.049465039554548,491.6122466774894,470.5888232434015,10.511711717043937,0.6857143,[*]c1ccc(C(=O)O)c(C(=O)Nc2ccc(Oc3ccc(NC(=O)c4cc([*])ccc4C(=O)O)cc3)cc2)c1,IN_DOMAIN,0.5453663255771818,moderate,0.8424113658955165,0.8291690030298817,94.59351887438139,True,69.06734598274917,True,51.15189416904046,True
[*]c1ccc(C(=O)Nc2ccc(Oc3ccc(Oc4ccc(Oc5ccc(NC(=O)c6ccc([*])cc6C)cc5)cc4)cc3)cc2)c(C)c1,polyamide,473.15,481.10053496044543,7.950534960445452,491.6122466774894,470.5888232434015,10.511711717043937,0.6857143,[*]c1ccc(C(=O)O)c(C(=O)Nc2ccc(Oc3ccc(NC(=O)c4cc([*])ccc4C(=O)O)cc3)cc2)c1,IN_DOMAIN,0.5453663255771818,moderate,0.8424113658955165,0.8291690030298817,94.59351887438139,True,69.06734598274917,True,51.15189416904046,True
[*]c1ccc(C(=O)Nc2ccc(Oc3ccc(S(=O)(=O)c4ccc(Oc5ccc(NC(=O)c6ccc([*])cc6C)cc5)cc4)cc3)cc2)c(C)c1,polyamide,524.15,488.9794183960548,35.17058160394515,495.1626467857143,482.79619000639536,6.183228389659462,0.5714286,[*]c1ccc(C(=O)O)c(C(=O)Nc2ccc(Oc3ccc(NC(=O)c4cc([*])ccc4C(=O)O)cc3)cc2)c1,IN_DOMAIN,0.5417358069556795,moderate,0.8438886083777729,0.8443186946757274,70.89758488417013,True,51.76578779185763,True,38.33820542876331,True
[*]c1ccc(C(=O)Nc2ccc(Oc3cccc(Oc4ccc(NC(=O)c5ccc([*])cc5C)cc4)c3)cc2)c(C)c1,polyamide,486.15,477.9348159011306,8.215184098869372,484.6707991666661,471.1988326355951,6.735983265535481,0.6,[*]c1ccc(C(=O)O)c(C(=O)Nc2ccc(Oc3ccc(NC(=O)c4cc([*])ccc4C(=O)O)cc3)cc2)c1,IN_DOMAIN,0.5442452381562042,moderate,0.8452144453731967,0.8423840526101612,73.92359701379064,True,53.97522697111094,True,39.97453584601033,True
[*]c1ccc(C(=O)Nc2cccc(OC(=O)c3ccc([Si]([*])(C)C)cc3)c2)cc1,polyamide,493.15,445.4003686620805,47.74963133791948,453.49136995670835,437.3093673674527,8.09100129462783,0.7380952,[*]c1ccc(C(=O)Oc2cccc(OC(=O)c3ccc([Si]([*])(C)C)cc3)c2)cc1,IN_DOMAIN,0.5608878613043352,moderate,0.8467392107203695,0.837641489508338,81.3415342782782,True,59.39142509568929,True,43.98582061922553,False
[*]c1ccc(C(=O)Nc2cccc(Oc3ccc(S(=O)(=O)c4ccc(Oc5cccc(NC(=O)c6ccc([*])cc6C)c5)cc4)cc3)c2)c(C)c1,polyamide,493.15,476.6090445329373,16.5409554670627,477.8211184307351,475.39697063513944,1.2120738977978363,0.47826087,[*]c1cc(C)c(Oc2ccc(S(=O)(=O)c3ccc(Oc4c(C)cc([*])cc4C)cc3)cc2)c(C)c1,IN_DOMAIN,0.5436823049899285,moderate,0.8323202098880612,0.8617177353972431,43.683399271152034,True,31.895382337661893,True,23.622005429666608,True
[*]c1ccc(C(=O)Nc2cccc(S(=O)(=O)c3cccc(NC(=O)c4ccc([*])cc4C)c3)c2)c(C)c1,polyamide,533.15,472.7953668826774,60.35463311732258,466.3469600634906,479.2437737018642,6.4484068191868005,0.44230768,[*]CCCCC(=O)Nc1cccc(S(=O)(=O)c2cccc(NC([*])=O)c2)c1,IN_DOMAIN,0.5223316002558109,moderate,0.8124038760582427,0.8380059461680177,72.34928287777304,True,52.82574336576736,False,39.12321800698018,False
[*]c1ccc(C(=O)OCCN(CCOC(=O)c2ccc([Si]([*])(C)C)cc2)c2ccc(/C=C/c3ccc([N+](=O)[O-])cc3)cc2)cc1,polyester,400.15,358.75899391485416,41.39100608514582,361.5840033701287,355.9339844595796,2.8250094552745395,0.704918,[*]c1ccc(C(=O)NCCN(CCNC(=O)c2ccc([Si]([*])(C)C)cc2)c2ccc(/C=C/c3ccc([N+](=O)[O-])cc3)cc2)cc1,IN_DOMAIN,0.5722452689604537,moderate,0.8526337883628667,0.8560724609460746,52.5132853096706,True,38.34251319046892,False,28.396808202008692,False
[*]c1ccc(C(=O)OCCOC(=O)c2ccc(C([*])(C)CC)cc2)cc1,polyester,368.15,343.6340802549821,24.515919745017868,326.5720419841261,360.6961185258381,17.062038270855993,0.65789473,[*]c1ccc(C(=O)OCCCCOC(=O)c2ccc(C([*])(C)C)cc2)cc1,IN_DOMAIN,0.5210191081271304,moderate,0.8279845483838401,0.8062428600915396,130.45275498405334,True,95.2499248373621,True,70.54294624418793,True
[*]c1ccc(C(=O)OCCOC(=O)c2ccc3c(c2)C([*])(C)CC3(C)C)cc1,polyester,427.15,401.1490921873374,26.000907812662604,389.8431947438664,412.4549896308084,11.305897443471025,0.45454547,[*]c1ccc2c(c1)C([*])(C)CC2(C)C,IN_DOMAIN,0.5089063212899978,moderate,0.8107390698839819,0.8263893529873869,98.94122478567013,True,72.2418183142521,True,53.50293677004242,True
[*]c1ccc(C(=O)Oc2ccc(C(=O)c3ccc(OC(=O)c4ccc(C([*])(C)C)cc4)cc3)cc2)cc1,polyester,403.15,433.8413974123994,30.691397412399397,452.2090764880943,415.4737183367045,18.367679075694895,0.90625,[*]c1ccc(C(=O)Oc2ccc(OC(=O)c3ccc(C([*])(C)C)cc3)cc2)cc1,IN_DOMAIN,0.5549449192061734,moderate,0.8260230295272458,0.8016731172746033,137.60038060401473,True,100.46875523423756,True,74.40805871302119,True
[*]c1ccc(C(=O)Oc2ccc(C(C)(C)c3ccc(OC(=O)c4ccc5c(c4)C([*])(C)CC5(C)C)cc3)cc2)cc1,polyester,538.15,524.7976832454242,13.352316754575781,502.69204743867084,546.9033190521776,22.105635806753384,0.5090909,[*]c1ccc(OC(=O)c2ccc(C(C)(C)c3ccc(C(=O)Oc4ccc(C([*])(C)C)cc4)cc3)cc2)cc1,IN_DOMAIN,0.48402995824603817,low,0.799640634507963,0.7885902687158987,158.0635242176346,True,115.40989535329217,True,85.47360071785769,True
[*]c1ccc(C(=O)Oc2ccc(C3(c4ccc(OC(=O)c5ccc([Si]([*])(C)C)cc5)cc4)OC(=O)c4ccccc43)cc2)cc1,polyester,487.15,472.30666090882863,14.843339091171345,464.8806071428551,479.73271467480214,7.426053765973506,0.6315789,[*]Oc1ccc(C2(c3ccc(OC(=O)c4ccc(C([*])=O)cc4)cc3)OC(=O)c3ccccc32)cc1,IN_DOMAIN,0.5468121811937943,moderate,0.8457449241961025,0.8399688058586282,77.701332490677,True,56.73353606372343,True,42.01736423015089,True
[*]c1ccc(C(=O)Oc2ccc(C3(c4ccc(OC(=O)c5ccc([Si]([*])(C)C)cc5)cc4)c4ccccc4C(=O)N3c3ccccc3)cc2)cc1,polyester,528.15,547.7518836479161,19.60188364791611,539.3860769258512,556.117690369981,8.365806722064917,0.58,[*]c1ccc(C(=O)Oc2ccc(OC(=O)c3ccc([Si]([*])(C)C)cc3)cc2)cc1,IN_DOMAIN,0.5361890042686893,moderate,0.8416639230484957,0.8366796705123083,82.8459344979819,True,60.48986113768476,True,44.79933217627371,True
[*]c1ccc(C(=O)Oc2ccc(S(=O)(=O)c3ccc(OC(=O)c4ccc([Si]([*])(C)C)cc4)cc3)cc2)cc1,polyester,508.15,423.5790614707115,84.57093852928847,436.9783181547602,410.17980478666277,13.399256684048709,0.82857144,[*]c1ccc(C(=O)Oc2ccc(OC(=O)c3ccc([Si]([*])(C)C)cc3)cc2)cc1,IN_DOMAIN,0.5582379430736177,moderate,0.8379807596087684,0.819062595645365,110.40115165398066,True,80.60927036983865,False,59.69994660040113,False
[*]c1ccc(C(=O)Oc2ccc3c(c2)Oc2cc(OC(=O)c4ccc5c(c4)C([*])(C)CC5(C)C)ccc2C3(C)C)cc1,polyester,570.15,536.0150964741446,34.13490352585541,500.52534401154264,571.5048489367465,35.48975246260193,0.44444445,[*]OC(=O)c1ccc(C(=O)Oc2ccc3c(c2)C2(CC(C)(C)c4ccc([*])cc42)CC3(C)C)cc1,IN_DOMAIN,0.4388761712561579,low,0.7123581862149458,0.7378569851743808,231.3337948428687,True,168.90809683412593,True,125.09484721928126,True
[*]c1ccc(C(=O)c2ccc(Oc3ccc(C(c4ccc(Oc5ccc(C(=O)c6ccc(C([*])(C)C)cc6)cc5)cc4)(C(F)(F)F)C(F)(F)F)cc3)cc2)cc1,fluoropolymer,452.15,449.1950233623064,2.9549766376935622,444.04683230463854,454.3432144199743,5.148191057667873,0.95,[*]c1ccc(Oc2ccc(C(=O)c3ccc(C(c4ccc(C(=O)c5ccc(Oc6ccc(C([*])(C)C)cc6)cc5)cc4)(C(F)(F)F)C(F)(F)F)cc3)cc2)cc1,IN_DOMAIN,0.6023405814392436,moderate,0.8509691901595313,0.847941325337698,65.23135622132409,True,47.62859763199197,True,35.274165393585164,True
[*]c1ccc(C(=O)c2ccc(Sc3ccc(C(=O)c4ccc(C([*])(C)C)cc4)cc3)cc2)cc1,aromatic_hc,448.15,426.6695597929646,21.48044020703537,433.38893769841184,419.9501818875174,6.719377905447232,0.6111111,[*]c1ccc(Oc2ccc(C(=O)c3ccc(C(=O)c4ccc(Oc5ccc(C([*])(C)C)cc5)cc4)cc3)cc2)cc1,IN_DOMAIN,0.545953768296021,moderate,0.8458206398920983,0.8424421713704702,73.83269230496445,True,53.90885300542418,True,39.92537869337793,True
[*]c1ccc(C(c2ccc(N3C(=O)c4cc5c(cc4C3=O)C(C(F)(F)F)(C(F)(F)F)c3cc4c(cc3O5)C(=O)N([*])C4=O)cc2)(C(F)(F)F)C(F)(F)F)cc1,fluoropolymer,703.15,641.4240477522591,61.725952247740906,651.3996474603184,631.4484480441997,9.975599708059349,0.65,[*]c1ccc(-c2ccc(N3C(=O)c4cc5c(cc4C3=O)C(C(F)(F)F)(C(F)(F)F)c3cc4c(cc3O5)C(=O)N([*])C4=O)cc2C(F)(F)F)c(C(F)(F)F)c1,IN_DOMAIN,0.5416318085358494,moderate,0.8425413306088736,0.8310453950613278,91.65861678156573,True,66.92443068916354,True,49.56483193650457,False
[*]c1ccc(C)c(N2C(=O)C(=O)N(CCCCCCN3C(=O)C(=O)N([*])C3=O)C2=O)c1,polyamide,454.65,422.93104631264464,31.718953687355338,415.1168042853083,430.745288339981,7.814242027336348,0.4883721,[*]CCCCCCN1C(=O)C(=O)N([*])C1=O,IN_DOMAIN,0.5245756867666478,moderate,0.8280320490749257,0.8386101469438583,79.82643791936928,True,58.28517928029753,True,43.1665250741499,True
[*]c1ccc(C)c(N2C(=O)c3ccc(C(=O)Nc4ccc(Oc5ccc(-c6ccc(Oc7ccc(NC(=O)c8ccc9c(c8)C(=O)N([*])C9=O)cc7)cc6)cc5)cc4)cc3C2=O)c1,polyimide,572.15,558.6731566463304,13.476843353669551,554.2332054040396,563.1131078886214,4.439951242290874,0.5964912,[*]c1ccc(C)c(N2C(=O)c3ccc(-c4ccc5c(c4)C(=O)N([*])C5=O)cc3C2=O)c1,IN_DOMAIN,0.5508858853355186,moderate,0.8477300045133074,0.8504201646915174,61.35415429051437,True,44.79766322563126,True,33.17755005252621,True
[*]c1ccc(C)c(N2C(=O)c3ccc(C(=O)Nc4ccc(Oc5ccccc5-c5ccccc5Oc5ccc(NC(=O)c6ccc7c(c6)C(=O)N([*])C7=O)cc5)cc4)cc3C2=O)c1,polyimide,539.15,547.6394779422176,8.489477942217604,544.6720265151511,550.6069293692841,2.9674514270665213,0.525641,[*]Nc1ccc(Oc2ccc(-c3ccc(Oc4ccc(NC(=O)c5ccc6c(c5)C(=O)N(c5ccc(Oc7ccccc7-c7ccccc7Oc7ccc(N8C(=O)c9ccc(C([*])=O)cc9C8=O)cc7)cc5)C6=O)cc4)cc3)cc2)cc1,IN_DOMAIN,0.5450520098491407,moderate,0.8418265652430856,0.8555739140448027,53.293072432717665,True,38.91187383653926,True,28.81848178881599,True
[*]c1ccc(C)c(NC(=O)OCCN(CCOC(=O)Nc2ccc(C)c(N3C(=O)c4ccc(C(c5ccc6c(c5)C(=O)N([*])C6=O)(C(F)(F)F)C(F)(F)F)cc4C3=O)c2)c2ccc(/N=N/c3ccc([N+](=O)[O-])cc3)cc2)c1,fluoropolymer,469.15,507.02035660929107,37.87035660929109,501.96999666666585,512.0707165519163,5.050359942625249,0.5681818,[*]c1ccc(NC(=O)OCCN(CCOC(=O)Nc2ccc([*])cc2C)c2ccc(/N=N/c3ccc([N+](=O)[O-])cc3)cc2)c(C)c1,IN_DOMAIN,0.5447915625704296,moderate,0.844945152260281,0.8482837342403472,64.69578764709105,True,47.237552870636144,True,34.98455414584405,False
[*]c1ccc(C)c(NC(=O)c2ccc(OC(=O)c3ccc(C(=O)Oc4ccc(C(=O)Nc5cc(C([*])(C(F)(F)F)C(F)(F)F)ccc5C)cc4)cc3)cc2)c1,fluoropolymer,486.15,482.68761482767377,3.462385172326208,481.98020010378366,483.3950295515639,0.7074147238901105,0.5074627,[*]NC(=O)c1ccc(OC(=O)c2cccc(C(=O)Oc3ccc(C(=O)Nc4cc(C(c5ccc(C)c([*])c5)(C(F)(F)F)C(F)(F)F)ccc4C)cc3)c2)cc1,IN_DOMAIN,0.5494186713207295,moderate,0.8404138612392242,0.8634840425059201,40.92068319533479,True,29.878188460838576,True,22.128053602829734,True
[*]c1ccc(C)c(S(=O)(=O)Oc2ccc(C3(c4ccc(OS([*])(=O)=O)cc4)CCCC3)cc2)c1,polysulfone,407.15,425.96497589840374,18.81497589840376,421.646673396824,430.2832783999835,4.318302501579751,0.9767442,[*]c1ccc(C)c(S(=O)(=O)Oc2ccc(C3(c4ccc(OS([*])(=O)=O)cc4)CCCCC3)cc2)c1,IN_DOMAIN,0.608927884254493,moderate,0.8518989856544927,0.8508459352840064,60.6881980393614,True,44.31141605610965,True,32.81743104981287,True
[*]c1ccc(C2(c3ccc(-c4cc(-c5ccccc5)c5cc(-c6ccc7nc([*])cc(-c8ccccc8)c7c6)ccc5n4)cc3)c3ccccc3-c3ccccc32)cc1,aromatic_hc,693.15,637.9129416169435,55.23705838305648,627.8755711760471,647.9503120578398,10.037370440896382,0.3962264,[*]c1ccc(-c2cnc3cc(-c4ccc5nc([*])cnc5c4)ccc3n2)cc1,IN_DOMAIN,0.5047778981167312,moderate,0.7774110185356435,0.7931877020301659,91.99677569246485,True,67.17133701820322,True,49.74769297210681,False
[*]c1ccc(C2(c3ccc(-c4cc(-c5ccccc5)c5cc(C6(c7ccc8nc([*])cc(-c9ccccc9)c8c7)c7ccccc7-c7ccccc76)ccc5n4)cc3)c3ccccc3-c3ccccc32)cc1,aromatic_hc,663.15,643.4879876082296,19.662012391770418,626.6933573665234,660.2826178499357,16.79463024170616,0.37254903,[*]c1ccc(-c2cnc3cc4nc([*])cnc4cc3n2)cc1,IN_DOMAIN,0.48077359980319545,low,0.7421167339382911,0.752963118561606,128.98885122656426,True,94.1810572393799,True,69.75133334123437,True
[*]c1ccc(C2(c3ccc(-c4cc(-c5ccccc5)c5cc(Oc6ccc7nc([*])cc(-c8ccccc8)c7c6)ccc5n4)cc3)c3ccccc3-c3ccccc32)cc1,polyether,583.15,618.7487902391208,35.59879023912083,614.2252587049069,623.2723217733349,4.523531534213987,0.41666666,[*]c1ccc(Oc2ccc(-c3cnc4cc(Oc5ccc6nc([*])cnc6c5)ccc4n3)cc2)cc1,IN_DOMAIN,0.5247787746817175,moderate,0.7998730256273517,0.8267942927865316,61.81170787926515,True,45.131745437562344,True,33.424974326693714,False
[*]c1ccc(C2=C(c3ccc(-c4ccc5c(c4)C(CCCCCC)(CCCCCC)c4cc([*])ccc4-5)cc3)C(=O)N(CCCC)C2=O)cc1,aromatic_hc,428.15,401.4216171696421,26.728382830357873,386.5409913312618,416.3022430080224,14.880625838380297,0.7291667,[*]c1ccc(-c2ccc3c(c2)C(CCCCCC)(CCCCCC)c2cc([*])ccc2-3)cc1,IN_DOMAIN,0.5384848136548985,moderate,0.8343539900384863,0.8138778036052045,118.51078799567529,True,86.53051175795021,True,64.08527093166579,True
[*]c1ccc(C=Cc2ccc3c4ccc(C=Cc5ccc(N([*])c6ccc(OCC(CC)CCCC)cc6)cc5)cc4n(CC(CC)CCCC)c3c2)cc1,polyether,405.15,435.77710269199747,30.627102691997493,445.65990791269707,425.8942974712978,9.882805220699623,0.64705884,[*]C=Cc1ccc2c3ccc(C=Cc4cc(OCC(CC)CCCC)c([*])cc4OCC(CC)CCCC)cc3n(CC(CC)CCCC)c2c1,IN_DOMAIN,0.5414775178282787,moderate,0.8426092545552265,0.8313701757670868,91.15062082066636,True,66.55351803883843,True,49.2901307102532,True
[*]c1ccc(CCCCCCCCCCCCCCc2ccc(-c3c(-c4ccccc4)cc(-c4ccc(-c5cc(-c6ccccc6)c([*])c(-c6ccccc6)c5-c5ccccc5)cc4)c(-c4ccccc4)c3-c3ccccc3)cc2)cc1,aromatic_hc,458.15,350.7514388402144,107.39856115978557,345.99678954822895,355.5060881321999,4.754649291985487,0.4375,[*]=C(CCC(=[*])c1ccccc1)c1ccccc1,IN_DOMAIN,0.5269451723267444,moderate,0.8119559332552639,0.8405687298622365,63.07694346362591,False,46.055555703789764,False,34.10915647236558,False
[*]c1ccc(CCCCCCCCCCCCCCc2ccc(-c3c(-c4ccccc4)cc(-c4cccc(-c5cc(-c6ccccc6)c([*])c(-c6ccccc6)c5-c5ccccc5)c4)c(-c4ccccc4)c3-c3ccccc3)cc2)cc1,aromatic_hc,433.15,349.8642057449764,83.28579425502357,344.2223233577528,355.5060881321999,5.641882387223546,0.4,[*]=C(CCC(=[*])c1ccccc1)c1ccccc1,IN_DOMAIN,0.5190058838934214,moderate,0.7865643596626778,0.8112134092605318,67.93402971498863,False,49.6019514884356,False,36.73564890922632,False
[*]c1ccc(CCCCCCCCCCc2ccc(-c3c(-c4ccccc4)cc(-c4ccc(-c5cc(-c6ccccc6)c([*])c(-c6ccccc6)c5-c5ccccc5)cc4)c(-c4ccccc4)c3-c3ccccc3)cc2)cc1,aromatic_hc,508.15,350.7514388402144,157.39856115978557,345.99678954822895,355.5060881321999,4.754649291985487,0.4375,[*]=C(CCC(=[*])c1ccccc1)c1ccccc1,IN_DOMAIN,0.5269451723267444,moderate,0.8119559332552639,0.8405687298622365,63.07694346362591,False,46.055555703789764,False,34.10915647236558,False
[*]c1ccc(CCCCCCCCCCc2ccc(-c3c(-c4ccccc4)cc(-c4cccc(-c5cc(-c6ccccc6)c([*])c(-c6ccccc6)c5-c5ccccc5)c4)c(-c4ccccc4)c3-c3ccccc3)cc2)cc1,aromatic_hc,453.15,349.8642057449764,103.28579425502357,344.2223233577528,355.5060881321999,5.641882387223546,0.4,[*]=C(CCC(=[*])c1ccccc1)c1ccccc1,IN_DOMAIN,0.5190058838934214,moderate,0.7865643596626778,0.8112134092605318,67.93402971498863,False,49.6019514884356,False,36.73564890922632,False
[*]c1ccc(CCCCCCc2ccc(-c3c(-c4ccccc4)cc(-c4ccc(-c5cc(-c6ccccc6)c([*])c(-c6ccccc6)c5-c5ccccc5)cc4)c(-c4ccccc4)c3-c3ccccc3)cc2)cc1,aromatic_hc,523.15,350.7514388402144,172.39856115978557,345.99678954822895,355.5060881321999,4.754649291985487,0.4375,[*]=C(CCC(=[*])c1ccccc1)c1ccccc1,IN_DOMAIN,0.5269451723267444,moderate,0.8119559332552639,0.8405687298622365,63.07694346362591,False,46.055555703789764,False,34.10915647236558,False
[*]c1ccc(CCCCCCc2ccc(-c3c(-c4ccccc4)cc(-c4cccc(-c5cc(-c6ccccc6)c([*])c(-c6ccccc6)c5-c5ccccc5)c4)c(-c4ccccc4)c3-c3ccccc3)cc2)cc1,aromatic_hc,488.15,349.8642057449764,138.28579425502357,344.2223233577528,355.5060881321999,5.641882387223546,0.4,[*]=C(CCC(=[*])c1ccccc1)c1ccccc1,IN_DOMAIN,0.5190058838934214,moderate,0.7865643596626778,0.8112134092605318,67.93402971498863,False,49.6019514884356,False,36.73564890922632,False
[*]c1ccc(CCCCc2ccc(-c3c(-c4ccccc4)cc(-c4ccc(-c5cc(-c6ccccc6)c([*])c(-c6ccccc6)c5-c5ccccc5)cc4)c(-c4ccccc4)c3-c3ccccc3)cc2)cc1,aromatic_hc,478.15,372.91674050998665,105.23325949001332,360.2910267460311,385.54245427394216,12.625713763955531,0.4516129,[*]=C(CCC(=[*])c1ccccc1)c1ccccc1,IN_DOMAIN,0.5044056647740471,moderate,0.8070035262590779,0.8217699958656911,106.16645312640215,True,77.51731024596049,False,57.41001327835033,False
[*]c1ccc(CCCCc2ccc(-c3c(-c4ccccc4)cc(-c4cccc(-c5cc(-c6ccccc6)c([*])c(-c6ccccc6)c5-c5ccccc5)c4)c(-c4ccccc4)c3-c3ccccc3)cc2)cc1,aromatic_hc,453.15,372.01985404173274,81.13014595826724,358.4972538095233,385.54245427394216,13.522600232209442,0.4117647,[*]=C(CCC(=[*])c1ccccc1)c1ccccc1,IN_DOMAIN,0.4961030758206091,low,0.7827056018695823,0.7918662023507954,111.0763859922636,True,81.10229192371014,False,60.065082772753684,False
[*]c1ccc(CCCc2ccc(-c3c(-c4ccccc4)cc(-c4ccc(-c5cc(-c6ccccc6)c([*])c(-c6ccccc6)c5-c5ccccc5)cc4)c(-c4ccccc4)c3-c3ccccc3)cc2)cc1,aromatic_hc,563.15,375.4190231984655,187.7309768015345,365.11064451659394,385.727401880337,10.308378681871545,0.40625,[*]=C(CCC(=[*])c1ccccc1)c1ccccc1,IN_DOMAIN,0.505303493211733,moderate,0.7847227554930897,0.7992556829580998,93.48038852015505,False,68.25459517049377,False,50.54996364828939,False
[*]c1ccc(CCCc2ccc(-c3c(-c4ccccc4)cc(-c4cccc(-c5cc(-c6ccccc6)c([*])c(-c6ccccc6)c5-c5ccccc5)c4)c(-c4ccccc4)c3-c3ccccc3)cc2)cc1,aromatic_hc,513.15,374.307884154454,138.842115845546,362.8883664285709,385.727401880337,11.419517725883054,0.37777779,[*]c1ccc(-c2ccc(N([*])c3ccc(CCCC)cc3)cc2)cc1,IN_DOMAIN,0.4979825510441052,low,0.7587958741734061,0.7754361547887092,99.5632298873073,False,72.69597460391144,False,53.839288980110844,False
[*]c1ccc(CCc2ccc(N3C(=O)C(=O)N([*])C3=O)cc2)cc1,polyamide,469.15,509.87158987525004,40.72158987525006,509.4534523015864,510.2897274489137,0.41813757366364257,0.43243244,[*]c1ccc2c(c1)C(=O)N(c1ccc(Cc3ccc(N4C(=O)c5ccc([*])cc5C4=O)cc3)cc1)C2=O,IN_DOMAIN,0.5396875923186583,moderate,0.8133457637432017,0.8521992398495227,39.33705869266521,False,28.721906902290264,False,21.27170113885567,False
[*]c1ccc(CCc2ccccc2N2C(=O)C(=O)N(CCCCCCN3C(=O)C(=O)N([*])C3=O)C2=O)cc1,polyamide,410.15,415.15670301896427,5.006703018964288,387.6889679136933,442.6244381242352,27.467735105270947,0.40816328,[*]CCCCCCN1C(=O)C(=O)N([*])C1=O,IN_DOMAIN,0.4546622003605883,low,0.734620199752393,0.7405372220419826,187.41790574494144,True,136.8429623242811,True,101.34712181264267,True
[*]c1ccc(CCc2ccccc2N2C(=O)C(=O)N(c3ccc(CCc4ccc(N5C(=O)C(=O)N([*])C5=O)cc4)cc3)C2=O)cc1,polyamide,493.15,514.6224103194035,21.47241031940348,513.5581316666655,515.6866889721414,1.0642786527379258,0.3442623,[*]C(=O)c1ccc2c(c1)C(=O)N(c1ccc(Cc3ccccc3N3C(=O)c4ccc([*])cc4C3=O)cc1)C2=O,IN_DOMAIN,0.5257466525073162,moderate,0.736082002548523,0.7882186265239651,42.874306083972556,True,31.30462390350933,True,23.184484449625078,True
[*]c1ccc(CN2C(=O)c3ccc(-c4ccc5c(c4)C(=O)N(Cc4ccc(C([*])(C)C)o4)C5=O)cc3C2=O)o1,polyimide,402.15,431.66633567054646,29.516335670546482,418.7127267460304,444.6199445950625,12.953608924516061,0.78,[*]c1ccc(CN2C(=O)c3ccc(Oc4ccc5c(c4)C(=O)N(Cc4ccc(C([*])(C)C)o4)C5=O)cc3C2=O)o1,IN_DOMAIN,0.5521815411517319,moderate,0.8387460668749823,0.8206223628037294,107.96148882197615,True,78.827953437089,True,58.380687348014504,True
[*]c1ccc(CN2C(=O)c3ccc(C(c4ccc5c(c4)C(=O)N(Cc4ccc(C([*])(C)C)o4)C5=O)(C(F)(F)F)C(F)(F)F)cc3C2=O)o1,fluoropolymer,407.15,431.5250346340305,24.3750346340305,430.6450488095224,432.4050204585385,0.8799858245080543,0.68421054,[*]c1ccc(CN2C(=O)c3ccc(Oc4ccc5c(c4)C(=O)N(Cc4ccc(C([*])(C)C)o4)C5=O)cc3C2=O)o1,IN_DOMAIN,0.5751188526636382,moderate,0.8540907786194462,0.8628800436537573,41.865409811928195,True,30.56797948313916,True,22.638919003395237,False
[*]c1ccc(CNC(=O)OC(c2ccco2)C(OC(=O)NCc2ccc(C([*])(C)C)o2)c2ccco2)o1,polyamide,318.15,333.9739082406217,15.823908240621734,333.04289230158554,334.9049241796579,0.9310159390361719,0.75,[*]c1ccc(CNC(=O)OCC(OC(=O)NCc2ccc(C([*])(C)C)o2)c2ccco2)o1,IN_DOMAIN,0.5849857104204998,moderate,0.8547346854631223,0.8627014382529089,42.14477007138006,True,30.77195404633323,True,22.78998438923308,True
[*]c1ccc(CNC(=O)OCCOC(=O)NCc2ccc(C([*])(C)C)o2)o1,polyamide,323.15,335.7322623389534,12.582262338953399,347.363045021644,324.10147965626277,11.630782682690608,0.7254902,[*]c1ccc(CNC(=O)OCC(OC(=O)NCc2ccc(C([*])(C)C)o2)c2ccco2)o1,IN_DOMAIN,0.5479438155054608,moderate,0.840933916596473,0.8252522546501183,100.71978290884374,True,73.54043042537138,True,54.464700514246495,True
[*]c1ccc(CNC(=O)OCc2ccc(COC(=O)NCc3ccc(C([*])(C)C)o3)o2)o1,polyamide,328.15,332.60627642365705,4.456276423657073,334.7891057142847,330.42344713302947,2.182829290627609,0.6981132,[*]c1ccc(CNC(=O)OCC(OC(=O)NCc2ccc(C([*])(C)C)o2)c2ccco2)o1,IN_DOMAIN,0.5732020360235611,moderate,0.8531533532850687,0.8583200915223389,48.99772162596069,True,35.77562852271881,True,26.495750459009837,True
[*]c1ccc(CNC(=O)OCc2ccc(COCc3ccc(COC(=O)NCc4ccc(C([*])(C)C)o4)o3)o2)o1,polyamide,312.15,321.7722449036367,9.622244903636727,333.88101023554776,309.66347957172565,12.108765331911059,0.66071427,[*]c1ccc(CNC(=O)OCC(OC(=O)NCc2ccc(C([*])(C)C)o2)c2ccco2)o1,IN_DOMAIN,0.5366234231614712,moderate,0.8390842531430903,0.8235793153778468,103.33646049490207,True,75.45099447153608,True,55.87968133480676,True
[*]c1ccc(CNC(=O)OCc2cocc2COC(=O)NCc2ccc(C([*])(C)C)o2)o1,polyamide,298.15,324.8935043540629,26.743504354062907,316.91200222222125,332.87500648590446,7.981502131841609,0.64912283,[*]c1ccc(CNC(=O)OCC(OC(=O)NCc2ccc(C([*])(C)C)o2)c2ccco2)o1,IN_DOMAIN,0.5477173308474235,moderate,0.8455320631345417,0.8380247365780898,80.74208991471782,True,58.95374150226663,True,43.66166823532079,True
[*]c1ccc(Cc2ccc(-n3nc(-c4ccccc4)cc3-c3ccc(-c4cc(-c5ccccc5)nn4[*])cc3)cc2)cc1,aromatic_hc,525.15,459.73533673825983,65.41466326174015,459.14203928571277,460.3286341908069,0.5932974525470627,0.43103448,[*]C(=O)c1ccc(Oc2ccc(-c3cc(-c4ccc(Oc5ccc([*])cc5)cc4)n(-c4ccccc4)n3)cc2)cc1,IN_DOMAIN,0.5389538936691907,moderate,0.8124187192838083,0.8506075912155086,40.29595736774984,False,29.42204563634477,False,21.79023014729545,False
[*]c1ccc(Cc2ccc(-n3nc(-c4ccccc4)cc3-c3cccc(-c4cc(-c5ccccc5)nn4[*])c3)cc2)cc1,aromatic_hc,498.15,460.7866582447272,37.36334175527276,452.82537531745874,468.7479411719957,7.961282927268485,0.37704918,[*]C(=O)c1ccc(Oc2ccc(-c3cc(-c4ccc(Oc5ccc([*])cc5)cc4)n(-c4ccccc4)n3)cc2)cc1,IN_DOMAIN,0.5086539792183276,moderate,0.763606643045942,0.7870299396385172,80.63140150479184,True,58.87292249060907,True,43.601812952446785,True
[*]c1ccc(Cc2ccc(-n3nccc3-c3ccc(-c4ccnn4[*])cc3)cc2)cc1,aromatic_hc,475.15,416.39908557757695,58.75091442242302,394.1033710912688,438.6948000638851,22.295714486308157,0.30357143,[*]c1ccc(Cc2ccc(-n3c(=O)c4cc5c(=O)n([*])c(=O)c5cc4c3=O)cc2)cc1,IN_DOMAIN,0.4553770344848097,low,0.6432240324225796,0.6854250016821072,159.10409466760746,True,116.16966663723332,True,86.03629412609348,True
[*]c1ccc(Cc2ccc(N(c3ccc(C)cc3)c3ccc(-c4ccc(N([*])c5ccc(C)cc5)cc4)cc3)cc2)cc1,aromatic_hc,456.15,453.24897760014085,2.90102239985913,429.3899332900423,477.1080219102395,23.859044310098596,0.5882353,[*]c1ccc(-c2ccc(N([*])c3ccc(C)cc3)cc2)cc1,IN_DOMAIN,0.4905580112256488,low,0.8031381044111685,0.7824533389541904,167.66241810508075,True,122.41851637791386,True,90.66424813338026,True
[*]c1ccc(Cc2ccc(N3C(=O)C(=O)N(CCCCCCN4C(=O)C(=O)N([*])C4=O)C3=O)cc2)cc1,polyamide,431.15,440.42932852181764,9.27932852181766,413.09359533649274,467.7650617071425,27.33573318532487,0.4347826,[*]CCCCCCN1C(=O)C(=O)N([*])C1=O,IN_DOMAIN,0.45870150363235485,low,0.7520071343905766,0.7596327434045093,186.6952718464037,True,136.31533203752278,True,100.9563541031757,True
[*]c1ccc(Cc2ccc(N3C(=O)C(=O)N(c4ccccc4CCc4ccc(N5C(=O)C(=O)N([*])C5=O)cc4)C3=O)cc2)cc1,polyamide,471.15,548.792114191714,77.64211419171397,548.5909978571418,548.9932305262861,0.2011163345721343,0.3877551,[*]c1ccc2c(c1)C(=O)N(c1ccc(Cc3ccc(N4C(=O)c5ccc([*])cc5C4=O)cc3)cc1)C2=O,IN_DOMAIN,0.5342229810735236,moderate,0.7817390193413956,0.821684674305209,38.148993366537766,False,27.854442408885365,False,20.629249176489395,False
[*]c1ccc(Cc2ccc(N3C(=O)C4CCC5C(=O)N([*])C(=O)C5C4C3=O)cc2)cc1,polyamide,614.15,548.5303157995353,65.61968420046469,553.714412142857,543.3462194562136,5.184096343321698,0.52272725,[*]C1CCC2C(=O)N(c3ccc(Cc4ccc(N5C(=O)C6CCC([*])CC6C5=O)cc4)cc3)C(=O)C2C1,IN_DOMAIN,0.5377289557065897,moderate,0.8389804316137454,0.8478156568379095,65.42791682105427,False,47.77211612152157,False,35.38045647055158,False
[*]c1ccc(Cc2ccc(N3C(=O)CC(C)(SCCOCCSC4(C)CC(=O)N(c5ccc(Cc6ccc(N7C(=O)C(C)C(SCCOCCSC8C(=O)N([*])C(=O)C8C)C7=O)cc6)cc5)C4=O)C3=O)cc2)cc1,polyamide,378.15,497.7263908519693,119.57639085196934,508.1845160317446,487.26826567219405,10.458125179775266,0.5466667,[*]CCCCCCN1C(=O)CC(C)(SCCOCCSC2(C)CC(=O)N(CCCCCCN3C(=O)C(C)C(SCCOCCSC4C(=O)N([*])C(=O)C4C)C3=O)C2=O)C1=O,IN_DOMAIN,0.5247641665634115,moderate,0.8351284809985265,0.8293565559103221,94.30016368415828,False,68.85315303739654,False,50.99326095798338,False
[*]c1ccc(Cc2ccc(N3C(=O)N(c4ccc(Cc5ccc(N6C(=O)N([*])C(=O)C6(C)C)cc5)cc4)C(C)(C)C3=O)cc2)cc1,polyamide,532.65,538.1037669560628,5.45376695606285,559.9095491630587,516.2979847490669,21.8057822069959,0.4,[*]c1ccc2c(c1)C(=O)N(c1ccc(Cc3ccc(N4C(=O)c5ccc([*])cc5C4=O)cc3)cc1)C2=O,IN_DOMAIN,0.4695788152791547,low,0.7514117850604595,0.7546397598913285,156.42199979229417,True,114.2113382346519,True,84.58593859596944,True
[*]c1ccc(Cc2ccc(N3C(=O)c4c(c(-c5ccccc5)c(-c5ccc(Oc6ccc(-c7c(-c8ccccc8)c8c(c(-c9ccccc9)c7-c7ccccc7)C(=O)N([*])C8=O)cc6)cc5)c(-c5ccccc5)c4-c4ccccc4)C3=O)cc2)cc1,polyimide,629.15,549.823647129032,79.32635287096798,523.5767603174595,576.0705339406044,26.246886811572438,0.7906977,[*]c1ccc(N2C(=O)c3c(c(-c4ccccc4)c(-c4ccc(Oc5ccc(-c6c(-c7ccccc7)c7c(c(-c8ccccc8)c6-c6ccccc6)C(=O)N([*])C7=O)cc5)cc4)c(-c4ccccc4)c3-c3ccccc3)C2=O)cc1,IN_DOMAIN,0.5144893619279709,moderate,0.7976196894037221,0.7740958901990319,180.73446991038026,True,131.96305955047535,True,97.73302217280325,True
[*]c1ccc(Cc2ccc(N3C(=O)c4ccc(-c5ccc6c(c5)C(=O)N([*])C6=O)cc4C3=O)c(C)c2C)c(C)c1C,polyimide,570.15,585.1834430891062,15.033443089106186,578.5837261111106,591.7831600671017,6.599716977995513,0.7818182,[*]c1ccc(Cc2ccc(N3C(=O)c4ccc(Oc5ccc(Oc6ccc7c(c6)C(=O)N([*])C7=O)cc5)cc4C3=O)c(C)c2C)c(C)c1C,IN_DOMAIN,0.5722292269631667,moderate,0.8489802806162476,0.8428609846165512,73.17761817769116,True,53.430551405789046,True,39.57114425078723,True
[*]c1ccc(Cc2ccc3c(c2)C(=O)N(c2cccc(N4C(=O)c5ccc(Oc6ccc(C([*])(C)C)cc6)cc5C4=O)c2)C3=O)cc1,polyimide,488.15,509.62117537440236,21.471175374402378,497.15260158730035,522.0897491615044,12.46857378710203,0.8039216,[*]c1ccc(Oc2ccc3c(c2)C(=O)N(c2ccc(Cc4ccc(N5C(=O)c6ccc(Oc7ccc(C([*])(C)C)cc7)cc6C5=O)cc4)cc2)C3=O)cc1,IN_DOMAIN,0.5573413102276225,moderate,0.839774375593714,0.8223199857846785,105.30620295628219,True,76.88919960118898,True,56.94482891704846,True
[*]c1ccc(N(c2ccc(-c3ccc4c(c3)C(CCCCCCCC)(CCCCCCCC)c3cc([*])ccc3-4)cc2)c2ccc(C(C)CC)cc2)cc1,aromatic_hc,413.15,386.192828084383,26.957171915616982,375.3989903968248,396.9866657719412,10.79383768755821,0.68,[*]c1ccc(-c2ccc3c(c2)C(CCCCCC)(CCCCCC)c2cc([*])ccc2-3)cc1,IN_DOMAIN,0.5436223391886539,moderate,0.8418363355393762,0.8281815621330818,96.13799481863092,True,70.19504326764641,True,51.9870768642925,True
[*]c1ccc(N(c2ccc(-c3ccc4c(c3)C(CCCCCCCC)(CCCCCCCC)c3cc([*])ccc3-4)cc2)c2ccc(N(c3ccc(C(C)(C)c4ccccc4)cc3)c3ccc(C(C)(C)c4ccccc4)cc3)cc2)cc1,aromatic_hc,410.15,389.0970721892565,21.052927810743483,388.67264408813344,389.52150029037955,0.4244281011230555,0.6938776,[*]c1ccc(-c2ccc3c(c2)C(CCCCCC)(CCCCCC)c2cc([*])ccc2-3)cc1,IN_DOMAIN,0.5779906946285035,moderate,0.8546124332976762,0.8644744956856049,39.371495679518965,True,28.747051027531977,True,21.290323102897236,True
[*]c1ccc(N2C(=O)C3ON(C)C(c4ccc(C5C6C(=O)N([*])C(=O)C6ON5C)cc4)C3C2=O)cc1,polyamide,340.15,599.7300301667399,259.5800301667399,634.7482280555569,564.7118322779228,35.01819788881704,0.32692307,[*]CC1C(=O)N(c2ccccc2)C(=O)C1C([*])(C)C,IN_DOMAIN,0.42413291915689716,low,0.6111241841567772,0.6572424663704636,228.7523072390015,False,167.02322671185837,False,123.69889554856414,False
[*]c1ccc(N2C(=O)C3ON(C)C(c4ccc(OCCCCCCOc5ccc(C6C7C(=O)N([*])C(=O)C7ON6C)cc5)cc4)C3C2=O)cc1,polyamide,325.15,437.4232168788268,112.27321687882682,433.5389380821555,441.30749567549805,3.884278796671282,0.37931034,[*]c1ccc2c(c1)C(=O)N(c1ccc(OCCCCCCCCCCOc3ccc(N4C(=O)c5ccc([*])cc5C4=O)cc3)cc1)C2=O,IN_DOMAIN,0.5216769794099076,moderate,0.7707111687797811,0.8028822554376179,58.312170159888765,False,42.57656210872532,False,31.532582699949966,False
[*]c1ccc(N2C(=O)c3ccc(-c4ccc5c(c4)C(=O)N(c4ccc(-c6cc(-c7ccc(OCCCC#N)cc7)cc([*])n6)cc4)C5=O)cc3C2=O)cc1,polyimide,633.15,503.7901425522185,129.35985744778145,502.77864615396123,504.8016389504758,1.011496398257293,0.852459,[*]c1ccc(N2C(=O)c3ccc(C(=O)c4ccc5c(c4)C(=O)N(c4ccc(-c6cc(-c7ccc(OCCCC#N)cc7)cc([*])n6)cc4)C5=O)cc3C2=O)cc1,IN_DOMAIN,0.6004058998080306,moderate,0.8549882345330478,0.862419756645635,42.58535387521278,False,31.09364578986717,False,23.028232171686053,False
[*]c1ccc(N2C(=O)c3ccc(-c4ccc5c(c4)C(=O)N(c4ccc(N([*])c6ccc(C#N)cc6)cc4)C5=O)cc3C2=O)cc1,polyimide,631.15,589.6771666808631,41.47283331913684,582.4347675396821,596.9195658220443,7.242399141181124,0.4827586,[*]Oc1ccc(N2C(=O)c3ccc(-c4ccc5c(c4)C(=O)N(c4ccc(Oc6cccc([*])c6C#N)cc4)C5=O)cc3C2=O)cc1,IN_DOMAIN,0.5255601502423692,moderate,0.8271948231011849,0.8406115970454016,76.69593001204323,True,55.99944263248182,True,41.47368806928556,True
[*]c1ccc(N2C(=O)c3ccc(-c4cccc5c4C(=O)N(c4ccc([*])cc4C)C5=O)cc3C2=O)c(C)c1,polyimide,657.15,580.0724231485905,77.0775768514095,581.9448960317462,578.1999502654347,1.8724728831557513,0.7567568,[*]c1ccc(N2C(=O)c3ccc(-c4ccc5c(c4)C(=O)N(c4ccc([*])cc4C)C5=O)cc3C2=O)c(C)c1,IN_DOMAIN,0.5831089115340686,moderate,0.8539561535788168,0.8594063389484904,47.29870042415418,False,34.535090200711444,False,25.57699668243054,False
[*]c1ccc(N2C(=O)c3ccc(C(=O)Nc4ccc(C5(c6ccc(NC(=O)c7ccc8c(c7)C(=O)N(c7ccc([*])cc7OC)C8=O)cc6)c6ccccc6-c6ccccc65)cc4)cc3C2=O)c(OC)c1,polyimide,454.15,584.0886704197426,129.9386704197426,573.623894761904,594.5534460775813,10.46477565783863,0.6666667,[*]c1ccc(N2C(=O)c3ccc(C(=O)Nc4ccc(C(c5ccc(NC(=O)c6ccc7c(c6)C(=O)N(c6ccc([*])cc6OC)C7=O)cc5)(C(F)(F)F)C(F)(F)F)cc4)cc3C2=O)c(OC)c1,IN_DOMAIN,0.5426262885045213,moderate,0.8421372665295489,0.8293332792371003,94.33657119165537,False,68.87973593595653,False,51.012948490412775,False
[*]c1ccc(N2C(=O)c3ccc(C(=O)c4ccc5c(c4)C(=O)N(c4ccc(N([*])c6ccc(C#N)cc6)cc4)C5=O)cc3C2=O)cc1,polyimide,588.15,562.4209393056127,25.72906069438727,544.3908965007209,580.4509821105045,18.030042804891764,0.5882353,[*]C(=O)c1ccc(N2C(=O)c3ccc(C(=O)c4ccc5c(c4)C(=O)N(c4ccc([*])cc4)C5=O)cc3C2=O)cc1,IN_DOMAIN,0.5076685120079594,moderate,0.8224294076347772,0.8028548442224143,135.75201798354772,True,99.11917545193866,True,73.40854785568968,True
[*]c1ccc(N2C(=O)c3ccc(C(=O)c4ccc5c(c4)C(=O)N(c4ccc6c(c4)C([*])(C)CC6(C)C)C5=O)cc3C2=O)cc1,polyimide,593.15,578.1820867848942,14.967913215105796,577.1872289393932,579.1769446303953,0.9948578455010306,0.54545456,[*]C(=O)c1ccc(N2C(=O)c3ccc(C(=O)c4ccc5c(c4)C(=O)N(c4ccc([*])cc4)C5=O)cc3C2=O)cc1,IN_DOMAIN,0.5540465009357265,moderate,0.8464947721979531,0.8624779915802819,42.494267455794066,True,31.027139148406075,True,22.978976758188534,True
[*]c1ccc(N2C(=O)c3ccc(C(c4ccc5c(c4)C(=O)N(c4ccc(-c6cc(-c7ccc(OCCCC#N)cc7)cc([*])n6)cc4)C5=O)(C(F)(F)F)C(F)(F)F)cc3C2=O)cc1,fluoropolymer,612.15,512.6315954172212,99.51840458277877,509.78230883505194,515.4808819993904,2.8492865821692135,0.73239434,[*]c1ccc(N2C(=O)c3ccc(C(=O)c4ccc5c(c4)C(=O)N(c4ccc(-c6cc(-c7ccc(OCCCC#N)cc7)cc([*])n6)cc4)C5=O)cc3C2=O)cc1,IN_DOMAIN,0.5763581030691041,moderate,0.8528814884758849,0.8559874910019433,52.64618848911193,False,38.439552289827,False,28.468676226905195,False
[*]c1ccc(N2C(=O)c3ccc(C(c4ccc5c(c4)C(=O)N(c4ccc(N([*])c6ccc(C#N)cc6)cc4)C5=O)(C(F)(F)F)C(F)(F)F)cc3C2=O)cc1,fluoropolymer,594.15,579.7163824910353,14.43361750896463,569.8783928492062,589.5543721328646,9.83798964182921,0.6,[*]c1ccc(N2C(=O)c3ccc(C(c4ccc5c(c4)C(=O)N(c4ccc(C([*])(C)C)cc4)C5=O)(C(F)(F)F)C(F)(F)F)cc3C2=O)cc1,IN_DOMAIN,0.5345676184093832,moderate,0.8407448996493904,0.8315270302931332,90.90528153705912,True,66.37438385093954,True,49.1574623285298,True
[*]c1ccc(N2C(=O)c3ccc(C(c4ccc5c(c4)C(=O)N(c4ccc([*])cc4OC(=O)/C=C/c4ccccc4)C5=O)(C(F)(F)F)C(F)(F)F)cc3C2=O)c(OC(=O)/C=C/c2ccccc2)c1,fluoropolymer,454.15,542.9499390071278,88.79993900712782,543.5777519841256,542.3221260301299,0.6278129769978591,0.5846154,[*]c1ccc(OC(C)=O)c(N2C(=O)c3ccc(C(c4ccc5c(c4)C(=O)N(c4cc(C([*])(C(F)(F)F)C(F)(F)F)ccc4OC(C)=O)C5=O)(C(F)(F)F)C(F)(F)F)cc3C2=O)c1,IN_DOMAIN,0.5609439186769124,moderate,0.8505656009187911,0.863762648620043,40.48490983150297,False,29.56000905438465,False,21.892407088632353,False
[*]c1ccc(N2C(=O)c3ccc(C(c4ccc5c(c4)C(=O)N(c4ccc([*])cc4OCCN(CC)c4ccc(C(C#N)=C(C#N)C#N)cc4)C5=O)(C(F)(F)F)C(F)(F)F)cc3C2=O)c(OCCN(CC)c2ccc(C(C#N)=C(C#N)C#N)cc2)c1,fluoropolymer,495.15,488.5578705928738,6.592129407126151,481.63312268398136,495.4826185017663,6.924747908892471,0.52380955,[*]CCOc1ccc(N2C(=O)c3ccc(C(c4ccc5c(c4)C(=O)N(c4ccc(OCCN([*])c6ccc(C(C#N)=C(C#N)C#N)cc6)cc4)C5=O)(C(F)(F)F)C(F)(F)F)cc3C2=O)cc1,IN_DOMAIN,0.532453418786754,moderate,0.8370336242673634,0.8417233763584119,74.95697387823978,True,54.729745867085825,True,40.53333928874127,True
[*]c1ccc(N2C(=O)c3ccc(C(c4ccc5c(c4)C(=O)N(c4ccc([*])cc4OCCOc4ccc6c(C)cc(=O)oc6c4)C5=O)(C(F)(F)F)C(F)(F)F)cc3C2=O)c(OCCOc2ccc3c(C)cc(=O)oc3c2)c1,fluoropolymer,405.15,504.7271015031354,99.5771015031354,494.71783000721354,514.7363729990573,10.009271495921865,0.52380955,[*]c1ccc(N2C(=O)c3ccc(C(c4ccc5c(c4)C(=O)N(c4ccc([*])cc4C)C5=O)(C(F)(F)F)C(F)(F)F)cc3C2=O)c(C)c1,IN_DOMAIN,0.5228317888148853,moderate,0.8325320307458212,0.830927543803809,91.84295027719796,False,67.05902157309025,False,49.66451114891351,False
[*]c1ccc(N2C(=O)c3ccc(Oc4ccc(C(c5ccc(Oc6ccc7c(c6)C(=O)N(c6ccc(N([*])c8ccc(C#N)cc8)cc6)C7=O)cc5)(C(F)(F)F)C(F)(F)F)cc4)cc3C2=O)cc1,fluoropolymer,507.15,539.6656217031309,32.51562170313093,532.3469754365071,546.9842679697548,7.31864626662383,0.6,[*]c1ccc2c(c1)C(=O)N(c1ccc(Oc3ccc(C(c4ccc(Oc5ccc(N6C(=O)c7ccc([*])cc7C6=O)cc5)cc4)(C(F)(F)F)C(F)(F)F)cc3)cc1)C2=O,IN_DOMAIN,0.5424261007627186,moderate,0.8444487332844226,0.8403447321063521,77.1133387704421,True,56.30421314398852,True,41.699403835956666,True
[*]c1ccc(N2C(=O)c3ccc(Oc4ccc(C5(c6ccc(Oc7ccc8c(c7)C(=O)N(c7ccc(N([*])c9ccc(C#N)cc9)cc7)C8=O)cc6)CCCCC5)cc4)cc3C2=O)cc1,polyimide,516.15,545.5741880380333,29.42418803803332,537.9413492099558,553.2070268661108,7.632838828077524,0.47619048,[*]C(=O)c1ccc(N2C(=O)c3ccc(Oc4ccc(Oc5ccc6c(c5)C(=O)N(c5ccc([*])cc5)C6=O)cc4)cc3C2=O)cc1,IN_DOMAIN,0.5234068955507076,moderate,0.8246170065240831,0.8392450581412642,78.83336068881711,True,57.560085114372455,True,42.629513849666886,True
[*]c1ccc(N2C(=O)c3ccc(Oc4ccc(C5(c6ccc(Oc7ccc8c(c7)C(=O)N(c7ccc(N([*])c9ccc(C#N)cc9)cc7)C8=O)cc6)c6ccccc6-c6ccccc65)cc4)cc3C2=O)cc1,polyimide,552.15,554.0785215763484,1.9285215763484302,536.452051626983,571.7049915257138,17.6264699493654,0.5090909,[*]c1ccc2c(c1)C(=O)N(c1ccc(C3(c4ccc(N5C(=O)c6ccc([*])cc6C5=O)cc4)c4ccccc4-c4ccccc43)cc1)C2=O,IN_DOMAIN,0.4973009424041492,low,0.8135398014051908,0.8042673492167566,133.54269083094152,True,97.5060378432112,True,72.21384371485972,True
[*]c1ccc(N2C(=O)c3ccc(Oc4ccc5c(c4)C(=O)N(c4ccc(-c6cc(-c7ccc(OCCCC#N)cc7)cc([*])n6)cc4)C5=O)cc3C2=O)cc1,polyimide,588.15,499.10635340100384,89.04364659899613,504.0907844872948,494.12192231471283,4.984431086290982,0.8125,[*]c1ccc(N2C(=O)c3ccc(C(=O)c4ccc5c(c4)C(=O)N(c4ccc(-c6cc(-c7ccc(OCCCC#N)cc7)cc([*])n6)cc4)C5=O)cc3C2=O)cc1,IN_DOMAIN,0.5819646495724502,moderate,0.8510158234692947,0.848514485237517,64.33486542339593,False,46.974025935668024,False,34.7893837408375,False
[*]c1ccc(N2C(=O)c3ccc(Oc4ccc5c(c4)C(=O)N(c4ccc(N([*])c6ccc(C#N)cc6)cc4)C5=O)cc3C2=O)cc1,polyimide,577.15,540.2989574332557,36.85104256674424,534.658024642856,545.9398902236554,5.640932790399688,0.58,[*]C(=O)c1ccc(N2C(=O)c3ccc(Oc4ccc5c(c4)C(=O)N(c4ccc([*])cc4)C5=O)cc3C2=O)cc1,IN_DOMAIN,0.5446947561987685,moderate,0.845243519177394,0.8462167292731365,67.92883122351863,True,49.59815581603416,True,36.732837800297546,False
[*]c1ccc(N2C(=O)c3ccc(Oc4ccc5cc(Oc6ccc7c(c6)C(=O)N(c6ccc(C(C)(C)c8ccc(C([*])(C)C)cc8)cc6)C7=O)ccc5c4)cc3C2=O)cc1,polyimide,519.15,523.3417565633622,4.191756563362219,526.3757170634907,520.3077960632337,3.033960500128501,0.8333333,[*]c1ccc(N2C(=O)c3ccc(Oc4ccc5ccc(Oc6ccc7c(c6)C(=O)N(c6ccc(C([*])(C)C)cc6)C7=O)cc5c4)cc3C2=O)cc1,IN_DOMAIN,0.5912216293850443,moderate,0.8531170573905075,0.8553411322890857,53.65717100624252,True,39.17771997958064,True,29.01536982006446,True
[*]c1ccc(N2C(=O)c3ccc(Oc4ccc5cc(Oc6ccc7c(c6)C(=O)N(c6ccc(C([*])(C)C)cc6)C7=O)ccc5c4)cc3C2=O)cc1,polyimide,509.15,526.4171292995691,17.267129299569092,530.4134785714275,522.4207800277106,3.996349271858435,0.9756098,[*]c1ccc(N2C(=O)c3ccc(Oc4ccc5ccc(Oc6ccc7c(c6)C(=O)N(c6ccc(C([*])(C)C)cc6)C7=O)cc5c4)cc3C2=O)cc1,IN_DOMAIN,0.6097612992411535,moderate,0.8522419493947663,0.851972771588031,58.925690966469084,True,43.02452360037857,True,31.86434698720919,True
[*]c1ccc(N2C(=O)c3ccc(Oc4ccc5ccc(Oc6ccc7c(c6)C(=O)N(c6ccc(C(C)(C)c8ccc(C([*])(C)C)cc8)cc6)C7=O)cc5c4)cc3C2=O)cc1,polyimide,519.15,523.5219648966955,4.371964896695545,526.7361337301573,520.3077960632337,3.2141688334618266,0.8541667,[*]c1ccc(N2C(=O)c3ccc(Oc4ccc5ccc(Oc6ccc7c(c6)C(=O)N(c6ccc(C([*])(C)C)cc6)C7=O)cc5c4)cc3C2=O)cc1,IN_DOMAIN,0.5938431048492538,moderate,0.8529705521239036,0.8547104031224191,54.643707039346005,True,39.89803809792121,True,29.548843860989706,True
[*]c1ccc(N2C(=O)c3ccc(Oc4cccc5c(Oc6ccc7c(c6)C(=O)N(c6ccc(C(C)(C)c8ccc(C([*])(C)C)cc8)cc6)C7=O)cccc45)cc3C2=O)cc1,polyimide,526.15,539.1367100314446,12.986710031444659,538.6090267460307,539.6643933168584,0.5276832854138434,0.86,[*]c1ccc(N2C(=O)c3ccc(Oc4cccc5c(Oc6ccc7c(c6)C(=O)N(c6ccc(C([*])(C)C)cc6)C7=O)cccc45)cc3C2=O)cc1,IN_DOMAIN,0.6030479607074133,moderate,0.8553984808004093,0.864113102540587,39.936757884786616,True,29.159776558485518,True,21.59599132251392,True
[*]c1ccc(N2C(=O)c3ccc4c5c(ccc(c35)C2=O)C(=O)N(c2ccc(Oc3c(C(C)(C)C)cc([*])cc3C(C)(C)C)c(C(F)(F)F)c2)C4=O)cc1,fluoropolymer,729.15,626.5904553500263,102.55954464997365,641.2965461399722,611.8843645600805,14.706090789945847,0.8269231,[*]c1ccc(N2C(=O)c3ccc(-c4ccc5c(c4)C(=O)N(c4ccc(Oc6c(C(C)(C)C)cc([*])cc6C(C)(C)C)c(C(F)(F)F)c4)C5=O)cc3C2=O)cc1,IN_DOMAIN,0.5539692333143218,moderate,0.8351767919198694,0.8144886762747251,117.5553099046507,True,85.83287055930352,False,63.56859162028685,False
[*]c1ccc(N=C2OC(=O)c3cc(Oc4ccc5c(c4)/C(=N\c4ccc(C(C)(C)c6ccc(C([*])(C)C)cc6)cc4)OC5=O)ccc32)cc1,polyester,522.15,453.5867540422166,68.56324595778335,446.201421381673,460.9720867027602,7.3853326605435825,0.45762712,[*]c1ccc(Oc2ccc(C(=O)c3ccc(C(C)(C)c4ccc(C(=O)c5ccc(Oc6ccc(C([*])(C)C)cc6)cc5)cc4)cc3)cc2)cc1,IN_DOMAIN,0.5215546537703097,moderate,0.8181298268848387,0.8401113297276329,77.47840807274723,True,56.57076806350128,False,41.8968167933991,False
[*]c1ccc(NC(=C(C#N)C#N)c2ccc(C(Nc3ccc(C(C)(C)c4cccc(C([*])(C)C)c4)cc3)=C(C#N)C#N)cc2)cc1,nitrile,481.15,455.7178545611925,25.43214543880748,457.6582736190465,453.7774355033385,1.940419057854001,0.6111111,[*]c1ccc(Nc2ccc(C(=O)c3ccc(C(=O)c4ccc(Nc5ccc(C(C)(C)c6cccc(C([*])(C)C)c6)cc5)cc4)cc3)cc2)cc1,IN_DOMAIN,0.5608305986178812,moderate,0.85100418549307,0.8591685273370465,47.67066629505196,True,34.80668064162938,True,25.778138992063038,True
[*]c1ccc(NC(=O)Nc2ccc(NC(=O)Nc3ccc(-c4nc(C#N)c(C#N)nc4[*])cc3)cc2)cc1,polyamide,521.85,497.7927434518199,24.057256548180135,491.8418276587291,503.7436592449107,5.9509157930908145,0.33802816,[*]Nc1ccc(-c2cc(-c3ccc(-c4ccccc4)cc3)cc(-c3ccc(NC(=O)Nc4ccc5c(c4)C(=O)N(c4ccc(-c6cc(-c7ccc(-c8ccccc8)cc7)cc(-c7ccc(N8C(=O)c9ccc(NC([*])=O)cc9C8=O)cc7)n6)cc4)C5=O)cc3)n2)cc1,IN_DOMAIN,0.5097391375385709,moderate,0.7236430823908501,0.7667515020701446,69.62580825087265,True,50.837201586481555,True,37.65048617984224,True
[*]c1ccc(NC(=O)OCCCCn2c3ccccc3c3cc(/C=C(\C#N)C(=O)OCCCCCCOC(=O)/C(C#N)=C/c4ccc5c(c4)c4ccccc4n5CCCCOC(=O)Nc4ccc([*])cc4C)ccc32)c(C)c1,polyamide,386.15,366.49751624939273,19.652483750607246,367.2414522271509,365.7535802716346,0.7439359777581558,0.92537314,[*]NC(=O)OCCCCn1c2ccccc2c2cc(/C=C(\C#N)C(=O)OCCCCCCOC(=O)/C(C#N)=C/c3ccc4c(c3)c3ccccc3n4CCCCOC(=O)Nc3cc([*])ccc3C)ccc21,IN_DOMAIN,0.612304246673118,moderate,0.8552702634193797,0.863356218117382,41.120615863533345,True,30.024169062174085,True,22.23616814182059,True
[*]c1ccc(NC(=O)c2cc(C(=O)Nc3ccc(C([*])(C)C)cc3)cc(N3C(=O)C4C5CCC(C5)C4C3=O)c2)cc1,polyamide,584.15,542.0577775574434,42.09222244255659,520.6692230158717,563.446332099015,21.388554541571636,0.5692308,[*]Nc1ccc(Cc2ccc(NC(=O)c3cc(C([*])=O)cc(N4C(=O)C5C6CCC(C6)C5C4=O)c3)cc2)cc1,IN_DOMAIN,0.4948925840437407,low,0.8106289704922126,0.7911000531440348,154.1379204806713,True,112.54362042538644,True,83.35081187045897,True
[*]c1ccc(NC(=O)c2cc(C(=O)Nc3ccc(C([*])(C)C)cc3)cc(N3C(=O)C4CC=CCC4C3=O)c2)cc1,polyamide,581.15,535.4384990283079,45.71150097169209,520.1175792568532,550.7594187997626,15.320919771454669,0.59183675,[*]c1ccc(NC(=O)c2cccc(C(=O)Nc3ccc(C([*])(C)C)cc3)c2)cc1,IN_DOMAIN,0.5164146782452619,moderate,0.8295619744633193,0.8123367748394442,120.92114173515131,True,88.29042869143782,True,65.38868115319863,True
[*]c1ccc(NC(=O)c2cc(C(=O)Nc3ccc(C([*])(C)C)cc3)cc(N3C(=O)C=CC3=O)c2)cc1,polyamide,576.15,551.7804882377741,24.369511762225898,551.4542171356412,552.106759339907,0.32627110213286414,0.65909094,[*]c1ccc(NC(=O)c2cccc(C(=O)Nc3ccc(C([*])(C)C)cc3)c2)cc1,IN_DOMAIN,0.5730221280411565,moderate,0.8540445753240223,0.8648180451820705,38.8341430798142,True,28.35470366208694,True,20.999747134917243,False
[*]c1ccc(NC(=O)c2cc(C(=O)Nc3ccc(C([*])(C)C)cc3)cc(S(=O)(=O)c3ccccc3)c2)cc1,polyamide,560.15,509.5635311299101,50.5864688700899,518.6376716161604,500.48939064365976,9.074140486250343,0.6904762,[*]c1ccc(NC(=O)c2cccc(C(=O)Nc3ccc(C([*])(C)C)cc3)c2)cc1,IN_DOMAIN,0.5505664934629491,moderate,0.8447861569880034,0.8342005023376593,86.7236507439904,True,63.321171070679874,True,46.89622563571679,False
[*]c1ccc(NC(=O)c2cc(NC(=O)c3ccccc3)cc(C(=O)Nc3ccc(C([*])(C)C)cc3)c2)cc1,polyamide,576.65,510.4480529670749,66.20194703292509,523.6445738780646,497.2515320560851,13.196520910989761,0.8333333,[*]c1ccc(NC(=O)c2cccc(C(=O)Nc3ccc(C([*])(C)C)cc3)c2)cc1,IN_DOMAIN,0.5595909331601441,moderate,0.8384024039979164,0.8197721708510713,109.29129096317789,True,79.79890689846673,True,59.09978416566061,False
[*]c1ccc(NC(=O)c2ccc(Oc3ccc4ccc(Oc5ccc(C(=O)Nc6ccc(C(C)(C)c7ccc(C([*])(C)C)cc7)cc6)cc5)cc4c3)cc2)cc1,polyamide,428.15,477.6228640858601,49.472864085860124,470.8651679742469,484.38056019747336,6.757696111613228,0.9583333,[*]c1ccc(Oc2ccc(NC(=O)c3ccc(Oc4ccc5ccc(Oc6ccc(C(=O)Nc7ccc(Oc8ccc(C(C)(C)c9ccc(C([*])(C)C)cc9)cc8)cc7)cc6)cc5c4)cc3)cc2)cc1,IN_DOMAIN,0.598567291635798,moderate,0.8490138779961675,0.8423080576488892,74.04246224405335,True,54.06201627847117,True,40.0388127832797,False
[*]c1ccc(NC(=O)c2ccc3c(c2)C(=O)N(c2ccc(Oc4cccc5c(N6C(=O)c7ccc(C(=O)Nc8ccc([*])cc8OC)cc7C6=O)cccc45)cc2)C3=O)c(OC)c1,polyimide,577.15,556.416103741574,20.733896258425943,562.2087593253957,550.6234481577523,5.792655583821727,0.6351351,[*]Nc1ccc(NC(=O)c2ccc3c(c2)C(=O)N(c2ccc(Oc4cccc5c(N6C(=O)c7ccc(C([*])=O)cc7C6=O)cccc45)cc2)C3=O)cc1,IN_DOMAIN,0.5524452978162967,moderate,0.8479526779464216,0.8456856994961595,68.75942545845392,True,50.204613214788246,True,37.18198557393357,True
[*]c1ccc(NC(=S)N=Cc2ccc(Cl)c(-n3c(=O)c4cc5c(=O)n([*])c(=O)c5cc4c3=O)c2)cc1,halogenated,549.15,614.5412658311798,65.3912658311798,610.6256281190481,618.4569035433116,3.9156377121317405,0.4857143,[*]C(=O)c1ccc2c(c1)C(=O)N(c1cc(/C=N/C(=S)Nc3ccc(N4C(=O)c5ccc([*])cc5C4=O)cc3)ccc1Cl)C2=O,IN_DOMAIN,0.5363580464055898,moderate,0.8320052603141902,0.8522552620470744,58.48384202149777,False,42.701908115537876,False,31.625415073682543,False
[*]c1ccc(NC2CC(=O)N(c3ccc(-c4sc(-c5ccc(N6C(=O)CC(Nc7ccc(-c8nc(C#N)c(C#N)nc8[*])cc7)C6=O)cc5)c(-c5ccccc5)c4-c4ccccc4)cc3)C2=O)cc1,nitrile,504.15,513.5703657713905,9.420365771390493,493.2857524025959,533.8549791401849,20.28461336879451,0.505618,[*]Nc1ccc(-c2nc(-c3ccc(-c4nc(-c5ccc([N+](=O)[O-])cc5)c(-c5ccc([N+](=O)[O-])cc5)[nH]4)cc3)[nH]c2-c2ccc(NC3CC(=O)N(c4ccc(-c5sc(-c6ccc(N7C(=O)CC([*])C7=O)cc6)c(-c6ccccc6)c5-c5ccccc5)cc4)C3=O)cc2)cc1,IN_DOMAIN,0.48886708255117073,low,0.8049959464716209,0.7949638472487547,148.09448328092358,True,108.13101189821768,True,80.08279452913074,True
[*]c1ccc(Nc2c(F)c(F)c(-c3c(F)c(F)c(Nc4ccc(S([*])(=O)=O)cc4)c(F)c3F)c(F)c2F)cc1,polysulfone,605.15,440.26156464902306,164.88843535097692,436.1508188888872,444.37231040915896,4.11074576013587,0.4857143,[*]c1ccc(N[Se]Nc2ccc(S([*])(=O)=O)cc2)cc1,IN_DOMAIN,0.5357506640104646,moderate,0.8317994753358976,0.85157238387906,59.55194534471387,False,43.4817824943297,False,32.20299701376562,False
[*]c1ccc(Nc2ccc(C(O)(c3ccccc3)c3ccc(C(O)(c4ccccc4)c4ccc(Nc5ccc(C(C)(C)c6ccc(C([*])(C)C)cc6)cc5)cc4)cc3)cc2)cc1,hydroxyl,450.15,401.5533861039499,48.59661389605009,400.34481221550567,402.7619599923941,1.2085738884442208,0.70731705,[*]c1ccc(Nc2ccc(C(=O)c3ccc(C(=O)c4ccc(Nc5ccc(C(C)(C)c6ccc(C([*])(C)C)cc6)cc5)cc4)cc3)cc2)cc1,IN_DOMAIN,0.5776165255313506,moderate,0.854133172282651,0.8617299854299808,43.6642387513266,False,31.881392306761892,False,23.61164428765607,False
[*]c1ccc(Nc2ccc(C(c3ccc(Nc4ccc(S([*])(=O)=O)cc4)cc3)(C(F)(F)F)C(F)(F)F)cc2)cc1,fluoropolymer,418.15,473.1494209402533,54.999420940253344,451.6242643492055,494.6745775313011,21.525156591047818,0.6486486,[*]c1ccc(Oc2ccc(C(c3ccc(Oc4ccc(S([*])(=O)=O)cc4)cc3)(C(F)(F)F)C(F)(F)F)cc2)cc1,IN_DOMAIN,0.5063413183306936,moderate,0.8143620607644904,0.7906219459708682,154.88573741849723,True,113.08963807851099,True,83.75519742791228,True
[*]c1ccc(Nc2ccc(Nc3ccc(C(O)(c4ccccc4)c4ccc(C([*])(O)c5ccccc5)cc4)cc3)cc2)cc1,hydroxyl,473.15,408.4131586271294,64.73684137287057,403.571676088522,413.25464116573687,4.841482538607437,0.4347826,[*]c1ccc(Nc2ccc(C(=O)c3ccc(C(=O)c4ccc(Nc5ccc(C(C)(C)c6ccc(C([*])(C)C)cc6)cc5)cc4)cc3)cc2)cc1,IN_DOMAIN,0.5262961523591226,moderate,0.8104085178548729,0.8383626206680203,63.55230509135633,False,46.40264043433013,False,34.366210528108866,False
[*]c1ccc(Nc2ccc(Nc3ccc(S([*])(=O)=O)cc3)cc2)cc1,polysulfone,418.15,454.53541997079697,36.38541997079699,437.8936611587286,471.1771787828653,16.64175881206836,0.65384614,[*]c1ccc(N[Se]Nc2ccc(S([*])(=O)=O)cc2)cc1,IN_DOMAIN,0.5216807796642571,moderate,0.8289641245090446,0.8077138381972963,128.15196887500966,True,93.57000857970968,True,69.29878523869989,True
[*]c1ccc(Nc2ccc(Oc3ccc(Oc4ccc(Nc5ccc(S([*])(=O)=O)cc5)cc4)cc3)cc2)cc1,polysulfone,417.75,485.8639552694538,68.11395526945381,480.9003481226539,490.8275624162537,4.963607146799916,0.7407407,[*]c1ccc(Oc2ccc(Oc3ccc(Oc4ccc(S([*])(=O)=O)cc4)cc3)cc2)cc1,IN_DOMAIN,0.5710527301449889,moderate,0.8507295389649802,0.8485873690257358,64.22086644077893,False,46.8907897132737,False,34.72773825007246,False
[*]c1ccc(Nc2ccc(S(=O)(=O)c3ccc(Nc4ccc(C5([*])c6ccccc6-c6ccccc65)cc4C)cc3)cc2)c(C)c1,polysulfone,542.15,494.0180365208514,48.13196347914857,466.29040246031667,521.7456705813861,27.72763406053471,0.4,[*]c1ccc(Oc2ccc(S(=O)(=O)c3ccc(Oc4ccc(C5([*])OC(=O)c6ccccc65)cc4C)cc3)cc2)c(C)c1,IN_DOMAIN,0.45283403521146953,low,0.7272586379097231,0.7339132784039427,188.84070168112825,True,137.88181509513493,True,102.11650546617413,True
[*]c1ccc(Nc2cccc(Nc3ccc(S([*])(=O)=O)cc3)c2)cc1,polysulfone,418.15,462.1374075443355,43.9874075443355,445.4606660317445,478.8141490569264,16.67674151259095,0.56666666,[*]c1ccc(N[Se]Nc2ccc(S([*])(=O)=O)cc2)cc1,IN_DOMAIN,0.5085648599864756,moderate,0.8243052261976948,0.8075913987454671,128.3434788566095,True,93.70983936638198,True,69.40234516994761,True
[*]c1ccc(O)c(/C=C/CC2CC(=O)N(c3ccc(Cc4ccc(N5C(=O)CC(C/C=C/c6cc(C([*])(C)C)ccc6O)C5=O)cc4)cc3)C2=O)c1,hydroxyl,479.15,514.5116624389127,35.36166243891273,516.004395079364,513.0189297984614,1.4927326404513224,0.36363637,[*]C/C=C/N(/C=C/CC1CC(=O)N(c2ccc(Cc3ccc(N4C(=O)CC([*])C4=O)cc3)cc2)C1=O)c1ccc(/N=N/c2ccc([N+](=O)[O-])cc2)cc1,IN_DOMAIN,0.5269944925007082,moderate,0.7573728702430379,0.8002809121950353,45.2198429944345,True,33.01721490591529,False,24.452844663318547,False
[*]c1ccc(OC(=O)C2CCC(C(=O)Oc3ccc(C([*])(C)C)cc3)CC2)cc1,polyester,423.15,412.293030044955,10.856969955044974,420.22406948412566,404.36199060578434,7.931039439170661,0.6571429,[*]c1ccc(OC(=O)Oc2ccc(C([*])(C)C)cc2)cc1,IN_DOMAIN,0.5490846676556652,moderate,0.845811744749463,0.8382013560024382,80.46583596060553,True,58.752035004244135,True,43.51228259883446,True
[*]c1ccc(OC(=O)CCCCC(=O)Oc2ccc(C3([*])c4cc(N(C)C)ccc4-c4ccc([N+](=O)[O-])cc43)cc2)cc1,polyester,423.15,449.6097601809635,26.459760180963542,445.66780848068464,453.5517118812424,3.941951700278878,0.96363634,[*]c1ccc(OC(=O)CCCC(=O)Oc2ccc(C3([*])c4cc(N(C)C)ccc4-c4ccc([N+](=O)[O-])cc43)cc2)cc1,IN_DOMAIN,0.6081424294776926,moderate,0.8522963657222028,0.8521631630885594,58.627895834113595,True,42.80708883652664,True,31.703312856376904,True
[*]c1ccc(OC(=O)CCCCCCCCC(=O)Oc2ccc(C([*])(CC)c3ccccc3)cc2)cc1,polyester,361.15,326.70757967680066,34.442420323199315,311.51896606060484,341.8961932929965,15.188613616195823,0.7368421,[*]c1ccc(OC(=O)CCCCCCCCC(=O)Oc2ccc(C([*])(C)C)cc2)cc1,IN_DOMAIN,0.5387142159097882,moderate,0.8337105205133571,0.8127998463828502,120.19684232485264,True,87.76158233323612,True,64.99701281034422,True
[*]c1ccc(OC(=O)CCCCCCCCCCCN2C(=O)c3ccc(C(=O)Oc4ccc(C(C)(C)c5ccc(C([*])(C)C)cc5)cc4)cc3C2=O)cc1,polyimide,370.15,378.6749193254848,8.524919325484802,386.49456473658813,370.8552739143814,7.819645411103352,0.57377046,[*]c1ccc(OC(=O)c2ccc(C(C)(C)c3ccc(C(=O)Oc4ccc(C([*])(C)C)cc4)cc3)cc2)cc1,IN_DOMAIN,0.5369727412478822,moderate,0.8419404304997914,0.8385912351006738,79.85601830940028,True,58.306777367110314,True,43.18252081041545,True
[*]c1ccc(OC(=O)CCCCCCCCCCCN2C(=O)c3ccc(C(=O)Oc4ccc(C([*])(C)C)cc4)cc3C2=O)cc1,polyimide,366.15,375.80103293622255,9.651032936222578,380.24040626292293,371.3616596095222,4.439373326700377,0.6229508,[*]c1ccc(OC(=O)c2ccc3c(c2)C(=O)N(c2cccc(N4C(=O)c5ccc(C(=O)Oc6ccc(C([*])(C)C)cc6)cc5C4=O)c2)C3=O)cc1,IN_DOMAIN,0.5548372960821499,moderate,0.8490473000944928,0.8504221873960841,61.35099053807534,True,44.79535321552792,True,33.17583923838308,True
[*]c1ccc(OC(=O)CCCCCN2C(=O)c3ccc(C(=O)Oc4ccc(C(C)(C)c5ccc(C([*])(C)C)cc5)cc4)cc3C2=O)cc1,polyimide,377.15,378.6749193254848,1.5249193254848024,386.49456473658813,370.8552739143814,7.819645411103352,0.57377046,[*]c1ccc(OC(=O)c2ccc(C(C)(C)c3ccc(C(=O)Oc4ccc(C([*])(C)C)cc4)cc3)cc2)cc1,IN_DOMAIN,0.5369727412478822,moderate,0.8419404304997914,0.8385912351006738,79.85601830940028,True,58.306777367110314,True,43.18252081041545,True
[*]c1ccc(OC(=O)CCCCCN2C(=O)c3ccc(C(=O)Oc4ccc(C([*])(C)C)cc4)cc3C2=O)cc1,polyimide,383.15,375.80103293622255,7.3489670637774225,380.24040626292293,371.3616596095222,4.439373326700377,0.6229508,[*]c1ccc(OC(=O)c2ccc3c(c2)C(=O)N(c2cccc(N4C(=O)c5ccc(C(=O)Oc6ccc(C([*])(C)C)cc6)cc5C4=O)c2)C3=O)cc1,IN_DOMAIN,0.5548372960821499,moderate,0.8490473000944928,0.8504221873960841,61.35099053807534,True,44.79535321552792,True,33.17583923838308,True
[*]c1ccc(OC(=O)CN(CC(=O)Oc2ccc(C([*])(C)C)cc2)c2ccc(/N=N/c3ccc([N+](=O)[O-])cc3)cc2)cc1,polyester,425.15,386.87092207335854,38.279077926641435,391.34429119047473,382.3975529562423,4.473369117116221,0.5555556,[*]CC([*])C(=O)Oc1ccc(/N=N/c2ccc([N+](=O)[O-])cc2)cc1,IN_DOMAIN,0.5447329891479571,moderate,0.8443317374956542,0.8503032021296287,61.53709775963778,True,44.93123918334577,True,33.27647760150496,False
[*]c1ccc(OC(=O)Cc2ccc(C(=O)Oc3ccc(C([*])(C)C)cc3)cc2)cc1,polyester,358.15,388.16893731290475,30.018937312904768,398.6497708690467,377.6881037567628,10.480833556141931,0.825,[*]c1ccc(OC(=O)c2ccc(Cc3ccc(C(=O)Oc4ccc(C([*])(C)C)cc4)cc3)cc2)cc1,IN_DOMAIN,0.5667323117871361,moderate,0.8434018327867568,0.8292770765930387,94.42447886495268,True,68.94392161969483,True,51.06048498186228,True
[*]c1ccc(OC(=O)Nc2ccc(OP(=O)(Oc3ccc(NC(=O)Oc4ccc(C([*])(C)C)cc4)cc3)c3ccccc3)cc2)cc1,polyamide,307.15,386.94471262020613,79.79471262020616,417.85392802794337,356.03549721246884,30.909215407737264,0.6,[*]Nc1ccc(OP(=O)(Oc2ccc(NC(=O)Oc3ccc(-c4ccc(OC([*])=O)cc4)cc3)cc2)c2ccccc2)cc1,IN_DOMAIN,0.47297422290684704,low,0.7712016957547717,0.7577777401124551,206.2580129852599,True,150.59904435403618,True,111.53499919745516,True
[*]c1ccc(OC(=O)Nc2cccc(P(=O)(c3ccccc3)c3cccc(NC(=O)Oc4ccc(C([*])(C)C)cc4)c3)c2)cc1,polyamide,335.15,426.46780134641557,91.31780134641559,419.696349206348,433.23925348648316,6.771452140067595,0.5531915,[*]c1ccc(Oc2ccc(P(=O)(c3ccccc3)c3ccc(Oc4ccc(C([*])(C)C)cc4)cc3)cc2)cc1,IN_DOMAIN,0.5372168425491939,moderate,0.8413397755035047,0.8422599115492989,74.11776851591998,False,54.11700106385155,False,40.07953500711305,False
[*]c1ccc(OC(=O)OC2C(C)(C)C(OC(=O)Oc3ccc(C([*])(C)c4ccccc4)cc3)C2(C)C)cc1,polycarbonate,422.15,433.621691501442,11.471691501442024,429.5695241071412,437.67385889574285,4.052167394300824,0.81578946,[*]c1ccc(OC(=O)OC2C(C)(C)C(OC(=O)Oc3ccc(C([*])(C)C)cc3)C2(C)C)cc1,IN_DOMAIN,0.5853725685410021,moderate,0.8520442396850189,0.8517774081594826,59.231262790318894,True,43.24763650633191,True,32.02958640086673,True
[*]c1ccc(OC(=O)OC2C(C)(C)C(OC(=O)Oc3ccc(C4([*])CCC(C(C)(C)C)CC4)cc3)C2(C)C)cc1,polycarbonate,445.15,457.8936494149069,12.74364941490694,443.48513410533775,472.30216472447614,14.408515309569196,0.5625,[*]c1ccc(OC(=O)OC2C(C)(C)C(OC(=O)Oc3ccc(C([*])(C)C)cc3)C2(C)C)cc1,IN_DOMAIN,0.5148717489873892,moderate,0.8292719238026586,0.8155301904560434,115.92625686071271,True,84.64341940505126,True,62.68767345706756,True
[*]c1ccc(OC(=O)OC2CC3CC(OC(=O)Oc4ccc(C([*])(C)C)cc4)CC(C2)O3)cc1,polycarbonate,467.15,455.6362319468477,11.513768053152262,432.608580555554,478.6638833381414,23.027651391293688,0.625,[*]c1ccc(OC(=O)Oc2ccc(C([*])(C)C)cc2)cc1,IN_DOMAIN,0.4984263913432281,low,0.808221960883576,0.7853632141700077,163.11102441036724,True,119.09532165213211,True,88.2030603970112,True
[*]c1ccc(OC(=O)OCC2CCC(COC(=O)Oc3ccc(C([*])(C)C)cc3)CC2)cc1,polycarbonate,363.55,373.63370408589105,10.083704085891043,365.0269233015867,382.2404848701954,8.606780784304362,0.65789473,[*]c1ccc(OC(=O)Oc2ccc(C([*])(C)C)cc2)cc1,IN_DOMAIN,0.5470894726101931,moderate,0.8448593518920512,0.8358362612944702,84.16512762876135,True,61.45306844264407,True,45.512692121195165,True
[*]c1ccc(OC(=O)OCCCCCOC(=O)Oc2ccc(C([*])(C)C)cc2)cc1,polycarbonate,322.65,323.5430474081718,0.8930474081718103,314.6377678573028,332.4483269590408,8.905279550869011,0.71428573,[*]c1ccc(OC(=O)Oc2ccc(C([*])(C)C)cc2)cc1,IN_DOMAIN,0.55471517614897,moderate,0.8453405363968648,0.8347915156114939,85.79923512870856,True,62.646210101976344,True,46.396343505484374,True
[*]c1ccc(OC(=O)OCCCCOC(=O)Oc2ccc(C([*])(C)C)cc2)cc1,polycarbonate,329.65,335.1677411316697,5.517741131669709,328.0199696262062,342.31551263713317,7.147771505463481,0.7352941,[*]c1ccc(OC(=O)Oc2ccc(C([*])(C)C)cc2)cc1,IN_DOMAIN,0.5634046335531978,moderate,0.8480118694496159,0.8409427937704134,76.1778986278332,True,55.62120262968976,True,41.19356014026177,True
[*]c1ccc(OC(=O)OCCCOC(=O)Oc2ccc(C([*])(C)C)cc2)cc1,polycarbonate,341.25,336.8691699411935,4.380830058806509,331.4228272452538,342.31551263713317,5.446342695939677,0.7352941,[*]c1ccc(OC(=O)Oc2ccc(C([*])(C)C)cc2)cc1,IN_DOMAIN,0.5687153909036912,moderate,0.8501338639541818,0.8468977946037467,66.86356339533927,True,48.82035177059145,True,36.15678916760976,True
[*]c1ccc(OC(=O)OCCN(CCOC(=O)Oc2ccc(C([*])(C)C)cc2)c2ccc3[nH]c4ccccc4c3c2)cc1,polycarbonate,363.15,379.15960101952567,16.00960101952569,371.2581178968244,387.06108414222695,7.901483122701279,0.4716981,[*]c1ccc(OC(=O)Oc2ccc(C([*])(C)C)cc2)cc1,IN_DOMAIN,0.5219309081765348,moderate,0.8227385827338797,0.838304803110081,80.30403228225443,True,58.63389423977169,True,43.424786492022236,True
[*]c1ccc(OC(=O)OCCN(CCOC(=O)Oc2ccc(C([*])(C)C)cc2)c2ccccc2)cc1,polycarbonate,343.15,360.83539274660416,17.68539274660418,346.89954248778946,374.77124300541885,13.935850258814696,0.625,[*]c1ccc(OC(=O)Oc2ccc(C([*])(C)C)cc2)cc1,IN_DOMAIN,0.5256088929319517,moderate,0.8343342070107135,0.817184518133684,113.33869003995143,True,82.754110549755,True,61.288434420969615,True
[*]c1ccc(OC(=O)Oc2ccc(C([*])C3C4CCC(C4)C3C)cc2)cc1,polycarbonate,505.15,466.63598720450227,38.514012795497706,458.0102196349199,475.2617547740847,8.625767569582393,0.52380955,[*]c1ccc(OC(=O)Oc2ccc(C([*])C)cc2)cc1,IN_DOMAIN,0.5271439267954457,moderate,0.8346736313398689,0.8357698075459971,84.26906925833589,True,61.5289613006037,True,45.56889905058126,True
[*]c1ccc(OC(=O)Oc2ccc(C3([*])CC4CC3C3C5CCC(C5)C43)c(C)c2)c(C)c1,polycarbonate,505.15,475.7049875055666,29.4450124944334,467.8111977164497,483.5987772946834,7.893789789116823,0.40983605,[*]c1ccc(OC(=O)Oc2ccc(C3([*])CCCCC3)cc2C)c(C)c1,IN_DOMAIN,0.5133225171818565,moderate,0.7910016457754127,0.8102169638951345,80.26191574604678,True,58.6031429006476,True,43.402011775228786,True
[*]c1ccc(OC(=O)Oc2ccc(C3([*])CC4CC3C3CCCC43)cc2C)c(C)c1,polycarbonate,490.15,459.162848267364,30.987151732635994,448.160381698412,470.16531483631593,11.002466568951974,0.60784316,[*]c1ccc(OC(=O)Oc2ccc(C3([*])CCCCC3)cc2C)c(C)c1,IN_DOMAIN,0.5321141882508568,moderate,0.839220090693191,0.8274513610482036,97.2801168572401,True,71.02896232398155,True,52.60468477593652,True
[*]c1ccc(OC(=O)Oc2ccc(C3([*])CC4CCC3C4)cc2C)c(C)c1,polycarbonate,434.15,478.3563951959454,44.20639519594545,450.69532198412634,506.0174684077645,27.661073211819087,0.625,[*]c1ccc(OC(=O)Oc2ccc(C3([*])CCCCC3)cc2C)c(C)c1,IN_DOMAIN,0.48540496859418375,low,0.7887684211952276,0.7691462377981687,188.47631966594997,True,137.61576199750536,True,101.91946416250667,True
[*]c1ccc(OC(=O)Oc2ccc(Cc3ccc(OC(=O)Oc4ccc(C([*])(C)C)cc4)cc3)cc2)cc1,polycarbonate,380.95,422.3522406762369,41.402240676236886,440.17917019047576,404.525311161998,17.826929514238884,0.8125,[*]c1ccc(OC(=O)Oc2ccc(C([*])(C)C)cc2)cc1,IN_DOMAIN,0.5422813497600638,moderate,0.8274058463417205,0.8035657407396993,134.64009060302723,True,98.30730298951248,True,72.80726784867805,True
[*]c1ccc(OC(=O)Oc2ccc(OC(=O)Oc3ccc(C([*])(C)C)cc3)cc2)cc1,polycarbonate,370.15,428.3332169358688,58.18321693586881,426.68771755952275,429.9787163122149,1.6454993763460664,1.0,[*]c1ccc(OC(=O)Oc2ccc(C([*])(C)C)cc2)cc1,IN_DOMAIN,0.6206821974261763,moderate,0.8545189377482435,0.8602007462223242,46.05615220850956,False,33.62784508993233,False,24.905082839041455,False
[*]c1ccc(OC(=O)Oc2ccc3c(c2)C([*])(C)CC3(C)C)cc1,polycarbonate,474.85,524.7217978187148,49.871797818714754,496.97888380952224,552.4647118279074,27.74291400919259,0.49019608,[*]c1ccc(OC(=O)Oc2ccc(C3([*])CC(C)CC(C)(C)C3)cc2)cc1,IN_DOMAIN,0.4654040656781545,low,0.7719503363442173,0.7688597950073615,188.92435053163442,True,137.94289120444682,True,102.16173897899161,True
[*]c1ccc(OC(=O)Oc2cccc(OC(=O)Oc3ccc(C([*])(C)C)cc3)c2)cc1,polycarbonate,356.25,441.98868838448664,85.73868838448664,435.34229690476064,448.6350798642127,6.64639147972602,0.8666667,[*]c1ccc(OC(=O)Oc2ccc(C([*])(C)C)cc2)cc1,IN_DOMAIN,0.5850515724970308,moderate,0.849103578718058,0.8426976238604944,73.43313398504912,False,53.61711597047439,False,39.70931563601551,False
[*]c1ccc(OC(=O)SCCCCCCSC(=O)Oc2ccc(C([*])(C)C)cc2)cc1,polyester,331.15,330.67567193338186,0.47432806661811355,330.40995947330333,330.94138439346034,0.2657124600785039,0.63414633,[*]c1ccc(OC(=O)CCCCCCCCC(=O)Oc2ccc(C([*])(C)C)cc2)cc1,IN_DOMAIN,0.5694509565796194,moderate,0.8533738886465198,0.8650300004292607,38.50261966245959,True,28.11264223081466,True,20.82047427393401,True
[*]c1ccc(OC(=O)SCCCSC(=O)Oc2ccc(C([*])(C)C)cc2)cc1,polyester,363.15,345.7287434543623,17.421256545637675,353.9357626875889,337.5217242211356,8.207019233226646,0.625,[*]c1ccc(OC(=O)CCCCC(=O)Oc2ccc(C([*])(C)C)cc2)cc1,IN_DOMAIN,0.5433875769087597,moderate,0.8444111917177957,0.8372354267232422,81.97666515595196,True,59.85516515520515,True,44.329270654966365,True
[*]c1ccc(OC(=O)Sc2ccc(C(C)(C)c3ccc(SC(=O)Oc4ccc(C([*])(C)C)cc4)cc3)cc2)cc1,polyester,427.15,414.645845251317,12.504154748682993,425.873235773808,403.41845472882596,11.22739052249102,0.71428573,[*]c1ccc(OC(=O)Oc2ccc(C(C)(C)c3ccc(C([*])(C)C)cc3)cc2)cc1,IN_DOMAIN,0.5474873667838362,moderate,0.8415493711601743,0.826664127210817,98.5114449582771,True,71.92801508134373,True,53.2705312891131,True
[*]c1ccc(OC(=O)Sc2ccc(Oc3ccc(SC(=O)Oc4ccc(C([*])(C)C)cc4)cc3)cc2)cc1,polyester,418.15,433.75726032096804,15.607260320968066,423.0059861507921,444.50853449114396,10.751274170175918,0.6052632,[*]c1ccc(OC(=O)Oc2ccc(C([*])(C)C)cc2)cc1,IN_DOMAIN,0.532509985779609,moderate,0.8395199573992927,0.8283305344439198,95.9049842645874,True,70.02491088706411,True,51.8610753015794,True
[*]c1ccc(OC(=O)c2ccc(C(=O)Oc3ccc(C([*])(CC)c4ccccc4)cc3)cc2)cc1,polyester,516.15,413.0741492348737,103.07585076512629,440.13392338383755,386.0143750859098,27.059774148963868,0.7777778,[*]c1ccc(OC(=O)c2ccc(C(=O)Oc3ccc(C([*])(CC)CC)cc3)cc2)cc1,IN_DOMAIN,0.5102613355887964,moderate,0.7939335378354383,0.771250784518162,185.18455628738965,True,135.2122848579955,True,100.13942749642973,False
[*]c1ccc(OC(=O)c2ccc(C(=O)Oc3ccc(C4([*])CCC(C(C)(C)C)CC4)cc3)cc2)cc1,polyester,483.15,464.9780124520943,18.1719875479057,466.00163224206227,463.9543926621262,1.0236197899680235,0.54385966,[*]c1ccc(OC(=O)c2ccc(Oc3ccc(C4(c5ccc(Oc6ccc(C(=O)Oc7ccc(C([*])(C)C)cc7)cc6)cc5)CCC(C(C)(C)C)CC4)cc3)cc2)cc1,IN_DOMAIN,0.5537245975159771,moderate,0.8462676180016472,0.8623773247746475,42.65172240848111,True,31.14210469597573,True,23.06412127096361,True
[*]c1ccc(OC(=O)c2ccc(C(=O)Oc3ccc4c(c3)C([*])(C)CC4(C)C)cc2)cc1,polyester,525.65,523.6572025418643,1.9927974581356693,496.8691588095223,550.4452462742064,26.78804373234206,0.5185185,[*]OC(=O)c1ccc(C(=O)Oc2ccc3c(c2)C2(CC(C)(C)c4ccc([*])cc42)CC3(C)C)cc1,IN_DOMAIN,0.4721021316712102,low,0.7827160967295098,0.7722018409763384,183.69698996718074,True,134.12614006781604,True,99.33501895040868,True
[*]c1ccc(OC(=O)c2ccc(C(=O)c3ccc(C(=O)Oc4ccc(C([*])(C)C)cc4)cc3)cc2)cc1,polyester,467.15,433.34912557457085,33.80087442542913,453.81498728174506,412.8832638673966,20.46586170717424,0.90625,[*]c1ccc(OC(=O)c2ccc(C(=O)Oc3ccc(C([*])(C)C)cc3)cc2)cc1,IN_DOMAIN,0.5487041044052492,moderate,0.8196942324970625,0.7943294780644257,149.0867127380431,True,108.8554870633731,True,80.61934731610744,True
[*]c1ccc(OC(=O)c2ccc(N3C(=O)CC(SCCOCCSC4CC(=O)N(c5ccc(C(=O)Oc6ccc(C([*])(C)C)cc6)cc5)C4=O)C3=O)cc2)cc1,polyester,416.15,429.2425790268569,13.092579026856924,447.82289079364926,410.6622672600645,18.58031176679239,0.51785713,[*]c1ccc(OC(=O)c2ccc(C(=O)Oc3ccc(C([*])(C)C)cc3)cc2)cc1,IN_DOMAIN,0.495701873511505,low,0.8126154192188393,0.8009289028557621,138.76442117696337,True,101.31867808250973,True,75.03751917611075,True
[*]c1ccc(OC(=O)c2ccc(Oc3ccc(C(=O)Oc4ccc(C([*])(C)C)cc4)cc3)cc2)cc1,polyester,493.15,440.1545566518472,52.995443348152776,426.09720156745914,454.2119117362353,14.057355084388092,0.90625,[*]c1ccc(OC(=O)c2ccc(C(=O)Oc3ccc(C([*])(C)C)cc3)cc2)cc1,IN_DOMAIN,0.568042234291187,moderate,0.8366875156187329,0.8167592512441771,114.00385843925287,True,83.23978247017858,True,61.64812738905596,True
[*]c1ccc(OC(=O)c2ccc(S(=O)(=O)c3ccc(C(=O)Oc4ccc(C([*])(C)C)cc4)cc3)cc2)cc1,polyester,493.15,443.6903111326141,49.459688867385864,458.6206579960307,428.75996426919755,14.93034686341656,0.8055556,[*]c1ccc(OC(=O)c2ccc(C(=O)Oc3ccc(C([*])(C)C)cc3)cc2)cc1,IN_DOMAIN,0.5500140439284945,moderate,0.8346224676778529,0.8137037800175776,118.78298174994737,True,86.72925370585912,True,64.23246099582325,True
[*]c1ccc(OC(=O)c2ccc([Si](C)(C)c3ccc(C(=O)Oc4ccc(C([*])(C)C)cc4)cc3)cc2)cc1,polyester,453.15,438.81069613484726,14.339303865152715,447.10188966269754,430.51950260699704,8.291193527850254,0.8055556,[*]c1ccc(OC(=O)c2ccc(C(=O)Oc3ccc(C([*])(C)C)cc3)cc2)cc1,IN_DOMAIN,0.570581506573642,moderate,0.8467644301792986,0.8369408166920597,82.43747056473215,True,60.191621679686584,True,44.57845336624437,True
[*]c1ccc(OC(=O)c2ccc([Si](c3ccccc3)(c3ccccc3)c3ccc(C(=O)Oc4ccc(C([*])(C)C)cc4)cc3)cc2)cc1,polyester,568.15,432.77469866486166,135.37530133513832,448.2538419642848,417.29555536543853,15.479143299423129,0.82857144,[*]c1ccc(OC(=O)c2ccc(C(=O)Oc3ccc(C([*])(C)C)cc3)cc2)cc1,IN_DOMAIN,0.5518568489949942,moderate,0.8334055545275202,0.8117829924915546,121.78732371873873,False,88.92287044280033,False,65.85707317077895,False
[*]c1ccc(OC(=O)c2ccc3c(c2)C(=O)N(CCCOCCCCOCCCN2C(=O)c4ccc(C(=O)Oc5ccc(C([*])(C)C)cc5)cc4C2=O)C3=O)cc1,polyimide,333.15,384.59859392113765,51.44859392113767,390.09764148997357,379.0995463523018,5.499047568835891,0.6440678,[*]c1ccc(OC(=O)c2ccc3c(c2)C(=O)N(c2cccc(N4C(=O)c5ccc(C(=O)Oc6ccc(C([*])(C)C)cc6)cc5C4=O)c2)C3=O)cc1,IN_DOMAIN,0.5547049228316898,moderate,0.8485860789650165,0.84671332754861,67.15209198483619,True,49.03102057912961,False,36.31281237142236,False
[*]c1ccc(OC(=O)c2ccc3c(c2)C(=O)N(CCOCCOCCN2C(=O)c4ccc(C(=O)Oc5ccc(C([*])(C)C)cc5)cc4C2=O)C3=O)cc1,polyimide,391.15,419.99232268063304,28.84232268063306,416.86715357142765,423.11749178983837,3.125169109205359,0.6666667,[*]c1ccc(OC(=O)c2ccc3c(c2)C(=O)N(c2cccc(N4C(=O)c5ccc(C(=O)Oc6ccc(C([*])(C)C)cc6)cc5C4=O)c2)C3=O)cc1,IN_DOMAIN,0.5655084305215765,moderate,0.8517201159093156,0.8550219021573168,54.15648520397796,True,39.54229365079473,True,29.28537634169075,True
[*]c1ccc(OC(=O)c2ccc3c(c2)C(=O)N(c2ccc(Oc4ccc(N5C(=O)c6ccc(C(=O)Oc7ccc(C([*])(C)C)cc7)cc6C5=O)cc4)cc2)C3=O)cc1,polyimide,473.15,505.00108297643413,31.851082976434157,516.0305049999994,493.9716609528689,11.029422023565246,0.8235294,[*]c1ccc(OC(=O)c2ccc3c(c2)C(=O)N(c2cccc(N4C(=O)c5ccc(C(=O)Oc6ccc(C([*])(C)C)cc6)cc5C4=O)c2)C3=O)cc1,IN_DOMAIN,0.5648022046101477,moderate,0.8424599532771241,0.8273570169570571,97.42768232645452,True,71.13670707688448,True,52.68448150359906,True
[*]c1ccc(OC(=O)c2cccc(C(=O)Oc3ccc(C([*])(C)c4ccccc4)cc3)c2)cc1,polyester,475.15,442.2919217919768,32.85807820802319,447.51127091269717,437.0725726712564,5.219349120720381,0.8055556,[*]c1ccc(OC(=O)c2cccc(C(=O)Oc3ccc(C([*])(C)C)cc3)c2)cc1,IN_DOMAIN,0.5801695820287062,moderate,0.8507297770261574,0.8476922721170141,65.62090531679962,True,47.9130264435494,True,35.48481591533889,True
[*]c1ccc(OC(=O)c2cccc(C(=O)Oc3ccc(C4([*])OC(=O)c5ccccc54)cc3C)c2)c(C)c1,polyester,546.15,535.544472718251,10.605527281749005,548.8770927380949,522.211852698407,13.332620019843944,0.71153843,[*]c1ccc(OC(=O)c2cccc(C(=O)Oc3ccc(C4([*])c5ccccc5-c5ccccc54)cc3C)c2)c(C)c1,IN_DOMAIN,0.5405539263733515,moderate,0.8375149946909483,0.8192958239700817,110.03635459300224,True,80.34291422700876,True,59.50268085874788,True
[*]c1ccc(OC(=O)c2cccc(C(=O)Oc3ccc4c(c3)C([*])(C)CC4(C)C)c2)cc1,polyester,503.65,514.8982341266912,11.248234126691273,493.2639826190459,536.5324856343365,21.634251507645274,0.53571427,[*]OC(=O)c1cccc(C(=O)Oc2ccc3c(c2)C2(CC(C)(C)c4ccc([*])cc42)CC3(C)C)c1,IN_DOMAIN,0.48926145969766277,low,0.8059432326844319,0.790240113762777,155.48296876879633,True,113.52570584291702,True,84.07815311439543,True
[*]c1ccc(OC(=O)c2cccc(C(F)(F)C(F)(F)C(F)(F)c3cccc(C(=O)Oc4ccc(C([*])(C)C)cc4)c3)c2)cc1,fluoropolymer,395.15,424.0781398029921,28.92813980299212,424.6901020634913,423.4661775424929,0.6119622604991832,0.7209302,[*]c1ccc(OC(=O)c2cccc(C(=O)Oc3ccc(C([*])(C)C)cc3)c2)cc1,IN_DOMAIN,0.5815311826565477,moderate,0.8547757059970021,0.8638181261277883,40.39813635833884,True,29.496651505532803,True,21.845483921286544,False
[*]c1ccc(OC(=O)c2cccc(Oc3cccc(C(=O)Oc4ccc(C([*])(C)C)cc4)c3)c2)cc1,polyester,358.15,444.9186858300448,86.76868583004483,438.99750045634795,450.83987120374167,5.921185373696858,0.8611111,[*]c1ccc(OC(=O)c2cccc(C(=O)Oc3ccc(C([*])(C)C)cc3)c2)cc1,IN_DOMAIN,0.5864685843688657,moderate,0.8500005868599397,0.8452358452315966,69.46305146005786,False,50.71836490807047,False,37.562474672942834,False
[*]c1ccc(OC(=O)c2cccc(S(=O)(=O)Oc3ccc(C([*])(C)C)cc3)c2)cc1,polyester,406.15,440.4680495260217,34.318049526021696,443.6526762738087,437.28342277823464,3.1846267477870356,0.7209302,[*]c1ccc(OS(=O)(=O)c2cccc(S(=O)(=O)Oc3ccc(C([*])(C)C)cc3)c2)cc1,IN_DOMAIN,0.5735675060669937,moderate,0.8524531083156104,0.8548138004222808,54.48198126633581,True,39.779954215941345,True,29.461389881860228,False
[*]c1ccc(OC(=O)c2ccccc2-c2ccccc2C(=O)Oc2ccc(C([*])(C)C)cc2)cc1,polyester,434.15,445.1577884923944,11.007788492394411,461.68867464285574,428.626902341933,16.530886150461384,0.6944444,[*]c1ccc(OC(=O)c2ccc(C(=O)Oc3ccc(C([*])(C)C)cc3)cc2)cc1,IN_DOMAIN,0.5281656848602696,moderate,0.8300291733028963,0.8081018925129206,127.54500540257658,True,93.12683491783231,True,68.97056686099477,True
[*]c1ccc(OC(=O)c2ccccc2-c2ccccc2C(=O)Oc2ccc(C([*])(C)c3ccccc3)cc2)cc1,polyester,445.15,447.27830545668,2.128305456680039,465.92970857142706,428.626902341933,18.65140311474704,0.6666667,[*]c1ccc(OC(=O)Oc2ccc(C([*])(C)c3ccccc3)cc2)cc1,IN_DOMAIN,0.5175632361723663,moderate,0.8238284286202391,0.8006800831379208,139.15360504599917,True,101.60284022441395,True,75.24797219993422,True
[*]c1ccc(OC(=S)Oc2ccc(C3([*])CCC(C)CC3)cc2)cc1,polyether,441.15,410.1029123544501,31.04708764554988,402.56375193794986,417.64207277095034,7.539160416500238,0.4871795,[*]c1ccc(OC(=S)Oc2ccc(C([*])(C)C)cc2)cc1,IN_DOMAIN,0.5252641219888297,moderate,0.8280774121198385,0.8395729325817847,78.32052575585122,True,57.18563929431333,True,42.35219592631006,True
[*]c1ccc(OC2=C(Cl)C(=O)N(c3ccc(Cc4ccc(N5C(=O)C(Cl)=C(Oc6ccc(C([*])(C)C)cc6)C5=O)cc4)cc3)C2=O)cc1,polyether,445.15,479.9691808594158,34.81918085941584,474.1623723809517,485.7759893378799,5.806808478464092,0.8367347,[*]c1ccc(OC2=C(Cl)C(=O)N(c3ccc(Cc4ccc(N5C(=O)C(Cl)=C(c6ccc(C([*])(C)C)cc6)C5=O)cc4)cc3)C2=O)cc1,IN_DOMAIN,0.5831047921685191,moderate,0.8501045864506834,0.8456361643649112,68.83690434236094,True,50.26118433028158,True,37.22388264803661,True
[*]c1ccc(OC2=C(Cl)C(=O)N(c3ccc(Oc4ccc(N5C(=O)C(Cl)=C(Oc6ccc(C([*])(C)C)cc6)C5=O)cc4)cc3)C2=O)cc1,polyether,448.15,505.08499741456114,56.93499741456117,514.1117384704175,496.05825635870474,9.026741055856405,0.7,[*]c1ccc(OC2=C(Cl)C(=O)N(c3ccc(Cc4ccc(N5C(=O)C(Cl)=C(c6ccc(C([*])(C)C)cc6)C5=O)cc4)cc3)C2=O)cc1,IN_DOMAIN,0.5521617290668496,moderate,0.8449906332847487,0.8343664003440381,86.46416637294466,True,63.13170886390932,True,46.75590823084386,False
[*]c1ccc(OC2=C(Cl)C(=O)N(c3cccc(N4C(=O)C(Cl)=C(c5ccc(C([*])(C)C)cc5)C4=O)c3)C2=O)cc1,polyether,436.15,512.8318505744172,76.68185057441724,500.9657370634904,524.6979640853441,11.866113510926851,0.754717,[*]c1ccc(OC2=C(Cl)C(=O)N(c3ccc(Cc4ccc(N5C(=O)C(Cl)=C(c6ccc(C([*])(C)C)cc6)C5=O)cc4)cc3)C2=O)cc1,IN_DOMAIN,0.551678187417305,moderate,0.8407120344416167,0.8244285967512915,102.00808260875672,True,74.4810809283041,False,55.161354689840365,False
[*]c1ccc(OCC(=O)OC(=O)COc2ccc(C([*])(C)C)cc2)cc1,polyester,378.15,350.52324593145977,27.626754068540208,352.9850983174593,348.06139354546025,2.4618523859995207,0.61764705,[*]c1ccc(OCOc2ccc(C([*])(C)C)cc2)cc1,IN_DOMAIN,0.5601915767224737,moderate,0.8508252630014775,0.8573435106885372,50.52521112969696,True,36.89092317815575,True,27.321747655955207,False
[*]c1ccc(OCC(CCl)O[Si](C)(C)OC(CCl)COc2ccc(C([*])(C)C)cc2)cc1,polyether,297.15,349.5537223997762,52.4037223997762,361.9815136904756,337.12593110907676,12.427791290699417,0.5869565,[*]c1ccc(OCC(COc2ccc(C([*])(C)C)cc2)OC(=O)CCl)cc1,IN_DOMAIN,0.524588276604531,moderate,0.8353698468562628,0.8224627245220876,105.08294245840793,True,76.72618621259265,True,56.82409974347201,True
[*]c1ccc(OCC(COc2ccc(C([*])(C)C)cc2)OC(=O)/C=C/c2ccccc2)cc1,polyester,373.75,370.6897481990074,3.060251800992603,370.3292863253961,371.0502100726187,0.3604618736113139,0.63829786,[*]c1ccc(OCC(COc2ccc(C([*])(C)C)cc2)OC(=O)c2ccccc2)cc1,IN_DOMAIN,0.5697832694453574,moderate,0.8534368926742151,0.8646983774818958,39.0213177095285,True,28.49136899670504,True,21.100962704062,True
[*]c1ccc(OCC(COc2ccc(C([*])(C)C)cc2)OC(=O)/C=C/c2ccco2)cc1,polyester,380.35,342.9950421507204,37.35495784927963,337.89123914285597,348.0988451585848,5.103803007864428,0.5660377,[*]c1ccc(OCC(COc2ccc(C([*])(C)C)cc2)OC(=O)c2ccccc2)cc1,IN_DOMAIN,0.544308994239739,moderate,0.8446866431841961,0.84809668351201,64.98835741122305,True,47.45117233805685,True,35.14276263401558,False
[*]c1ccc(OCC(COc2ccc(C([*])(C)c3ccccc3)cc2)OC(=O)c2ccccc2)cc1,polyester,399.15,361.54885943835404,37.601140561645934,358.17137605555484,364.92634282115324,3.3774833827991984,0.825,[*]c1ccc(OCC(COc2ccc(C([*])(C)C)cc2)OC(=O)c2ccccc2)cc1,IN_DOMAIN,0.5888802278325597,moderate,0.8527600768424696,0.8541388021997384,55.53775941012824,True,40.55082937954714,True,30.03230692268809,False
[*]c1ccc(OCC(O)CN(CC(O)COc2ccc(C([*])(C)C)cc2)c2ccc(/C=C/c3ccc([N+](=O)[O-])cc3)cc2)cc1,polyether,593.15,387.74015198988445,205.40984801011552,388.72524865872873,386.7550553210401,0.9850966688443066,0.509434,[*]c1ccc(OCC(O)COc2ccc(C([*])(C)C)cc2)cc1,IN_DOMAIN,0.5488462537830242,moderate,0.8405990939469429,0.8625121556985804,42.440830678930176,False,30.988122348948995,False,22.950080567546696,False
[*]c1ccc(OCC(O)CN(CC(O)COc2ccc(C([*])(C)C)cc2)c2ccc(/N=N/c3ccc([N+](=O)[O-])cc3)cc2)cc1,polyether,332.15,381.75945340729663,49.609453407296655,387.6562900396812,375.86261677491206,5.896836632384577,0.5538462,[*]CC(O)CN(CC(O)CN([*])c1ccc(/N=N/c2ccc([N+](=O)[O-])cc2)cc1)c1ccccc1,IN_DOMAIN,0.5400430357020878,moderate,0.842506407823553,0.8453210658261895,69.32975623324472,True,50.62103955578733,True,37.490394646569804,False
[*]c1ccc(OCC(O)CN(CC(O)COc2ccc(C([*])(C)C)cc2)c2ccc(C#N)cc2)cc1,nitrile,373.15,376.2564459884866,3.1064459884865983,377.5628151269834,374.95007684998967,1.3063691384968763,0.6136364,[*]c1ccc(OCC(O)COc2ccc(C([*])(C)C)cc2)cc1,IN_DOMAIN,0.5631690412523629,moderate,0.8516843203525745,0.8613877020547964,44.1996109855554,True,32.272293710695735,True,23.901149363608273,True
[*]c1ccc(OCC(O)CN(CCO)CC(O)COc2ccc(C([*])(C)C)cc2)cc1,polyether,360.25,358.169888053391,2.0801119466090086,360.0666293174595,356.2731467893224,1.8967412640685382,0.6923077,[*]c1ccc(OCC(O)COc2ccc(C([*])(C)C)cc2)cc1,IN_DOMAIN,0.5732058494265776,moderate,0.8533332443880725,0.8593213996152956,47.43155572442079,True,34.63209434114671,True,25.648838816436136,True
[*]c1ccc(OCC(O)CN(CCO)S(=O)(=O)c2ccc(-c3ccc(S(=O)(=O)N(CCO)CC(O)COc4ccc(C([*])(C)C)cc4)cc3)cc2)cc1,polysulfone,349.15,384.4108908526806,35.26089085268063,398.56443774603065,370.25734395933057,14.15354689335004,0.6037736,[*]c1ccc(OCC(O)COc2ccc(S(=O)(=O)c3ccc(OCC(O)COc4ccc(C([*])(C)C)cc4)cc3)cc2)cc1,IN_DOMAIN,0.521767214581164,moderate,0.8328840205135957,0.8164225799128103,114.53045276413818,True,83.62427469398203,True,61.93288576888028,True
[*]c1ccc(OCC(O)CN(Cc2ccccc2)CC(O)COc2ccc(C([*])(C)C)cc2)cc1,polyether,367.4,360.65648573689094,6.743514263109034,361.0785666507928,360.23440482298906,0.42208091390187974,0.6923077,[*]c1ccc(OCC(O)COc2ccc(C([*])(C)C)cc2)cc1,IN_DOMAIN,0.5777594056315764,moderate,0.8545917674561526,0.8644827108408789,39.358646191777204,True,28.737668989247307,True,21.28337468143122,True
[*]c1ccc(OCC(O)CN2CCN(CC(O)COc3ccc(C([*])(C)C)cc3)CC2)cc1,polyether,373.15,362.94329010014604,10.206709899853934,356.5730680079361,369.313512192356,6.370222092209929,0.7297297,[*]c1ccc(OCC(O)COc2ccc(C([*])(C)C)cc2)cc1,IN_DOMAIN,0.564982765317136,moderate,0.8489697995145997,0.8436642167168008,71.92126687554759,True,52.51322798771998,True,38.89176632287942,True
[*]c1ccc(OCC(O)COC(=O)/C=C/C(=O)Oc2ccc(C([*])(C)C)cc2)cc1,polyester,305.15,352.65395343441514,47.503953434415166,349.99955353174545,355.30835333708484,2.654399902669695,0.68292683,[*]c1ccc(OCC(O)COc2ccc(C([*])(C)C)cc2)cc1,IN_DOMAIN,0.569433295118039,moderate,0.8524843827409342,0.8566695943801915,51.579297029977546,True,37.66056275216185,False,27.891749608074495,False
[*]c1ccc(OCC(O)COC(=O)C2CCC(C(=O)OCC(O)COc3ccc(C([*])(C)C)cc3)CC2)cc1,polyester,343.15,357.1363350679973,13.986335067997345,374.02708664285643,340.2455834931382,16.89075157485911,0.68292683,[*]c1ccc(OCC(O)COc2ccc(C([*])(C)C)cc2)cc1,IN_DOMAIN,0.525326217194227,moderate,0.8289352471023194,0.8068423635275287,129.51505973729908,True,94.56526776143745,True,70.03588309022615,True
[*]c1ccc(OCC(O)COC(=O)CCCCCCC(=O)OCC(O)COc2ccc(C([*])(C)C)cc2)cc1,polyester,308.15,306.55659371978834,1.5934062802116387,303.27343883005756,309.8397486095191,3.283154889730781,1.0,[*]c1ccc(OCC(O)COC(=O)CCCCCCCCC(=O)OCC(O)COc2ccc(C([*])(C)C)cc2)cc1,IN_DOMAIN,0.6156034660151379,moderate,0.8529780529110093,0.8544689519254778,55.021365658302024,True,40.1737850921042,True,29.753064551146267,True
[*]c1ccc(OCC(O)COC(=O)CCCCCCCCCCC(=O)OCC(O)COc2ccc(C([*])(C)C)cc2)cc1,polyester,298.15,306.55659371978834,8.406593719788361,303.27343883005756,309.8397486095191,3.283154889730781,1.0,[*]c1ccc(OCC(O)COC(=O)CCCCCCCCC(=O)OCC(O)COc2ccc(C([*])(C)C)cc2)cc1,IN_DOMAIN,0.6156034660151379,moderate,0.8529780529110093,0.8544689519254778,55.021365658302024,True,40.1737850921042,True,29.753064551146267,True
[*]c1ccc(OCC(O)COC(=O)c2cccc(C(=O)OCC(O)COc3ccc(C([*])(C)C)cc3)c2)cc1,polyester,370.15,349.91677346962933,20.233226530370644,342.9095797619039,356.92396717735477,7.007193707725435,0.6976744,[*]c1ccc(OCC(O)COc2cccc(OCC(O)COc3ccc(C([*])(C)C)cc3)c2)cc1,IN_DOMAIN,0.5581108008423996,moderate,0.8478114183742941,0.8414348160624965,75.40831677577536,True,55.05929335016808,True,40.77740510216499,True
[*]c1ccc(OCC(O)COc2ccc(C(=O)c3ccc(OCC(O)COc4ccc(C([*])(C)C)cc4)cc3)cc2)cc1,polyether,393.15,370.7382852582348,22.411714741765195,374.2999349047609,367.1766356117087,3.5616496465260923,0.8,[*]c1ccc(OCC(O)COc2ccc(C([*])(C)C)cc2)cc1,IN_DOMAIN,0.5844831110560839,moderate,0.8525130081176909,0.8534942202766942,56.54596281497612,True,41.286967903752874,True,30.577497697693843,True
[*]c1ccc(OCC(O)COc2ccc(C(C)(C)C3CCC([*])(C)CC3)cc2)cc1,polyether,408.15,390.8489480055098,17.301051994490194,402.1319767222212,379.5659192887984,11.283028716711414,0.4888889,[*]c1ccc(OCC(O)COc2ccc(C([*])(C)C)cc2)cc1,IN_DOMAIN,0.5138446013259502,moderate,0.8227073936510995,0.8264693935310455,98.8160317795408,True,72.15040878882323,True,53.43523805794845,True
[*]c1ccc(OCC(O)COc2ccc(C([*])(C)c3ccccc3)cc2)cc1,polyether,388.15,369.8913175552346,18.258682444765384,377.32164503968124,362.46099007078794,7.43032748444665,0.78125,[*]c1ccc(OCC(O)COc2ccc(C([*])(C)C)cc2)cc1,IN_DOMAIN,0.569549040980806,moderate,0.8478874442143264,0.8399538478439722,77.72472861887546,True,56.75061871906988,True,42.03001579748672,True
[*]c1ccc(OCC(O)COc2ccc(C3(c4ccc(OCC(O)COc5ccc(C([*])(C)C)cc5)cc4)c4ccccc4-c4ccccc43)cc2)cc1,polyether,434.15,418.1937124825871,15.956287517412875,425.4975400793637,410.8898848858105,7.303827596776614,0.7,[*]c1ccc(OCC(O)COc2ccc(C([*])(C)C)cc2)cc1,IN_DOMAIN,0.5575383051428997,moderate,0.8474486319898583,0.8403965974508173,77.03221515370068,True,56.24498083112476,True,41.655535855279496,True
[*]c1ccc(OCC(O)COc2ccc(NC(=O)CCCC(=O)Nc3ccc(OCC(O)COc4ccc(C([*])(C)C)cc4)cc3)cc2)cc1,polyamide,378.15,414.48048494552114,36.330484945521164,422.1422965886425,406.81867330239976,7.661811643121382,0.6666667,[*]c1ccc(OCC(O)COc2ccc(C([*])(C)C)cc2)cc1,IN_DOMAIN,0.5513643028227906,moderate,0.8464034058169264,0.8391436532886106,78.9919700355244,True,57.67589354137133,True,42.71528260648591,True
[*]c1ccc(OCC(O)COc2ccc(NC(=O)CCCCC(=O)Nc3ccc(OCC(O)COc4ccc(C([*])(C)C)cc4)cc3)cc2)cc1,polyamide,385.15,412.75869484772085,27.60869484772087,420.2840489695948,405.2333407258469,7.5253541218739315,0.6875,[*]c1ccc(OCC(O)COC(=O)CCCCC(=O)OCC(O)COc2ccc(C([*])(C)C)cc2)cc1,IN_DOMAIN,0.5549473616557344,moderate,0.846971377709692,0.8396212546129768,78.24494430586743,True,57.130453587956005,True,42.31132489860416,True
[*]c1ccc(OCC(O)COc2ccc(NC(=O)CCCCCC(=O)Nc3ccc(OCC(O)COc4ccc(C([*])(C)C)cc4)cc3)cc2)cc1,polyamide,389.15,403.91301088212185,14.763010882121876,413.5446723432216,394.2813494210222,9.631661461099696,0.6938776,[*]c1ccc(OCC(O)COC(=O)CCCCCCCCC(=O)OCC(O)COc2ccc(C([*])(C)C)cc2)cc1,IN_DOMAIN,0.5493455320329664,moderate,0.8439707307028081,0.8322491789256866,89.77575449927306,True,65.54966101956627,True,48.546665223343034,True
[*]c1ccc(OCC(O)COc2ccc(NC(=O)c3ccc(OCC(O)COc4ccc(C([*])(C)C)cc4)cc3)cc2)cc1,polyamide,400.15,451.36267945660325,51.21267945660327,459.6787079019142,443.0466510112923,8.316028445310963,0.68292683,[*]c1ccc(OCC(O)COc2ccc(C([*])(C)C)cc2)cc1,IN_DOMAIN,0.5517854482963456,moderate,0.8457895070647906,0.836853894480947,82.57342732378403,True,60.29089034658753,True,44.65197262880423,False
[*]c1ccc(OCC(O)COc2ccc(NC(=O)c3ccccc3OCC(O)COc3ccc(C([*])(C)C)cc3)cc2)cc1,polyamide,394.15,464.30785628124283,70.15785628124286,462.4338301805232,466.1818823819625,1.8740261007196466,0.62222224,[*]c1ccc(OCC(O)COc2ccc(C([*])(C)C)cc2)cc1,IN_DOMAIN,0.5626978743306228,moderate,0.8515606757848085,0.8594009026870167,47.30720338883782,False,34.54129863032346,False,25.581594700929024,False
[*]c1ccc(OCC(O)COc2ccc(Oc3ccc(OCC(O)COc4ccc(C([*])(C)C)cc4)cc3)cc2)cc1,polyether,358.15,384.2355605200562,26.08556052005622,386.7034726746022,381.7676483655102,2.4679121545460134,0.9032258,[*]c1ccc(OCC(O)COc2ccc(C([*])(C)C)cc2)cc1,IN_DOMAIN,0.6036224498503562,moderate,0.8537370924818536,0.8573223014986244,50.55838484543366,True,36.91514492748471,True,27.33968650014611,True
[*]c1ccc(OCC(O)COc2ccc3c(c2)C(C)(C)CC3([*])C)cc1,polyether,393.15,394.4253150479999,1.275315047999925,399.7854517460305,389.0651783499693,5.360136698030601,0.5208333,[*]c1ccc(OCC(O)COc2cccc(OCC(O)COc3ccc(C([*])(C)C)cc3)c2)cc1,IN_DOMAIN,0.5369054726953141,moderate,0.8384440366755234,0.8471995155964284,66.39163559026024,True,48.47577424160071,True,35.90159196775838,True
[*]c1ccc(OCC(O)COc2cccc(C(=O)Nc3cccc(OCC(O)COc4ccc(C([*])(C)C)cc4)c3)c2)cc1,polyamide,390.15,455.3512203539716,65.20122035397162,457.0462573290032,453.65618337894,1.6950369750315986,0.65957445,[*]c1ccc(OCC(O)COc2cccc(OCC(O)COc3ccc(C([*])(C)C)cc3)c2)cc1,IN_DOMAIN,0.5688709312269028,moderate,0.8529009640289361,0.8600273646269249,46.32734180997101,False,33.82585385685362,False,25.051729902801945,False
[*]c1ccc(OCC(O)COc2cccc(NC(=O)C(=O)Nc3cccc(OCC(O)COc4ccc(C([*])(C)C)cc4)c3)c2)cc1,polyamide,392.15,426.481930144996,34.33193014499602,437.78118631349076,415.1826739765013,11.299256168494736,0.7209302,[*]c1ccc(OCC(O)COc2cccc(OCC(O)COc3ccc(C([*])(C)C)cc3)c2)cc1,IN_DOMAIN,0.5482770075811778,moderate,0.8414881267538007,0.8264125974498039,98.90486765973334,True,72.21527220172881,True,53.48327648168082,True
[*]c1ccc(OCC(O)COc2cccc(NC(=O)CCCC(=O)Nc3cccc(OCC(O)COc4ccc(C([*])(C)C)cc4)c3)c2)cc1,polyamide,384.15,413.93786118139747,29.78786118139749,420.08352419471777,407.7921981680771,6.1456630133203305,0.65957445,[*]c1ccc(OCC(O)COc2cccc(OCC(O)COc3ccc(C([*])(C)C)cc3)c2)cc1,IN_DOMAIN,0.5550255853759769,moderate,0.8482197536920414,0.8444501734929143,70.69193625144514,True,51.61563368578026,True,38.226999954833055,True
[*]c1ccc(OCC(O)COc2cccc(NC(=O)CCCCC(=O)Nc3cccc(OCC(O)COc4ccc(C([*])(C)C)cc4)c3)c2)cc1,polyamide,376.15,412.50959727407337,36.359597274073394,418.8123289566224,406.20686559152426,6.30273168254908,0.65957445,[*]c1ccc(OCC(O)COc2cccc(OCC(O)COc3ccc(C([*])(C)C)cc3)c2)cc1,IN_DOMAIN,0.5545352992347036,moderate,0.8480250021699086,0.8439004331506138,71.55179605370613,True,52.243459303921014,True,38.69197322286291,True
[*]c1ccc(OCC(O)COc2cccc(NC(=O)CCCCCC(=O)Nc3cccc(OCC(O)COc4ccc(C([*])(C)C)cc4)c3)c2)cc1,polyamide,380.15,402.1782895718154,22.028289571815435,411.09377437426076,393.26280476937,8.915484802445377,0.6458333,[*]c1ccc(OCC(O)COc2cccc(OCC(O)COc3ccc(C([*])(C)C)cc3)c2)cc1,IN_DOMAIN,0.5443075917585534,moderate,0.8440798432641644,0.8347557972309767,85.85510295801892,True,62.68700193150335,True,46.426554299271764,True
[*]c1ccc(OCC(O)COc2cccc(NC(=O)CCCCCCC(=O)Nc3cccc(OCC(O)COc4ccc(C([*])(C)C)cc4)c3)c2)cc1,polyamide,365.15,402.1782895718154,37.028289571815435,411.09377437426076,393.26280476937,8.915484802445377,0.6458333,[*]c1ccc(OCC(O)COc2cccc(OCC(O)COc3ccc(C([*])(C)C)cc3)c2)cc1,IN_DOMAIN,0.5443075917585534,moderate,0.8440798432641644,0.8347557972309767,85.85510295801892,True,62.68700193150335,True,46.426554299271764,True
[*]c1ccc(OCC(O)COc2cccc(NC(=O)CCCCCCCCCCC(=O)Nc3cccc(OCC(O)COc4ccc(C([*])(C)C)cc4)c3)c2)cc1,polyamide,363.15,402.1782895718154,39.028289571815435,411.09377437426076,393.26280476937,8.915484802445377,0.6458333,[*]c1ccc(OCC(O)COc2cccc(OCC(O)COc3ccc(C([*])(C)C)cc3)c2)cc1,IN_DOMAIN,0.5443075917585534,moderate,0.8440798432641644,0.8347557972309767,85.85510295801892,True,62.68700193150335,True,46.426554299271764,True
[*]c1ccc(OCC(O)COc2cccc(NC(=O)Cc3cccc(CC(=O)Nc4cccc(OCC(O)COc5ccc(C([*])(C)C)cc5)c4)c3)c2)cc1,polyamide,392.15,436.7803836826905,44.630383682690535,442.37816025332876,431.1826071120522,5.597776570638274,0.63265306,[*]c1ccc(OCC(O)COc2cccc(OCC(O)COc3ccc(C([*])(C)C)cc3)c2)cc1,IN_DOMAIN,0.5526805739174935,moderate,0.8480992733051816,0.8463677760423015,67.69257596795052,True,49.425654320469384,True,36.6050816498392,False
[*]c1ccc(OCC(O)COc2cccc(NC(=O)c3cccc(C(=O)Nc4cccc(OCC(O)COc5ccc(C([*])(C)C)cc5)c4)c3)c2)cc1,polyamide,406.15,453.55540380635256,47.40540380635258,453.4546242337651,453.65618337894,0.10077957258744163,0.65957445,[*]c1ccc(OCC(O)COc2cccc(OCC(O)COc3ccc(C([*])(C)C)cc3)c2)cc1,IN_DOMAIN,0.573788838166332,moderate,0.8542352338441855,0.8656072655354795,37.5997078295602,False,27.453382223397075,False,20.332220416058426,False
[*]c1ccc(OCC2(COc3ccc(C([*])(C(F)(F)F)C(F)(F)F)cc3)COC2)cc1,fluoropolymer,407.15,377.69715324465096,29.452846755349015,370.5998082777767,384.7944982115252,7.09734496687426,0.61538464,[*]c1ccc(OCOc2ccc(C([*])(C(F)(F)F)C(F)(F)F)cc2)cc1,IN_DOMAIN,0.5454122600503999,moderate,0.8455288822251835,0.8411192866554756,75.90184259633475,True,55.41964064462978,True,41.04428153136799,True
[*]c1ccc(OCC2CCC(COc3ccc(-n4c(=O)c5cc6c(=O)n([*])c(=O)c6cc5c4=O)cc3)CC2)cc1,polyether,579.85,529.1321168191892,50.71788318081087,518.8035399062042,539.4606937321741,10.328576912985,0.6666667,[*]c1cccc(Oc2ccc(-n3c(=O)c4cc5c(=O)n([*])c(=O)c5cc4c3=O)cc2)c1,IN_DOMAIN,0.5430499967159426,moderate,0.8423646149700349,0.829809974844088,93.59096211256221,True,68.3353303482757,True,50.6097568430453,False
[*]c1ccc(OCCCCCCCCCCCCCCCC)c(N2C(=O)CC(C3C=C(C)C4C(=O)N([*])C(=O)C4C3)C2=O)c1,polyamide,459.15,414.25736080538354,44.892639194616436,410.42568639141786,418.0890352193492,3.831674413965686,0.33870968,[*]CC([*])c1ccccc1OCCCCCCCC,IN_DOMAIN,0.5164347671897757,moderate,0.7268537878968868,0.7746459224738648,58.024191695861546,True,42.36629497364853,False,31.3768569790954,False
[*]c1ccc(OCCCCCCCCCCCCOc2ccc(C(C)(C)c3ccc(OCOc4ccc(C([*])(C)C)cc4)cc3)cc2)cc1,polyether,310.15,335.2118068038849,25.061806803884906,336.8252976739923,333.59831593377754,1.6134908701073698,0.7222222,[*]c1ccc(OCCCCCCCCOc2ccc(C([*])(C)C)cc2)cc1,IN_DOMAIN,0.5786360511321238,moderate,0.8539363320557928,0.8603127759941597,45.88092421440851,True,33.49990257718458,True,24.81032746979028,False
[*]c1ccc(OCCCCCCCCCCCCOc2ccc(N(c3ccccc3)c3ccc(-c4ccc(N([*])c5ccccc5)cc4)cc3)cc2)cc1,polyether,315.65,385.3854372052907,69.73543720529074,369.1375322402586,401.63334217032286,16.24790496503212,0.78571427,[*]c1ccc(Oc2ccc(N(c3ccc(OCCCCCC)cc3)c3ccc(-c4ccc(N([*])c5ccc(OCCCCCC)cc5)cc4)cc3)cc2)cc1,IN_DOMAIN,0.5429584940256005,moderate,0.8314364258340156,0.8090923266619231,125.99584765302937,True,91.99571921833154,True,68.13285245731325,False
[*]c1ccc(OCCCCCCCCCCOc2ccc(N(c3ccccc3)c3ccc(-c4ccc(N([*])c5ccccc5)cc4)cc3)cc2)cc1,polyether,363.15,385.3854372052907,22.235437205290737,369.1375322402586,401.63334217032286,16.24790496503212,0.78571427,[*]c1ccc(Oc2ccc(N(c3ccc(OCCCCCC)cc3)c3ccc(-c4ccc(N([*])c5ccc(OCCCCCC)cc5)cc4)cc3)cc2)cc1,IN_DOMAIN,0.5429584940256005,moderate,0.8314364258340156,0.8090923266619231,125.99584765302937,True,91.99571921833154,True,68.13285245731325,True
[*]c1ccc(OCCCCCCN(CC)c2ccc(C(C#N)=C(C#N)C#N)cc2)c(-c2cc(-c3ccccc3)c3cc(Oc4ccc5nc([*])cc(-c6ccccc6)c5c4)ccc3n2)c1,nitrile,448.15,394.97916184535495,53.170838154645025,395.3624498412686,394.5958738494414,0.3832879959136051,0.51111114,[*]CCOc1ccc(-c2cc(-c3ccccc3)c3cc(Oc4ccc5nc(-c6ccc(OCCN([*])c7ccc(C(C#N)=C(C#N)C#N)cc7)cc6)cc(-c6ccccc6)c5c4)ccc3n2)cc1,IN_DOMAIN,0.5509430723375708,moderate,0.8414401519878759,0.8646184860538378,39.14627748098139,False,28.58260822611063,False,21.168535293397994,False
[*]c1ccc(OCCCCCCOc2ccc(-c3ccc(OCC)cc3)cc2)c(N2C(=O)c3ccc(C(c4ccc5c(c4)C(=O)N([*])C5=O)(C(F)(F)F)C(F)(F)F)cc3C2=O)c1,fluoropolymer,423.45,438.2743450926066,14.82434509260662,433.5196076351738,443.0290825500394,4.754737457432782,0.6197183,[*]c1cc(OCCCCCCCC)cc(N2C(=O)c3ccc(C(c4ccc5c(c4)C(=O)N([*])C5=O)(C(F)(F)F)C(F)(F)F)cc3C2=O)c1,IN_DOMAIN,0.5533705326945478,moderate,0.8485653655028832,0.8493184129385208,63.07742611827912,True,46.055908113514235,True,34.10941747015945,True
[*]c1ccc(OCCCCCCOc2ccc(/N=N/c3ccc(OCC)cc3)cc2)c(N2C(=O)c3ccc(C(c4ccc5c(c4)C(=O)N([*])C5=O)(C(F)(F)F)C(F)(F)F)cc3C2=O)c1,fluoropolymer,471.15,437.90287570383316,33.24712429616682,435.89398368856484,439.91176771910153,2.0088920152683443,0.5945946,[*]c1cc(OCCCCCCCC)cc(N2C(=O)c3ccc(C(c4ccc5c(c4)C(=O)N([*])C5=O)(C(F)(F)F)C(F)(F)F)cc3C2=O)c1,IN_DOMAIN,0.5581578045562252,moderate,0.8500363211650331,0.8589288719860962,48.04551599557864,True,35.08037670734174,True,25.980840746250877,False
[*]c1ccc(OCCCCCCOc2ccc(N(c3ccccc3)c3ccc(-c4ccc(N([*])c5ccccc5)cc4)cc3)cc2)cc1,polyether,358.15,385.3854372052907,27.235437205290737,369.1375322402586,401.63334217032286,16.24790496503212,0.78571427,[*]c1ccc(Oc2ccc(N(c3ccc(OCCCCCC)cc3)c3ccc(-c4ccc(N([*])c5ccc(OCCCCCC)cc5)cc4)cc3)cc2)cc1,IN_DOMAIN,0.5429584940256005,moderate,0.8314364258340156,0.8090923266619231,125.99584765302937,True,91.99571921833154,True,68.13285245731325,True
[*]c1ccc(OCCCCOc2ccc(C(C)(C)c3ccc(Oc4ccc(S(=O)(=O)c5ccc(Oc6ccc(C([*])(C)C)cc6)cc5)cc4)cc3)cc2)cc1,polysulfone,413.15,363.65977452700565,49.490225472994325,356.4008681349199,370.9186809190914,7.258906392085748,0.6744186,[*]c1ccc(Oc2ccc(S(=O)(=O)c3ccc(Oc4ccc(C([*])(C)C)cc4)cc3)cc2)cc1,IN_DOMAIN,0.5537955345753844,moderate,0.8471054072333747,0.8405538216672354,76.78629763003107,True,56.065424441927895,True,41.522554787498684,False
[*]c1ccc(OCCN(C)c2ccc(/C=C/C3=C/C(=C(/C#N)C(=O)OC)CC(C)(C)C3)cc2)c(N2C(=O)c3ccc(Oc4ccc5c(c4)C(=O)N(c4cc(C([*])(C(F)(F)F)C(F)(F)F)ccc4OCCN(c4ccccc4)c4ccc(/C=C/C6=C/C(=C(/C#N)C(=O)OC)CC(C)(C)C6)cc4)C5=O)cc3C2=O)c1,fluoropolymer,480.15,504.1617271949972,24.011727194997206,495.3466180735915,512.9768363164029,8.815109121405698,0.8137255,[*]c1ccc(OCCN(c2ccccc2)c2ccc(/C=C/C3=CC(=C(C#N)C#N)CC(C)(C)C3)cc2)c(N2C(=O)c3ccc(Oc4ccc5c(c4)C(=O)N(c4cc(C([*])(C(F)(F)F)C(F)(F)F)ccc4OCCN(c4ccccc4)c4ccc(/C=C/C6=CC(=C(C#N)C#N)CC(C)(C)C6)cc4)C5=O)cc3C2=O)c1,IN_DOMAIN,0.5701969469577508,moderate,0.8460169844666042,0.8351071121146155,85.3056043618037,True,62.28578618106456,True,46.12941032604709,True
[*]c1ccc(OCCN(C)c2ccc(/C=C/C3=C/C(=C(/C#N)C(=O)OCCc4ccccc4)CC(C)(C)C3)cc2)c(N2C(=O)c3ccc(Oc4ccc5c(c4)C(=O)N(c4cc(C([*])(C(F)(F)F)C(F)(F)F)ccc4OCCN(c4ccccc4)c4ccc(/C=C/C6=C/C(=C(/C#N)C(=O)OCCc7ccccc7)CC(C)(C)C6)cc4)C5=O)cc3C2=O)c1,fluoropolymer,450.15,484.64337693348716,34.493376933487184,485.9934958730144,483.2932579939599,1.350118939527249,0.7757009,[*]c1ccc(OCCN(c2ccccc2)c2ccc(/C=C/C3=CC(=C(C#N)C#N)CC(C)(C)C3)cc2)c(N2C(=O)c3ccc(Oc4ccc5c(c4)C(=O)N(c4cc(C([*])(C(F)(F)F)C(F)(F)F)ccc4OCCN(c4ccccc4)c4ccc(/C=C/C6=CC(=C(C#N)C#N)CC(C)(C)C6)cc4)C5=O)cc3C2=O)c1,IN_DOMAIN,0.5876224098492921,moderate,0.8545085318015085,0.8612345777511902,44.43911575405985,True,32.44716783428957,False,24.03066270360559,False
[*]c1ccc(OCCN(C)c2ccc(/C=C/C3=C/C(=C(/C#N)C(=O)OCc4ccc(Oc5c(F)c(F)c(F)c(F)c5F)cc4)CC(C)(C)C3)cc2)c(N2C(=O)c3ccc(Oc4ccc5c(c4)C(=O)N(c4cc(C([*])(C(F)(F)F)C(F)(F)F)ccc4OCCN(c4ccccc4)c4ccc(/C=C/C6=C/C(=C(/C#N)C(=O)OCc7ccc(Oc8c(F)c(F)c(F)c(F)c8F)cc7)CC(C)(C)C6)cc4)C5=O)cc3C2=O)c1,fluoropolymer,435.15,484.93607221250744,49.78607221250746,491.1768643434331,478.69528008158176,6.2407921309256835,0.7280702,[*]c1ccc(OCCN(c2ccccc2)c2ccc(/C=C/C3=CC(=C(C#N)C#N)CC(C)(C)C3)cc2)c(N2C(=O)c3ccc(Oc4ccc5c(c4)C(=O)N(c4cc(C([*])(C(F)(F)F)C(F)(F)F)ccc4OCCN(c4ccccc4)c4ccc(/C=C/C6=CC(=C(C#N)C#N)CC(C)(C)C6)cc4)C5=O)cc3C2=O)c1,IN_DOMAIN,0.5651335585877745,moderate,0.8491172533369634,0.8441172215812957,71.21271295793314,True,51.9958781823882,True,38.50861242990496,False
[*]c1ccc(OCCN(CC)c2ccc(-c3ccc(C(=C(C#N)C#N)c4ccc(-c5ccc(N(CC)CC)cc5)s4)s3)cc2)c(-c2cc(-c3ccccc3)c3cc(Oc4ccc5nc([*])cc(-c6ccccc6)c5c4)ccc3n2)c1,nitrile,478.15,464.2823513753774,13.867648624622575,433.26466023809365,495.30004251266115,31.017691137283748,0.41,[*]CCOc1ccc(-c2cc(-c3ccccc3)c3cc(Oc4ccc5nc(-c6ccc(OCCN([*])c7ccc(C(C#N)=C(C#N)C#N)cc7)cc6)cc(-c6ccccc6)c5c4)ccc3n2)cc1,IN_DOMAIN,0.44540485920501177,low,0.7180737456673172,0.7293980779200654,206.8518546458276,True,151.03263714049191,True,111.85612189313228,True
[*]c1ccc(OCCN(CC)c2ccc(-c3ccc(C(=C(C#N)C#N)c4ccc(N(CC)CC)cc4)s3)cc2)c(-c2cc(-c3ccccc3)c3cc(Oc4ccc5nc([*])cc(-c6ccccc6)c5c4)ccc3n2)c1,nitrile,488.15,467.0061406513083,21.14385934869165,434.46859039682374,499.5436909057929,32.537550254484586,0.43,[*]CCOc1ccc(-c2cc(-c3ccccc3)c3cc(Oc4ccc5nc(-c6ccc(OCCN([*])c7ccc(C(C#N)=C(C#N)C#N)cc7)cc6)cc(-c6ccccc6)c5c4)ccc3n2)cc1,IN_DOMAIN,0.44423668915609027,low,0.7224166863680829,0.7380785695793509,215.17220119487482,True,157.1077283374117,True,116.35538876882379,True
[*]c1ccc(OCCN(CC)c2ccc(/N=N/c3ccc([N+](=O)[O-])cc3)cc2)c(N2C(=O)c3ccc(C(c4ccc5c(c4)C(=O)N(c4cc(C([*])(C(F)(F)F)C(F)(F)F)ccc4OCCN(CC)c4ccc(/N=N/c6ccc([N+](=O)[O-])cc6)cc4)C5=O)(C(F)(F)F)C(F)(F)F)cc3C2=O)c1,fluoropolymer,472.15,489.4772699471479,17.327269947147897,470.7698387157276,508.1847011785681,18.70743123142026,0.5294118,[*]c1ccc(OC(C)=O)c(N2C(=O)c3ccc(C(c4ccc5c(c4)C(=O)N(c4cc(C([*])(C(F)(F)F)C(F)(F)F)ccc4OC(C)=O)C5=O)(C(F)(F)F)C(F)(F)F)cc3C2=O)c1,IN_DOMAIN,0.4969968853394476,low,0.8142298586581583,0.8004839847295646,139.46032646638332,True,101.82679250691784,True,75.41383326337244,True
[*]c1ccc(OCCN(CC)c2ccc(C(C#N)=C(C#N)C#N)cc2)c(-c2cc(-c3ccccc3)c3cc(Oc4ccc5nc([*])cc(-c6ccccc6)c5c4)ccc3n2)c1,nitrile,473.15,446.8395604415776,26.310439558422388,432.1574045238077,461.52171635934747,14.682155917769876,0.52873564,[*]CCOc1ccc(-c2cc(-c3ccccc3)c3cc(Oc4ccc5nc(-c6ccc(OCCN([*])c7ccc(C(C#N)=C(C#N)C#N)cc7)cc6)cc(-c6ccccc6)c5c4)ccc3n2)cc1,IN_DOMAIN,0.5090955781836084,moderate,0.8243907233278166,0.814572448327341,117.42428037115157,True,85.73719950031521,True,63.49773677832387,True
[*]c1ccc(OCCOC(=O)C2CCC(C(=O)OCCOc3ccc(C([*])(C)C)cc3)CC2)cc1,polyester,330.15,355.2381423701911,25.08814237019112,374.1674024603165,336.30888228006563,18.92926009012544,0.5609756,[*]c1ccc(OCCCCCCCCOc2ccc(C([*])(C)C)cc2)cc1,IN_DOMAIN,0.500948542739029,moderate,0.8176012801898159,0.7997075837240964,140.67471071958042,True,102.7134737338098,True,76.07051731043256,True
[*]c1ccc(OCCOC(=O)Nc2ccc(Cc3ccc(NC(=O)OCCOc4ccc(C([*])(C)C)cc4)cc3)cc2)cc1,polyamide,400.15,369.7065394990905,30.443460500909453,366.02170071428503,373.391378283896,3.6848387848054927,0.5925926,[*]Nc1ccc(Cc2ccc(NC(=O)OCCOc3ccc(OCCOC([*])=O)cc3)cc2)cc1,IN_DOMAIN,0.5526573296262275,moderate,0.848288409363213,0.8530630582927162,57.22035184877738,True,41.77937225955635,True,30.942176767637037,True
[*]c1ccc(OCCOC(=O)c2ccc(C(=O)OCCOc3ccc(C([*])(C)C)cc3)cc2)cc1,polyester,356.15,348.58146152009823,7.568538479901747,346.9026060317448,350.26031700845164,1.6788554883534061,0.71428573,[*]c1ccc(OC(=O)c2ccc(OCCCCCCCCCCOc3ccc(C(=O)Oc4ccc(C([*])(C)C)cc4)cc3)cc2)cc1,IN_DOMAIN,0.5772240967859508,moderate,0.8538001840868849,0.8600839998302986,46.23875756205117,True,33.76117417295449,True,25.00382755041502,True
[*]c1ccc(OCOc2ccc(-c3oc(-c4ccc([N+](=O)[O-])cc4)nc3[*])cc2)cc1,polyether,467.15,398.52004449633773,68.62995550366225,394.86111327200484,402.1789757206706,3.658931224332889,0.3846154,[*]c1ccc(Oc2ccc(-c3cnc(-c4ccc(Oc5ccc(S([*])(=O)=O)cc5)c(C(F)(F)F)c4)o3)cc2C(F)(F)F)cc1,IN_DOMAIN,0.5230946086589985,moderate,0.7758207564771538,0.8073845201242434,57.07852299179131,False,41.67581608729042,False,30.865482140256677,False
[*]c1ccc(OCc2cc(OCCN(C)c3ccc(/C=C/C4=CC(=C(C#N)C#N)CC(C)(C)C4)cc3)cc(OCCN(C)c3ccc(/C=C/C4=CC(=C(C#N)C#N)CC(C)(C)C4)cc3)c2)c(N2C(=O)c3ccc(Oc4ccc5c(c4)C(=O)N(c4cc(C([*])(C(F)(F)F)C(F)(F)F)ccc4OCc4cc(OCCN(C)c6ccc(/C=C/C7=CC(=C(C#N)C#N)CC(C)(C)C7)cc6)cc(OCCN(C)c6ccc(/C=C/C7=CC(=C(C#N)C#N)CC(C)(C)C7)cc6)c4)C5=O)cc3C2=O)c1,fluoropolymer,451.15,496.2780181099888,45.12801810998883,489.65121331168723,502.9048229082904,6.626804798301578,0.8947368,[*]c1ccc(OCCN(C)c2ccc(/C=C/C3=CC(=C(C#N)C#N)CC(C)(C)C3)cc2)c(N2C(=O)c3ccc(Oc4ccc5c(c4)C(=O)N(c4cc(C([*])(C(F)(F)F)C(F)(F)F)ccc4OCCN(C)c4ccc(/C=C/C6=CC(=C(C#N)C#N)CC(C)(C)C6)cc4)C5=O)cc3C2=O)c1,IN_DOMAIN,0.5893817981617715,moderate,0.8491530686792671,0.84276617724548,73.32590827224931,True,53.53882524303009,True,39.65133282304267,False
[*]c1ccc(OP(=O)(Oc2ccc(C([*])(C)C)cc2)OC2CCCCC2)cc1,aromatic_hc,359.15,385.72909185608216,26.579091856082186,392.79169202380854,378.6664916883558,7.062600167726373,0.65789473,[*]c1ccc(OP(=O)(Oc2ccccc2)Oc2ccc(C([*])(C)C)cc2)cc1,IN_DOMAIN,0.5519093390226831,moderate,0.8470106784092882,0.8412408934524932,75.71163498668479,True,55.28076078329709,True,40.94142586393182,True
[*]c1ccc(OS(=O)(=O)c2ccc(C)c(S(=O)(=O)Oc3ccc(C4([*])CCCCC4)cc3C)c2)c(C)c1,polysulfone,414.15,447.2402973678656,33.09029736786562,447.02725674603073,447.45333798970046,0.21304062183486394,0.6181818,[*]c1ccc(Oc2ccc(S(=O)(=O)c3ccc(Oc4ccc(C5([*])CCCCC5)cc4C)cc3)cc2)c(C)c1,IN_DOMAIN,0.5672196409282027,moderate,0.8527948865713555,0.8652143518631136,38.21427191851239,True,27.902105466440837,False,20.664548863210516,False
[*]c1ccc(OS(=O)(=O)c2cccc(C(=O)c3cccc(S(=O)(=O)Oc4ccc(C([*])(C)C)cc4)c3)c2)cc1,polysulfone,395.15,431.14616521511834,35.99616521511837,431.54384383333223,430.7484865969044,0.3976786182139165,0.775,[*]c1ccc(OS(=O)(=O)c2cccc(S(=O)(=O)Oc3ccc(C([*])(C)C)cc3)c2)cc1,IN_DOMAIN,0.590453055714,moderate,0.855300950326881,0.8645681188757868,39.22505778583988,True,28.64012957257321,False,21.211136117055666,False
[*]c1ccc(O[Si](C)(C)Oc2ccc(C([*])(C)C)cc2)cc1,aromatic_hc,318.15,370.9091225472238,52.7591225472238,386.65199972222126,355.1662453722263,15.742877174997489,0.64285713,[*]c1ccc(Oc2ccc(Oc3ccc(Oc4ccc(C([*])(C)C)cc4)cc3)cc2)cc1,IN_DOMAIN,0.5227576125425348,moderate,0.8308729367759814,0.8108599239270443,123.23111361786003,True,89.97705193087282,True,66.63780940938169,True
[*]c1ccc(O[Si](C)(Oc2ccc(C([*])(C)C)cc2)c2ccccc2)cc1,aromatic_hc,331.15,374.8035618282483,43.653561828248314,381.5855863888879,368.02153726760866,6.782024560639627,0.58064514,[*]c1ccc(Oc2ccc(Oc3ccc(Oc4ccc(C([*])(C)C)cc4)cc3)cc2)cc1,IN_DOMAIN,0.5412284813499666,moderate,0.843878670673871,0.8422229080772968,74.1756463823788,True,54.15926051962636,True,40.11083273802592,False
[*]c1ccc(O[Si](Oc2ccc(C3([*])c4ccccc4-c4ccccc43)cc2C)(c2ccccc2)c2ccccc2)c(C)c1,aromatic_hc,444.15,454.6627682899973,10.512768289997325,433.38155303030214,475.94398354969246,21.28121525969516,0.5576923,[*]c1ccc(OC(=O)c2cccc(C(=O)Oc3ccc(C4([*])c5ccccc5-c5ccccc54)cc3C)c2)c(C)c1,IN_DOMAIN,0.4935088354395497,low,0.8098694967029707,0.7914757406306024,153.55030021150912,True,112.11457018051081,True,83.03305342170432,True
[*]c1ccc(Oc2c(F)c(F)c(-c3c(F)c(F)c(-n4nc([*])c5ccccc5c4=O)c(F)c3F)c(F)c2F)cc1F,polyether,526.15,574.5356860011049,48.38568600110489,564.5553159523805,584.5160560498292,9.980370048724353,0.30985916,[*]c1ccc2c(c1)C(=O)N(c1ccc(Oc3c(F)c(F)c(-c4c(F)c(F)c(Oc5ccc(N6C(=O)c7ccc(C([*])(C(F)(F)F)C(F)(F)F)cc7C6=O)cc5)c(F)c4F)c(F)c3F)cc1)C2=O,IN_DOMAIN,0.49350166592020156,low,0.6822772267841265,0.732930122800122,91.68473162802792,True,66.94349841343633,True,49.578953663641585,True
[*]c1ccc(Oc2c(F)c(F)c(C(=O)c3c(F)c(F)c(Oc4ccc(C([*])(C)c5ccccc5)cc4)c(F)c3F)c(F)c2F)cc1,polyether,448.15,455.17572325623706,7.025723256237086,455.53091866666574,454.8205278458084,0.35519541042867786,0.5365854,[*]c1ccc(OC(=O)Oc2ccc(C([*])(C)c3ccccc3)cc2)cc1,IN_DOMAIN,0.5547233798918151,moderate,0.8458320830409941,0.8647168101030351,38.99248688022899,True,28.47031820077426,True,21.0853722963186,True
[*]c1ccc(Oc2c(F)c(F)c(COC(c3cccc(C(OCc4c(F)c(F)c(Oc5ccc(C([*])(C)C)cc5)c(F)c4F)(C(F)(F)F)C(F)(F)F)c3)(C(F)(F)F)C(F)(F)F)c(F)c2F)cc1,fluoropolymer,371.15,371.4874022802378,0.3374022802378249,375.6593647936502,367.3154397668254,4.171962513412382,0.6101695,[*]Oc1ccc(C(c2ccc(Oc3c(F)c(F)c(COC(c4cccc(C(OCc5c(F)c(F)c([*])c(F)c5F)(C(F)(F)F)C(F)(F)F)c4)(C(F)(F)F)C(F)(F)F)c(F)c3F)cc2)(C(F)(F)F)C(F)(F)F)cc1,IN_DOMAIN,0.5537587669138828,moderate,0.8487631049370515,0.8513581252425921,59.88707153904573,True,43.7264744889529,True,32.38421809349415,True
[*]c1ccc(Oc2cc(Oc3ccc(C([*])(C)C)cc3)cc(C(=O)Oc3ccc(/N=N/c4ccc(C#N)cc4)cc3)c2)cc1,polyester,436.15,433.6578113637753,2.4921886362246823,428.4078197936495,438.90780293390117,5.249991570125843,0.54,[*]c1ccc(OC(=O)c2ccc(C(=O)Oc3ccc(C([*])(C)C)cc3)cc2)cc1,IN_DOMAIN,0.5400355308982262,moderate,0.8415635005323722,0.847585023544095,65.78865494259037,True,48.03550863451591,True,35.57552732144209,True
[*]c1ccc(Oc2cc3ccccc3cc2Oc2ccc(-n3c(=O)c4cc5c(=O)n([*])c(=O)c5cc4c3=O)cc2)cc1,polyether,589.15,612.5139755673381,23.363975567338116,614.4114547372627,610.6164963974135,1.8974791699246225,0.85,[*]c1ccc(Oc2ccccc2Oc2ccc(-n3c(=O)c4cc5c(=O)n([*])c(=O)c5cc4c3=O)cc2)cc1,IN_DOMAIN,0.5972918002704793,moderate,0.8542121053522832,0.8593188169447993,47.43559533070647,True,34.63504385490079,True,25.651023252702686,True
[*]c1ccc(Oc2ccc(-c3c(-c4ccccc4)c(-c4ccc(-c5nc6ccccc6c([*])c5-c5ccccc5)cc4)nc4ccccc34)cc2)cc1,polyether,546.15,570.4893528624957,24.33935286249573,563.4919130158721,577.4867927091194,6.997439846623649,0.75,[*]c1ccc2nc(-c3ccccc3)c(-c3ccc(Oc4ccc(-c5c(-c6ccccc6)nc6ccc([*])cc6c5-c5ccccc5)cc4)cc3)c(-c3ccccc3)c2c1,IN_DOMAIN,0.5661206096440838,moderate,0.8483109143133057,0.8414689545763527,75.35492004732886,True,55.02030579201561,True,40.748530567894875,True
[*]c1ccc(Oc2ccc(-c3c4ccccc4c(-c4ccc(Oc5ccc(-c6c7c(c([*])c8ccccc68)C(=O)N(c6ccccc6)C7=O)cc5)c(C(F)(F)F)c4)c4ccccc34)cc2C(F)(F)F)cc1,fluoropolymer,634.15,556.6098714340059,77.54012856599411,556.3719989682534,556.8477438997584,0.23787246575250265,0.62903225,[*]c1ccc(Oc2ccc(S(=O)(=O)c3ccc(Oc4ccc(-c5c6c(c([*])c7ccccc57)C(=O)N(c5ccccc5)C6=O)cc4)cc3)cc2)cc1,IN_DOMAIN,0.5687688891202626,moderate,0.8532128466631731,0.8651274404094017,38.350211851699825,False,28.001361847956755,False,20.738059027104352,False
[*]c1ccc(Oc2ccc(-c3cc(-c4ccc(Oc5ccc(-c6cc([*])nc7ccccc67)cc5)cc4)c4ccccc4n3)cc2)cc1,polyether,573.15,587.9756446918259,14.825644691825914,584.6028774206349,591.3484119630168,3.3727672711909804,0.5555556,[*]c1ccc(Oc2ccc(-c3cnc4cc5nc([*])cnc5cc4n3)cc2)cc1,IN_DOMAIN,0.5481585164914498,moderate,0.8454851576795794,0.8541553085903671,55.51194143627772,True,40.53197841646081,True,30.018345730824468,True
[*]c1ccc(Oc2ccc(-c3cc(-c4ccc(Oc5ccc(P([*])(=O)c6ccccc6)cc5)cc4)n[nH]3)cc2)cc1,polyether,569.15,504.2434901524599,64.90650984754006,498.62399839826725,509.8629819066525,5.619491754192637,0.6666667,[*]C(=O)c1ccc(Oc2ccc(-c3cc(-c4ccc(Oc5ccc([*])cc5)cc4)[nH]n3)cc2)cc1,IN_DOMAIN,0.5577396793734154,moderate,0.8490153703046854,0.8462917728998612,67.81145399454105,True,49.51245297105324,False,36.669365506783556,False
[*]c1ccc(Oc2ccc(-c3cc(-c4ccc(Oc5ccc(P([*])(=O)c6ccccc6)cc5)cc4)nn3-c3ccccc3)cc2)cc1,polyether,512.15,499.7210152177794,12.428984782220596,487.8693581673861,511.5726722681727,11.8516570503933,0.6875,[*]C(=O)c1ccc(Oc2ccc(-c3cc(-c4ccc(Oc5ccc([*])cc5)cc4)n(-c4ccccc4)n3)cc2)cc1,IN_DOMAIN,0.5414768400044653,moderate,0.8400767972030128,0.824479194363159,101.92894187778339,True,74.42329641713982,True,55.1185589640509,True
[*]c1ccc(Oc2ccc(-c3cc(-c4ccccc4)c4cc(-c5ccc6nc([*])cc(-c7ccccc7)c6c5)ccc4n3)cc2)cc1,polyether,578.15,599.6768854083195,21.526885408319572,604.3222918795099,595.0314789371291,4.64540647119037,0.5625,[*]c1ccc(Oc2ccc(-c3cnc4cc(-c5ccc6nc([*])cnc6c5)ccc4n3)cc2)cc1,IN_DOMAIN,0.5452172810145859,moderate,0.8448620929900766,0.8497010713903692,62.47890242368739,True,45.61889674545066,True,33.785762942368,True
[*]c1ccc(Oc2ccc(-c3cc(-c4ccccc4)c4cc(C5(c6ccc7nc([*])cc(-c8ccccc8)c7c6)c6ccccc6-c6ccccc65)ccc4n3)cc2)cc1,polyether,588.15,618.0389182150561,29.88891821505615,608.0715894985576,628.0062469315545,9.967328716498457,0.4642857,[*]c1ccc(Oc2ccc(-c3cnc4cc5nc([*])cnc5cc4n3)cc2)cc1,IN_DOMAIN,0.51444044969076,moderate,0.8169416923720537,0.8310743435317909,91.61333790320653,True,66.89137036965583,True,49.54034716818763,True
[*]c1ccc(Oc2ccc(-c3cc(-c4ccccc4)c4cc(Oc5ccc6nc([*])cc(-c7ccccc7)c6c5)ccc4n3)cc2)cc1,polyether,539.15,599.3874880395963,60.237488039596315,603.8477275937955,594.927248485397,4.4602395541992905,0.5625,[*]c1ccc(Oc2ccc(-c3cnc4cc(Oc5ccc6nc([*])cnc6c5)ccc4n3)cc2)cc1,IN_DOMAIN,0.5457942616084932,moderate,0.8450653049276168,0.850349155599838,61.46522102299158,True,44.878758469052364,False,33.23760991511489,False
[*]c1ccc(Oc2ccc(-c3cc(-c4ccccc4)c4cc5c(-c6ccccc6)cc([*])nc5cc4n3)cc2)cc1,polyether,653.65,616.9397408951559,36.71025910484411,622.2789040007217,611.6005777895899,5.339163105565888,0.5652174,[*]c1ccc(Oc2ccc(-c3cnc4cc5nc([*])cnc5cc4n3)cc2)cc1,IN_DOMAIN,0.543454130627818,moderate,0.8443381540510103,0.8472729231700549,66.27681734447026,True,48.391939835169126,True,35.83950345654523,False
[*]c1ccc(Oc2ccc(-c3cc(-c4ccccc4)c4cc5nc([*])cc(-c6ccccc6)c5cc4n3)cc2)cc1,polyether,638.15,602.5180714811605,35.63192851883946,608.3073935461763,596.7287494161448,5.789322065015767,0.54347825,[*]c1ccc(Oc2ccc(-c3cnc4cc5nc([*])cnc5cc4n3)cc2)cc1,IN_DOMAIN,0.5388607955487905,moderate,0.8413894433091026,0.8456973668119804,68.74117637774673,True,50.191288670082976,True,37.17211729695091,True
[*]c1ccc(Oc2ccc(-c3ccc(-c4ccc(-c5ccc(Oc6ccc(-c7c8c(c([*])c9ccccc79)C(=O)N(c7ccccc7)C8=O)cc6)c(C(F)(F)F)c5)cc4)cc3)cc2C(F)(F)F)cc1,fluoropolymer,607.15,553.0529499508971,54.097050049102904,557.2024889682534,548.9034109335406,4.149539017356403,0.6393443,[*]c1ccc(Oc2ccc(S(=O)(=O)c3ccc(Oc4ccc(-c5c6c(c([*])c7ccccc57)C(=O)N(c5ccccc5)C6=O)cc4)cc3)cc2)cc1,IN_DOMAIN,0.5582007231977097,moderate,0.8499517780741481,0.8514366074787881,59.76431591260941,True,43.636844613425545,False,32.317837406034336,False
[*]c1ccc(Oc2ccc(-c3ccc(-c4ccc(Oc5ccc(-c6c7c(c([*])c8ccccc68)C(=O)N(c6ccccc6)C7=O)cc5)c(C(F)(F)F)c4)cc3)cc2C(F)(F)F)cc1,fluoropolymer,590.15,553.0529499508971,37.097050049102904,557.2024889682534,548.9034109335406,4.149539017356403,0.6393443,[*]c1ccc(Oc2ccc(S(=O)(=O)c3ccc(Oc4ccc(-c5c6c(c([*])c7ccccc57)C(=O)N(c5ccccc5)C6=O)cc4)cc3)cc2)cc1,IN_DOMAIN,0.5582007231977097,moderate,0.8499517780741481,0.8514366074787881,59.76431591260941,True,43.636844613425545,True,32.317837406034336,False
[*]c1ccc(Oc2ccc(-c3ccc(-c4ccc(Oc5ccc(-c6c7c(c([*])c8ccccc68)C(=O)N(c6ccccc6)C7=O)cc5)c(C(F)(F)F)c4)s3)cc2C(F)(F)F)cc1,fluoropolymer,560.15,551.9400896316577,8.209910368342321,555.6391227777772,548.2410564855381,3.6990331461195183,0.6,[*]c1ccc(Oc2ccc(S(=O)(=O)c3ccc(Oc4ccc(-c5c6c(c([*])c7ccccc57)C(=O)N(c5ccc(C(F)(F)F)cc5)C6=O)cc4)cc3)cc2)cc1,IN_DOMAIN,0.5537147037464025,moderate,0.8487201981323133,0.8530133780281172,57.29805773864472,True,41.836109123183256,True,30.984196596290243,True
[*]c1ccc(Oc2ccc(-c3ccc(-c4ccc(Oc5ccc(C([*])(C)C)cc5)c(C(F)(F)F)c4)s3)cc2C(F)(F)F)cc1,fluoropolymer,403.15,457.01880756689565,53.86880756689567,454.8867455555544,459.1508695782369,2.1320620113412474,0.81395346,[*]c1ccc(Oc2ccc(-c3ccc(-c4ccc(Oc5ccc(C([*])(C)C)cc5)c(C(F)(F)F)c4)cc3)cc2C(F)(F)F)cc1,IN_DOMAIN,0.5910563521840129,moderate,0.853933270719533,0.8584977769998411,48.71980023690936,False,35.572704549046726,False,26.345463149168395,False
[*]c1ccc(Oc2ccc(-c3ccc(-c4ccc(Oc5ccc(P([*])(=O)c6ccccc6)cc5)cc4)nc3)cc2)cc1,polyether,530.15,489.19587298528927,40.95412701471071,493.17476927128297,485.21697669929557,3.9788962859936987,0.45,[*]c1ccc(Oc2ccc(Oc3ccc(P([*])(C)=O)cc3)cc2)cc1,IN_DOMAIN,0.5311089225503762,moderate,0.8189018977463961,0.8520338570385576,58.830145998473846,True,42.95476155494498,True,31.812680592413503,False
[*]c1ccc(Oc2ccc(-c3ccc(-c4ccc(Oc5ccc(S(=O)(=O)c6ccc(-c7ccc(S([*])(=O)=O)cc7)cc6)cc5)cc4)cc3)cc2)cc1,polysulfone,536.15,508.85068600054353,27.299313999456444,509.89099682539575,507.8103751756913,1.040310824852213,0.7741935,[*]c1ccc(Oc2ccc(-c3ccc(-c4ccc(Oc5ccc(S([*])(=O)=O)cc5)cc4)cc3)cc2)cc1,IN_DOMAIN,0.5883485842269705,moderate,0.8547671449428443,0.8623189061525528,42.74309613708989,True,31.208821115902314,True,23.11353204826891,False
[*]c1ccc(Oc2ccc(-c3ccc(-n4c(=O)c5cc6c(=O)n(-c7ccc(-c8ccc(Oc9ccc%10c(c9)C([*])(C)CC%10(C)C)c(C(F)(F)F)c8)cc7)c(=O)c6cc5c4=O)cc3)cc2C(F)(F)F)cc1,fluoropolymer,538.15,565.9583530278901,27.80835302789012,563.4763064285708,568.4403996272094,2.4820465993193466,0.5217391,[*]c1ccc(Oc2ccc(Oc3ccc(-n4c(=O)c5cc6c(=O)n([*])c(=O)c6cc5c4=O)cc3C(F)(F)F)cc2)cc1,IN_DOMAIN,0.5459927920303675,moderate,0.8416244646460348,0.8572728309419179,50.63576272701592,True,36.971642296250025,True,27.381528956762796,False
[*]c1ccc(Oc2ccc(-c3ccc(N4C(=O)c5ccc(C(=O)c6ccc7c(c6)C(=O)N(c6ccc(-c8ccc(Oc9ccc%10c(c9)C([*])(C)CC%10(C)C)c(C(F)(F)F)c8)cc6)C7=O)cc5C4=O)cc3)cc2C(F)(F)F)cc1,fluoropolymer,525.15,521.9006908106135,3.2493091893865085,514.7005872619039,529.1007943593231,7.200103548709592,0.525,[*]c1ccc(N2C(=O)c3ccc(C(=O)c4ccc5c(c4)C(=O)N(c4ccc(Oc6c(C(C)(C)C)cc([*])cc6C(C)(C)C)c(C(F)(F)F)c4)C5=O)cc3C2=O)cc1,IN_DOMAIN,0.5317663814329419,moderate,0.836872447198099,0.8407596316190519,76.46438619138402,True,55.83038118554617,True,41.34847964960954,True
[*]c1ccc(Oc2ccc(-c3ccc(N4C(=O)c5ccc(C(c6ccc7c(c6)C(=O)N(c6ccc(-c8ccc(Oc9ccc%10c(c9)C([*])(C)CC%10(C)C)c(C(F)(F)F)c8)cc6)C7=O)(C(F)(F)F)C(F)(F)F)cc5C4=O)cc3)cc2C(F)(F)F)cc1,fluoropolymer,535.15,527.5595994346062,7.590400565393793,520.8159331746026,534.3032656946098,6.743666260003579,0.55,[*]C(=O)c1cccc(N2C(=O)c3ccc(C(c4ccc5c(c4)C(=O)N(c4ccc(Oc6ccc([*])cc6)c(C(F)(F)F)c4)C5=O)(C(F)(F)F)C(F)(F)F)cc3C2=O)c1,IN_DOMAIN,0.5368358923015958,moderate,0.8410079128840566,0.842357162129523,73.96565694933697,True,54.0059369833291,True,39.99727995572762,True
[*]c1ccc(Oc2ccc(-c3ccc(N4C(=O)c5ccc(Oc6ccc(C(C)(C)c7ccc(Oc8ccc9c(c8)C(=O)N(c8ccc(-c%10ccc(Oc%11ccc%12c(c%11)C([*])(C)CC%12(C)C)c(C(F)(F)F)c%10)cc8)C9=O)cc7)cc6)cc5C4=O)cc3)cc2C(F)(F)F)cc1,fluoropolymer,514.15,509.3993342488407,4.750665751159261,494.96881595237994,523.8298525453015,14.430518296460775,0.51282054,[*]Oc1ccccc1Oc1ccc2c(c1)C(=O)N(c1ccc(Oc3ccc(-c4ccc(Oc5ccc(N6C(=O)c7ccc([*])cc7C6=O)cc5C(F)(F)F)cc4)cc3)c(C(F)(F)F)c1)C2=O,IN_DOMAIN,0.5075623346918975,moderate,0.8221073872103315,0.8154531800019228,116.04671044353508,True,84.73136844615524,True,62.752809303520145,True
[*]c1ccc(Oc2ccc(-c3ccc(N4C(=O)c5ccc(Oc6ccc7c(c6)C(=O)N(c6ccc(-c8ccc(Oc9ccc%10c(c9)C([*])(C)CC%10(C)C)c(C(F)(F)F)c8)cc6)C7=O)cc5C4=O)cc3)cc2C(F)(F)F)cc1,fluoropolymer,522.15,510.3533451051154,11.796654894884568,492.9112578571417,527.7954323530892,17.442087247973717,0.5479452,[*]Oc1ccccc1Oc1ccc2c(c1)C(=O)N(c1ccc(Oc3ccc(-c4ccc(Oc5ccc(N6C(=O)c7ccc([*])cc7C6=O)cc5C(F)(F)F)cc4)cc3)c(C(F)(F)F)c1)C2=O,IN_DOMAIN,0.5035010558966122,moderate,0.8203181957465139,0.8049126886716275,132.53330255549812,True,96.76903418714083,True,71.66801221545734,True
[*]c1ccc(Oc2ccc(-c3ccc(Oc4ccc(-c5cnc([*])o5)cc4C(F)(F)F)cc3)cc2)c(C(F)(F)F)c1,fluoropolymer,473.15,463.79259281164616,9.357407188353818,468.6875534920625,458.89763213122984,4.894960680416318,0.4918033,[*]c1ccc(Oc2ccc(-c3cnc(-c4ccc(Oc5ccc(C([*])(C)C)cc5)c(C(F)(F)F)c4)o3)cc2C(F)(F)F)cc1,IN_DOMAIN,0.5341771291440336,moderate,0.8326222928378838,0.8488276316580784,63.8450668793492,True,46.616400107745854,True,34.5245228540943,True
[*]c1ccc(Oc2ccc(-c3ccc(Oc4ccc(-c5nc(-c6ccccn6)nnc5[*])cc4)cc3)cc2)cc1,polyether,503.15,496.6682918166402,6.481708183359785,501.70201081529444,491.63457281798594,5.033718998654251,0.54901963,[*]C(=O)c1ccc(Oc2ccc(-c3nc(-c4ccccn4)nnc3-c3ccc(Oc4ccc([*])cc4)cc3)cc2)cc1,IN_DOMAIN,0.5420283605366816,moderate,0.8429618426726221,0.8483419775442457,64.60468813715951,True,47.17103667115258,True,34.93529165358961,True
[*]c1ccc(Oc2ccc(-c3ccc(Oc4ccc(-c5nc([*])nc(-c6ccccc6)n5)cc4)cc3)cc2)cc1,polyether,514.15,479.6938957297366,34.45610427026338,490.94106190476094,468.4467295547122,11.247166175024375,0.6,[*]c1ccc(Oc2ccc(-c3nc(-c4ccccc4)nc(-c4ccc(Oc5ccc(C([*])(C)C)cc5)cc4)n3)cc2)cc1,IN_DOMAIN,0.5301853542514935,moderate,0.8383677865955542,0.8265949124269502,98.61970517822043,True,72.00706115295593,True,53.32907351673244,True
[*]c1ccc(Oc2ccc(-c3ccc(Oc4ccc(-c5nnc([*])c6c(-c7ccc(F)cc7)c(-c7ccc(F)cc7)c(-c7ccc(F)cc7)c(-c7ccc(F)cc7)c56)cc4)cc3)cc2)cc1,polyether,593.15,535.28572833509,57.86427166491001,539.5904804256847,530.9809762444952,4.304752090594775,0.63265306,[*]C(=O)c1ccc(Oc2ccc(-c3nnc(-c4ccc(Oc5ccc([*])cc5)cc4)c4c(-c5ccc(F)cc5)c(-c5ccc(F)cc5)c(-c5ccc(F)cc5)c(-c5ccc(F)cc5)c34)cc2)cc1,IN_DOMAIN,0.556711803139349,moderate,0.8495608804580895,0.8508933617224538,60.61401740380049,True,44.25725315274721,False,32.777317519152874,False
[*]c1ccc(Oc2ccc(-c3ccc(Oc4ccc(-c5nnc([*])c6c(-c7ccccc7)c(-c7ccc8ccccc8c7)c(-c7ccc8ccccc8c7)c(-c7ccccc7)c56)cc4)cc3)cc2)cc1,polyether,607.15,549.7066850948786,57.44331490512138,556.9956260822509,542.4177441075063,7.288940987372257,0.65384614,[*]C(=O)c1ccc(Oc2ccc(-c3nnc(-c4ccc(Oc5ccc([*])cc5)cc4)c4c(-c5ccccc5)c(-c5ccc6ccccc6c5)c(-c5ccc6ccccc6c5)c(-c5ccccc5)c34)cc2)cc1,IN_DOMAIN,0.5505915976933244,moderate,0.8466088394778953,0.8404487005837326,76.95071960731565,True,56.18547695427139,False,41.61146675188277,False
[*]c1ccc(Oc2ccc(-c3ccc(Oc4ccc(-n5c(=O)c6cc7c(=O)n([*])c(=O)c7cc6c5=O)cc4)cc3)cc2)cc1,polyether,573.15,615.857741572898,42.707741572898044,626.531210832501,605.1842723132951,10.673469259602939,0.9166667,[*]c1cccc(Oc2ccc(-n3c(=O)c4cc5c(=O)n([*])c(=O)c5cc4c3=O)cc2)c1,IN_DOMAIN,0.5800857229108365,moderate,0.8431755942219205,0.8286028516309253,95.47904753672996,True,69.71391368873854,True,51.630747994959115,True
[*]c1ccc(Oc2ccc(-c3ccc(Oc4ccc(N5C(=O)CC(=O)N([*])C5=S)cc4)cc3)cc2)cc1,polyamide,431.65,572.3568621751074,140.7068621751074,577.3739155281381,567.3398088220767,5.01705335303069,0.44,[*]c1ccc(N2C(=O)c3c(c(-c4ccccc4)c(-c4ccc(Oc5ccc(-c6c(-c7ccccc7)c7c(c(-c8ccccc8)c6-c6ccccc6)C(=O)N([*])C7=O)cc5)cc4)c(-c4ccccc4)c3-c3ccccc3)C2=O)cc1,IN_DOMAIN,0.5264756726597565,moderate,0.8129553249349262,0.8414003080191838,64.51345340001689,False,47.1044217356807,False,34.88595603657913,False
[*]c1ccc(Oc2ccc(-c3ccc(Oc4ccc(P([*])(=O)c5ccccc5)cc4)cc3)cc2)cc1,polyether,507.15,485.18971260064916,21.96028739935082,486.8953597474737,483.4840654538246,1.7056471468245604,0.6,[*]c1ccc(Oc2ccc(Oc3ccc(P([*])(C)=O)cc3)cc2)cc1,IN_DOMAIN,0.559900590532468,moderate,0.8506298111777936,0.8599902290256495,46.38542634245383,True,33.86826420958154,True,25.083139389347902,True
[*]c1ccc(Oc2ccc(-c3ccc(Oc4ccc(S(=O)(=O)c5ccc(-c6ccc(-c7ccc(S([*])(=O)=O)cc7)cc6)cc5)cc4)cc3)cc2)cc1,polysulfone,537.15,508.85068600054353,28.299313999456444,509.89099682539575,507.8103751756913,1.040310824852213,0.7741935,[*]c1ccc(Oc2ccc(-c3ccc(-c4ccc(Oc5ccc(S([*])(=O)=O)cc5)cc4)cc3)cc2)cc1,IN_DOMAIN,0.5883485842269705,moderate,0.8547671449428443,0.8623189061525528,42.74309613708989,True,31.208821115902314,True,23.11353204826891,False
[*]c1ccc(Oc2ccc(-c3ccc(Oc4ccc(S(=O)(=O)c5ccc6cc(S([*])(=O)=O)ccc6c5)cc4)cc3)cc2)cc1,polysulfone,528.15,516.5600942768201,11.589905723179868,502.9547145543337,530.1654739993066,13.605379722486475,0.61538464,[*]c1ccc(Oc2ccc3cc(Oc4ccc(S([*])(=O)=O)cc4)ccc3c2)cc1,IN_DOMAIN,0.5251865786661146,moderate,0.8346212143487035,0.8183411650108329,111.52955565678283,True,81.43317321854602,True,60.31013641909166,True
[*]c1ccc(Oc2ccc(-c3ccc(Oc4ccc(S(=O)(=O)c5cccc6c(S([*])(=O)=O)cccc56)cc4)cc3)cc2)cc1,polysulfone,521.15,513.2503396820505,7.899660317949497,490.05325566522265,536.4474236988782,23.197084016827773,0.4893617,[*]C(=O)c1ccc(Oc2ccc(S(=O)(=O)c3ccc(Oc4ccc(-c5ccc(Oc6ccc([*])cc6)cc5)cc4)cc3)cc2)cc1,IN_DOMAIN,0.47804218300917367,low,0.7909294609562856,0.7847701999806383,164.0385696974297,True,119.77256774698651,True,88.70463491210899,True
[*]c1ccc(Oc2ccc(-c3cccc(-c4ccc(Oc5ccc(-c6c7c(c([*])c8ccccc68)C(=O)N(c6ccccc6)C7=O)cc5)c(C(F)(F)F)c4)c3)cc2C(F)(F)F)cc1,fluoropolymer,544.15,551.8219521334368,7.6719521334367755,554.7404933333329,548.9034109335406,2.91854119989614,0.6231884,[*]c1ccc(Oc2ccc(S(=O)(=O)c3ccc(Oc4ccc(-c5c6c(c([*])c7ccccc57)C(=O)N(c5cccc(C(F)(F)F)c5)C6=O)cc4)cc3)cc2)cc1,IN_DOMAIN,0.5596038298394306,moderate,0.850622666873373,0.855745099839899,53.02531732617879,True,38.71637276202561,True,28.67369194448125,True
[*]c1ccc(Oc2ccc(-c3cccc(-c4ccc(Oc5ccc(-c6c7c(c([*])c8ccccc68)C(=O)N(c6ccccc6)C7=O)cc5)c(C(F)(F)F)c4)n3)cc2C(F)(F)F)cc1,fluoropolymer,571.15,551.8175481724304,19.33245182756957,554.1278522222218,549.5072441226389,2.310304049791455,0.5972222,[*]c1ccc(Oc2ccc(S(=O)(=O)c3ccc(Oc4ccc(-c5c6c(c([*])c7ccccc57)C(=O)N(c5cccc(C(F)(F)F)c5)C6=O)cc4)cc3)cc2)cc1,IN_DOMAIN,0.5576145505559461,moderate,0.8499184423965708,0.8578739298652654,49.69557194675419,True,36.285163109485,True,26.87311633121578,True
[*]c1ccc(Oc2ccc(-c3cccc(-c4ccc(Oc5ccc(C([*])(C)C)cc5)c(C(F)(F)F)c4)n3)cc2C(F)(F)F)cc1,fluoropolymer,398.15,480.3481816541213,82.1981816541213,477.0889303174591,483.60743299078354,3.2592513366622313,0.7777778,[*]c1ccc(Oc2ccc(-c3ccc(-c4ccc(Oc5ccc(C([*])(C)C)cc5)c(C(F)(F)F)c4)cc3)cc2C(F)(F)F)cc1,IN_DOMAIN,0.5820225070432581,moderate,0.8527415958118363,0.8545526143612178,54.890507578738585,False,40.078239220004356,False,29.68230242371255,False
[*]c1ccc(Oc2ccc(-c3cnc(-n4c(=O)c5cc6c(=O)n([*])c(=O)c6cc5c4=O)s3)cc2)cc1,polyether,601.95,583.2022157396639,18.747784260336175,578.0583138095237,588.3461176698039,5.143901930140089,0.59183675,[*]c1cccc(Oc2ccc(-n3c(=O)c4cc5c(=O)n([*])c(=O)c5cc4c3=O)cc2)c1,IN_DOMAIN,0.5479998954871746,moderate,0.8466543790463924,0.8479563372840452,65.20787573749482,True,47.61145338448139,True,35.2614682105417,True
[*]c1ccc(Oc2ccc(-c3cnc4cc(-c5ccc6nc(-c7ccc(Oc8ccc([*])cc8)cc7)cnc6c5)ccc4n3)cc2)cc1,polyether,486.15,587.3867714925761,101.23677149257617,590.181988095238,584.5915548899143,2.795216602661867,0.8888889,[*]c1ccc(Oc2ccc(-c3cnc4cc(-c5ccc6nc([*])cnc6c5)ccc4n3)cc2)cc1,IN_DOMAIN,0.6004313272088602,moderate,0.8534155497056949,0.8561767359302189,52.35018673321921,False,38.22342695767932,False,28.308611872904564,False
[*]c1ccc(Oc2ccc(-c3cnc4ccc(-c5ccc6ncc([*])nc6c5)cc4n3)cc2)cc1,polyether,578.15,593.8698596439076,15.719859643907625,596.2501928571426,591.4895264306726,2.3803332132349624,0.9459459,[*]c1ccc(Oc2ccc(-c3cnc4cc(-c5ccc6nc([*])cnc6c5)ccc4n3)cc2)cc1,IN_DOMAIN,0.6103422351877582,moderate,0.853838634398179,0.8576288277932131,50.07894097207738,True,36.56507955012644,True,27.080424950710757,True
[*]c1ccc(Oc2ccc(-c3nc(-c4ccccc4)[nH]c3-c3ccc(Oc4ccc(P([*])(=O)c5ccccc5)cc4)cc3)cc2)cc1,polyether,591.15,542.5760626821481,48.573937317851914,550.0933314874009,535.0587938768953,7.517268805252797,0.68085104,[*]C(=O)c1ccc(Oc2ccc(-c3[nH]c(-c4ccccc4)nc3-c3ccc(Oc4ccc([*])cc4)cc3)cc2)cc1,IN_DOMAIN,0.5539638032209974,moderate,0.8468732805425402,0.8396495532211506,78.20068189003871,True,57.09813543736332,True,42.28738978722361,False
[*]c1ccc(Oc2ccc(-c3nc4cc(C(c5ccc6oc(-c7ccc(Oc8ccc(C([*])(C(F)(F)F)C(F)(F)F)cc8)cc7)nc6c5)(C(F)(F)F)C(F)(F)F)ccc4o3)cc2)cc1,fluoropolymer,528.15,535.1262445686534,6.976244568653442,531.1589823015861,539.0935068357207,3.9672622670673263,0.5185185,[*]c1ccc(Oc2ccc(-c3nc(-c4ccccc4)nc(-c4ccc(Oc5ccc(C([*])(C(F)(F)F)C(F)(F)F)cc5)cc4)n3)cc2)cc1,IN_DOMAIN,0.5409110996827203,moderate,0.8395669328781946,0.8520745761047999,58.76645649717068,True,42.908258740858784,True,31.778240192382874,True
[*]c1ccc(Oc2ccc(-c3nc4cc5sc(-c6ccc(Oc7ccc(-n8c(=O)c9cc%10c(=O)n([*])c(=O)c%10cc9c8=O)cc7)cc6)nc5cc4s3)cc2)cc1,polyether,673.15,615.9403687367993,57.20963126320066,625.1291984515486,606.75153902205,9.188829714749318,0.67346936,[*]c1cccc(Oc2ccc(-n3c(=O)c4cc5c(=O)n([*])c(=O)c5cc4c3=O)cc2)c1,IN_DOMAIN,0.547629562179216,moderate,0.8443220381662087,0.833799090037913,87.35150770504336,True,63.77960008857388,True,47.23574226653084,False
[*]c1ccc(Oc2ccc(-c3nc4cc5sc([*])nc5cc4s3)cc2)cc1,polyether,623.15,580.9016373297377,42.24836267026228,583.2356144444443,578.567660215031,2.33397711470667,0.39215687,[*]c1ccc(Oc2ccc(-c3cnc4cc5nc([*])cnc5cc4n3)cc2)cc1,IN_DOMAIN,0.5282320506349829,moderate,0.78368259895632,0.8173008938840797,49.82516823745214,True,36.37978768793632,False,26.943196140333406,False
[*]c1ccc(Oc2ccc(-c3nc4ccc(-c5ccc6nc([*])c(-c7ccccc7)c(-c7ccccc7)c6c5)cc4c(-c4ccccc4)c3-c3ccccc3)cc2)cc1,polyether,573.15,603.6233147453122,30.473314745312223,598.6223348448781,608.6242946457462,5.000979900434061,0.6136364,[*]c1ccc2nc(-c3ccccc3)c(-c3ccc(Oc4ccc(-c5c(-c6ccccc6)nc6ccc([*])cc6c5-c5ccccc5)cc4)cc3)c(-c3ccccc3)c2c1,IN_DOMAIN,0.5516932870050719,moderate,0.848016983284651,0.8484565643880163,64.42546057599124,True,47.040173879238765,True,34.83837349946924,True
[*]c1ccc(Oc2ccc(-c3nc4ccc(Oc5ccc6nc([*])cc(-c7ccccc7)c6c5)cc4c(-c4ccccc4)c3-c3ccccc3)cc2)cc1,polyether,578.15,604.8880723272259,26.73807232722595,595.7172359271291,614.0589087273227,9.170836400096789,0.5869565,[*]c1ccc2nc(-c3ccccc3)c(-c3ccc(Oc4ccc(-c5c(-c6ccccc6)nc6ccc([*])cc6c5-c5ccccc5)cc4)cc3)c(-c3ccccc3)c2c1,IN_DOMAIN,0.5347084861689921,moderate,0.8409711014678082,0.8338620666391967,87.25300475053872,True,63.70767827278723,True,47.18247632649482,True
[*]c1ccc(Oc2ccc(-c3nn(-c4ccc(S(=O)(=O)c5ccc(-n6nc([*])c7ccccc7c6=O)cc5)cc4)c(=O)c4ccccc34)cc2)cc1,polysulfone,568.15,572.0730447130838,3.9230447130838684,565.590922380952,578.5551670452157,6.482122332131894,0.6034483,[*]C(=O)c1ccc(-n2nc(-c3ccc(Oc4ccc([*])cc4)cc3)c3ccccc3c2=O)cc1,IN_DOMAIN,0.5455513660290892,moderate,0.8457299521773892,0.8432725658770739,72.53385574285458,True,52.96050902501451,True,39.22302665955463,True
[*]c1ccc(Oc2ccc(-c3nnc(-c4ccc(Oc5ccc(-c6cc(OCCCCCC)c([*])cc6OCCCCCC)cc5)cc4)o3)cc2)cc1,polyether,376.15,367.5145123308429,8.6354876691571,381.66313591575,353.3658887459358,14.148623584907085,0.5483871,[*]C#Cc1ccc(-c2nnc(-c3ccc(C#Cc4cc(OCCCCCCCC)c([*])cc4OCCCCCCCC)cc3)o2)cc1,IN_DOMAIN,0.5135987547014971,moderate,0.8282962596687876,0.8164398114923607,114.50350050787334,True,83.60459553593178,True,61.91831120841905,True
[*]c1ccc(Oc2ccc(-c3nnc(-c4ccc(Oc5ccc(C([*])(C(F)(F)F)C(F)(F)F)cc5)c5ccccc45)o3)c3ccccc23)cc1,fluoropolymer,493.15,437.4330852669273,55.716914733072656,440.4597578968244,434.40641263703026,3.026672629897064,0.48,[*]c1ccc(Oc2ccc(-c3nc(-c4ccccc4)nc(-c4ccc(Oc5ccc(C([*])(C(F)(F)F)C(F)(F)F)cc5)cc4)n3)cc2)cc1,IN_DOMAIN,0.5383081194234333,moderate,0.8312008716790028,0.8553666398348957,53.61727414656403,False,39.14858933465032,False,28.993795403886313,False
[*]c1ccc(Oc2ccc(-c3nnc(-c4ccc(Oc5ccc(C([*])(C)C)cc5)cc4)n3-c3ccc(S(=O)(=O)c4ccccc4)cc3)cc2)cc1,polysulfone,471.15,501.874122007563,30.72412200756304,499.5564011111093,504.1918429040167,2.317720896453693,0.8333333,[*]c1ccc(Oc2ccc(-c3nnc(-c4ccc(Oc5ccc(C([*])(C)C)cc5)cc4)n3-c3ccc(S(C)(=O)=O)cc3)cc2)cc1,IN_DOMAIN,0.5934443058117792,moderate,0.8538013445522413,0.8578479709019476,49.73617487753413,True,36.31480929139536,True,26.895072558692277,False
[*]c1ccc(Oc2ccc(-c3nnc(-c4ccccn4)nc3-c3ccc(Oc4ccc(C([*])(C)c5ccccc5)cc4)cc3)cc2)cc1,polyether,505.15,487.23154257747797,17.91845742252201,493.49485269480374,480.96823246015214,6.263310117325801,0.85106385,[*]c1ccc(Oc2ccc(-c3nnc(-c4ccccn4)nc3-c3ccc(Oc4ccc(C([*])(C)C)cc4)cc3)cc2)cc1,IN_DOMAIN,0.5838681418166387,moderate,0.8495678125230101,0.8440384086288951,71.33598586416196,True,52.08588574914456,True,38.575272838867015,True
[*]c1ccc(Oc2ccc(-c3nnc([*])o3)cc2)cc1,polyether,513.15,479.9475319396205,33.20246806037949,474.4313043506483,485.4637595285927,5.5162275889721855,0.5,[*]c1ccc(Oc2ccc(-c3nnc(-c4ccc(Oc5ccc(C([*])(C)C)cc5)cc4)o3)cc2)cc1,IN_DOMAIN,0.5334142228602999,moderate,0.8339629004577672,0.8466531974781328,67.24614262389598,True,49.0996915420575,True,36.36367070075574,True
[*]c1ccc(Oc2ccc(-n3c(=O)c4cc5c(=O)n(-c6ccc(Oc7ccc(C(C)(C)c8cccc(C([*])(C)C)c8)cc7)cc6)c(=O)c5cc4c3=O)cc2)cc1,polyether,522.62,562.7708494122355,40.150849412235516,575.4674642063493,550.0742346181216,12.696614794113827,0.6875,[*]c1ccc(Oc2ccc(-n3c(=O)c4cc5c(=O)n(-c6ccc(Oc7ccc(C([*])(C)C)cc7)cc6)c(=O)c5cc4c3=O)cc2)cc1,IN_DOMAIN,0.5388616985282597,moderate,0.8384709117320105,0.8215218422601371,106.5545951159623,True,77.8007116607972,True,57.619902900903725,True
[*]c1ccc(Oc2ccc(-n3c(=O)c4cc5c(=O)n([*])c(=O)c5cc4c3=O)cc2)c(-c2ccccc2)c1,polyether,602.15,612.1116920389668,9.961692038966817,613.2217196876459,611.0016643902878,1.1100276486790221,0.7906977,[*]c1ccc(Oc2ccccc2Oc2ccc(-n3c(=O)c4cc5c(=O)n([*])c(=O)c5cc4c3=O)cc2)cc1,IN_DOMAIN,0.5906589997513586,moderate,0.8547704848029296,0.8620748972691589,43.12475528429181,True,31.487489091054833,True,23.31991604305659,True
[*]c1ccc(Oc2ccc(-n3nc(-c4ccccc4)cc3-c3ccc(-c4cc(-c5ccccc5)nn4[*])cc3)cc2)cc1,polyether,533.15,534.0283939651857,0.8783939651857509,560.7354800649346,507.32130786543684,26.707086099748864,0.59615386,[*]C(=O)c1ccc(Oc2ccc(-c3cc(-c4ccc(Oc5ccc([*])cc5)cc4)n(-c4ccccc4)n3)cc2)cc1,IN_DOMAIN,0.4837226871185421,low,0.7917285100964996,0.7724851926904145,183.25379391608462,True,133.8025409950308,True,99.09535858285315,True
[*]c1ccc(Oc2ccc(-n3nc(-c4ccccc4)cc3-c3cccc(-c4cc(-c5ccccc5)nn4[*])c3)cc2)cc1,polyether,505.15,521.1160245507889,15.966024550788916,536.7864550649339,505.4455940366439,15.670430514144982,0.5272727,[*]C(=O)c1ccc(Oc2ccc(-c3cc(-c4ccc(Oc5ccc([*])cc5)cc4)n(-c4ccccc4)n3)cc2)cc1,IN_DOMAIN,0.5058617709092781,moderate,0.8218741090962306,0.8111134872400281,122.83451019732438,True,89.68747241221199,True,66.42334422787957,True
[*]c1ccc(Oc2ccc(-n3nccc3-c3ccc(-c4ccnn4[*])cc3)cc2)cc1,polyether,516.15,533.3309562241568,17.18095622415683,556.8657254300135,509.79618701830015,23.53476920585669,0.37931034,[*]C(=O)c1ccc(Oc2ccc(-c3cc(-c4ccc(Oc5ccc([*])cc5)cc4)n(-c4ccccc4)n3)cc2)cc1,IN_DOMAIN,0.46177308333635514,low,0.7273023906445913,0.734105539005469,165.887200116791,True,121.12234306233154,True,89.70429058296328,True
[*]c1ccc(Oc2ccc(/C(=N/c3ccc(/N=C(\c4ccccc4)c4ccc(Oc5ccc(C([*])(C)C)cc5)cc4)cc3)c3ccccc3)cc2)cc1,polyether,434.15,426.36714056245506,7.782859437544914,434.5125992539677,418.2216818709424,8.145458691512658,0.61764705,[*]c1ccc(Oc2ccc(Oc3ccc(Oc4ccc(C([*])(C)C)cc4)cc3)cc2)cc1,IN_DOMAIN,0.5424786962549285,moderate,0.8441924016011984,0.8374508886192412,81.63965691945779,True,59.60909898972197,True,44.14703185200844,True
[*]c1ccc(Oc2ccc(/C(=N/c3ccc(Oc4ccc(/N=C(\c5ccccc5)c5ccc(Oc6ccc(C([*])(C)C)cc6)cc5)cc4)cc3)c3ccccc3)cc2)cc1,polyether,428.15,426.36714056245506,1.7828594375449143,434.5125992539677,418.2216818709424,8.145458691512658,0.61764705,[*]c1ccc(Oc2ccc(Oc3ccc(Oc4ccc(C([*])(C)C)cc4)cc3)cc2)cc1,IN_DOMAIN,0.5424786962549285,moderate,0.8441924016011984,0.8374508886192412,81.63965691945779,True,59.60909898972197,True,44.14703185200844,True
[*]c1ccc(Oc2ccc(/C=C/C(=O)c3ccc(Oc4ccc(C([*])(C)c5ccccc5)cc4)cc3)cc2)cc1,polyether,440.15,440.39126993540094,0.24126993540096464,434.2503828968243,446.5321569739775,6.140887038576608,0.8292683,[*]c1ccc(Oc2ccc(/C=C/C(=O)c3ccc(Oc4ccc(C([*])(C)C)cc4)cc3)cc2)cc1,IN_DOMAIN,0.5809210416067297,moderate,0.849684583663289,0.8444668894045174,70.66579056167197,True,51.596543441300405,True,38.21286154902926,True
[*]c1ccc(Oc2ccc(/C=C/c3ccc(Oc4ccc(S([*])(=O)=O)cc4)cc3)cc2)cc1,polysulfone,507.65,462.9251711684358,44.724828831564196,462.2490227137848,463.6013196230867,0.676148454650928,0.7777778,[*]c1ccc(Oc2ccc(Oc3ccc(Oc4ccc(S([*])(=O)=O)cc4)cc3)cc2)cc1,IN_DOMAIN,0.59002028249197,moderate,0.8550857550875112,0.8635934744482573,40.749518518015925,False,29.7532127740359,False,22.035495491408597,False
[*]c1ccc(Oc2ccc(/C=N/N=C/c3ccc(Oc4ccc(C5([*])c6ccccc6-c6ccccc65)cc4)cc3)cc2)cc1,polyether,500.15,445.5059794572852,54.64402054271477,425.613563926406,465.39839498816434,19.892415530879163,0.5641026,[*]C(=O)c1ccc(Oc2ccc(/C=N/N=C/c3ccc(Oc4ccc([*])cc4)cc3)cc2)cc1,IN_DOMAIN,0.4985434020167221,low,0.8150059112869001,0.7963365396814585,145.94742774774187,True,106.56334183879886,True,78.9217640619778,True
[*]c1ccc(Oc2ccc(/C=N/c3ccc(/N=C/c4ccc(Oc5ccc(C([*])(c6ccccc6)c6ccccc6)cc5)cc4)cc3)cc2)cc1,polyether,503.15,413.1480581064699,90.0019418935301,425.55057059379436,400.74554561914545,12.402512487324458,0.7,[*]c1ccc(Oc2ccc(/C=N/c3ccc(Oc4ccc(-c5ccc(Oc6ccc(/N=C/c7ccc(Oc8ccc(C([*])(C)C)cc8)cc7)cc6)cc5)cc4)cc3)cc2)cc1,IN_DOMAIN,0.541670443725577,moderate,0.8392183243916134,0.8225512003338998,104.94455568160438,True,76.62514327110297,False,56.74926643728272,False
[*]c1ccc(Oc2ccc(/C=N/c3ccc(Oc4ccc(/N=C/c5ccc(Oc6ccc(C([*])(c7ccccc7)c7ccccc7)cc6)cc5)cc4)cc3)cc2)cc1,polyether,484.15,413.1480581064699,71.0019418935301,425.55057059379436,400.74554561914545,12.402512487324458,0.7,[*]c1ccc(Oc2ccc(/C=N/c3ccc(Oc4ccc(-c5ccc(Oc6ccc(/N=C/c7ccc(Oc8ccc(C([*])(C)C)cc8)cc7)cc6)cc5)cc4)cc3)cc2)cc1,IN_DOMAIN,0.541670443725577,moderate,0.8392183243916134,0.8225512003338998,104.94455568160438,True,76.62514327110297,True,56.74926643728272,False
[*]c1ccc(Oc2ccc(/C=N/c3ccc(Oc4ccc(/N=C/c5ccc(Oc6ccc(S([*])(=O)=O)cc6)cc5)cc4)cc3)cc2)cc1,polysulfone,435.15,443.2366069040072,8.086606904007226,436.8237329006535,449.64948090736095,6.412874003353721,0.9166667,[*]c1ccc(Oc2ccc(/C=N/c3ccc(Oc4ccc(-c5ccc(Oc6ccc(/N=C/c7ccc(Oc8ccc(S([*])(=O)=O)cc8)cc7)cc6)cc5)cc4)cc3)cc2)cc1,IN_DOMAIN,0.5933719215174649,moderate,0.8494371841255738,0.8435149350277975,72.15476133413208,True,52.68371369063084,True,39.018029559269145,True
[*]c1ccc(Oc2ccc(/C=N/c3ccc(Oc4ccc(S([*])(=O)=O)cc4)cc3)cc2)cc1,polysulfone,383.15,443.2366069040072,60.086606904007226,436.8237329006535,449.64948090736095,6.412874003353721,0.9166667,[*]c1ccc(Oc2ccc(/C=N/c3ccc(Oc4ccc(-c5ccc(Oc6ccc(/N=C/c7ccc(Oc8ccc(S([*])(=O)=O)cc8)cc7)cc6)cc5)cc4)cc3)cc2)cc1,IN_DOMAIN,0.5933719215174649,moderate,0.8494371841255738,0.8435149350277975,72.15476133413208,True,52.68371369063084,False,39.018029559269145,False
[*]c1ccc(Oc2ccc(/N=N/c3ccc(Oc4ccc(C([*])(C)C)cc4)cc3)cc2)cc1,polyether,448.15,418.3987184366317,29.751281563368252,424.72892750793574,412.06850936532766,6.33020907130404,0.7777778,[*]c1ccc(Oc2ccc(Oc3ccc(Oc4ccc(C([*])(C)C)cc4)cc3)cc2)cc1,IN_DOMAIN,0.5724522852999793,moderate,0.8493044499076069,0.8438042622899714,71.70221880941865,True,52.35329030118281,True,38.77331504175688,True
[*]c1ccc(Oc2ccc(C(=O)C(=O)c3ccc(Oc4ccc(C([*])(C)C)cc4)cc3)cc2)cc1,polyether,425.15,439.840986825071,14.690986825071036,432.0049980952369,447.6769755549051,7.835988729834099,0.8125,[*]c1ccc(Oc2ccc(C(=O)c3ccc(C(=O)c4ccc(Oc5ccc(C([*])(C)C)cc5)cc4)cc3)cc2)cc1,IN_DOMAIN,0.5730647324431839,moderate,0.8474264630918692,0.8385340334851162,79.94548849388146,True,58.37210391654239,True,43.2309022372016,True
[*]c1ccc(Oc2ccc(C(=O)C(=O)c3ccc(Oc4ccc(C([*])(C)c5ccccc5)cc4)cc3)cc2)cc1,polyether,450.15,445.22940578142016,4.920594218579822,442.7818360079352,447.6769755549051,2.447569773484929,0.6388889,[*]c1ccc(Oc2ccc(C(=O)c3ccc(C(=O)c4ccc(Oc5ccc(C([*])(C)C)cc5)cc4)cc3)cc2)cc1,IN_DOMAIN,0.563422033790926,moderate,0.8516409926817158,0.8573934998323383,50.44702211572702,True,36.83383356203645,True,27.27946657565114,True
[*]c1ccc(Oc2ccc(C(=O)Nc3ccc(-c4ccc(NC(=O)c5ccc(Oc6ccc(C([*])(C)C)cc6)cc5)cc4C(F)(F)F)c(C(F)(F)F)c3)cc2)cc1,fluoropolymer,523.15,462.7164318463126,60.43356815368736,449.49783862914745,475.93502506347784,13.218593217165193,0.6603774,[*]c1ccc(Oc2ccc(C(=O)Nc3ccc(NC(=O)c4ccc(Oc5ccc(C(C)(C)c6ccc(C([*])(C)C)cc6)cc5)cc4)cc3)cc2)cc1,IN_DOMAIN,0.5331422666201849,moderate,0.8369102172014098,0.8196949177794574,109.41212402884682,True,79.88713301852255,True,59.16512521926309,False
[*]c1ccc(Oc2ccc(C(=O)Nc3ccc(NC(=O)c4ccc(Oc5ccc(C([*])(C)C)cc5)cc4)cc3)cc2)cc1,polyamide,503.15,454.5769648677488,48.573035132251164,445.4101200299691,463.7438097055285,9.166844837779706,0.85365856,[*]c1ccc(Oc2ccc(C(=O)Nc3ccc(NC(=O)c4ccc(Oc5ccc(C(C)(C)c6ccc(C([*])(C)C)cc6)cc5)cc4)cc3)cc2)cc1,IN_DOMAIN,0.5752021921514557,moderate,0.8455560423790079,0.8338760371073065,87.23115326353286,True,63.69172343538156,True,47.170660031213075,False
[*]c1ccc(Oc2ccc(C(=O)Nc3ccc(Oc4ccc5cccc(Oc6ccc(NC(=O)c7ccc(Oc8ccc(C([*])(C)c9ccccc9)cc8)cc7)cc6)c5c4)cc3)cc2)cc1,polyamide,485.15,475.9164413114586,9.233558688541393,456.0532388378278,495.7796437850894,19.863202473630793,0.754717,[*]c1ccc(Oc2ccc(NC(=O)c3ccc(Oc4ccc5ccc(Oc6ccc(C(=O)Nc7ccc(Oc8ccc(C([*])(C)c9ccccc9)cc8)cc7)cc6)cc5c4)cc3)cc2)cc1,IN_DOMAIN,0.5273574110725521,moderate,0.821252460413986,0.7964387853818277,145.7875032144001,True,106.44657312983355,True,78.83528411174574,True
[*]c1ccc(Oc2ccc(C(=O)Nc3ccc(Oc4cccc(NC(=O)c5ccc(Oc6ccc(C(C)(C)c7ccc(C([*])(C)C)cc7)cc6)cc5)c4)cc3)cc2)cc1,polyamide,441.15,448.76182417713403,7.611824177134054,434.8771988306127,462.64644952365535,13.884625346521318,0.8958333,[*]c1ccc(Oc2ccc(C(=O)Nc3cccc(NC(=O)c4ccc(Oc5ccc(C(C)(C)c6ccc(C([*])(C)C)cc6)cc5)cc4)c3)cc2)cc1,IN_DOMAIN,0.566993978076683,moderate,0.8370489604656574,0.8173638053267108,113.05826337579428,True,82.54935735242601,True,61.1367923717274,True
[*]c1ccc(Oc2ccc(C(=O)Nc3ccc(Oc4cccc5ccc(Oc6ccc(NC(=O)c7ccc(Oc8ccc(C(C)(C)c9cccc(C([*])(C)C)c9)cc8)cc7)cc6)cc45)cc3)cc2)cc1,polyamide,412.15,456.26651717658854,44.11651717658856,432.88354418359336,479.64949016958366,23.38297299299515,0.79310346,[*]c1ccc(Oc2ccc(C(=O)Nc3ccc(NC(=O)c4ccc(Oc5ccc(C(C)(C)c6cccc(C([*])(C)C)c6)cc5)cc4)cc3)cc2)cc1,IN_DOMAIN,0.5229554949919777,moderate,0.8093271362088815,0.7841195885640525,165.05620395303666,True,120.51559219572536,True,89.25492546441124,True
[*]c1ccc(Oc2ccc(C(=O)Nc3cccc(NC(=O)c4ccc(Oc5ccc(C([*])(C)C)cc5)cc4)c3)cc2)cc1,polyamide,487.15,457.54785474271176,29.602145257288214,444.6356400449541,470.46006944046945,12.91221469775769,0.8636364,[*]c1ccc(Oc2ccc(C(=O)Nc3cccc(NC(=O)c4ccc(Oc5ccc(C(C)(C)c6ccc(C([*])(C)C)cc6)cc5)cc4)c3)cc2)cc1,IN_DOMAIN,0.5650938762280765,moderate,0.8390149555640071,0.8207672425973835,107.73487945544893,True,78.66249487600459,True,58.2581472578239,True
[*]c1ccc(Oc2ccc(C(=O)Nc3cccc(Oc4ccc(NC(=O)c5ccc(Oc6ccc(C(C)(C)c7cccc(C([*])(C)C)c7)cc6)cc5)cc4)c3)cc2)cc1,polyamide,420.15,438.8789482404251,18.728948240425098,425.0233098124087,452.7345866684414,13.855638428016363,0.92,[*]c1ccc(Oc2ccc(C(=O)Nc3ccc(NC(=O)c4ccc(Oc5ccc(C(C)(C)c6cccc(C([*])(C)C)c6)cc5)cc4)cc3)cc2)cc1,IN_DOMAIN,0.570742818385185,moderate,0.8371242946497572,0.8174652595414783,112.89957682082304,True,82.4334925519045,True,61.05098186417331,True
[*]c1ccc(Oc2ccc(C(=O)Oc3ccc(C4(c5ccc(OC(=O)c6ccc(Oc7ccc(C8([*])CCC(C(C)(C)C)CC8)cc7)cc6)cc5)C5CC6CC(C5)CC4C6)cc3)cc2)cc1,polyester,470.15,482.1012074763842,11.95120747638424,453.89731748412606,510.3050974686424,28.203889992258155,0.56060606,[*]c1ccc(OC(=O)c2ccc(Oc3ccc(C4(c5ccc(Oc6ccc(C(=O)Oc7ccc(C([*])(C)C)cc7)cc6)cc5)CCC(C(C)(C)C)CC4)cc3)cc2)cc1,IN_DOMAIN,0.4743619035222537,low,0.781958666530164,0.767246379066632,191.4479264910675,True,139.78547720799085,True,103.52637465319545,True
[*]c1ccc(Oc2ccc(C(=O)Oc3ccc(C4(c5ccc(OC(=O)c6ccc(Oc7ccc(C8([*])CCC(C(C)(C)C)CC8)cc7)cc6)cc5)CC5CC4C4CCCC54)cc3)cc2)cc1,polyester,454.15,500.72371829294457,46.57371829294459,473.0026979444438,528.4447386414453,27.72102034850073,0.5,[*]c1ccc(OC(=O)c2ccc(Oc3ccc(C4(c5ccc(Oc6ccc(C(=O)Oc7ccc(C([*])(C)C)cc7)cc6)cc5)CCC(C(C)(C)C)CC4)cc3)cc2)cc1,IN_DOMAIN,0.46686840216901043,low,0.7745396508832919,0.7689364228197829,188.8044954463032,True,137.8553791555785,True,102.09692677289718,True
[*]c1ccc(Oc2ccc(C(=O)Oc3ccc(C4(c5ccc(OC(=O)c6ccc(Oc7ccc(C8([*])CCC(C(C)(C)C)CC8)cc7)cc6)cc5)CCC(c5ccccc5)CC4)cc3)cc2)cc1,polyester,445.15,479.7484547842156,34.59845478421562,454.13890940079244,505.35800016763875,25.609545383423153,0.7118644,[*]c1ccc(OC(=O)c2ccc(Oc3ccc(C4(c5ccc(Oc6ccc(C(=O)Oc7ccc(C([*])(C)C)cc7)cc6)cc5)CCC(C(C)(C)C)CC4)cc3)cc2)cc1,IN_DOMAIN,0.5042235820478465,moderate,0.7998712127441496,0.7763265851975545,177.2453955006197,True,129.41551599478515,True,95.84628863038172,True
[*]c1ccc(Oc2ccc(C(=O)Oc3ccc(C4(c5ccc(OC(=O)c6ccc(Oc7ccc(C8([*])CCC(C(C)(C)C)CC8)cc7)cc6)cc5)CCCCCCCCCCC4)cc3)cc2)cc1,polyester,454.15,479.73074642707275,25.580746427072768,454.10349268650674,505.35800016763875,25.627253740566005,0.6721311,[*]c1ccc(OC(=O)c2ccc(Oc3ccc(C4(c5ccc(Oc6ccc(C(=O)Oc7ccc(C([*])(C)C)cc7)cc6)cc5)CCC(C(C)(C)C)CC4)cc3)cc2)cc1,IN_DOMAIN,0.49813869605591654,low,0.7992076350945679,0.7762646059475545,177.3423384781466,True,129.48629879522562,True,95.89871100546506,True
[*]c1ccc(Oc2ccc(C(=O)Oc3ccc(C45CC6CC(CC(C6)C4)C5)c(OC(=O)c4ccc(Oc5ccc(C6([*])CCC(C(C)(C)C)CC6)cc5)cc4)c3)cc2)cc1,polyester,453.15,507.33061199118623,54.180611991186254,483.3172558253957,531.3439681569768,24.013356165790526,0.47945204,[*]c1ccc(OC(=O)c2ccc(Oc3ccc(C4(c5ccc(Oc6ccc(C(=O)Oc7ccc(C([*])(C)C)cc7)cc6)cc5)CCC(C(C)(C)C)CC4)cc3)cc2)cc1,IN_DOMAIN,0.4742911308587049,low,0.7849030974309757,0.7819132474592686,168.5071859532666,True,123.03532262362756,True,91.12106035563404,True
[*]c1ccc(Oc2ccc(C(=O)c3ccc(-c4ccc(C(=O)c5ccc(Oc6ccc(C([*])(C)C)cc6)cc5)cc4)cc3)cc2)cc1,polyether,459.15,460.04478219395037,0.894782193950391,453.14916615079267,466.94039823710807,6.895616043157702,0.90625,[*]c1ccc(Oc2ccc(C(=O)c3ccc(C(=O)c4ccc(Oc5ccc(C([*])(C)C)cc5)cc4)cc3)cc2)cc1,IN_DOMAIN,0.590288337681185,moderate,0.8488139370432733,0.8418253378884836,74.79749382131187,True,54.61330169204868,True,40.44709969123901,True
[*]c1ccc(Oc2ccc(C(=O)c3ccc(C(=O)c4ccc(Oc5ccc(C([*])(C)C)cc5)s4)cc3)s2)cc1,polyether,427.15,470.0223787418244,42.872378741824434,437.8857678571416,502.1589896265072,32.136610884682796,0.675,[*]c1ccc(Oc2ccc(C(=O)c3ccc(C(=O)c4ccc(Oc5ccc(C([*])(C)C)cc5)cc4)cc3)cc2)cc1,IN_DOMAIN,0.48106052033117996,low,0.7670271345112721,0.7534818559431457,212.97729084815043,True,155.50511714245607,True,115.16848058418088,True
[*]c1ccc(Oc2ccc(C(=O)c3ccc(Oc4ccc(C(=O)c5ccc(Oc6ccc(C([*])(C)C)cc6)cc5)cc4)cc3)cc2)cc1,polyether,435.15,438.99627054138165,3.8462705413816707,433.98489916666534,444.00764191609795,5.011371374716305,1.0,[*]c1ccc(Oc2ccc(C(=O)c3ccc(C(=O)c4ccc(Oc5ccc(C([*])(C)C)cc5)cc4)cc3)cc2)cc1,IN_DOMAIN,0.6102224905285947,moderate,0.8511360468060197,0.8484201942280284,64.48234786653367,True,47.08171006717922,True,34.86913557175513,True
[*]c1ccc(Oc2ccc(C(=O)c3ccc(Oc4ccc(C(C)(C)C5CCC([*])(C)CC5)cc4)cc3)cc2)cc1,polyether,473.15,455.0082307385685,18.141769261431477,456.80798132539553,453.2084801517415,1.7997505868270025,0.53061223,[*]c1ccc(Oc2ccc(C(=O)c3ccc(C(C)(C)c4ccc(C(=O)c5ccc(Oc6ccc(C([*])(C)C)cc6)cc5)cc4)cc3)cc2)cc1,IN_DOMAIN,0.5493946640632024,moderate,0.8437176743750237,0.859660866985641,46.90058805936337,True,34.24440892818651,True,25.361715532162634,True
[*]c1ccc(Oc2ccc(C(=O)c3ccc(Oc4ccc(C([*])(C)C)cc4)s3)cc2)cc1,polyether,424.15,469.1503593965862,45.00035939658625,436.14172916666524,502.1589896265072,33.00863022992098,0.7,[*]c1ccc(Oc2ccc(C(=O)c3ccc(C(=O)c4ccc(Oc5ccc(C([*])(C)C)cc5)cc4)cc3)cc2)cc1,IN_DOMAIN,0.48262805063631337,low,0.7624322893564571,0.7504297882348121,217.7510906482382,True,158.9907014231603,True,117.74993547732801,True
[*]c1ccc(Oc2ccc(C(=O)c3ccc(Oc4ccc(C([*])(C)C)cc4)s3)s2)cc1,polyether,397.15,468.83364999655646,71.68364999655648,437.9485455555544,499.7187544375585,30.885104441002056,0.6,[*]c1ccc(Oc2ccc(C(=O)c3ccc(C(=O)c4ccc(Oc5ccc(C([*])(C)C)cc5)cc4)cc3)cc2)cc1,IN_DOMAIN,0.4730373544610328,low,0.7713314454794805,0.7578621284960283,206.12601943625324,True,150.50266942026465,True,111.46362305953232,True
[*]c1ccc(Oc2ccc(C(=O)c3ccc(Oc4ccc(C5([*])c6ccccc6C(=O)N5C)cc4)cc3)cc2)cc1,polyether,518.15,532.4260607757442,14.276060775744213,532.6005742857133,532.2515472657751,0.17451350996907422,0.7446808,[*]c1ccc(OC(=O)c2ccc(C(=O)Oc3ccc(C4([*])c5ccccc5C(=O)N4C)cc3)cc2)cc1,IN_DOMAIN,0.5865033513892869,moderate,0.8553174018238247,0.8653491967546437,38.003358341964805,True,27.74810716785533,True,20.550496345926504,True
[*]c1ccc(Oc2ccc(C(=O)c3ccc(Oc4ccc(S(=O)(=O)c5ccc(Oc6ccc(C([*])(C)C)cc6)cc5)cc4)cc3)cc2)cc1,polysulfone,448.15,456.28924856573576,8.139248565735784,456.3634884523797,456.2150086790918,0.07423988664396575,0.8055556,[*]c1ccc(Oc2ccc(C(=O)c3ccc(C(=O)c4ccc(Oc5ccc(C([*])(C)C)cc5)cc4)cc3)cc2)cc1,IN_DOMAIN,0.5961241124658336,moderate,0.8556617766833929,0.8657001544362816,37.45441845250314,True,27.34729935649217,True,20.253654496029828,True
[*]c1ccc(Oc2ccc(C(=O)c3ccc(P(=O)(c4ccccc4)c4ccc(C(=O)c5ccc(Oc6ccc(C([*])(C)C)cc6)cc5)cc4)cc3)cc2)cc1,polyether,468.15,446.9934667873589,21.15653321264108,454.03904181818086,439.947891756537,7.0455750308219365,0.8108108,[*]c1ccc(Oc2ccc(P(=O)(c3ccccc3)c3ccc(Oc4ccc(C([*])(C)C)cc4)cc3)cc2)cc1,IN_DOMAIN,0.5752739170473646,moderate,0.8484925136505373,0.8413004814316587,75.61843224342607,True,55.21270891048602,True,40.89102603827606,True
[*]c1ccc(Oc2ccc(C(=O)c3ccc4c(c3)C(=O)N(c3ccc(Cc5ccc(N6C(=O)c7ccc(C(=O)c8ccc(Oc9ccc(C%10([*])OC(=O)c%11ccccc%11%10)cc9)cc8)cc7C6=O)cc5)cc3)C4=O)cc2)cc1,polyimide,541.15,541.9669022920405,0.8169022920404814,517.0189026984121,566.9149018856687,24.947999593628253,0.6615385,[*]C(=O)c1ccc2c(c1)C(=O)N(c1ccc(Cc3ccc(N4C(=O)c5ccc(C(=O)c6ccc(Oc7ccc(Oc8ccc([*])cc8)cc7)cc6)cc5C4=O)cc3)cc1)C2=O,IN_DOMAIN,0.4984473253596578,low,0.8018246326495301,0.7786419954618365,173.62381625892385,True,126.77122419269752,True,93.8879024713677,True
[*]c1ccc(Oc2ccc(C(=O)c3ccc4c(c3)C(=O)N(c3ccc(Oc5ccc(N6C(=O)c7ccc(C(=O)c8ccc(Oc9ccc(C%10([*])OC(=O)c%11ccccc%11%10)cc9)cc8)cc7C6=O)cc5)cc3)C4=O)cc2)cc1,polyimide,533.15,526.5163569569474,6.63364304305253,505.6347473809514,547.3979665329434,20.88160957599601,0.7307692,[*]c1ccc(Oc2ccc(C(=O)c3ccc(Oc4ccc(C5([*])OC(=O)c6ccccc65)cc4)cc3)cc2)cc1,IN_DOMAIN,0.5206927869097419,moderate,0.8178367682384537,0.7928743605235494,151.36269102213285,True,110.51728991696187,True,81.85009337254073,True
[*]c1ccc(Oc2ccc(C(=O)c3ccc4c(c3)C(=O)N(c3ccc(Oc5ccc(N6C(=O)c7ccc(C(=O)c8ccc(Oc9ccc(C([*])(C)C)cc9)cc8)cc7C6=O)cc5)cc3)C4=O)cc2)cc1,polyimide,490.15,502.8734911613045,12.723491161304537,505.9102175396815,499.8367647829275,3.0367263783770113,0.9777778,[*]c1ccc(Oc2ccc(N3C(=O)c4ccc(C(=O)c5ccc6c(c5)C(=O)N(c5ccc(Oc7ccc(C([*])(C)C)cc7)cc5)C6=O)cc4C3=O)cc2)cc1,IN_DOMAIN,0.6130686574356826,moderate,0.8532182643977303,0.855331451715216,53.67231258435304,True,39.188775584938476,True,29.023557700273145,True
[*]c1ccc(Oc2ccc(C(=O)c3cccc4cccc(C(=O)c5ccc(Oc6ccc(C([*])(C)C)cc6)cc5)c34)cc2)cc1,polyether,483.65,459.3354501080239,24.31454989197607,449.7674790476179,468.9034211684299,9.567971060405995,0.7380952,[*]c1ccc(Oc2ccc(C(=O)c3ccccc3-c3ccccc3C(=O)c3ccc(Oc4ccc(C([*])(C)C)cc4)cc3)cc2)cc1,IN_DOMAIN,0.5562815296837484,moderate,0.8445304326136186,0.8324720953281145,89.42708652102304,True,65.29508150742359,True,48.35812135970621,True
[*]c1ccc(Oc2ccc(C(=O)c3ccccc3)c(-c3cc(Oc4ccc(C([*])(C)C)cc4)ccc3C(=O)c3ccccc3)c2)cc1,polyether,429.15,447.3691994463134,18.21919944631344,450.90348240079254,443.8349164918343,3.5342829544791243,0.75609756,[*]c1ccc(Oc2ccc(C(=O)c3ccccc3-c3ccccc3C(=O)c3ccc(Oc4ccc(C([*])(C)C)cc4)cc3)cc2)cc1,IN_DOMAIN,0.5778509968598813,moderate,0.8523607722610201,0.8535900036988585,56.39614605949211,True,41.17757937684154,True,30.496483576298864,True
[*]c1ccc(Oc2ccc(C(C)(C)c3ccccc3)cc2)c(N2C(=O)c3ccc(-c4ccc5c(c4)C(=O)N([*])C5=O)cc3C2=O)c1,polyimide,548.15,570.7051658783872,22.555165878387243,575.2949383722947,566.1153933844797,4.589772493907503,0.56363636,[*]c1ccc(C)c(N2C(=O)c3ccc(-c4ccc5c(c4)C(=O)N([*])C5=O)cc3C2=O)c1,IN_DOMAIN,0.5455578581163523,moderate,0.8450344232297607,0.8498957903108592,62.17433868770915,True,45.39651989366506,True,33.621068657010305,True
[*]c1ccc(Oc2ccc(C(C)(C)c3ccccc3)cc2)c(N2C(=O)c3ccc(C(=O)c4ccc5c(c4)C(=O)N([*])C5=O)cc3C2=O)c1,polyimide,540.15,532.129158605966,8.020841394033937,529.6505493722939,534.6077678396382,2.4786092336721595,0.5492958,[*]c1ccc(-c2ccc(N3C(=O)c4ccc(C(=O)Oc5ccc(C(C)(C)c6ccc(OC(=O)c7ccc8c(c7)C(=O)N([*])C8=O)cc6)cc5)cc4C3=O)cc2C)c(C)c1,IN_DOMAIN,0.5500175412551251,moderate,0.8456426697723196,0.857284861721683,50.616945145125136,True,36.957902661077604,True,27.371353260067625,True
[*]c1ccc(Oc2ccc(C(O)C(O)c3ccc(Oc4ccc(C([*])(C)C)cc4)cc3)cc2)cc1,polyether,424.15,411.02467664965457,13.125323350345411,411.5061613095228,410.5431919897864,0.4814846598681868,0.8076923,[*]c1ccc(Oc2ccc(Oc3ccc(Oc4ccc(C([*])(C)C)cc4)cc3)cc2)cc1,IN_DOMAIN,0.5951979012023896,moderate,0.8553422702798434,0.8642747977299968,39.68384722334488,True,28.975114138011236,True,21.45922868230101,True
[*]c1ccc(Oc2ccc(C(c3ccc(Oc4ccc(-c5ccc([*])s5)cc4C(F)(F)F)cc3)(C(F)(F)F)C(F)(F)F)cc2)c(C(F)(F)F)c1,fluoropolymer,428.15,454.7072805249614,26.557280524961413,460.009880515872,449.4046805340508,5.302599990910608,0.5,[*]c1ccc(Oc2ccc(C(c3ccc(Oc4ccc(-n5c(=O)c6cc7c(=O)n([*])c(=O)c7cc6c5=O)cc4C(F)(F)F)cc3)(C(F)(F)F)C(F)(F)F)cc2)c(C(F)(F)F)c1,IN_DOMAIN,0.5340806336603844,moderate,0.8342125272236068,0.8474008940713483,66.07665551275736,True,48.245791910364524,True,35.73126499629663,True
[*]c1ccc(Oc2ccc(C(c3ccc(Oc4ccc(-c5cccc([*])n5)cc4C(F)(F)F)cc3)(C(F)(F)F)C(F)(F)F)cc2)c(C(F)(F)F)c1,fluoropolymer,426.15,464.90771752602313,38.75771752602316,465.6285920268607,464.1868430251856,0.7208745008375388,0.4923077,[*]c1ccc(Oc2ccc(C(c3ccc(Oc4ccc(-n5c(=O)c6cc7c(=O)n([*])c(=O)c7cc6c5=O)cc4C(F)(F)F)cc3)(C(F)(F)F)C(F)(F)F)cc2)c(C(F)(F)F)c1,IN_DOMAIN,0.5472015211073384,moderate,0.8367970932504892,0.8634369332866041,40.99436766214362,True,29.93198908717322,False,22.16789882788276,False
[*]c1ccc(Oc2ccc(C(c3ccc(Oc4ccc(-c5cnc([*])o5)cc4C(F)(F)F)cc3)(C(F)(F)F)C(F)(F)F)cc2)c(C(F)(F)F)c1,fluoropolymer,478.15,462.83846273196673,15.311537268033248,464.7469582539672,460.92996720996626,1.9084955220004645,0.47058824,[*]c1ccc(Oc2ccc(C(c3ccc(Oc4ccc(-n5c(=O)c6cc7c(=O)n([*])c(=O)c7cc6c5=O)cc4C(F)(F)F)cc3)(C(F)(F)F)C(F)(F)F)cc2)c(C(F)(F)F)c1,IN_DOMAIN,0.5404397927689599,moderate,0.8291509939208049,0.8592802597125339,47.495903464493324,True,34.67907776749223,True,25.683635162204585,True
[*]c1ccc(Oc2ccc(C(c3ccc(Oc4ccc(-c5nnc([*])c6c(-c7ccc(F)cc7)c(-c7ccc(F)cc7)c(-c7ccc(F)cc7)c(-c7ccc(F)cc7)c56)cc4)cc3)(C(F)(F)F)C(F)(F)F)cc2)cc1,fluoropolymer,561.15,538.464369604623,22.68563039537696,544.462507489177,532.466231720069,5.998137884554012,0.5714286,[*]C(=O)c1ccc(Oc2ccc(-c3nnc(-c4ccc(Oc5ccc([*])cc5)cc4)c4c(-c5ccc(F)cc5)c(-c5ccc(F)cc5)c(-c5ccc(F)cc5)c(-c5ccc(F)cc5)c34)cc2)cc1,IN_DOMAIN,0.5423135191910374,moderate,0.8441158909602239,0.8449665114435965,69.88432179419911,True,51.02595494454054,True,37.79027860501947,True
[*]c1ccc(Oc2ccc(C(c3ccc(Oc4ccc(-c5nnc([*])n5-c5ccc(S(=O)(=O)c6ccccc6)cc5)cc4)cc3)(C(F)(F)F)C(F)(F)F)cc2)cc1,fluoropolymer,484.15,510.8022440421964,26.6522440421964,501.1437990476178,520.460689036775,9.658444994578588,0.8363636,[*]c1ccc(Oc2ccc(C(c3ccc(Oc4ccc(-c5nnc([*])n5-c5ccc(S(C)(=O)=O)cc5)cc4)cc3)(C(F)(F)F)C(F)(F)F)cc2)cc1,IN_DOMAIN,0.5710293239686792,moderate,0.8447645703117138,0.8321554365585104,89.9223788000588,True,65.6567185794536,True,48.625953009712,True
[*]c1ccc(Oc2ccc(C(c3ccc(Oc4ccc(N5C(=O)CC(=O)N([*])C5=S)cc4)cc3)(C(F)(F)F)C(F)(F)F)cc2)cc1,fluoropolymer,420.15,556.5487293653528,136.39872936535278,561.691787699855,551.4056710308506,5.1430583345022,0.5714286,[*]c1ccc(Oc2ccc(C(c3ccc(Oc4ccc(N5C(=O)c6ccc7c8c(ccc(c68)C5=O)C(=O)N([*])C7=O)cc4)cc3)(C(F)(F)F)C(F)(F)F)cc2)cc1,IN_DOMAIN,0.5449813132042177,moderate,0.8451270231190701,0.8479592898687778,65.20325754099551,False,47.608081413766804,False,35.25897089887177,False
[*]c1ccc(Oc2ccc(C(c3ccc(Oc4ccc(P([*])(=O)c5ccccc5)cc4)cc3)(C(F)(F)F)C(F)(F)F)cc2)cc1,fluoropolymer,483.65,457.92357068600074,25.726429313999233,457.25741793650667,458.5897234354949,0.6661527494941026,0.7567568,[*]c1ccc(Oc2ccc(C(c3ccc(Oc4ccc(P([*])(C)=O)cc4)cc3)(C(F)(F)F)C(F)(F)F)cc2)cc1,IN_DOMAIN,0.586835449890456,moderate,0.8549940178781793,0.8636284594163062,40.69479783373299,True,29.713258531094574,True,22.005905021737885,False
[*]c1ccc(Oc2ccc(C(c3ccccc3)(c3ccc(Oc4ccc(P([*])(C)=O)cc4)cc3)C(F)(F)F)cc2)cc1,fluoropolymer,502.15,482.9675898265979,19.182410173402104,487.53070816111523,478.4044714920805,4.563118334517355,0.7631579,[*]c1ccc(Oc2ccc(C(c3ccc(Oc4ccc(P([*])(C)=O)cc4)cc3)(C(F)(F)F)C(F)(F)F)cc2)cc1,IN_DOMAIN,0.5757277683162637,moderate,0.8513100538644472,0.8499890798687247,62.02842263497131,True,45.289979460252646,True,33.542163859133794,True
[*]c1ccc(Oc2ccc(C(c3ccccc3)(c3ccccc3)c3ccc(Oc4ccc(-c5nc([*])nc(-c6ccccc6)n5)cc4)cc3)cc2)cc1,polyether,534.15,479.53620919914414,54.61379080085584,490.6705936507927,468.4018247474956,11.134384451648543,0.5121951,[*]c1ccc(Oc2ccc(-c3nc(-c4ccccc4)nc(-c4ccc(Oc5ccc(C([*])(C)C)cc5)cc4)n3)cc2)cc1,IN_DOMAIN,0.5176528829553834,moderate,0.8284775103406959,0.8269896484587657,98.00229070061152,True,71.55625670200403,True,52.99520370838939,False
[*]c1ccc(Oc2ccc(C(c3ccccc3)(c3ccccc3)c3ccc(Oc4ccc(S([*])(=O)=O)cc4)cc3)cc2)cc1,polysulfone,503.15,479.43594295469245,23.714057045307527,479.08059648773326,479.7912894216517,0.3553464669592188,0.75,[*]c1ccc(Oc2ccc(Oc3ccc(Oc4ccc(S([*])(=O)=O)cc4)cc3)cc2)cc1,IN_DOMAIN,0.5867598183948085,moderate,0.8552071167110163,0.8647162814051782,38.99331382706134,True,28.47092199502633,True,21.085819471741985,False
[*]c1ccc(Oc2ccc(C3(c4ccc(Oc5ccc(-c6ccc([*])s6)cc5C(F)(F)F)cc4)c4ccccc4-c4ccccc43)cc2)c(C(F)(F)F)c1,fluoropolymer,442.15,471.1870265420562,29.037026542056196,475.7252081349194,466.648844949193,4.538181592863197,0.49275362,[*]C(=O)c1ccc(Oc2ccc(C3(c4ccc(Oc5ccc(C(=O)c6ccc([*])cc6)cc5C(F)(F)F)cc4)c4ccccc4-c4ccccc43)cc2)c(C(F)(F)F)c1,IN_DOMAIN,0.5354251051714835,moderate,0.8332687449767188,0.8500763584645142,61.89190844755847,True,45.190303787692905,True,33.468343164542794,True
[*]c1ccc(Oc2ccc(C3(c4ccc(Oc5ccc(-c6cccc([*])n6)cc5C(F)(F)F)cc4)c4ccccc4-c4ccccc43)cc2)c(C(F)(F)F)c1,fluoropolymer,455.65,477.31695326807096,21.666953268070984,477.18760920634776,477.44629732979416,0.12934406172320223,0.5072464,[*]C(=O)c1ccc(Oc2ccc(C3(c4ccc(Oc5ccc(C(=O)c6ccc([*])cc6)cc5C(F)(F)F)cc4)c4ccccc4-c4ccccc43)cc2)c(C(F)(F)F)c1,IN_DOMAIN,0.5511673751902901,moderate,0.84083393795367,0.8655072898235042,37.7560818289107,True,27.567558514165896,True,20.41678039818774,False
[*]c1ccc(Oc2ccc(C3(c4ccc(Oc5ccc(-c6nc(-c7ccccn7)nnc6[*])cc5)cc4)c4ccccc4-c4ccccc43)cc2)cc1,polyether,550.15,511.1145716967259,39.0354283032741,512.6234931962467,509.60565019720497,1.5089214995208806,0.45454547,[*]C(=O)c1ccc(Oc2ccc(C3(c4ccc(Oc5ccc([*])cc5)cc4)c4ccccc4-c4ccccc43)cc2)cc1,IN_DOMAIN,0.5394123533512013,moderate,0.8232788473147131,0.8606787687912124,45.30846760191818,True,33.08192405830224,False,24.50076884033112,False
[*]c1ccc(Oc2ccc(C3(c4ccc(Oc5ccc(-c6nnc([*])c7c(-c8ccc(F)cc8)c(-c8ccc(F)cc8)c(-c8ccc(F)cc8)c(-c8ccc(F)cc8)c67)cc5)cc4)c4ccccc4-c4ccccc43)cc2)cc1,polyether,594.15,545.4820541801184,48.66794581988154,541.0922755050497,549.8718328551871,4.389778675068726,0.51666665,[*]C(=O)c1ccc(Oc2ccc(-c3nnc(-c4ccc(Oc5ccc([*])cc5)cc4)c4c(-c5ccc(F)cc5)c(-c5ccc(F)cc5)c(-c5ccc(F)cc5)c(-c5ccc(F)cc5)c34)cc2)cc1,IN_DOMAIN,0.5393275268372857,moderate,0.8387709175094019,0.850595768676795,61.07948860484709,True,44.597116399936326,False,33.02902327973771,False
[*]c1ccc(Oc2ccc(C3(c4ccc(Oc5ccc(-c6nnc([*])c7c(-c8ccccc8)c(-c8ccc9ccccc9c8)c(-c8ccc9ccccc9c8)c(-c8ccccc8)c67)cc5)cc4)c4ccccc4-c4ccccc43)cc2)cc1,polyether,607.15,556.2599071708071,50.890092829192895,557.2340157647906,555.2857985768237,0.9741085939834306,0.53968257,[*]C(=O)c1ccc(Oc2ccc(-c3nnc(-c4ccc(Oc5ccc([*])cc5)cc4)c4c(-c5ccccc5)c(-c5ccc6ccccc6c5)c(-c5ccc6ccccc6c5)c(-c5ccccc5)c34)cc2)cc1,IN_DOMAIN,0.553267464497658,moderate,0.8457556496386659,0.8625506139605935,42.380677346483324,False,30.944201464372966,False,22.91755236760392,False
[*]c1ccc(Oc2ccc(C3(c4ccc(Oc5ccc(N6C(=O)CC(=O)N([*])C6=S)cc5)cc4)c4ccccc4-c4ccccc43)cc2)cc1,polyamide,448.15,578.4897271944195,130.33972719441954,576.846166321789,580.13328806705,1.6435608726304736,0.50980395,[*]C(=O)c1ccc(Oc2ccc(C3(c4ccc(Oc5ccc([*])cc5)cc4)c4ccccc4-c4ccccc43)cc2)cc1,IN_DOMAIN,0.5468650880510363,moderate,0.8401077427658902,0.8602075309853289,46.045540025763266,False,33.62009661724528,False,24.89934425086755,False
[*]c1ccc(Oc2ccc(C3(c4ccc(Oc5ccc(P([*])(C)=O)cc5)cc4)OC(=O)c4ccccc43)cc2)cc1,polyester,536.15,515.2557482359849,20.894251764015053,519.3512459956698,511.16025047629995,4.095497759684946,0.575,[*]c1ccc(Oc2ccc(Oc3ccc(P([*])(C)=O)cc3)cc2)cc1,IN_DOMAIN,0.5487730483389639,moderate,0.8465837882091344,0.8516257518806382,59.4684713920982,True,43.42083408650579,True,32.157858077812314,True
[*]c1ccc(Oc2ccc(C3(c4ccc(Oc5ccc(S([*])(=O)=O)cc5)cc4)C4CC5CC(C4)CC3C5)cc2)cc1,polysulfone,570.15,479.8532504207569,90.29674957924306,464.5056795817501,495.2008212597638,15.347570839006863,0.5833333,[*]c1ccc(Oc2ccc(Oc3ccc(Oc4ccc(S([*])(=O)=O)cc4)cc3)cc2)cc1,IN_DOMAIN,0.515072059318534,moderate,0.8289177019364106,0.8122434961030115,121.06704086187085,True,88.39695676633798,False,65.46757679825042,False
[*]c1ccc(Oc2ccc(C3(c4ccc(Oc5ccc(S([*])(=O)=O)cc5)cc4)CC4CCC3C4)cc2)cc1,polysulfone,523.15,497.4695339617384,25.680466038261557,488.8994449785757,506.0396229449011,8.57008898316272,0.525,[*]c1ccc(Oc2ccc(Oc3ccc(Oc4ccc(S([*])(=O)=O)cc4)cc3)cc2)cc1,IN_DOMAIN,0.527490287331902,moderate,0.8349570899024118,0.835964682598466,83.96426131322451,True,61.306406139808225,True,45.40407270797606,True
[*]c1ccc(Oc2ccc(C3(c4ccc(Oc5ccc(S([*])(=O)=O)cc5)cc4)CCCC3)cc2)cc1,polysulfone,503.15,478.6995729935029,24.45042700649708,477.3556697246071,480.04347626239877,1.3439032688958434,0.65625,[*]c1ccc(Oc2ccc(Oc3ccc(Oc4ccc(S([*])(=O)=O)cc4)cc3)cc2)cc1,IN_DOMAIN,0.5694546657183888,moderate,0.8531280712090715,0.8612563325984001,44.40508856489295,True,32.42232292234448,True,24.012262339607645,False
[*]c1ccc(Oc2ccc(C3(c4ccc(Oc5ccc(S([*])(=O)=O)cc5)cc4)CCCCC3)cc2)cc1,polysulfone,499.15,478.3858134696934,20.764186530306574,476.7281506769881,480.04347626239877,1.657662792705338,0.6363636,[*]c1ccc(Oc2ccc(Oc3ccc(Oc4ccc(S([*])(=O)=O)cc4)cc3)cc2)cc1,IN_DOMAIN,0.5654891441424871,moderate,0.852278750214242,0.8601581742650668,46.12273985349857,True,33.67646398020472,True,24.94109042402164,True
[*]c1ccc(Oc2ccc(C3(c4ccc(Oc5ccc(S([*])(=O)=O)cc5)cc4)CCCCCC3)cc2)cc1,polysulfone,520.15,478.3858134696934,41.764186530306574,476.7281506769881,480.04347626239877,1.657662792705338,0.6363636,[*]c1ccc(Oc2ccc(Oc3ccc(Oc4ccc(S([*])(=O)=O)cc4)cc3)cc2)cc1,IN_DOMAIN,0.5654891441424871,moderate,0.852278750214242,0.8601581742650668,46.12273985349857,True,33.67646398020472,False,24.94109042402164,False
[*]c1ccc(Oc2ccc(C34CC5CC(C3)CC(c3ccc(Oc6ccc(S([*])(=O)=O)cc6)cc3)(C5)C4)cc2)cc1,polysulfone,515.15,487.0870618864486,28.062938113551354,473.5352267852131,500.63889698768406,13.551835101235469,0.5675676,[*]c1ccc(Oc2ccc(Oc3ccc(Oc4ccc(S([*])(=O)=O)cc4)cc3)cc2)cc1,IN_DOMAIN,0.5182519083116597,moderate,0.8315801106392972,0.8185285711852114,111.23642993242862,True,81.21914781742628,True,60.151627292791986,True
[*]c1ccc(Oc2ccc(N(c3ccc(OC)cc3)c3ccc4ccc(N([*])c5ccc(OC)cc5)cc4c3)cc2)cc1,polyether,470.15,460.3074358853728,9.84256411462718,453.15358902669436,467.46128274405123,7.153846858678435,0.5681818,[*]c1ccc(Oc2ccc(N(c3ccccc3)c3ccc(-c4ccc(N([*])c5ccccc5)cc4)cc3)cc2)cc1,IN_DOMAIN,0.538226789989366,moderate,0.842357794446153,0.8409215300341609,76.21115766058446,True,55.64548667313605,True,41.21154512003312,True
[*]c1ccc(Oc2ccc(N3C(=O)C(=O)N(CCCCCCN4C(=O)C(=O)N([*])C4=O)C3=O)cc2)cc1,polyamide,445.15,426.9949072423742,18.155092757625766,427.1261699215075,426.86364456324094,0.13126267913327183,0.42592594,[*]c1ccc(N2C(=O)c3c(c(-c4ccccc4)c(-c4ccc(Oc5ccc(-c6c(-c7ccccc7)c7c(c(-c8ccccc8)c6-c6ccccc6)C(=O)N([*])C7=O)cc5)cc4)c(-c4ccccc4)c3-c3ccccc3)C2=O)cc1,IN_DOMAIN,0.539667768557761,moderate,0.8098149706629524,0.8486487322591573,37.76658514567615,True,27.57522749848573,True,20.422460116565947,True
[*]c1ccc(Oc2ccc(N3C(=O)C(=O)N(c4ccccc4CCc4ccc(N5C(=O)C(=O)N([*])C5=O)cc4)C3=O)cc2)cc1,polyamide,481.15,497.45574742613576,16.30574742613578,499.1102597619038,495.80123509036775,1.6545123357680325,0.36666667,[*]c1ccc(N2C(=O)c3c(c(-c4ccccc4)c(-c4ccc(Oc5ccc(-c6c(-c7ccccc7)c7c(c(-c8ccccc8)c6-c6ccccc6)C(=O)N([*])C7=O)cc5)cc4)c(-c4ccccc4)c3-c3ccccc3)C2=O)cc1,IN_DOMAIN,0.5268992267149237,moderate,0.7603910851660777,0.8018358933596935,46.105492930274195,True,33.66387115960083,True,24.93176406845296,True
[*]c1ccc(Oc2ccc(N3C(=O)C4CCC(C5CCC6C(=O)N(c7ccc(Oc8ccc(C([*])(C)C)cc8)cc7)C(=O)C6C5)CC4C3=O)cc2)cc1,polyether,498.15,509.24568298542357,11.095682985423593,502.6176768253956,515.8736891454515,6.628006160027951,0.5283019,[*]c1ccc(Oc2ccc(N3C(=O)c4ccc(Oc5ccc6c(c5)C(=O)N(c5ccc(Oc7ccc(C([*])(C)C)cc7)cc5)C6=O)cc4C3=O)cc2)cc1,IN_DOMAIN,0.5340318616630793,moderate,0.8381600808190255,0.8427619724794376,73.33248503043767,True,53.543627255246626,True,39.65488923623915,True
[*]c1ccc(Oc2ccc(N3C(=O)C4CCC5C(=O)N([*])C(=O)C5C4C3=O)cc2)cc1,polyamide,615.15,567.7248698744315,47.425130125568444,578.2837538109668,557.1659859378962,10.558883936535324,0.52272725,[*]C1CCC2C(=O)N(c3ccc(Oc4ccc(N5C(=O)C6CCC([*])CC6C5=O)cc4)cc3)C(=O)C2C1,IN_DOMAIN,0.5209646722645134,moderate,0.8314354744861309,0.8290039002616619,94.85175939760758,True,69.2558999955047,True,51.291538957303025,True
[*]c1ccc(Oc2ccc(N3C(=O)C4CCC5C(=O)N(c6ccc(Oc7ccc(C([*])(C)C)cc7)cc6)C(=O)C5C4C3=O)cc2)cc1,polyether,536.65,502.9875751113588,33.66242488864117,503.1227546825384,502.8523955401792,0.13517957117960577,0.5625,[*]c1ccc(Oc2ccc(-n3c(=O)c4cc5c(=O)n(-c6ccc(Oc7ccc(C([*])(C)C)cc7)cc6)c(=O)c5cc4c3=O)cc2)cc1,IN_DOMAIN,0.5591950468405756,moderate,0.8490983717213617,0.8654868655404069,37.78802785628786,True,27.59088386829045,False,20.434055364072957,False
[*]c1ccc(Oc2ccc(N3C(=O)CC(=O)N(c4ccc(Oc5ccc(C([*])(C)C)cc5)cc4)C3=S)cc2)cc1,polyether,423.15,494.9851261771818,71.83512617718185,499.80145682539563,490.168795528968,4.816330648213807,0.5833333,[*]c1ccc(Oc2ccc(N3C(=O)c4ccc(Oc5ccc6c(c5)C(=O)N(c5ccc(Oc7ccc(C([*])(C)C)cc7)cc5)C6=O)cc4C3=O)cc2)cc1,IN_DOMAIN,0.5477600301121482,moderate,0.8464431959357356,0.8491028367707872,63.414613089466,False,46.302104781922,False,34.29175292475053,False
[*]c1ccc(Oc2ccc(N3C(=O)CC(C)(SCCOCCSC4(C)CC(=O)N(c5ccc(Oc6ccc(N7C(=O)C(C)C(SCCOCCSC8C(=O)N([*])C(=O)C8C)C7=O)cc6)cc5)C4=O)C3=O)cc2)cc1,polyamide,418.15,470.3265864237138,52.17658642371384,463.5351769841256,477.1179958633021,6.79140943958825,0.5394737,[*]CCCCCCN1C(=O)CC(C)(SCCOCCSC2(C)CC(=O)N(CCCCCCN3C(=O)C(C)C(SCCOCCSC4C(=O)N([*])C(=O)C4C)C3=O)C2=O)C1=O,IN_DOMAIN,0.5351481098826891,moderate,0.8396076496670987,0.8421900610009766,74.22702314769191,True,54.19677320408486,True,40.138614967647094,False
[*]c1ccc(Oc2ccc(N3C(=O)CC4C(CC5C(=O)N([*])C(=O)C54)C3=O)cc2)cc1,polyamide,623.15,561.9533718588825,61.19662814111746,574.7202254632033,549.1865182545616,12.76685360432083,0.48214287,[*]CC(c1ccccc1)C1C(=O)N(c2ccc(Oc3ccccc3)cc2)C(=O)C1[*],IN_DOMAIN,0.5082863396175714,moderate,0.8179904431586668,0.8212760064244126,106.93911183563783,True,78.08146608911326,True,57.82783214156543,False
[*]c1ccc(Oc2ccc(N3C(=O)N4C(c5ccc(OC)cc5)N([*])C(=O)N4C3c3ccc(OC)cc3)cc2)cc1,polyamide,436.15,552.7333941696079,116.58339416960791,564.6771580533909,540.789630285825,11.943763883782992,0.41379312,[*]c1ccc(Oc2ccc(-n3c(=O)c4c(Oc5ccc(OC)cc5)c5c(=O)n([*])c(=O)c5c(Oc5ccc(OC)cc5)c4c3=O)cc2)cc1,IN_DOMAIN,0.501260439843858,moderate,0.7872011953091952,0.7988120016158049,102.43317333230729,False,74.7914604175851,False,55.39122451561749,False
[*]c1ccc(Oc2ccc(N3C(=O)c4c(c(-c5ccccc5)c(-c5ccc(-c6c(-c7ccccc7)c7c(c(-c8ccccc8)c6-c6ccccc6)C(=O)N([*])C7=O)cc5)c(-c5ccccc5)c4-c4ccccc4)C3=O)cc2)cc1,polyimide,686.15,596.6738823066668,89.47611769333321,590.5059092712843,602.8418553420493,6.167973035382488,0.9189189,[*]c1ccc(N2C(=O)c3c(c(-c4ccccc4)c(-c4ccc(Oc5ccc(-c6c(-c7ccccc7)c7c(c(-c8ccccc8)c6-c6ccccc6)C(=O)N([*])C7=O)cc5)cc4)c(-c4ccccc4)c3-c3ccccc3)C2=O)cc1,IN_DOMAIN,0.594476847401321,moderate,0.8497434073751478,0.8443720884156968,70.81407067362495,False,51.70480998975409,False,38.2930447231436,False
[*]c1ccc(Oc2ccc(N3C(=O)c4c(c(-c5ccccc5)c(-c5ccc(Oc6ccc(-c7c(-c8ccccc8)c8c(c(-c9ccccc9)c7-c7ccccc7)C(=O)N([*])C8=O)cc6)cc5)c(-c5ccccc5)c4-c4ccccc4)C3=O)cc2)cc1,polyimide,633.15,596.6738823066668,36.47611769333321,590.5059092712843,602.8418553420493,6.167973035382488,0.9189189,[*]c1ccc(N2C(=O)c3c(c(-c4ccccc4)c(-c4ccc(Oc5ccc(-c6c(-c7ccccc7)c7c(c(-c8ccccc8)c6-c6ccccc6)C(=O)N([*])C7=O)cc5)cc4)c(-c4ccccc4)c3-c3ccccc3)C2=O)cc1,IN_DOMAIN,0.594476847401321,moderate,0.8497434073751478,0.8443720884156968,70.81407067362495,True,51.70480998975409,True,38.2930447231436,True
[*]c1ccc(Oc2ccc(N3C(=O)c4ccc(-c5ccc(-c6ccc(-c7ccc(-c8ccc(-c9ccc%10c(c9)C(=O)N(c9ccc(Oc%11ccc(C([*])(C)C)cc%11)cc9)C%10=O)cc8)cc7)cc6)cc5)cc4C3=O)cc2)cc1,polyimide,509.15,520.2661327088358,11.116132708835835,515.8657406349198,524.6665247827519,4.400392073916066,0.9756098,[*]c1ccc(Oc2ccc(N3C(=O)c4ccc(-c5ccc6c(c5)C(=O)N(c5ccc(Oc7ccc(C([*])(C)C)cc7)cc5)C6=O)cc4C3=O)cc2)cc1,IN_DOMAIN,0.6085030607611804,moderate,0.8518099305291146,0.8505586217808293,61.13759080357968,True,44.63953965165562,True,33.060442319392045,True
[*]c1ccc(Oc2ccc(N3C(=O)c4ccc(C(=O)Nc5ccc(Oc6ccc(-c7ccc(Oc8ccc(NC(=O)c9ccc%10c(c9)C(=O)N(c9ccc(Oc%11ccc(C([*])(C)C)cc%11)cc9)C%10=O)cc8)cc7)cc6)cc5)cc4C3=O)cc2)cc1,polyimide,556.15,527.2380410123139,28.911958987686035,530.8868845238082,523.5891975008198,3.648843511494249,0.73214287,[*]c1ccc(Oc2ccc(N3C(=O)c4ccc(C(=O)c5ccc6c(c5)C(=O)N(c5ccc(Oc7ccc(C([*])(C)C)cc7)cc5)C6=O)cc4C3=O)cc2)cc1,IN_DOMAIN,0.5738348075455743,moderate,0.8520823860561147,0.8531890417493057,57.02329861885118,True,41.63549407667148,True,30.83561929855463,True
[*]c1ccc(Oc2ccc(N3C(=O)c4ccc(C(=O)Nc5ccc(Oc6ccccc6-c6ccccc6Oc6ccc(NC(=O)c7ccc8c(c7)C(=O)N(c7ccc(Oc9ccc(C([*])(C)C)cc9)cc7)C8=O)cc6)cc5)cc4C3=O)cc2)cc1,polyimide,502.15,518.3090866126415,16.159086612641545,530.191713968253,506.42645925703005,11.882627355611476,0.69491524,[*]c1ccc(Oc2ccc(N3C(=O)c4ccc(C(=O)c5ccc6c(c5)C(=O)N(c5ccc(Oc7ccc(C([*])(C)C)cc7)cc5)C6=O)cc4C3=O)cc2)cc1,IN_DOMAIN,0.5425071638957317,moderate,0.8401290838756529,0.8243707982948953,102.09848632386307,True,74.54708909401857,True,55.2102409277416,True
[*]c1ccc(Oc2ccc(N3C(=O)c4ccc(Oc5ccc(C(C)(C)c6ccc(Oc7ccc8c(c7)C(=O)N(c7ccc(Oc9ccc(C([*])(C)C)cc9)cc7)C8=O)cc6)cc5)cc4C3=O)cc2)cc1,polyimide,449.15,497.42035386392115,48.27035386392117,498.54513158730055,496.2955761405418,1.124777723379367,0.84444445,[*]c1ccc(Oc2ccc(N3C(=O)c4ccc(Oc5ccc6c(c5)C(=O)N(c5ccc(Oc7ccc(C([*])(C)C)cc7)cc5)C6=O)cc4C3=O)cc2)cc1,IN_DOMAIN,0.5988327932700044,moderate,0.8548809959279375,0.8620232720077078,43.205503382416346,False,31.546447219444396,False,23.363580960259878,False
[*]c1ccc(Oc2ccc(N3C(=O)c4ccc(Oc5ccc(C6(c7ccc(Oc8ccc9c(c8)C(=O)N(c8ccc(Oc%10ccc(C%11([*])CCC(C(C)(C)C)CC%11)cc%10)cc8)C9=O)cc7)CCC(c7ccccc7)CC6)cc5)cc4C3=O)cc2)cc1,polyimide,516.15,516.6621523593928,0.5121523593928714,494.354224126983,538.9700805918026,22.30792823240978,0.53521127,[*]c1ccc(NC(=O)c2ccc3c(c2)C(=O)N(c2ccc(C4([*])CCC(C(C)(C)C)CC4)cc2)C3=O)cc1,IN_DOMAIN,0.4872273861544929,low,0.8035116423232458,0.7878822452261013,159.17095783872475,True,116.21848670258255,True,86.07245070313486,True
[*]c1ccc(Oc2ccc(N3C(=O)c4ccc(Oc5ccc(C6(c7ccc(Oc8ccc9c(c8)C(=O)N(c8ccc(Oc%10ccc(C%11([*])CCC(C(C)(C)C)CC%11)cc%10)cc8)C9=O)cc7)CCCCCCCCCCC6)cc5)cc4C3=O)cc2)cc1,polyimide,527.15,516.6621523593928,10.487847640607129,494.354224126983,538.9700805918026,22.30792823240978,0.5277778,[*]c1ccc(NC(=O)c2ccc3c(c2)C(=O)N(c2ccc(C4([*])CCC(C(C)(C)C)CC4)cc2)C3=O)cc1,IN_DOMAIN,0.4861462179834781,low,0.8023715842826269,0.7878822452261013,159.17095783872475,True,116.21848670258255,True,86.07245070313486,True
[*]c1ccc(Oc2ccc(NC(=O)CN3C(=O)c4ccc(C(c5ccc6c(c5)C(=O)N(CC(=O)Nc5ccc(Oc7ccc(C([*])(C)C)cc7)cc5)C6=O)(C(F)(F)F)C(F)(F)F)cc4C3=O)cc2)cc1,fluoropolymer,497.15,487.4710288014264,9.67897119857355,479.179084418913,495.76297318393983,8.291944382513407,0.6865672,[*]CN1C(=O)c2ccc(C(c3ccc4c(c3)C(=O)N(CC(=O)Nc3ccc(Oc5ccc(Oc6ccc(NC([*])=O)cc6)cc5)cc3)C4=O)(C(F)(F)F)C(F)(F)F)cc2C1=O,IN_DOMAIN,0.5524129813693519,moderate,0.8458833766960442,0.8369381887007387,82.44158105822112,True,60.19462295164835,True,44.58067613510244,True
[*]c1ccc(Oc2ccc(NC(=O)c3ccc(N4C(=O)c5ccc(C(=O)Nc6ccc(Oc7ccc(C([*])(C)C)cc7)cc6)cc5C4=O)cc3)cc2)cc1,polyimide,489.15,520.3540977528809,31.204097752880898,531.5322361111101,509.17595939465167,11.178138358229234,0.7592593,[*]c1ccc(Oc2ccc(N3C(=O)c4ccc(C(=O)c5ccc6c(c5)C(=O)N(c5ccc(Oc7ccc(C([*])(C)C)cc7)cc5)C6=O)cc4C3=O)cc2)cc1,IN_DOMAIN,0.5545069831006819,moderate,0.8419788698079564,0.8268365097857332,98.24181794462112,True,71.7311472360614,True,53.124729202122765,True
[*]c1ccc(Oc2ccc(NC(=O)c3ccc(N4C(=O)c5ccc(C(c6ccc7c(c6)C(=O)N(c6ccc(C(=O)Nc8ccc(Oc9ccc(C([*])(C)C)cc9)cc8)cc6)C7=O)(C(F)(F)F)C(F)(F)F)cc5C4=O)cc3)cc2)cc1,fluoropolymer,539.15,520.8581901020448,18.291809897955204,532.5292522222215,509.187127981868,11.67106212017677,0.7966102,[*]c1ccc(Oc2ccc(N3C(=O)c4ccc(C(c5ccc6c(c5)C(=O)N(c5ccc(Oc7ccc(C([*])(C)C)cc7)cc5)C6=O)(C(F)(F)F)C(F)(F)F)cc4C3=O)cc2)cc1,IN_DOMAIN,0.5586923983880243,moderate,0.8412478842645118,0.8251112766189168,100.940289451123,True,73.70143301654558,True,54.58394047326766,True
[*]c1ccc(Oc2ccc(NC(=O)c3ccc(Oc4ccc(C(C)(C)c5ccc(C(C)(C)c6ccc(Oc7ccc(C(=O)Nc8ccc(Oc9ccc(C([*])(C)C)cc9)cc8)cc7)cc6)cc5)cc4)cc3)cc2)cc1,polyamide,436.15,448.41542917055256,12.26542917055258,443.13324235209177,453.69761598901334,5.2821868184607865,1.0,[*]c1ccc(Oc2ccc(C(=O)Nc3ccc(NC(=O)c4ccc(Oc5ccc(C(C)(C)c6ccc(C([*])(C)C)cc6)cc5)cc4)cc3)cc2)cc1,IN_DOMAIN,0.6093779315153337,moderate,0.850825610002132,0.8474723401749228,65.96490524128431,True,48.164197581753655,True,35.67083550675262,True
[*]c1ccc(Oc2ccc(NC(=O)c3ccc(Oc4ccc(C(C)(C)c5cccc(C(C)(C)c6ccc(Oc7ccc(C(=O)Nc8ccc(Oc9ccc(C([*])(C)C)cc9)cc8)cc7)cc6)c5)cc4)cc3)cc2)cc1,polyamide,420.15,441.0105835073605,20.860583507360502,436.97227900377345,445.04888801094745,4.038304503587,0.8913044,[*]c1ccc(Oc2ccc(C(=O)Nc3ccc(NC(=O)c4ccc(Oc5ccc(C(C)(C)c6ccc(C([*])(C)C)cc6)cc5)cc4)cc3)cc2)cc1,IN_DOMAIN,0.5969334302777566,moderate,0.8521623693267099,0.851825928276981,59.155371509604,True,43.192224577432526,True,31.98854783072286,True
[*]c1ccc(Oc2ccc(NC(=O)c3ccc(Oc4ccc5ccc(Oc6ccc(C(=O)Nc7ccc(Oc8ccc(C([*])(C)C)cc8)cc7)cc6)cc5c4)cc3)cc2)cc1,polyamide,416.15,463.010893740302,46.860893740302004,449.01157982794876,477.01020765265514,13.999313912353188,0.87234044,[*]c1ccc(Oc2ccc(NC(=O)c3ccc(Oc4ccc5ccc(Oc6ccc(C(=O)Nc7ccc(Oc8ccc(C(C)(C)c9ccc(C([*])(C)C)cc9)cc8)cc7)cc6)cc5c4)cc3)cc2)cc1,IN_DOMAIN,0.5630699874341525,moderate,0.8367856288309901,0.8169623953462993,113.68611670912944,True,83.00778372154616,True,61.47630704083585,True
[*]c1ccc(Oc2ccc(NC(=O)c3ccc4c(c3)C(=O)N(c3ccc(-c5sc(-c6ccc(N7C(=O)c8ccc(C(=O)Nc9ccc(Oc%10ccc(C([*])(C)C)cc%10)cc9)cc8C7=O)cc6)c(-c6ccccc6)c5-c5ccccc5)cc3)C4=O)cc2)cc1,polyimide,560.15,530.6968726720929,29.453127327907055,533.1929785714274,528.2007667727586,2.4961058993343954,0.6923077,[*]Nc1ccc(-c2sc(-c3ccc(NC(=O)c4ccc5c(c4)C(=O)N(c4ccc(Oc6ccc7ccc(Oc8ccc(N9C(=O)c%10ccc(C([*])=O)cc%10C9=O)cc8)cc7c6)cc4)C5=O)cc3)c(-c3ccccc3)c2-c2ccccc2)cc1,IN_DOMAIN,0.5713484635106774,moderate,0.8527807124963643,0.8572236233918651,50.71272923466018,True,37.02783930082081,True,27.42314896097057,False
[*]c1ccc(Oc2ccc(NC(=O)c3ccc4c(c3)C(=O)N(c3ccc(Oc5ccc(C(C)(C)c6cccc(C([*])(C)C)c6)cc5)cc3)C4=O)cc2)cc1,polyimide,450.15,509.9175621946073,59.76756219460731,527.0146096031737,492.8205147860409,17.097047408566368,0.75409836,[*]c1ccc(Oc2ccc(C(=O)Nc3ccc(NC(=O)c4ccc(Oc5ccc(C(C)(C)c6cccc(C([*])(C)C)c6)cc5)cc4)cc3)cc2)cc1,IN_DOMAIN,0.5355475729342272,moderate,0.8291322122580408,0.8061203281095531,130.64440969391234,True,95.38986129720172,True,70.64658443792848,True
[*]c1ccc(Oc2ccc(NC(=O)c3ccc4c(c3)C(=O)N(c3ccc(Oc5ccc6ccc(Oc7ccc(N8C(=O)c9ccc(C(=O)Nc%10ccc(Oc%11ccc(C([*])(C)C)cc%11)cc%10)cc9C8=O)cc7)cc6c5)cc3)C4=O)cc2)cc1,polyimide,523.15,520.1823640722628,2.9676359277372057,531.7122592063483,508.6524689381771,11.52989513408562,0.70689654,[*]c1ccc(Oc2ccc(N3C(=O)c4ccc(C(=O)c5ccc6c(c5)C(=O)N(c5ccc(Oc7ccc(C([*])(C)C)cc7)cc5)C6=O)cc4C3=O)cc2)cc1,IN_DOMAIN,0.5454232198841422,moderate,0.8409270667500693,0.8256053610702357,100.1674821347935,True,73.13716866809892,True,54.16604125006145,True
[*]c1ccc(Oc2ccc(NC(=O)c3ccc4c(c3)C(=O)N(c3ccc(Oc5cccc(N6C(=O)c7ccc(C(=O)Nc8ccc(Oc9ccc(C([*])(C)C)cc9)cc8)cc7C6=O)c5)cc3)C4=O)cc2)cc1,polyimide,480.15,518.8772031343346,38.72720313433467,530.0615434920625,507.6928627766068,11.184340357727848,0.71929824,[*]c1ccc(Oc2ccc(N3C(=O)c4ccc(C(=O)c5ccc6c(c5)C(=O)N(c5ccc(Oc7ccc(C([*])(C)C)cc7)cc5)C6=O)cc4C3=O)cc2)cc1,IN_DOMAIN,0.5483849675282606,moderate,0.8416759338181445,0.8268148027874881,98.27577029227064,True,71.75593750256105,True,53.14308909521507,True
[*]c1ccc(Oc2ccc(NC(=O)c3ccc4c(c3)C(=O)N(c3ccc(Oc5cccc6c(Oc7ccc(N8C(=O)c9ccc(C(=O)Nc%10ccc(Oc%11ccc(C([*])(C)C)cc%11)cc%10)cc9C8=O)cc7)cccc56)cc3)C4=O)cc2)cc1,polyimide,508.15,545.757195832113,37.60719583211301,563.5186190476178,527.9957726166081,17.761423215504863,0.68333334,[*]c1ccc(Oc2ccc(N3C(=O)c4ccc(C(=O)c5ccc6c(c5)C(=O)N(c5ccc(Oc7ccc(C([*])(C)C)cc7)cc5)C6=O)cc4C3=O)cc2)cc1,IN_DOMAIN,0.5227591284619105,moderate,0.8266345732519932,0.8037950127852684,134.2814816369434,True,98.04546507685465,True,72.61334834870101,True
[*]c1ccc(Oc2ccc(NC(=O)c3cccc(C(=O)Nc4ccc(Oc5ccc(C(C)(C)c6cccc(C([*])(C)C)c6)cc5)cc4)c3)cc2)cc1,polyamide,453.15,449.25425247938097,3.895747520619011,445.77391829032047,452.7345866684414,3.4803341890604713,0.9183673,[*]c1ccc(Oc2ccc(C(=O)Nc3ccc(NC(=O)c4ccc(Oc5ccc(C(C)(C)c6cccc(C([*])(C)C)c6)cc5)cc4)cc3)cc2)cc1,IN_DOMAIN,0.6027699812047903,moderate,0.8527564057297911,0.8537788243778238,56.100807880383016,True,40.96193855449798,True,30.33677805459259,True
[*]c1ccc(Oc2ccc(NC(=O)c3cccc(N4C(=O)c5ccc(-c6ccc7c(c6)C(=O)N(c6cccc(C(=O)Nc8ccc(Oc9ccc(C([*])(C)C)cc9)cc8)c6)C7=O)cc5C4=O)c3)cc2)cc1,polyimide,530.15,526.9038729545521,3.2461270454479063,527.5436041991327,526.2641417099713,0.6397312445806733,0.6666667,[*]c1ccc(Oc2ccc(N3C(=O)c4ccc(-c5ccc6c(c5)C(=O)N(c5ccc(Oc7ccc(C([*])(C)C)cc7)cc5)C6=O)cc4C3=O)cc2)cc1,IN_DOMAIN,0.573201786897332,moderate,0.8539611006121407,0.8637209346835032,40.55015542922384,True,29.607648050430704,True,21.927688955184394,True
[*]c1ccc(Oc2ccc(NC(=O)c3cccc(N4C(=O)c5ccc(C(c6ccc7c(c6)C(=O)N(c6cccc(C(=O)Nc8ccc(Oc9ccc(C([*])(C)C)cc9)cc8)c6)C7=O)(C(F)(F)F)C(F)(F)F)cc5C4=O)c3)cc2)cc1,fluoropolymer,532.15,516.9850430571482,15.164956942851745,526.011414357863,507.9586717564334,9.026371300714828,0.703125,[*]c1ccc(Oc2ccc(N3C(=O)c4ccc(C(c5ccc6c(c5)C(=O)N(c5ccc(Oc7ccc(C([*])(C)C)cc7)cc5)C6=O)(C(F)(F)F)C(F)(F)F)cc4C3=O)cc2)cc1,IN_DOMAIN,0.5526382497723885,moderate,0.84503071168178,0.8343676944870336,86.46214217814833,True,63.13023090047166,True,46.75481363790311,True
[*]c1ccc(Oc2ccc(NC(=O)c3cccc(N4C(=O)c5cccc(-c6ccc7c(c6)C(=O)N(c6cccc(C(=O)Nc8ccc(Oc9ccc(C([*])(C)C)cc9)cc8)c6)C7=O)c5C4=O)c3)cc2)cc1,polyimide,534.15,526.333122082104,7.816877917896022,527.8654599134185,524.8007842507894,1.5323378313145213,0.6891892,[*]Nc1ccc(Oc2ccc(-c3ccc(Oc4ccc(NC(=O)c5cccc(N6C(=O)c7ccc(-c8cccc9c8C(=O)N(c8cccc(C([*])=O)c8)C9=O)cc7C6=O)c5)cc4)cc3)cc2)cc1,IN_DOMAIN,0.5738597193330159,moderate,0.8536109172162646,0.8605968116299346,45.43665842778195,True,33.17552243826636,True,24.570088637670867,True
[*]c1ccc(Oc2ccc(Nc3ccc(S(=O)(=O)c4ccc(Nc5ccc(Oc6ccc(C([*])(C)C)cc6)cc5)cc4)cc3)cc2)cc1,polysulfone,418.15,477.0192419269249,58.86924192692493,472.9882791017305,481.0502047521194,4.03096282519445,0.82857144,[*]c1ccc(Oc2ccc(S(=O)(=O)c3ccc(Oc4ccc(C([*])(C)C)cc4)cc3)cc2)cc1,IN_DOMAIN,0.5873932287870228,moderate,0.8520932945670789,0.8518516241513548,59.11518008147337,True,43.16287885369509,False,31.96681412525652,False
[*]c1ccc(Oc2ccc(Oc3ccc(-c4ccc(Oc5ccc(Oc6ccc(C7([*])OC(=O)c8ccccc87)cc6)cc5)c5ccccc45)c4ccccc34)cc2)cc1,polyester,471.15,508.0316982890696,36.88169828906962,495.4748033189021,520.5885932592371,12.556894970167491,0.65957445,[*]c1ccc(Oc2ccc(C(=O)c3ccc(Oc4ccc(C5([*])OC(=O)c6ccccc65)cc4)cc3)cc2)cc1,IN_DOMAIN,0.5350645279814921,moderate,0.8382025073628605,0.8220108616439493,105.78971017245095,True,77.24223182349832,True,57.20628773838986,True
[*]c1ccc(Oc2ccc(Oc3ccc(-c4ccc(Oc5ccc(Oc6ccc(S([*])(=O)=O)cc6)cc5)c5ccccc45)c4ccccc34)cc2)cc1,polysulfone,487.15,484.8962030528736,2.253796947126375,487.23228043145593,482.5601256742912,2.3360773785823596,0.67741936,[*]c1ccc(Oc2ccc(Oc3ccc(Oc4ccc(S([*])(=O)=O)cc4)cc3)cc2)cc1,IN_DOMAIN,0.5695855801398884,moderate,0.8526885163859611,0.8577837232144973,49.83666596319028,True,36.388182738792025,True,26.949413590081978,True
[*]c1ccc(Oc2ccc(Oc3ccc(-c4nc([*])nc(-c5ccccc5)n4)cc3)cc2)cc1,polyether,517.15,479.83933461862546,37.31066538137452,491.23193968253867,468.4467295547122,11.392605063913237,0.61764705,[*]c1ccc(Oc2ccc(-c3nc(-c4ccccc4)nc(-c4ccc(Oc5ccc(C([*])(C)C)cc5)cc4)n3)cc2)cc1,IN_DOMAIN,0.5323674887308413,moderate,0.8389957057705427,0.8260858763158391,99.4158986829792,True,72.58840089923832,True,53.759618932297144,True
[*]c1ccc(Oc2ccc(Oc3ccc(-c4nc5cc6sc(-c7ccc(Oc8ccc(Oc9ccc(P([*])(=O)c%10ccccc%10)cc9)cc8)cc7)nc6cc5s4)cc3)cc2)cc1,polyether,528.15,546.6177576555544,18.467757655554465,541.6947751190472,551.5407401920615,4.922982536507163,0.4090909,[*]c1ccc(Oc2ccc(Oc3ccc(P([*])(C)=O)cc3)cc2)cc1,IN_DOMAIN,0.5224921902202069,moderate,0.7942094774836324,0.820093189032839,63.99847027771994,True,46.72840741772099,True,34.60747646964857,True
[*]c1ccc(Oc2ccc(Oc3ccc(-c4nc5ccc(-c6ccc7nc(-c8ccc(Oc9ccc(Oc%10ccc(P([*])(=O)c%11ccccc%11)cc%10)cc9)cc8)oc7c6)cc5o4)cc3)cc2)cc1,polyether,496.15,526.8837360399565,30.73373603995651,511.7321443650782,542.0353277148347,15.151591674878233,0.42222223,[*]c1cc([*])cc(-c2nc3ccccc3o2)c1,IN_DOMAIN,0.49254380859548536,low,0.7860498325419861,0.793484987342577,119.99416868346398,True,87.61360041356609,True,64.88741607709515,True
[*]c1ccc(Oc2ccc(Oc3ccc(-c4nc5ccccc5nc4-c4ccc(Oc5ccc(Oc6ccc(P([*])(=O)c7ccccc7)cc6)cc5)cc4)cc3)cc2)cc1,polyether,482.15,554.2309415076902,72.08094150769023,561.7511180140681,546.7107650013122,7.520176506377936,0.6764706,[*]c1ccc2nc(-c3ccc(Oc4ccc(-c5nc6cc([*])ccc6nc5-c5ccccc5)cc4)cc3)c(-c3ccccc3)nc2c1,IN_DOMAIN,0.5532907169855242,moderate,0.8467913294144739,0.8396393762672126,78.21659986608557,True,57.109757928756565,False,42.29599750830031,False
[*]c1ccc(Oc2ccc(Oc3ccc(-c4nnc([*])c5c(-c6ccc(F)cc6)c(-c6ccc(F)cc6)c(-c6ccc(F)cc6)c(-c6ccc(F)cc6)c45)cc3)cc2)cc1,polyether,582.15,534.4312923213005,47.7187076786995,541.3926724891768,527.4699121534242,6.961380167876314,0.6458333,[*]C(=O)c1ccc(Oc2ccc(-c3nnc(-c4ccc(Oc5ccc([*])cc5)cc4)c4c(-c5ccc(F)cc5)c(-c5ccc(F)cc5)c(-c5ccc(F)cc5)c(-c5ccc(F)cc5)c34)cc2)cc1,IN_DOMAIN,0.5504063848157076,moderate,0.8468232865880033,0.8415951634519684,75.1575142350206,True,54.876170171521295,True,40.6417824382164,False
[*]c1ccc(Oc2ccc(Oc3ccc(-n4c(=O)c5cc6c(=O)n([*])c(=O)c6cc5c4=O)cc3)c(-c3ccccc3)c2)cc1,polyether,544.15,604.1709519113741,60.02095191137414,606.8136344198025,601.5282694029457,2.642682508428379,0.75,[*]c1cccc(Oc2ccc(-n3c(=O)c4cc5c(=O)n([*])c(=O)c5cc4c3=O)cc2)c1,IN_DOMAIN,0.579688692340367,moderate,0.8532034182542448,0.8567106052600362,51.51515109721563,False,37.61372667518561,False,27.857062390566817,False
[*]c1ccc(Oc2ccc(Oc3ccc(-n4c(=O)c5ccc6c(=O)n([*])c(=O)c6c5c4=O)cc3)cc2)cc1,polyether,565.15,617.0547857186757,51.904785718675726,620.2940124342323,613.815559003119,3.23922671555664,0.725,[*]c1cccc(Oc2ccc(-n3c(=O)c4cc5c(=O)n([*])c(=O)c5cc4c3=O)cc2)c1,IN_DOMAIN,0.5740185025336253,moderate,0.8524362642759686,0.8546227005350873,54.780884400362204,True,39.998197985903474,False,29.623023169853422,False
[*]c1ccc(Oc2ccc(Oc3ccc(C([*])(C)C)cc3)nn2)cc1,polyether,453.15,409.88255917181766,43.267440828182316,411.6702461363626,408.0948722072728,1.7876869645449176,0.71428573,[*]c1ccc(Oc2ccc(Oc3ccc(Oc4ccc(C([*])(C)C)cc4)cc3)cc2)cc1,IN_DOMAIN,0.5768873359475055,moderate,0.8537032727899945,0.8597030896636283,46.83454672902703,True,34.196188928911944,False,25.326003369423102,False
[*]c1ccc(Oc2ccc(Oc3ccc(N4C(=O)C5CCC6C(=O)N([*])C(=O)C6C5C4=O)cc3)cc2)cc1,polyamide,547.15,567.7248698744315,20.574869874431556,578.2837538109668,557.1659859378962,10.558883936535324,0.52272725,[*]C1CCC2C(=O)N(c3ccc(Oc4ccc(N5C(=O)C6CCC([*])CC6C5=O)cc4)cc3)C(=O)C2C1,IN_DOMAIN,0.5209646722645134,moderate,0.8314354744861309,0.8290039002616619,94.85175939760758,True,69.2558999955047,True,51.291538957303025,True
[*]c1ccc(Oc2ccc(Oc3ccc(N4C(=O)CC(=O)N([*])C4=S)cc3)cc2)cc1,polyamide,430.15,564.857053417427,134.707053417427,576.0272574329,553.686849401954,11.170204015473018,0.45,[*]c1ccc2c(c1)C(=O)N(c1ccc(Oc3ccc(N4C(=O)c5ccc([*])cc5C4=O)cc3)cc1)C2=O,IN_DOMAIN,0.5086894627524787,moderate,0.8089768235443872,0.8268642799853799,98.19838202307847,False,71.69943254929464,False,53.101241021449034,False
[*]c1ccc(Oc2ccc(Oc3ccc(Oc4ccc(-c5nc([*])nc(-c6ccccc6)n5)cc4)cc3)cc2)cc1,polyether,476.15,479.83933461862546,3.6893346186254803,491.23193968253867,468.4467295547122,11.392605063913237,0.61764705,[*]c1ccc(Oc2ccc(-c3nc(-c4ccccc4)nc(-c4ccc(Oc5ccc(C([*])(C)C)cc5)cc4)n3)cc2)cc1,IN_DOMAIN,0.5323674887308413,moderate,0.8389957057705427,0.8260858763158391,99.4158986829792,True,72.58840089923832,True,53.759618932297144,True
[*]c1ccc(Oc2ccc(Oc3ccc(Oc4ccc(-n5c(=O)c6cc7c(=O)n([*])c(=O)c7cc6c5=O)cc4)cc3)cc2)cc1,polyether,568.15,619.893821361657,51.74382136165707,627.16857003885,612.619072684464,7.274748677193031,1.0,[*]c1cccc(Oc2ccc(-n3c(=O)c4cc5c(=O)n([*])c(=O)c5cc4c3=O)cc2)c1,IN_DOMAIN,0.6031586781130064,moderate,0.8483433453537109,0.8404983736693599,76.87302494622087,True,56.12874828931949,True,41.569452995241605,False
[*]c1ccc(Oc2ccc(Oc3ccc(S(=O)(=O)c4ccc(-c5ccc(-c6ccc(S([*])(=O)=O)cc6)cc5)cc4)cc3)cc2)cc1,polysulfone,532.15,508.85068600054353,23.299313999456444,509.89099682539575,507.8103751756913,1.040310824852213,0.7741935,[*]c1ccc(Oc2ccc(-c3ccc(-c4ccc(Oc5ccc(S([*])(=O)=O)cc5)cc4)cc3)cc2)cc1,IN_DOMAIN,0.5883485842269705,moderate,0.8547671449428443,0.8623189061525528,42.74309613708989,True,31.208821115902314,True,23.11353204826891,False
[*]c1ccc(Oc2ccc(Oc3ccc(S(=O)(=O)c4ccc(-c5ccc(S([*])(=O)=O)cc5)cc4)cc3)cc2)cc1,polysulfone,524.15,508.85068600054353,15.299313999456444,509.89099682539575,507.8103751756913,1.040310824852213,0.7741935,[*]c1ccc(Oc2ccc(-c3ccc(-c4ccc(Oc5ccc(S([*])(=O)=O)cc5)cc4)cc3)cc2)cc1,IN_DOMAIN,0.5883485842269705,moderate,0.8547671449428443,0.8623189061525528,42.74309613708989,True,31.208821115902314,True,23.11353204826891,True
[*]c1ccc(Oc2ccc(Oc3ccc4nc(-c5ccc(-c6nc7ccc(Oc8ccc(Oc9ccc(P([*])(=O)c%10ccccc%10)cc9)cc8)cc7nc6-c6ccccc6)cc5)c(-c5ccccc5)nc4c3)cc2)cc1,polyether,521.15,571.1616403889609,50.01164038896093,568.1449171212116,574.1783636567101,3.016723267749228,0.5897436,[*]c1ccc2nc(-c3ccc(Oc4ccc(-c5nc6cc([*])ccc6nc5-c5ccccc5)cc4)cc3)c(-c3ccccc3)nc2c1,IN_DOMAIN,0.5543112341888099,moderate,0.8487745327298067,0.8554014626024132,53.56280716335809,True,39.10882033125044,False,28.964342124276776,False
[*]c1ccc(Oc2ccc(Oc3cccc(Oc4ccc(Oc5ccc(P([*])(=O)c6ccccc6)cc5)cc4)n3)cc2)cc1,polyether,437.15,439.5785435017141,2.4285435017141026,429.13261532756,450.0244716758682,10.44592817415409,0.5833333,[*]C(=O)c1ccc(Oc2ccc(Oc3cccc(Oc4ccc(Oc5ccc([*])cc5)cc4)n3)cc2)cc1,IN_DOMAIN,0.5302003726153923,moderate,0.8386711069412142,0.8293992454299962,94.23339215745536,True,68.80439988610811,True,50.9571539380939,True
[*]c1ccc(Oc2ccc(P(=O)(c3ccccc3)c3ccc(Oc4cccc(-n5c(=O)c6cc7c(=O)n([*])c(=O)c7cc6c5=O)c4)cc3)cc2)cc1,polyether,527.15,573.2805219767715,46.13052197677155,574.4783023015868,572.0827416519561,1.1977803248153691,0.75555557,[*]c1cccc(P(=O)(c2ccccc2)c2cccc(-n3c(=O)c4cc5c(=O)n([*])c(=O)c5cc4c3=O)c2)c1,IN_DOMAIN,0.5850115250977663,moderate,0.8545414330470421,0.8617677629026818,43.605150254981865,False,31.83824891100703,False,23.579691902888065,False
[*]c1ccc(Oc2ccc(P(C)(=O)c3ccc(Oc4ccc(C([*])(C)C)cc4)cc3)cc2)cc1,polyether,465.15,453.0127388401396,12.137261159860373,455.662178991563,450.3632986887162,2.6494401514233914,0.8181818,[*]c1ccc(Oc2ccc(P(=O)(c3ccccc3)c3ccc(Oc4ccc(C([*])(C)C)cc4)cc3)cc2)cc1,IN_DOMAIN,0.5900988802426997,moderate,0.8534589990765425,0.8566869535095537,51.55214527051558,True,37.64073792708805,True,27.877067165312788,True
[*]c1ccc(Oc2ccc(P([*])(=O)c3ccccc3)cc2)cc1,polyether,513.15,460.2844883140891,52.86551168591086,463.97600155411124,456.592975074067,3.6915132400221182,0.6666667,[*]c1ccc(Oc2ccc(Oc3ccc(P([*])(C)=O)cc3)cc2)cc1,IN_DOMAIN,0.563747637113883,moderate,0.8511488478111328,0.8530396976994581,57.25689061727238,True,41.806050998178804,False,30.961935280073874,False
[*]c1ccc(Oc2ccc(S(=O)(=O)c3ccc(-c4ccc(-c5ccc(S(=O)(=O)c6ccc(Oc7ccc(S([*])(=O)=O)cc7)cc6)cc5)cc4)cc3)cc2)cc1,polysulfone,554.15,508.85068600054353,45.299313999456444,509.89099682539575,507.8103751756913,1.040310824852213,0.7741935,[*]c1ccc(Oc2ccc(-c3ccc(-c4ccc(Oc5ccc(S([*])(=O)=O)cc5)cc4)cc3)cc2)cc1,IN_DOMAIN,0.5883485842269705,moderate,0.8547671449428443,0.8623189061525528,42.74309613708989,False,31.208821115902314,False,23.11353204826891,False
[*]c1ccc(Oc2ccc(S(=O)(=O)c3ccc(-c4ccc(-c5ccc(S([*])(=O)=O)cc5)cc4)cc3)cc2)cc1,polysulfone,584.15,508.85068600054353,75.29931399945644,509.89099682539575,507.8103751756913,1.040310824852213,0.7741935,[*]c1ccc(Oc2ccc(-c3ccc(-c4ccc(Oc5ccc(S([*])(=O)=O)cc5)cc4)cc3)cc2)cc1,IN_DOMAIN,0.5883485842269705,moderate,0.8547671449428443,0.8623189061525528,42.74309613708989,False,31.208821115902314,False,23.11353204826891,False
[*]c1ccc(Oc2ccc(S(=O)(=O)c3ccc(-c4ccc(S(=O)(=O)c5ccc(Oc6ccc(S([*])(=O)=O)cc6)cc5)cc4)cc3)cc2)cc1,polysulfone,540.15,508.85068600054353,31.299313999456444,509.89099682539575,507.8103751756913,1.040310824852213,0.7741935,[*]c1ccc(Oc2ccc(-c3ccc(-c4ccc(Oc5ccc(S([*])(=O)=O)cc5)cc4)cc3)cc2)cc1,IN_DOMAIN,0.5883485842269705,moderate,0.8547671449428443,0.8623189061525528,42.74309613708989,True,31.208821115902314,False,23.11353204826891,False
[*]c1ccc(Oc2ccc(S(=O)(=O)c3ccc(-c4ccc(S([*])(=O)=O)cc4)cc3)cc2)cc1,polysulfone,555.15,508.85068600054353,46.299313999456444,509.89099682539575,507.8103751756913,1.040310824852213,0.7741935,[*]c1ccc(Oc2ccc(-c3ccc(-c4ccc(Oc5ccc(S([*])(=O)=O)cc5)cc4)cc3)cc2)cc1,IN_DOMAIN,0.5883485842269705,moderate,0.8547671449428443,0.8623189061525528,42.74309613708989,False,31.208821115902314,False,23.11353204826891,False
[*]c1ccc(Oc2ccc(S(=O)(=O)c3ccc(-n4nc([*])c5ccccc5c4=O)cc3)cc2)cc1F,polysulfone,556.15,555.0157523577984,1.134247642201558,561.7793649999992,548.2521397155978,6.763612642200712,0.46376812,[*]c1ccc(Oc2ccc(S(=O)(=O)c3ccc(Oc4ccc(-c5c6c(c([*])c7ccccc57)C(=O)N(c5ccc(F)cc5)C6=O)cc4)cc3)cc2)cc1,IN_DOMAIN,0.5243614839559084,moderate,0.8213872770053124,0.842287349791833,74.07485181509898,True,54.08566548548092,True,40.056327597508215,True
[*]c1ccc(Oc2ccc(S(=O)(=O)c3ccc(C)cc3)cc2)c(N2C(=O)c3ccc(-c4ccc5c(c4)C(=O)N([*])C5=O)cc3C2=O)c1,polyimide,554.15,589.9280380753388,35.77803807533883,580.7537714711402,599.1023046795374,9.174266604198579,0.5964912,[*]c1ccc(C)c(N2C(=O)c3ccc(S(=O)(=O)c4ccc5c(c4)C(=O)N([*])C5=O)cc3C2=O)c1,IN_DOMAIN,0.5361137356622108,moderate,0.8415804012623495,0.8338500609248405,87.27178312712498,True,63.72138928225289,True,47.192630822735545,True
[*]c1ccc(Oc2ccc(S(=O)(=O)c3ccc(C)cc3)cc2)c(N2C(=O)c3ccc(C(=O)c4ccc5c(c4)C(=O)N([*])C5=O)cc3C2=O)c1,polyimide,566.15,552.3422467155561,13.807753284443834,536.3663671897541,568.3181262413582,15.975879525802043,0.5833333,[*]c1c(C)ccc(N2C(=O)c3ccc(C(=O)c4ccc5c(c4)C(=O)N([*])C5=O)cc3C2=O)c1C,IN_DOMAIN,0.5131561187979232,moderate,0.8274209671086799,0.8100444156992284,124.50666625526964,True,90.90839518118759,True,67.3275705504432,True
[*]c1ccc(Oc2ccc(S(=O)(=O)c3ccc(Oc4ccc(-c5c6c(c([*])c7ccccc57)C(=O)N(c5ccccc5-c5ccccc5)C6=O)cc4)cc3)cc2)cc1,polyimide,551.15,565.5125800506573,14.362580050657357,570.8226653174605,560.202494783854,5.310085266803242,0.7818182,[*]c1ccc(Oc2ccc(S(=O)(=O)c3ccc(Oc4ccc(-c5c6c(c([*])c7ccccc57)C(=O)N(c5ccccc5)C6=O)cc4)cc3)cc2)cc1,IN_DOMAIN,0.5762539524410193,moderate,0.8505488405675025,0.8473746956057241,66.11763305385777,True,48.27571161355755,True,35.75342379608142,True
[*]c1ccc(Oc2ccc(S(=O)(=O)c3ccc(Oc4ccc(/C=C5\CCC/C(=C\c6ccc(Oc7ccc(S(=O)(=O)c8ccc(Oc9ccc(C([*])(C)C)cc9)cc8)cc7)cc6)C5=O)cc4)cc3)cc2)cc1,polysulfone,467.15,459.653651062442,7.496348937557968,464.0187120303016,455.28859009458245,4.365060967859563,0.65909094,[*]c1ccc(Oc2ccc(S(=O)(=O)c3ccc(Oc4ccc(C([*])(C)C)cc4)cc3)cc2)cc1,IN_DOMAIN,0.5605057505080895,moderate,0.8502669114953337,0.850682280652027,60.944173503894255,True,44.49831623893786,True,32.95585099683951,True
[*]c1ccc(Oc2ccc(S(=O)(=O)c3ccc(Oc4ccc(/C=C5\CCCC/C(=C\c6ccc(Oc7ccc(S(=O)(=O)c8ccc(Oc9ccc(C([*])(C)C)cc9)cc8)cc7)cc6)C5=O)cc4)cc3)cc2)cc1,polysulfone,461.15,459.718514615558,1.4314853844419986,460.8977866017301,458.5392426293858,1.1792719861721537,0.65909094,[*]c1ccc(Oc2ccc(S(=O)(=O)c3ccc(Oc4ccc(C([*])(C)C)cc4)cc3)cc2)cc1,IN_DOMAIN,0.5703922039052455,moderate,0.8533386983212577,0.8618325420879329,43.50382784304523,True,31.764268471709414,True,23.524901327867617,True
[*]c1ccc(Oc2ccc(S(=O)(=O)c3ccc(Oc4ccc(C([*])(C)C)cc4)s3)cc2)cc1,polysulfone,435.0,460.71122108445195,25.71122108445195,460.7370968398255,460.68534532907836,0.025875755373562015,0.74358976,[*]c1ccc(Oc2ccc(S(=O)(=O)c3ccc(Oc4ccc(C([*])(C)C)cc4)cc3)cc2)cc1,IN_DOMAIN,0.5867936780085893,moderate,0.8554271893122044,0.865869428895728,37.189652904065674,True,27.153981104292168,True,20.11048126942361,False
[*]c1ccc(Oc2ccc(S(=O)(=O)c3ccc(Oc4ccc(P([*])(=O)c5ccccc5)cc4)cc3)cc2)cc1,polysulfone,504.15,473.5973025000593,30.552697499940678,478.3942631630578,468.80034183706084,4.796960662998487,0.7352941,[*]c1ccc(Oc2ccc(S(=O)(=O)c3ccc(Oc4ccc(P([*])(C)=O)cc4)cc3)cc2)cc1,IN_DOMAIN,0.5707404589464612,moderate,0.8508769379883949,0.8491706317190407,63.308573662641884,True,46.22468021978049,True,34.23441160154787,True
[*]c1ccc(Oc2ccc(S(=O)(=O)c3ccc4ccc(S([*])(=O)=O)cc4c3)cc2)cc1,polysulfone,523.15,487.9104622296806,35.23953777031937,479.51790214452086,496.30302231484035,8.392560085159744,0.6315789,[*]c1ccc(Oc2ccc3cc(Oc4ccc(S([*])(=O)=O)cc4)ccc3c2)cc1,IN_DOMAIN,0.5437954187933091,moderate,0.8443915606440001,0.8365860337414764,82.99239363342559,True,60.596798102292844,True,44.87853064870028,True
[*]c1ccc(Oc2ccc(S(=O)(=O)c3ccc4oc5ccc(S([*])(=O)=O)cc5c4c3)cc2)cc1,polysulfone,563.15,477.1980733456927,85.95192665430727,471.2063397835483,483.1898069078372,5.9917335621444465,0.5,[*]c1ccc(Oc2ccc3cc(Oc4ccc(S([*])(=O)=O)cc4)ccc3c2)cc1,IN_DOMAIN,0.5319304162145018,moderate,0.8333931061925404,0.84498892657203,69.84926184603921,False,51.00035596483757,False,37.771319771695715,False
[*]c1ccc(Oc2ccc(S(=O)c3ccc(Oc4ccc(C([*])(C)C)cc4)cc3)cc2)cc1,polyether,438.15,442.7511834286424,4.6011834286424005,435.4085701190463,450.09379673823844,7.342613309596061,0.7241379,[*]c1ccc(Oc2ccc(Oc3ccc(Oc4ccc(C([*])(C)C)cc4)cc3)cc2)cc1,IN_DOMAIN,0.5610938070005735,moderate,0.84765897643094,0.8402608474559493,77.244544420379,True,56.40001279418567,True,41.77035391371903,True
[*]c1ccc(Oc2ccc(S([*])(=O)=O)c3ccccc23)cc1,polysulfone,511.15,458.01086084225295,53.139139157747024,459.11967729653554,456.90204438797036,1.1088164542825893,0.61290324,[*]c1ccc(Oc2ccccc2S([*])(=O)=O)cc1,IN_DOMAIN,0.5636696552393881,moderate,0.8518190278441692,0.8620791364495465,43.11812469794171,False,31.482647776269634,False,23.31633052202624,False
[*]c1ccc(Oc2ccc(Sc3ccc(Oc4ccc(-c5ccc([*])s5)cc4C(F)(F)F)cc3)cc2)c(C(F)(F)F)c1,fluoropolymer,415.15,443.4899025529636,28.339902552963622,461.08951670634815,425.890288399579,17.59961415338458,0.45454547,[*]c1ccc(Oc2ccc(-c3ccc(-c4ccc(Oc5ccc(C([*])(C)C)cc5)c(C(F)(F)F)c4)cc3)cc2C(F)(F)F)cc1,IN_DOMAIN,0.4896155320329799,low,0.7968135292706208,0.8043613445026895,133.39567093489848,True,97.3986914399144,True,72.13434200847828,True
[*]c1ccc(Oc2ccc(Sc3ccc(Oc4ccc(-c5cccc([*])n5)cc4C(F)(F)F)cc3)cc2)c(C(F)(F)F)c1,fluoropolymer,417.65,455.71700791495255,38.06700791495257,466.51023349206224,444.92378233784285,10.793225577109695,0.44642857,[*]c1ccc(Oc2ccc(-c3ccc(-c4ccc(Oc5ccc(C([*])(C)C)cc5)c(C(F)(F)F)c4)cc3)cc2C(F)(F)F)cc1,IN_DOMAIN,0.5093602648646728,moderate,0.8079794741108955,0.8256837069038373,96.13464386919074,True,70.19259657587398,True,51.98526482248277,True
[*]c1ccc(Oc2ccc(Sc3ccc(Oc4ccc(-c5nc([*])nc(-c6ccccc6)n5)cc4)cc3)cc2)cc1,polyether,484.15,473.87600559712394,10.273994402876042,488.31807301587196,459.43393817837597,14.442067418747996,0.525,[*]c1ccc(Oc2ccc(-c3nc(-c4ccccc4)nc(-c4ccc(Oc5ccc(C([*])(C)C)cc5)cc4)n3)cc2)cc1,IN_DOMAIN,0.5092894707350932,moderate,0.8243115440850944,0.8154127580739176,116.10993518501242,True,84.77753191640403,True,62.78699838246971,True
[*]c1ccc(Oc2ccc(Sc3ccc(Oc4ccc(S([*])(=O)=O)cc4)cc3)cc2)cc1,polysulfone,448.15,466.49223188816086,18.34223188816088,473.5926763198453,459.3917874564765,7.100444431684394,0.7777778,[*]c1ccc(Oc2ccc(Oc3ccc(Oc4ccc(S([*])(=O)=O)cc4)cc3)cc2)cc1,IN_DOMAIN,0.5700476225676416,moderate,0.8483147326410833,0.8411084385286401,75.9188103672584,True,55.432029642511296,True,41.0534569340055,True
[*]c1ccc(Oc2ccc3c(-c4ccccc4)nn(-c4ccc(C(=O)c5ccc(-n6nc(-c7ccccc7)c7cc(Oc8ccc(C([*])(C)C)cc8)ccc7c6=O)cc5)cc4)c(=O)c3c2)cc1,polyether,468.15,550.1013032538872,81.9513032538872,564.6270441991337,535.5755623086407,14.525740945246525,0.6031746,[*]C(=O)c1ccc(-n2nc(-c3ccccc3)c3cc(Oc4ccc5c(-c6ccccc6)nn(-c6ccc([*])cc6)c(=O)c5c4)ccc3c2=O)cc1,IN_DOMAIN,0.5205354179065548,moderate,0.8320387031339674,0.8151199007311727,116.56799917895079,True,85.11198680007946,True,63.03469866066423,False
[*]c1ccc(Oc2ccc3c(-c4ccccc4)nn(-c4ccc(S(=O)(=O)c5ccc(-n6nc(-c7ccccc7)c7cc(Oc8ccc(C([*])(C)C)cc8)ccc7c6=O)cc5)cc4)c(=O)c3c2)cc1,polysulfone,483.65,559.7788619011184,76.1288619011184,564.8167441991336,554.7409796031031,5.037882298015234,0.6031746,[*]C(=O)c1ccc(-n2nc(-c3ccccc3)c3cc(Oc4ccc5c(-c6ccccc6)nn(-c6ccc([*])cc6)c(=O)c5c4)ccc3c2=O)cc1,IN_DOMAIN,0.5500171121006106,moderate,0.8474470970295828,0.8483274059964822,64.62747978480552,False,47.187677965738246,False,34.9476163451985,False
[*]c1ccc(Oc2ccc3c(-c4ccccc4)nn(-c4cccc(-n5nc(-c6ccccc6)c6cc(Oc7ccc(C([*])(C)C)cc7)ccc6c5=O)c4C#N)c(=O)c3c2)cc1,nitrile,473.15,553.9817296038004,80.83172960380045,567.8995641991337,540.0638950084671,13.917834595333318,0.5,[*]C(=O)c1ccc(-n2nc(-c3ccccc3)c3cc(Oc4ccc5c(-c6ccccc6)nn(-c6ccc([*])cc6)c(=O)c5c4)ccc3c2=O)cc1,IN_DOMAIN,0.5072916210514069,moderate,0.8204254458130121,0.8172475729558689,113.24006473857997,True,82.68209940254818,True,61.23510232128484,False
[*]c1ccc(Oc2ccc3c(c2)C(=O)N(N2C(=O)c4ccc(Oc5ccc(C([*])(C)C)cc5)cc4C2=O)C3=O)cc1,polyimide,489.85,494.3858072710882,4.535807271088174,495.6760015873005,493.0956129548759,1.2901943162123075,0.7804878,[*]c1ccc(Oc2ccc(N3C(=O)c4ccc(Oc5ccc6c(c5)C(=O)N(c5ccc(Oc7ccc(C([*])(C)C)cc7)cc5)C6=O)cc4C3=O)cc2)cc1,IN_DOMAIN,0.5885400627143573,moderate,0.854579550802752,0.8614443139327924,44.111063221322674,True,32.20764066531762,True,23.853266739948268,True
[*]c1ccc(Oc2ccc3c(c2)C(=O)N(c2ccc(-c4nc5cc(N6C(=O)c7ccc(Oc8ccc(C([*])(C)C)cc8)cc7C6=O)ccc5[nH]4)cc2)C3=O)cc1,polyimide,597.15,563.8737823624126,33.276217637587365,563.7375153982682,564.0100493265569,0.13626696414434036,0.7017544,[*]c1ccc(Oc2ccc3c(c2)C(=O)N(c2ccc(Oc4ccc(-c5ccc(Oc6ccc(N7C(=O)c8ccc(Oc9ccc(C([*])(C)C)cc9)cc8C7=O)cc6)cc5)cc4)cc2)C3=O)cc1,IN_DOMAIN,0.5800749898758613,moderate,0.8549479471410063,0.8654830596650304,37.79398070165306,True,27.595230331296715,False,20.437274393449904,False
[*]c1ccc(Oc2ccc3c(c2)C(=O)N(c2ccc(N(c4ccc(C#N)cc4)c4ccc(N5C(=O)c6ccc(Oc7ccc(C(C)(C)c8ccc(C([*])(C)C)cc8)cc7)cc6C5=O)cc4)cc2)C3=O)cc1,polyimide,497.15,503.4255485765267,6.275548576526717,498.4863315873006,508.3647655657528,4.939216989226111,0.6440678,[*]c1ccc(Oc2ccc(N3C(=O)c4ccc(Oc5ccc6c(c5)C(=O)N(c5ccc(Oc7ccc(C([*])(C)C)cc7)cc5)C6=O)cc4C3=O)cc2)cc1,IN_DOMAIN,0.5564509360890774,moderate,0.8492312509615371,0.8486727345772441,64.08734448397172,True,46.79329881435341,True,34.65553561837932,True
[*]c1ccc(Oc2ccc3c(c2)C(=O)N(c2ccc(N(c4ccc(C#N)cc4)c4ccc(N5C(=O)c6ccc(Oc7ccc(C([*])(C)C)cc7)cc6C5=O)cc4)cc2)C3=O)cc1,polyimide,503.15,503.64935055876526,0.4993505587652862,496.8209515873005,510.4777495302301,6.828398971464793,0.7307692,[*]c1ccc(Oc2ccc(N3C(=O)c4ccc(Oc5ccc6c(c5)C(=O)N(c5ccc(Oc7ccc(C([*])(C)C)cc7)cc5)C6=O)cc4C3=O)cc2)cc1,IN_DOMAIN,0.5637110146380919,moderate,0.8483945786106625,0.8420605976394088,74.42951936620108,True,54.34462557864918,True,40.24811575863223,True
[*]c1ccc(Oc2ccc3c(c2)C(=O)N(c2ccc(N4C(=O)c5ccc(Oc6cccc(C([*])(C)C)c6)cc5C4=O)cc2)C3=O)cc1,polyimide,541.15,494.93210163981064,46.21789836018934,491.4556431746023,498.408560105019,3.4764584652083386,1.0,[*]c1ccc(Oc2ccc3c(c2)C(=O)N(c2ccc(Oc4ccc(N5C(=O)c6ccc(Oc7cccc(C([*])(C)C)c7)cc6C5=O)cc4)cc2)C3=O)cc1,IN_DOMAIN,0.6150025103958221,moderate,0.8527834916097337,0.8537923894113063,56.07959054174077,True,40.946446739770344,False,30.325304678047438,False
[*]c1ccc(Oc2ccc3c(c2)C(=O)N(c2ccc(Oc4ccc(C(c5ccc(Oc6ccc(N7C(=O)c8ccc(Oc9ccc(C%10([*])CCC(C(C)(C)C)CC%10)cc9)cc8C7=O)cc6)cc5)(C(F)(F)F)C(F)(F)F)cc4)cc2)C3=O)cc1,fluoropolymer,500.15,516.6232263306508,16.473226330650846,495.6557976190466,537.5906550422551,20.967428711604242,0.5846154,[*]c1ccc(Oc2ccc(N3C(=O)c4ccc(C(c5ccc6c(c5)C(=O)N(c5ccc(Oc7ccc(C([*])(C)C)cc7)cc5)C6=O)(C(F)(F)F)C(F)(F)F)cc4C3=O)cc2)cc1,IN_DOMAIN,0.4984012787589237,low,0.8132700056646542,0.7925739935489207,151.83250098064747,True,110.8603211027872,True,82.1041453368134,True
[*]c1ccc(Oc2ccc3c(c2)C(=O)N(c2ccc(Oc4ccc(C5(c6ccc(Oc7ccc(N8C(=O)c9ccc(Oc%10ccc(C%11([*])CCC(C(C)(C)C)CC%11)cc%10)cc9C8=O)cc7)cc6)C6CC7CC(C6)CC5C7)cc4)cc2)C3=O)cc1,polyimide,539.15,520.6264540958032,18.523545904196794,493.98139079364967,547.2715173979568,26.645063302153574,0.5135135,[*]c1ccc(NC(=O)c2ccc3c(c2)C(=O)N(c2ccc(C4([*])CCC(C(C)(C)C)CC4)cc2)C3=O)cc1,IN_DOMAIN,0.4717742845818305,low,0.7824051108539767,0.772702272481998,182.91425509693102,True,133.55462712761033,True,98.91175135531475,True
[*]c1ccc(Oc2ccc3c(c2)C(=O)N(c2ccc(Oc4ccc(C5(c6ccc(Oc7ccc(N8C(=O)c9ccc(Oc%10ccc(C%11([*])CCC(C(C)(C)C)CC%11)cc%10)cc9C8=O)cc7)cc6)CC6CC5C5CCCC65)cc4)cc2)C3=O)cc1,polyimide,530.15,520.1634637969357,9.986536203064247,496.19518888888774,544.1317387049837,23.968274908047988,0.5714286,[*]Oc1ccc(NC(=O)c2ccc3c(c2)C(=O)N(c2ccc(Oc4ccc(C5(c6ccc(Oc7ccc(N8C(=O)c9ccc(C(=O)Nc%10ccc(Oc%11ccc([*])c(C(C)(C)C)c%11)cc%10)cc9C8=O)cc7)cc6)CC6CC5C5CCCC65)cc4)cc2)C3=O)cc1,IN_DOMAIN,0.4877594571771587,low,0.8014220120668417,0.7820710318613676,168.26039223203298,True,122.85512647981513,True,90.987605479863,True
[*]c1ccc(Oc2ccc3c(c2)C(=O)N(c2ccc(Oc4ccc(S(=O)(=O)c5ccc(Oc6ccc(N7C(=O)c8ccc(Oc9ccc(C([*])(C)C)cc9)cc8C7=O)cc6)cc5)cc4)cc2)C3=O)cc1,polyimide,473.15,500.9206970460199,27.770697046019905,497.16345158730053,504.6779425047392,3.757245458719325,0.84444445,[*]c1ccc(Oc2ccc(N3C(=O)c4ccc(Oc5ccc6c(c5)C(=O)N(c5ccc(Oc7ccc(C([*])(C)C)cc7)cc5)C6=O)cc4C3=O)cc2)cc1,IN_DOMAIN,0.5906703848716814,moderate,0.8524061412534846,0.8528096349340178,57.616736364031986,True,42.068791944785,True,31.156523575069752,True
[*]c1ccc(Oc2ccc3c(c2)C(=O)N(c2ccc(S(=O)(=O)c4ccc(N5C(=O)c6ccc(Oc7ccc(C([*])(C)C)cc7)cc6C5=O)cc4)cc2)C3=O)cc1,polyimide,540.15,500.9206970460199,39.229302953980095,497.16345158730053,504.6779425047392,3.757245458719325,0.84444445,[*]c1ccc(Oc2ccc(N3C(=O)c4ccc(Oc5ccc6c(c5)C(=O)N(c5ccc(Oc7ccc(C([*])(C)C)cc7)cc5)C6=O)cc4C3=O)cc2)cc1,IN_DOMAIN,0.5906703848716814,moderate,0.8524061412534846,0.8528096349340178,57.616736364031986,True,42.068791944785,True,31.156523575069752,False
[*]c1ccc(Oc2ccc3c(c2)C(=O)N(c2ccc(Sc4ccc(Oc5ccc(Sc6ccc(N7C(=O)c8ccc(Oc9ccc(C([*])(C)C)cc9)cc8C7=O)cc6)cc5)cc4)cc2)C3=O)cc1,polyimide,472.15,489.74019666986095,17.590196669860973,496.2533960317449,483.226997307977,6.513199361883949,0.8636364,[*]c1ccc(Oc2ccc(N3C(=O)c4ccc(Oc5ccc6c(c5)C(=O)N(c5ccc(Oc7ccc(C([*])(C)C)cc7)cc5)C6=O)cc4C3=O)cc2)cc1,IN_DOMAIN,0.5850055977062556,moderate,0.8492697281537317,0.8431637962729417,72.70398444381495,True,53.084728294903705,True,39.3150245618443,True
[*]c1ccc(Oc2ccc3c(c2)C(=O)N(c2cccc(P(=O)(c4ccccc4)c4cccc(N5C(=O)c6ccc(Oc7ccc(C([*])(C)C)cc7)cc6C5=O)c4)c2)C3=O)cc1,polyimide,486.15,495.85949510680575,9.709495106805775,496.20836103174446,495.510629181867,0.34886592493873536,0.79591835,[*]c1ccc(Oc2ccc3c(c2)C(=O)N(c2cccc(N4C(=O)c5ccc(Oc6ccc(C([*])(C)C)cc6)cc5C4=O)c2)C3=O)cc1,IN_DOMAIN,0.5938045263015699,moderate,0.8554159587726665,0.8647389633022499,38.9578366207691,True,28.445018354791298,True,21.066635004103308,True
[*]c1ccc(Oc2ccc3c(c2)C(=O)N(c2cccc(P(C)(=O)c4cccc(N5C(=O)c6ccc(Oc7ccc(C([*])(C)C)cc7)cc6C5=O)c4)c2)C3=O)cc1,polyimide,501.15,496.8571613332464,4.292838666753596,496.30910388888714,497.40521877760557,0.5480574443592161,0.79591835,[*]c1ccc(Oc2ccc3c(c2)C(=O)N(c2cccc(N4C(=O)c5ccc(Oc6ccc(C([*])(C)C)cc6)cc5C4=O)c2)C3=O)cc1,IN_DOMAIN,0.5931911415738735,moderate,0.8552548760333823,0.8640417929842782,40.048294579966026,True,29.24121494461807,True,21.656305319663748,True
[*]c1ccc(Oc2ccc3c4c2cccc4c(=O)n2c4ccc(-c5ccc6nc7c8cccc9c(Oc%10ccc(C%11([*])c%12ccccc%12C(=O)c%12ccccc%12%11)cc%10)ccc(c(=O)n7c6c5)c98)cc4nc32)cc1,polyether,701.15,654.5445045366944,46.6054954633056,621.1411535714291,687.9478555019596,33.40335096526525,0.70422536,[*]C(=O)c1ccc(Oc2ccc3c(=O)n4c5cc(-c6ccc7c(c6)nc6c8ccc(Oc9ccc([*])cc9)c9cccc(c(=O)n76)c98)ccc5nc4c4cccc2c34)cc1,IN_DOMAIN,0.4822723722039435,low,0.7601795133494604,0.7490482656611072,219.91195758056787,True,160.56845585933988,True,118.91843452410404,True
[*]c1ccc(Oc2ccc3c4c2cccc4c(=O)n2c4ccc(Oc5ccc6nc7c8cccc9c(Oc%10ccc(C([*])(C)C)cc%10)ccc(c(=O)n7c6c5)c98)cc4nc32)cc1,polyether,607.15,602.3340237276623,4.815976272337707,606.8795846825399,597.7884627727848,4.545560954877544,0.8548387,[*]c1ccc(Oc2ccc3c4c2cccc4c(=O)n2c4ccc(-c5ccc6nc7c8cccc9c(Oc%10ccc(C([*])(C)C)cc%10)ccc(c(=O)n7c6c5)c98)cc4nc32)cc1,IN_DOMAIN,0.5898022098791031,moderate,0.8515804386403453,0.8500505306974641,61.932306171647085,True,45.21980013818019,True,33.49018842552727,True
[*]c1ccc(Oc2ccc3ccc(Oc4ccc(-c5nc([*])nc(-c6ccccc6)n5)cc4)cc3c2)cc1,polyether,528.15,490.71505878068604,37.43494121931394,492.5553257864349,488.87479177493725,1.8402670057488137,0.5641026,[*]c1ccc(Oc2ccc(-c3nc(-c4ccccc4)nc(-c4ccc(Oc5ccc(C([*])(C)C)cc5)cc4)n3)cc2)cc1,IN_DOMAIN,0.5541693019866174,moderate,0.8478176254849695,0.8595190595194147,47.122391937460115,True,34.406358767574204,False,25.481657031682854,False
[*]c1ccc(Oc2ccc3ccc(Oc4ccc(-n5c(=O)c6cc7c(=O)n([*])c(=O)c7cc6c5=O)cc4)cc3c2)cc1,polyether,593.95,615.1773644147877,21.227364414787644,624.6152290864688,605.7394997431065,9.437864671681155,0.84615386,[*]c1cccc(Oc2ccc(-n3c(=O)c4cc5c(=O)n([*])c(=O)c5cc4c3=O)cc2)c1,IN_DOMAIN,0.5732119798694956,moderate,0.8451267909303463,0.8329274676886514,88.714829555766,True,64.77502792623311,True,47.97296502614838,True
[*]c1ccc(Oc2ccc3ccc(Oc4ccc(N5C(=O)CC(=O)N([*])C5=S)cc4)cc3c2)cc1,polyamide,424.65,565.9970395637295,141.34703956372948,574.7260306075035,557.2680485199553,8.728991043774101,0.44642857,[*]Oc1ccc2ccc(Oc3ccc4c(c3)C(=O)N(c3ccc(Oc5ccc(N6C(=O)c7ccc([*])cc7C6=O)cc5)cc3)C4=O)cc2c1,IN_DOMAIN,0.5157891846195053,moderate,0.8112775834038711,0.8329085277705119,84.83415786921543,False,61.94156008181997,False,45.874473398208885,False
[*]c1ccc(Oc2cccc(-c3cc(-c4ccccc4)cc(-c4cccc(Oc5ccc(-n6c(=O)c7cc8c(=O)n([*])c(=O)c8cc7c6=O)cc5)c4)n3)c2)cc1,polyether,537.15,595.1095897743605,57.95958977436055,601.1752176578973,589.0439618908239,6.065627883536706,0.70212764,[*]c1cccc(Oc2ccc(-n3c(=O)c4cc5c(=O)n([*])c(=O)c5cc4c3=O)cc2)c1,IN_DOMAIN,0.5617274530783026,moderate,0.8490635253532163,0.844730296447157,70.25379036781602,True,51.29572198680101,False,37.99007048929789,False
[*]c1ccc(Oc2cccc(Oc3ccc(-n4c(=O)c5cc6c(=O)n([*])c(=O)c6cc5c4=O)cc3)c2)cc1,polyether,599.15,601.0556546926823,1.905654692682333,600.127772419802,601.9835369655625,0.9278822728802538,0.9166667,[*]c1cccc(Oc2ccc(-n3c(=O)c4cc5c(=O)n([*])c(=O)c5cc4c3=O)cc2)c1,IN_DOMAIN,0.6104216770201848,moderate,0.8551130307318754,0.8627124060844545,42.1276150679385,True,30.759428340850103,True,22.780707739723113,True
[*]c1ccc(Oc2cccc(Oc3ccc(C([*])(C)C)cc3)n2)cc1,polyether,380.15,404.87167493973254,24.721674939732566,405.7686612878774,403.9746885915876,0.8969863481449067,0.71428573,[*]c1ccc(Oc2ccc(Oc3ccc(Oc4ccc(C([*])(C)C)cc4)cc3)cc2)cc1,IN_DOMAIN,0.5796396467882776,moderate,0.8544736844101389,0.8628205418210283,41.95847781183228,True,30.635932973249137,True,22.689245965942646,False
[*]c1ccc(Oc2cccc(Oc3ccc(N4C(=O)CC(=O)N([*])C4=S)cc3)c2)cc1,polyamide,418.15,553.3463570864126,135.1963570864126,551.9887967316006,554.7039174412247,1.3575603548120512,0.52272725,[*]c1ccc2c(c1)C(=O)N(c1ccc(Oc3cccc(Oc4ccc(N5C(=O)c6ccc([*])cc6C5=O)cc4)c3)cc1)C2=O,IN_DOMAIN,0.5496175548171157,moderate,0.8428126067916147,0.8612085327976934,44.47985318378884,False,32.47691222044859,False,24.05269166202697,False
[*]c1ccc(Oc2ccccc2Oc2ccc(S([*])(=O)=O)cc2)cc1,polysulfone,444.15,472.54567326623965,28.39567326623967,478.6591817404803,466.432164791999,6.113508474240632,0.8,[*]c1ccc(Oc2ccc(Oc3ccc(Oc4ccc(S([*])(=O)=O)cc4)cc3)cc2)cc1,IN_DOMAIN,0.5765294962086519,moderate,0.8496495681824215,0.8445627143796933,70.51590881229625,True,51.48710745917588,True,38.13181228187896,True
[*]c1ccc(Oc2cncc(Oc3ccc(C([*])(C)C)cc3)n2)cc1,polyether,418.15,414.22316421884597,3.9268357811540113,416.0889151839814,412.35741325371055,1.865750965135419,0.6666667,[*]c1ccc(Oc2ccc(Oc3ccc(Oc4ccc(C([*])(C)C)cc4)cc3)cc2)cc1,IN_DOMAIN,0.5694146276461487,moderate,0.8529075855121554,0.8594298656615615,47.26190182435602,True,34.50822174657015,True,25.55709766498365,True
[*]c1ccc(Oc2nc(Cl)nc(Oc3ccc(C([*])(C)C)cc3)n2)cc1,polyether,353.15,432.3379179023402,79.18791790234025,430.3377923412686,434.3380434634119,2.0001255610716555,0.6451613,[*]c1ccc(Oc2ccc(Oc3ccc(Oc4ccc(C([*])(C)C)cc4)cc3)cc2)cc1,IN_DOMAIN,0.5657526606614247,moderate,0.8522468576012413,0.8589595545757848,47.99752474685216,False,35.045335953816775,False,25.954889250787883,False
[*]c1ccc(P(=O)(c2ccccc2)c2ccc(-n3c(=O)c4cc5c(=O)n([*])c(=O)c5cc4c3=O)cc2)cc1,aromatic_hc,698.15,631.8834724637808,66.2665275362192,613.3168659047627,650.4500790227988,18.566606559018055,0.7948718,[*]c1cccc(P(=O)(c2ccccc2)c2cccc(-n3c(=O)c4cc5c(=O)n([*])c(=O)c5cc4c3=O)c2)c1,IN_DOMAIN,0.5373637412816279,moderate,0.8252873993410704,0.8009768710829723,138.6893931188239,True,101.26389643455333,True,74.99694739767044,True
[*]c1ccc(S(=O)(=O)c2ccc(-n3c(=O)c4cc5c(=O)n([*])c(=O)c5cc4c3=O)cc2)cc1,polysulfone,623.15,649.8794902184186,26.72949021841862,633.803122777779,665.9558576590583,16.07636744063967,0.71428573,[*]c1ccc(-n2c(=O)c3cc4c(=O)n([*])c(=O)c4cc3c2=O)cc1,IN_DOMAIN,0.5325659311404162,moderate,0.8313993190196419,0.8096927079972966,125.05677926638876,True,91.31005954594215,True,67.62504677144251,True
[*]c1ccc(S(=O)(=O)c2ccc(N3C(=O)CC(C)(SCCOCCSC4(C)CC(=O)N(c5ccc(S(=O)(=O)c6ccc(N7C(=O)C(C)C(SCCOCCSC8C(=O)N([*])C(=O)C8C)C7=O)cc6)cc5)C4=O)C3=O)cc2)cc1,polyamide,430.15,469.8253480533981,39.675348053398125,461.65650174603024,477.9941943607659,8.16884630736783,0.525641,[*]CCCCCCN1C(=O)CC(C)(SCCOCCSC2(C)CC(=O)N(CCCCCCN3C(=O)C(C)C(SCCOCCSC4C(=O)N([*])C(=O)C4C)C3=O)C2=O)C1=O,IN_DOMAIN,0.5288353220394132,moderate,0.8356447881954133,0.8373690319637481,81.76769054222501,True,59.702582588030985,True,44.21626664102781,True
[*]c1ccc(Sc2ccc(-c3ccc(Sc4ccc(P([*])(=O)c5ccccc5)cc4)cc3)cc2)cc1,aromatic_hc,505.15,450.5751315102268,54.574868489773166,452.8787857142849,448.2714773061688,2.3036542040580628,0.4375,[*]c1ccc(Sc2ccc(S([*])(=O)=O)cc2)cc1,IN_DOMAIN,0.534566397165166,moderate,0.8144533921363978,0.8491472126699825,49.65916790089669,False,36.25858273843705,False,26.853430670684418,False
[*]c1ccc(Sc2ccc(-c3nn(-c4ccc(S(=O)(=O)c5ccc(-n6nc([*])c7ccccc7c6=O)cc5)cc4)c(=O)c4ccccc34)cc2)cc1,polysulfone,552.15,550.4384764775607,1.711523522439279,525.7940813888885,575.0828715662329,24.64439508867224,0.5762712,[*]C(=O)c1ccc(-n2nc(-c3ccc(Sc4ccc(-c5nn(-c6ccc([*])cc6)c(=O)c6ccccc56)cc4)cc3)c3ccccc3c2=O)cc1,IN_DOMAIN,0.48655196962383357,low,0.7991376061740328,0.7797046112291827,171.9617578046256,True,125.55767417708792,True,92.9891364758884,True
[*]c1ccc(Sc2ccc(-n3c(=O)c4cc5c(=O)n([*])c(=O)c5cc4c3=O)cc2)cc1,aromatic_hc,673.15,640.8112175375743,32.338782462425684,633.081827777779,648.5406072973694,7.729389759795197,0.7352941,[*]c1ccc(-n2c(=O)c3cc4c(=O)n([*])c(=O)c4cc3c2=O)cc1,IN_DOMAIN,0.561588850365852,moderate,0.8472245674054815,0.8389071298802523,79.36192100235719,True,57.94601280246812,True,42.91533534718472,True
[*]c1ccc(Sc2ccc(-n3c(=O)c4cc5c(=O)n([*])c(=O)c5cc4c3=O)cn2)nc1,aromatic_hc,632.15,618.83172288747,13.318277112529927,623.7262474682552,613.9371983066849,4.894524580785173,0.52272725,[*]c1ccc(-n2c(=O)c3cc4c(=O)n([*])c(=O)c4cc3c2=O)cc1,IN_DOMAIN,0.5386318873747254,moderate,0.839309769085064,0.8488291580067874,63.84267948697844,True,46.61465695602859,True,34.523231860341845,True
[*]c1ccc(Sc2ccc(Sc3ccc(Sc4ccc(-n5c(=O)c6cc7c(=O)n([*])c(=O)c7cc6c5=O)cc4)cc3)cc2)cc1,aromatic_hc,507.2,640.8112175375743,133.6112175375743,633.081827777779,648.5406072973694,7.729389759795197,0.7352941,[*]c1ccc(-n2c(=O)c3cc4c(=O)n([*])c(=O)c4cc3c2=O)cc1,IN_DOMAIN,0.561588850365852,moderate,0.8472245674054815,0.8389071298802523,79.36192100235719,False,57.94601280246812,False,42.91533534718472,False
[*]c1ccc(Sc2ccc(Sc3ccc(Sc4ccc(P([*])(=O)c5ccccc5)cc4)cc3)cc2)cc1,aromatic_hc,448.15,427.92336678544905,20.22663321455093,421.1694334523799,434.67730011851825,6.75393333306917,0.4827586,[*]c1ccc(Sc2ccc(S([*])(=O)=O)cc2)cc1,IN_DOMAIN,0.5270851970862089,moderate,0.8278353848664693,0.8423212273737933,74.02186321542001,True,54.0469759220656,True,40.02767376080568,True
[*]c1ccc(Sc2ccc3c(c2)Sc2ccc(Sc4ccc(-n5c(=O)c6cc7c(=O)n([*])c(=O)c7cc6c5=O)cc4)cc2S3)cc1,aromatic_hc,527.9,641.211719043164,113.31171904316398,633.081827777779,649.3416103085489,8.129891265384913,0.5813953,[*]c1ccc(-n2c(=O)c3cc4c(=O)n([*])c(=O)c4cc3c2=O)cc1,IN_DOMAIN,0.53713173072941,moderate,0.8421078288251266,0.8375053746106883,81.55443429665438,False,59.546873792427675,False,44.10094731435383,False
[*]c1ccc(Sc2cccc(Sc3ccc(S([*])=O)cc3)c2)cc1,aromatic_hc,394.15,446.3491653807551,52.19916538075512,428.67843189682435,464.01989886468584,17.670733483930746,0.84,[*]c1ccc(Sc2ccc(Sc3ccc(Sc4ccc(S([*])=O)cc4)cc3)cc2)cc1,IN_DOMAIN,0.5469559458859592,moderate,0.8278851068110492,0.8041124268457779,133.7850079923819,True,97.68296543218257,True,72.3448778696817,True
[*]c1ccc([Si](C)(C)c2ccc3c(c2)C(=O)N(c2ccc(Cc4ccc(N5C(=O)c6ccc([Si]([*])(C)C)cc6C5=O)cc4)cc2)C3=O)cc1,polyimide,568.15,530.7807150959109,37.36928490408911,524.2847889682516,537.2766412235701,6.4959261276592315,0.74509805,[*]O[Si](C)(C)c1ccc2c(c1)C(=O)N(c1ccc(Cc3ccc(N4C(=O)c5ccc([Si]([*])(C)C)cc5C4=O)cc3)cc1)C2=O,IN_DOMAIN,0.5669372166490472,moderate,0.8489256125729173,0.8432242525927282,72.60942351172197,True,53.01568474212088,True,39.26389028913192,True
[*]c1ccc([Si](C)(C)c2ccc3c(c2)C(=O)N(c2cccc(Cc4cccc(N5C(=O)c6ccc([Si]([*])(C)C)cc6C5=O)c4)c2)C3=O)cc1,polyimide,519.15,520.7301957404709,1.5801957404709128,507.7990830952359,533.6613083857058,12.931112645234919,0.7735849,[*]O[Si](C)(C)c1ccc2c(c1)C(=O)N(c1cccc(Cc3cccc(N4C(=O)c5ccc([Si]([*])(C)C)cc5C4=O)c3)c1)C2=O,IN_DOMAIN,0.5512693834072511,moderate,0.8387644889430835,0.8207010997812133,107.83833474962503,True,78.73803263674796,True,58.314091199035666,True
[*]c1ccc([Si](c2ccccc2)(c2ccccc2)c2ccc(-c3ccc4c(c3)c3cc([*])ccc3n4CCCCCC#N)cc2)cc1,nitrile,438.15,381.363423394851,56.78657660514898,359.0545713712391,403.67227541846296,22.308852023611934,0.4084507,[*]C=Cc1ccc(-c2nnc(-c3ccc(/C=C/c4ccc5c(c4)c4cc(-c6ccc7c(c6)c6cc([*])ccc6n7CCCCCCCC)ccc4n5CCCCCCCC)cc3)n2-c2ccccc2)cc1,IN_DOMAIN,0.4692719661983529,low,0.7559946822996946,0.7587945083062285,159.17601505939336,True,116.22217922627537,True,86.07518541920747,True
[*]c1ccc2[nH]c(CCCCCCCCc3nc4cc([*])ccc4[nH]3)nc2c1,aromatic_hc,507.15,379.4530393586507,127.69696064134928,374.86386832989155,384.0422103874099,4.589171028759182,0.3888889,[*]c1ccc2nc(CCCCCCCCc3nc4ccc([*])cc4o3)oc2c1,IN_DOMAIN,0.5207769651906697,moderate,0.7786045461912421,0.8071201187207387,62.17104601510906,False,45.39411575265852,False,33.61928812867837,False
[*]c1ccc2[nH]c(CCCc3nc4cc([*])ccc4[nH]3)nc2c1,aromatic_hc,548.15,389.3734899478035,158.7765100521965,381.8633442380942,396.8836356575127,7.510145709709235,0.3243243,[*]c1ccc2nc(CCCCCCCCc3nc4ccc([*])cc4o3)oc2c1,IN_DOMAIN,0.5030793733801506,moderate,0.7046115449029955,0.7517015152387959,78.16168707614204,False,57.06966342009424,False,42.266303156582104,False
[*]c1ccc2[nH]c([*])nc2c1,aromatic_hc,671.15,524.5613083826084,146.58869161739153,523.9695489811285,525.1530677840884,0.5917594014799761,0.43243244,[*]c1cccc(-c2nc3cc(-c4ccc5[nH]c([*])nc5c4)ccc3[nH]2)c1,IN_DOMAIN,0.5391528204533608,moderate,0.813204761173775,0.8515915634521657,40.28753743083368,False,29.41589782935903,False,21.785677026456188,False
[*]c1ccc2c(c1)C(=O)N(CCCCCCCCCCCCN1C(=O)c3ccc4c5ccc6c7c(ccc(c8ccc(c3c48)C1=O)c75)C(=O)N(CCCCCCCCCCCCN1C(=O)c3ccc(C([*])(C(F)(F)F)C(F)(F)F)cc3C1=O)C6=O)C2=O,fluoropolymer,443.15,403.03717991077514,40.11282008922484,413.8989531072515,392.1754067142988,10.86177319647635,0.8333333,[*]c1ccc2c(c1)C(=O)N(CCCCCCCCCCCCN1C(=O)c3ccc(C([*])(C(F)(F)F)C(F)(F)F)cc3C1=O)C2=O,IN_DOMAIN,0.5668218310554036,moderate,0.8427692950448528,0.8279437878518683,96.50990230057295,True,70.46659107593733,True,52.188187599820125,True
[*]c1ccc2c(c1)C(=O)N(CCCCCN1C(=O)c3ccc(C([*])(C(F)(F)F)C(F)(F)F)cc3C1=O)C2=O,fluoropolymer,453.15,405.32333857690156,47.826661423098415,411.6345116220699,399.0121655317332,6.311173045168346,1.0,[*]c1ccc2c(c1)C(=O)N(CCCCCCCCCCCCN1C(=O)c3ccc(C([*])(C(F)(F)F)C(F)(F)F)cc3C1=O)C2=O,IN_DOMAIN,0.6061669616685795,moderate,0.8495885418992485,0.8438708883814462,71.59800761472754,True,52.27720062057197,True,38.71696234375493,False
[*]c1ccc2c(c1)C(=O)N(CCCCN1C(=O)c3ccc(C([*])(C(F)(F)F)C(F)(F)F)cc3C1=O)C2=O,fluoropolymer,463.15,422.33823843213713,40.811761567862845,417.40865551023745,427.2678213540368,4.92958292189968,0.9714286,[*]c1ccc2c(c1)C(=O)N(CCCCCCCCCCCCN1C(=O)c3ccc(C([*])(C(F)(F)F)C(F)(F)F)cc3C1=O)C2=O,IN_DOMAIN,0.6062300376510152,moderate,0.8512234121788621,0.8487064538128867,64.03460355691766,True,46.75479008881237,True,34.62701571182389,False
[*]c1ccc2c(c1)C(=O)N(CCCN1C(=O)c3ccc(C([*])(C(F)(F)F)C(F)(F)F)cc3C1=O)C2=O,fluoropolymer,463.15,424.47778378939745,38.67221621060253,418.2932954958073,430.66227208298756,6.184488293590135,0.9166667,[*]c1ccc2c(c1)C(=O)N(CCCCCCCCCCCCN1C(=O)c3ccc(C([*])(C(F)(F)F)C(F)(F)F)cc3C1=O)C2=O,IN_DOMAIN,0.5940848478610745,moderate,0.84972189846953,0.84431428501197,70.90448212694945,True,51.770823805519406,True,38.341935145523024,False
[*]c1ccc2c(c1)C(=O)N(CCN(CCN1C(=O)c3ccc(C([*])(C(F)(F)F)C(F)(F)F)cc3C1=O)c1ccc(/N=N/c3ccc(C4OCCO4)cc3)cc1)C2=O,fluoropolymer,451.15,501.48864081330714,50.338640813307165,484.2749961327548,518.7022854938596,17.21364468055239,0.5,[*]c1ccc2c(c1)C(=O)N(CCCCCCCCCCCCN1C(=O)c3ccc(C([*])(C(F)(F)F)C(F)(F)F)cc3C1=O)C2=O,IN_DOMAIN,0.49723887723724436,low,0.8126124169037136,0.8057122376576021,131.28271208563922,True,95.8559170339543,True,70.9917494849421,True
[*]c1ccc2c(c1)C(=O)N(CCN(CCN1C(=O)c3ccc(C([*])(C(F)(F)F)C(F)(F)F)cc3C1=O)c1ccc(/N=N/c3ccc([N+](=O)[O-])cc3)cc1)C2=O,fluoropolymer,483.15,484.2409514416569,1.0909514416568982,458.6092245238084,509.87267835950536,25.631726917848482,0.5254237,[*]c1ccc2c(c1)C(=O)N(CCCCCCCCCCCCN1C(=O)c3ccc(C([*])(C(F)(F)F)C(F)(F)F)cc3C1=O)C2=O,IN_DOMAIN,0.47632132028118257,low,0.7889922952264135,0.7762489498270658,177.3668265275614,True,129.50417871555737,True,95.9119530343797,True
[*]c1ccc2c(c1)C(=O)N(CCN1C(=O)c3ccc(C([*])(C(F)(F)F)C(F)(F)F)cc3C1=O)C2=O,fluoropolymer,453.15,489.9091570617851,36.75915706178512,475.82172750360604,503.9965866199642,14.087429558179082,0.8611111,[*]c1ccc2c(c1)C(=O)N(CCCCCCCCCCCCN1C(=O)c3ccc(C([*])(C(F)(F)F)C(F)(F)F)cc3C1=O)C2=O,IN_DOMAIN,0.5610882023356398,moderate,0.8365849640291062,0.8166539905859087,114.16849872820421,True,83.35999438252749,True,61.73715740650972,True
[*]c1ccc2c(c1)C(=O)N(Cc1nc3cc(-c4ccc5oc(CN6C(=O)c7ccc(C([*])(C(F)(F)F)C(F)(F)F)cc7C6=O)nc5c4)ccc3o1)C2=O,fluoropolymer,504.15,501.3574040224302,2.7925959775697606,485.7329807936494,516.981827251211,15.624423228780813,0.5272727,[*]c1ccc2c(c1)C(=O)N(CCCCCCCCCCCCN1C(=O)c3ccc(C([*])(C(F)(F)F)C(F)(F)F)cc3C1=O)C2=O,IN_DOMAIN,0.5060020760448407,moderate,0.8219835986303462,0.8112745127388027,122.58264701232352,True,89.50357480542276,True,66.28714801552225,True
[*]c1ccc2c(c1)C(=O)N(Cc1nnc(-c3ccc(-c4nnc(CN5C(=O)c6ccc(C([*])(C(F)(F)F)C(F)(F)F)cc6C5=O)o4)c(Oc4ccccc4)c3)o1)C2=O,fluoropolymer,481.15,481.10757603373645,0.04242396626352729,478.6680057142843,483.54714635318857,2.4395703194521445,0.4848485,[*]c1ccc2c(c1)C(=O)N(c1ccc(Oc3ccc(-c4ccc(Oc5ccc(N6C(=O)c7ccc(C([*])(C(F)(F)F)C(F)(F)F)cc7C6=O)cc5)cc4)cc3)cc1)C2=O,IN_DOMAIN,0.5408209858867328,moderate,0.8332193136098878,0.8574214979214531,50.40322974773536,True,36.80185861631633,True,27.255785644868812,True
[*]c1ccc2c(c1)C(=O)N(Cc1nnc(-c3ccc(-c4nnc(CN5C(=O)c6ccc(C([*])(C(F)(F)F)C(F)(F)F)cc6C5=O)o4)cc3)o1)C2=O,fluoropolymer,487.15,495.29498084841714,8.144980848417163,476.11698857142716,514.4729731254072,19.17799227699001,0.5576923,[*]c1ccc2c(c1)C(=O)N(CCCCCCCCCCCCN1C(=O)c3ccc(C([*])(C(F)(F)F)C(F)(F)F)cc3C1=O)C2=O,IN_DOMAIN,0.49972410428807224,low,0.8165291911685646,0.7988370210700705,142.0363750799108,True,103.70769135681854,True,76.80684377425585,True
[*]c1ccc2c(c1)C(=O)N(Cc1nnc(-c3ccc(Oc4ccc(-c5nnc(CN6C(=O)c7ccc(C([*])(C(F)(F)F)C(F)(F)F)cc7C6=O)o5)cc4)cc3)o1)C2=O,fluoropolymer,483.15,484.1344108856735,0.9844108856735261,472.19085800865645,496.07796376269056,11.943552877017055,0.5762712,[*]c1ccc2c(c1)C(=O)N(c1ccc(Oc3ccc(-c4ccc(Oc5ccc(N6C(=O)c7ccc(C([*])(C(F)(F)F)C(F)(F)F)cc7C6=O)cc5)cc4)cc3)cc1)C2=O,IN_DOMAIN,0.5245055801308856,moderate,0.8354862073740139,0.8241575589699758,102.43201819273091,True,74.79061699378894,True,55.39059986841053,True
[*]c1ccc2c(c1)C(=O)N(c1cc(-c3ccc(O)c(N4C(=O)c5ccc(C([*])(C(F)(F)F)C(F)(F)F)cc5C4=O)c3)ccc1O)C2=O,fluoropolymer,643.15,590.1400991297862,53.009900870213755,595.7726948412705,584.5075034183019,5.632595711484328,0.8181818,[*]c1ccc2c(c1)C(=O)N(c1ccc(-c3ccc(N4C(=O)c5ccc(C([*])(C(F)(F)F)C(F)(F)F)cc5C4=O)c(O)c3)cc1O)C2=O,IN_DOMAIN,0.5808120772972547,moderate,0.8502770226850552,0.8462459090493404,67.88319055525042,True,49.56483133605209,False,36.70815739237066,False
[*]c1ccc2c(c1)C(=O)N(c1cc(C(F)(F)F)cc(N3C(=O)c4ccc(C([*])(C(F)(F)F)C(F)(F)F)cc4C3=O)c1OC(c1c(F)c(F)c(F)c(F)c1F)c1c(F)c(F)c(F)c(F)c1F)C2=O,fluoropolymer,594.85,570.5145503752032,24.335449624796865,588.1366957142861,552.8924050361202,17.622145339082977,0.59615386,[*]c1ccc2c(c1)C(=O)N(c1c(F)c(F)c(N3C(=O)c4ccc(C([*])(C(F)(F)F)C(F)(F)F)cc4C3=O)c(F)c1F)C2=O,IN_DOMAIN,0.5100720908730771,moderate,0.824051551782422,0.8042824853527452,133.51901609962457,True,97.48875176612714,True,72.20104149156562,True
[*]c1ccc2c(c1)C(=O)N(c1cc(C(c3ccc(OC(=O)C45CC6CC(CC(C6)C4)C5)c(N4C(=O)c5ccc(C([*])(C(F)(F)F)C(F)(F)F)cc5C4=O)c3)(C(F)(F)F)C(F)(F)F)ccc1OC(=O)C13CC4CC(CC(C4)C1)C3)C2=O,fluoropolymer,578.15,567.2148607512931,10.935139248706832,565.010340106781,569.4193813958052,2.2045206445121153,0.6142857,[*]c1ccc(OC(C)=O)c(N2C(=O)c3ccc(C(c4ccc5c(c4)C(=O)N(c4cc(C([*])(C(F)(F)F)C(F)(F)F)ccc4OC(C)=O)C5=O)(C(F)(F)F)C(F)(F)F)cc3C2=O)c1,IN_DOMAIN,0.5604867524804238,moderate,0.8509132384607391,0.8582441717837431,49.11646919893937,True,35.86233192275218,True,26.559963772544585,True
[*]c1ccc2c(c1)C(=O)N(c1cc(C(c3ccc4nc([*])oc4c3)(C(F)(F)F)C(F)(F)F)ccc1O)C2=O,fluoropolymer,602.15,570.878532175516,31.27146782448392,576.993639063492,564.7634252875401,6.115106887975912,0.6296296,[*]Oc1ccc2c(c1)C(=O)N(c1cc(C(c3ccc(O)c(N4C(=O)c5ccc([*])cc5C4=O)c3)(C(F)(F)F)C(F)(F)F)ccc1O)C2=O,IN_DOMAIN,0.5506122960649593,moderate,0.847365697825795,0.8445571199316199,70.52465919978661,True,51.49349654425774,True,38.136544095434175,True
[*]c1ccc2c(c1)C(=O)N(c1ccc(-c3ccc(N4C(=O)c5ccc(C([*])(C(F)(F)F)C(F)(F)F)cc5C4=O)cc3-c3ccc(-c4ccccc4)cc3)c(-c3ccc(-c4ccccc4)cc3)c1)C2=O,fluoropolymer,558.15,584.0404324104302,25.890432410430208,587.3871462698417,580.6937185510186,3.3467138594115227,0.82608694,[*]c1ccc2c(c1)C(=O)N(c1ccc(-c3ccc(N4C(=O)c5ccc(C([*])(C(F)(F)F)C(F)(F)F)cc5C4=O)cc3-c3ccc(C(F)(F)F)cc3)c(-c3ccc(C(F)(F)F)cc3)c1)C2=O,IN_DOMAIN,0.5891420742773071,moderate,0.8527931813288617,0.8542464955315952,55.3693141280379,True,40.427839255955845,True,29.941219337140062,True
[*]c1ccc2c(c1)C(=O)N(c1ccc(-c3ccc(N4C(=O)c5ccc(C([*])(c6ccccc6)C(F)(F)F)cc5C4=O)cc3C(F)(F)F)c(C(F)(F)F)c1)C2=O,fluoropolymer,553.15,583.4313423933484,30.281342393348382,590.0671860930731,576.7954986936235,6.6358436997248305,0.7777778,[*]c1ccc2c(c1)C(=O)N(c1ccc(-c3ccc(N4C(=O)c5ccc(C([*])(C(F)(F)F)C(F)(F)F)cc5C4=O)cc3C(F)(F)F)c(C(F)(F)F)c1)C2=O,IN_DOMAIN,0.5714981481101815,moderate,0.8489183063687981,0.8427345410904986,73.37539101141441,True,53.574955006535646,True,39.67809084903733,True
[*]c1ccc2c(c1)C(=O)N(c1ccc(N(c3ccc(/C=C/c4ccc([N+](=O)[O-])cc4)cc3)c3ccc(N4C(=O)c5ccc(C([*])(C(F)(F)F)C(F)(F)F)cc5C4=O)cc3)cc1)C2=O,fluoropolymer,563.15,593.1153423790058,29.965342379005847,604.3537587056278,581.8769260523839,11.238416326621973,0.6037736,[*]c1ccc2c(c1)C(=O)N(c1ccc(N3C(=O)c4ccc(C([*])(C(F)(F)F)C(F)(F)F)cc4C3=O)cc1)C2=O,IN_DOMAIN,0.5307745864645896,moderate,0.8385926974894375,0.8266255368963585,98.57180483657976,True,71.97208677513221,True,53.30317117970745,True
[*]c1ccc2c(c1)C(=O)N(c1ccc(N3C(=O)c4ccc(-c5c(-c6ccccc6)c(-c6ccccc6)c(-c6ccc(Oc7ccc(-c8c(-c9ccccc9)c(-c9ccccc9)c([*])c(-c9ccccc9)c8-c8ccccc8)cc7)cc6)c(-c6ccccc6)c5-c5ccccc5)cc4C3=O)cc1)C2=O,polyimide,626.15,555.4661659396702,70.68383406032979,558.558917683982,552.3734141953582,3.0927517443118973,0.61702126,[*]Oc1ccc2c(c1)C(=O)N(c1ccc(Oc3ccc(-c4ccc(Oc5ccc(N6C(=O)c7ccc([*])cc7C6=O)cc5)cc4)cc3)cc1)C2=O,IN_DOMAIN,0.5581395765927618,moderate,0.8501902752438167,0.8551353629344439,53.97901894604132,False,39.41271687235338,False,29.18941062065012,False
[*]c1ccc2c(c1)C(=O)N(c1ccc(N3C(=O)c4ccc(-c5c(-c6ccccc6)c(-c6ccccc6)c(-c6ccc(Sc7ccc(-c8c(-c9ccccc9)c(-c9ccccc9)c([*])c(-c9ccccc9)c8-c8ccccc8)cc7)cc6)c(-c6ccccc6)c5-c5ccccc5)cc4C3=O)cc1)C2=O,polyimide,617.15,548.2158864539936,68.93411354600642,528.118548412698,568.3132244952892,20.097338041295586,0.6,[*]c1ccc2c(c1)C(=O)N(c1ccc(Sc3ccc(Sc4ccc(Sc5ccc(N6C(=O)c7ccc([*])cc7C6=O)cc5)cc4)cc3)cc1)C2=O,IN_DOMAIN,0.5032512842679164,moderate,0.8170582158637927,0.7956193108950009,147.06925955640685,True,107.38244600772624,True,79.52839993550417,True
[*]c1ccc2c(c1)C(=O)N(c1ccc(N3C(=O)c4ccc(C(c5ccc6c(c5)C(=O)N(c5ccc(N7C(=O)c8ccc([*])cc8C7=O)cc5)C6=O)(C(F)(F)F)C(F)(F)F)cc4C3=O)cc1)C2=O,fluoropolymer,615.15,581.4184200132122,33.73157998678778,590.8408963174602,571.9959437089641,9.42247630424805,0.8181818,[*]c1ccc2c(c1)C(=O)N(c1ccc(C(c3ccc(N4C(=O)c5ccc([*])cc5C4=O)cc3)(C(F)(F)F)C(F)(F)F)cc1)C2=O,IN_DOMAIN,0.5689849552750402,moderate,0.8451003380095209,0.8329813269746673,88.6305871753911,True,64.7135184517892,True,47.927410559238155,True
[*]c1ccc2c(c1)C(=O)N(c1ccc(N3C(=O)c4ccc(P([*])(=O)c5ccccc5)cc4C3=O)cc1)C2=O,polyimide,639.15,592.2062945543847,46.94370544561525,598.188142621934,586.2244464868354,5.981848067549322,0.8333333,[*]c1ccc2c(c1)C(=O)N(c1cccc(N3C(=O)c4ccc(P([*])(=O)c5ccccc5)cc4C3=O)c1)C2=O,IN_DOMAIN,0.582038757706354,moderate,0.8498868512940455,0.8450235258031128,69.795144500616,True,50.96084224905144,True,37.74205556037619,False
[*]c1ccc2c(c1)C(=O)N(c1ccc(NC(=O)C(F)(F)C(F)(F)C(F)(F)C(F)(F)C(=O)Nc3ccc(N4C(=O)c5ccc(C([*])(C(F)(F)F)C(F)(F)F)cc5C4=O)cc3)cc1)C2=O,fluoropolymer,558.15,521.0869078797134,37.06309212028657,523.4592177272717,518.714598032155,2.3723098475583697,0.6956522,[*]c1ccc2c(c1)C(=O)N(c1ccc(N3C(=O)c4ccc(C([*])(C(F)(F)F)C(F)(F)F)cc4C3=O)cc1)C2=O,IN_DOMAIN,0.5722405812546332,moderate,0.8529442223900798,0.8576569095730812,50.035017701714054,True,36.53300902619439,False,27.05667323384983,False
[*]c1ccc2c(c1)C(=O)N(c1ccc(NC(=O)C(F)(F)C(F)(F)C(F)(F)C(F)(F)C(F)(F)C(F)(F)C(=O)Nc3ccc(N4C(=O)c5ccc(C([*])(C(F)(F)F)C(F)(F)F)cc5C4=O)cc3)cc1)C2=O,fluoropolymer,538.15,515.998971967015,22.151028032984982,513.283345901875,518.714598032155,2.715626065139986,0.68085104,[*]c1ccc2c(c1)C(=O)N(c1ccc(N3C(=O)c4ccc(C([*])(C(F)(F)F)C(F)(F)F)cc4C3=O)cc1)C2=O,IN_DOMAIN,0.5689284591172008,moderate,0.8523906280397852,0.8564553028115455,51.91447473418431,True,37.905292356659324,True,28.07299854201229,True
[*]c1ccc2c(c1)C(=O)N(c1ccc(OCC3CCC(COc4ccc(N5C(=O)c6ccc([*])cc6C5=O)cc4)CC3)cc1)C2=O,polyimide,527.55,508.85303692070687,18.696963079293084,516.1766425685414,501.52943127287233,7.32360564783454,0.6315789,[*]c1ccc2c(c1)C(=O)N(c1ccc(OCCCCCCCCCCOc3ccc(N4C(=O)c5ccc([*])cc5C4=O)cc3)cc1)C2=O,IN_DOMAIN,0.5471320266700495,moderate,0.8458829596178911,0.8403273742721146,77.14048850417396,True,56.32403648997788,True,41.71408518329521,True
[*]c1ccc2c(c1)C(=O)N(c1ccc(OCCCCCCOc3ccc(N4C(=O)c5ccc(C([*])(C(F)(F)F)C(F)(F)F)cc5C4=O)cc3)cc1)C2=O,fluoropolymer,440.15,414.9435589676353,25.206441032364694,419.5004229517072,410.38669498356336,4.556863984071924,1.0,[*]c1ccc2c(c1)C(=O)N(c1ccc(OCCCCCCCCCCOc3ccc(N4C(=O)c5ccc(C([*])(C(F)(F)F)C(F)(F)F)cc5C4=O)cc3)cc1)C2=O,IN_DOMAIN,0.6116392242927735,moderate,0.8516434057274326,0.8500109700952837,61.99418369627217,True,45.2649799396369,True,33.52364899057156,True
[*]c1ccc2c(c1)C(=O)N(c1ccc(OCCCCCOc3ccc(N4C(=O)c5cccc([*])c5C4=O)cc3)cc1)C2=O,polyimide,481.15,416.4163973173438,64.73360268265617,415.02718751938687,417.8056071153007,1.3892097979569087,1.0,[*]c1ccc2c(c1)C(=O)N(c1ccc(OCCCCCCCCCCOc3ccc(N4C(=O)c5ccc([*])cc5C4=O)cc3)cc1)C2=O,IN_DOMAIN,0.6214746536432543,moderate,0.8547435034669247,0.8610977597466863,44.65311551584931,False,32.60341950738111,False,24.14638409020281,False
[*]c1ccc2c(c1)C(=O)N(c1ccc(OCCCCOc3ccc(N4C(=O)c5ccc(C([*])(C(F)(F)F)C(F)(F)F)cc5C4=O)cc3)cc1)C2=O,fluoropolymer,442.15,437.56668334414167,4.583316655858312,440.9083074600788,434.2250592282046,3.341624115937094,0.9767442,[*]c1ccc2c(c1)C(=O)N(c1ccc(OCCCCCCCCCCOc3ccc(N4C(=O)c5ccc(C([*])(C(F)(F)F)C(F)(F)F)cc5C4=O)cc3)cc1)C2=O,IN_DOMAIN,0.611967162200893,moderate,0.852915473382091,0.8542643096337557,55.3414507365737,True,40.407494833616866,True,29.926152075996516,True
[*]c1ccc2c(c1)C(=O)N(c1ccc(OCCCOc3ccc(N4C(=O)c5cccc([*])c5C4=O)cc3)cc1)C2=O,polyimide,510.65,449.8111839651761,60.83881603482388,451.0082454449282,448.614122485424,1.197061479752108,0.9,[*]c1ccc2c(c1)C(=O)N(c1ccc(OCCCCCCCCCCOc3ccc(N4C(=O)c5ccc([*])cc5C4=O)cc3)cc1)C2=O,IN_DOMAIN,0.6070669725579737,moderate,0.8548755061769848,0.8617702788604031,43.601214995474116,False,31.8353755859295,False,23.577563892636796,False
[*]c1ccc2c(c1)C(=O)N(c1ccc(OCCN(CCOc3ccc(N4C(=O)c5ccc(C([*])(C(F)(F)F)C(F)(F)F)cc5C4=O)cc3)c3ccccc3)cc1)C2=O,fluoropolymer,443.15,494.1726506512266,51.02265065122663,490.6647275324665,497.6805737699868,3.5079231187601465,0.78431374,[*]c1ccc2c(c1)C(=O)N(c1ccc(OCCOc3ccc(N4C(=O)c5ccc(C([*])(C(F)(F)F)C(F)(F)F)cc5C4=O)cc3)cc1)C2=O,IN_DOMAIN,0.5822496054882718,moderate,0.8525164474810812,0.853682263123875,56.251841258030126,True,41.07221539664347,False,30.418450070195025,False
[*]c1ccc2c(c1)C(=O)N(c1ccc(OCCOCCOCCOCCOc3ccc(N4C(=O)c5ccc(C([*])(C(F)(F)F)C(F)(F)F)cc5C4=O)cc3)cc1)C2=O,fluoropolymer,413.15,462.49222693126535,49.34222693126537,461.9793296031735,463.00512425935716,0.5128973280918387,1.0,[*]c1ccc2c(c1)C(=O)N(c1ccc(OCCOCCOCCOc3ccc(N4C(=O)c5ccc(C([*])(C(F)(F)F)C(F)(F)F)cc5C4=O)cc3)cc1)C2=O,IN_DOMAIN,0.624178549930684,moderate,0.8554795546070427,0.8641648533912141,39.85581335013457,False,29.100675002197605,False,21.552220181326305,False
[*]c1ccc2c(c1)C(=O)N(c1ccc(Oc3ccc(C(=O)c4cccc(C(=O)c5ccc(Oc6ccc(N7C(=O)c8ccc([Si]([*])(C)C)cc8C7=O)cc6)cc5)c4)cc3)cc1)C2=O,polyimide,481.15,522.0223322683562,40.87233226835622,531.0482018253957,512.9964627113168,9.02586955703947,0.7659575,[*]c1ccc2c(c1)C(=O)N(c1ccc(Oc3ccc(N4C(=O)c5ccc([Si]([*])(C)C)cc5C4=O)cc3)cc1)C2=O,IN_DOMAIN,0.5622302919033841,moderate,0.8455350719030269,0.8343694505898974,86.45939542273493,True,63.12822536025364,True,46.753328316880214,True
[*]c1ccc2c(c1)C(=O)N(c1ccc(Oc3ccc(N4C(=O)c5ccc(-c6c(-c7ccccc7)c(-c7ccccc7)c(-c7ccc(Oc8ccc(-c9c(-c%10ccccc%10)c(-c%10ccccc%10)c([*])c(-c%10ccccc%10)c9-c9ccccc9)cc8)cc7)c(-c7ccccc7)c6-c6ccccc6)cc5C4=O)cc3)cc1)C2=O,polyimide,602.15,555.4661659396702,46.68383406032979,558.558917683982,552.3734141953582,3.0927517443118973,0.61702126,[*]Oc1ccc2c(c1)C(=O)N(c1ccc(Oc3ccc(-c4ccc(Oc5ccc(N6C(=O)c7ccc([*])cc7C6=O)cc5)cc4)cc3)cc1)C2=O,IN_DOMAIN,0.5581395765927618,moderate,0.8501902752438167,0.8551353629344439,53.97901894604132,True,39.41271687235338,False,29.18941062065012,False
[*]c1ccc2c(c1)C(=O)N(c1ccc(Oc3ccc(N4C(=O)c5ccc(-c6c(-c7ccccc7)c(-c7ccccc7)c(-c7ccc(Sc8ccc(-c9c(-c%10ccccc%10)c(-c%10ccccc%10)c([*])c(-c%10ccccc%10)c9-c9ccccc9)cc8)cc7)c(-c7ccccc7)c6-c6ccccc6)cc5C4=O)cc3)cc1)C2=O,polyimide,595.15,544.2419790221707,50.908020977829324,555.3466518253961,533.1373062189451,11.10467280322547,0.5471698,[*]Oc1ccc2c(c1)C(=O)N(c1ccc(Oc3ccc(-c4ccc(Oc5ccc(N6C(=O)c7ccc([*])cc7C6=O)cc5)cc4)cc3)cc1)C2=O,IN_DOMAIN,0.522828158401212,moderate,0.8340818054040132,0.8270936392282463,97.83963666996773,True,71.43749505381034,True,52.90724776954005,True
[*]c1ccc2c(c1)C(=O)N(c1ccc(Oc3ccc(N4C(=O)c5ccc(P([*])(=O)c6ccccc6)cc5C4=O)cc3)cc1)C2=O,polyimide,591.15,546.6232394375804,44.526760562419554,544.3089905808073,548.9374882943537,2.3142488567731903,0.71428573,[*]c1ccc2c(c1)C(=O)N(c1cccc(N3C(=O)c4ccc(P([*])(=O)c5ccccc5)cc4C3=O)c1)C2=O,IN_DOMAIN,0.5752562973019762,moderate,0.8532231005814125,0.8578601230408293,49.71716747543555,True,36.30093105922262,False,26.884794215819063,False
[*]c1ccc2c(c1)C(=O)N(c1ccc(Oc3ccc(Oc4ccc(N5C(=O)c6ccc([*])cc6C5=O)cc4)c(-c4ccccc4)c3)cc1)C2=O,polyimide,520.15,528.9086584171985,8.75865841719849,533.2937259523794,524.5235908820175,4.385067535180951,0.6666667,[*]c1ccc2c(c1)C(=O)N(c1ccc(Oc3ccc(N4C(=O)c5ccc([*])cc5C4=O)cc3)cc1)C2=O,IN_DOMAIN,0.5615884846622452,moderate,0.8504159183057146,0.8506122576664021,61.05369784828044,True,44.57828530951763,True,33.01507680574948,True
[*]c1ccc2c(c1)C(=O)N(c1ccc(Oc3ccc(Oc4ccc(Oc5ccc(N6C(=O)c7ccc([*])cc7C6=O)cc5)cc4)cc3)cc1)C2=O,polyimide,501.66,549.5445981546798,47.884598154679736,565.3434097180597,533.7457865913,15.798811563379843,1.0,[*]c1ccc2c(c1)C(=O)N(c1ccc(Oc3ccc(N4C(=O)c5ccc([*])cc5C4=O)cc3)cc1)C2=O,IN_DOMAIN,0.576765925922955,moderate,0.8327616139038566,0.810664153567706,123.53732193025105,True,90.20062956818211,True,66.80339300723797,True
[*]c1ccc2c(c1)C(=O)N(c1ccc(Oc3ccc4ccc(Oc5ccc(N6C(=O)c7ccc(C([*])(C(F)(F)F)C(F)(F)F)cc7C6=O)cc5)cc4c3)cc1)C2=O,fluoropolymer,575.45,538.7115688735134,36.7384311264866,545.1321041053387,532.2910336416883,6.420535231825227,0.8636364,[*]c1ccc2c(c1)C(=O)N(c1ccc(Oc3ccc(Oc4ccc(N5C(=O)c6ccc(C([*])(C(F)(F)F)C(F)(F)F)cc6C5=O)cc4)cc3)cc1)C2=O,IN_DOMAIN,0.5852948776856801,moderate,0.8493866625908217,0.8434881207281472,72.19670211347994,True,52.71433670109154,True,39.04070923470672,True
[*]c1ccc2c(c1)C(=O)N(c1ccc(Oc3ccc4nc(-c5ccc(Oc6ccc(-c7nc8ccc(Oc9ccc(N%10C(=O)c%11ccc(C([*])(C(F)(F)F)C(F)(F)F)cc%11C%10=O)cc9)cc8nc7-c7ccccc7)cc6)cc5)c(-c5ccccc5)nc4c3)cc1)C2=O,fluoropolymer,540.15,551.5738713106198,11.423871310619802,550.0444377777771,553.1033048434624,1.5294335328426314,0.72727275,[*]c1ccc2c(c1)C(=O)N(c1ccc(Oc3ccc(-c4ccc(Oc5ccc(N6C(=O)c7ccc(C([*])(C(F)(F)F)C(F)(F)F)cc7C6=O)cc5)cc4)cc3)cc1)C2=O,IN_DOMAIN,0.5796663900029929,moderate,0.8540554628017204,0.8606069766745863,45.420759079286746,True,33.16391354775795,True,24.56149098953111,True
[*]c1ccc2c(c1)C(=O)N(c1ccc(Oc3cccc(N4C(=O)c5ccc(-c6c(-c7ccccc7)c(-c7ccccc7)c(-c7ccc(Oc8ccc(-c9c(-c%10ccccc%10)c(-c%10ccccc%10)c([*])c(-c%10ccccc%10)c9-c9ccccc9)cc8)cc7)c(-c7ccccc7)c6-c6ccccc6)cc5C4=O)c3)cc1)C2=O,polyimide,582.15,528.1156633169326,54.03433668306741,520.9229289177481,535.3083977161169,7.192734399184417,0.6666667,[*]c1ccc2c(c1)C(=O)N(c1ccc(Oc3cccc(N4C(=O)c5ccc([*])cc5C4=O)c3)cc1)C2=O,IN_DOMAIN,0.5528287473379709,moderate,0.8470378379007507,0.8407854236423901,76.42404437474636,True,55.800925655818105,True,41.32666462084443,False
[*]c1ccc2c(c1)C(=O)N(c1ccc(Oc3cccc(N4C(=O)c5ccc(-c6c(-c7ccccc7)c(-c7ccccc7)c(-c7ccc(Sc8ccc(-c9c(-c%10ccccc%10)c(-c%10ccccc%10)c([*])c(-c%10ccccc%10)c9-c9ccccc9)cc8)cc7)c(-c7ccccc7)c6-c6ccccc6)cc5C4=O)c3)cc1)C2=O,polyimide,573.15,518.0496893287259,55.10031067127409,520.027088917748,516.0722897397038,1.9773995890220704,0.6034483,[*]Oc1ccc(Sc2ccc(Oc3ccc4c(c3)C(=O)N(c3cccc(N5C(=O)c6ccc([*])cc6C5=O)c3)C4=O)cc2)cc1,IN_DOMAIN,0.559572982925249,moderate,0.850577692556007,0.8590390954779582,47.8731132399062,False,34.95449703909279,False,25.88761313808547,False
[*]c1ccc2c(c1)C(=O)N(c1ccc(Oc3ccccc3-c3ccccc3Oc3ccc(N4C(=O)c5ccc(C([*])(C(F)(F)F)C(F)(F)F)cc5C4=O)cc3)cc1)C2=O,fluoropolymer,351.15,538.3647036589664,187.2147036589664,543.422664502164,533.3067428157686,5.057960843197691,0.8604651,[*]c1ccc2c(c1)C(=O)N(c1ccc(Oc3ccc(Oc4ccc(N5C(=O)c6ccc(C([*])(C(F)(F)F)C(F)(F)F)cc6C5=O)cc4)cc3)cc1)C2=O,IN_DOMAIN,0.5890630882464826,moderate,0.85101459254606,0.8482571310883436,64.73739816620551,False,47.26793474197784,False,35.007055231493354,False
[*]c1ccc2c(c1)C(=O)N(c1ccc(S(=O)(=O)c3ccc(S(=O)(=O)c4ccc(N5C(=O)c6ccc(C([*])(C(F)(F)F)C(F)(F)F)cc6C5=O)cc4)cc3)cc1)C2=O,fluoropolymer,604.15,597.7563428313526,6.393657168647337,609.2891107287161,586.2235749339892,11.532767897363442,1.0,[*]c1ccc2c(c1)C(=O)N(c1ccc(S(=O)(=O)c3ccc(N4C(=O)c5ccc(C([*])(C(F)(F)F)C(F)(F)F)cc5C4=O)cc3)cc1)C2=O,IN_DOMAIN,0.5898945470694632,moderate,0.8416928052216249,0.8255953063987634,100.18320884640403,True,73.14865150799008,True,54.17454554398667,True
[*]c1ccc2c(c1)C(=O)N(c1ccc(S(=O)(=O)c3ccc(S(=O)(=O)c4ccc(S(=O)(=O)c5ccc(N6C(=O)c7ccc(C([*])(C(F)(F)F)C(F)(F)F)cc7C6=O)cc5)cc4)cc3)cc1)C2=O,fluoropolymer,600.15,597.7563428313526,2.393657168647337,609.2891107287161,586.2235749339892,11.532767897363442,1.0,[*]c1ccc2c(c1)C(=O)N(c1ccc(S(=O)(=O)c3ccc(N4C(=O)c5ccc(C([*])(C(F)(F)F)C(F)(F)F)cc5C4=O)cc3)cc1)C2=O,IN_DOMAIN,0.5898945470694632,moderate,0.8416928052216249,0.8255953063987634,100.18320884640403,True,73.14865150799008,True,54.17454554398667,True
[*]c1ccc2c(c1)C(=O)N(c1ccc(Sc3ccc(Oc4ccc(Sc5ccc(N6C(=O)c7ccc(C([*])(C(F)(F)F)C(F)(F)F)cc7C6=O)cc5)cc4)cc3)cc1)C2=O,fluoropolymer,515.15,534.5000022494933,19.350002249493286,549.0636808116881,519.9363236872986,14.563678562194752,0.8636364,[*]c1ccc2c(c1)C(=O)N(c1ccc(Oc3ccc(Oc4ccc(N5C(=O)c6ccc(C([*])(C(F)(F)F)C(F)(F)F)cc6C5=O)cc4)cc3)cc1)C2=O,IN_DOMAIN,0.5600110954640504,moderate,0.8355486680219261,0.814987119071854,116.77568561296422,True,85.26362880435862,True,63.14700608531041,True
[*]c1ccc2c(c1)C(=O)N(c1ccc(Sc3ccc(Sc4ccc(N5C(=O)c6ccc(C([*])(C(F)(F)F)C(F)(F)F)cc6C5=O)cc4)cc3)cc1)C2=O,fluoropolymer,530.15,549.3017491136402,19.15174911364022,536.419640555555,562.1838576717254,12.882108558085179,1.0,[*]c1ccc2c(c1)C(=O)N(c1ccc(Sc3ccc(N4C(=O)c5ccc(C([*])(C(F)(F)F)C(F)(F)F)cc5C4=O)cc3)cc1)C2=O,IN_DOMAIN,0.5857175417389799,moderate,0.8391395232405817,0.8208726140862374,107.57006581417497,True,78.54215639066223,True,58.16902349927913,True
[*]c1ccc2c(c1)C(=O)N(c1ccc(Sc3ccc(Sc4ccc(Sc5ccc(Sc6ccc(N7C(=O)c8ccc(C([*])(C(F)(F)F)C(F)(F)F)cc8C7=O)cc6)cc5)cc4)cc3)cc1)C2=O,fluoropolymer,489.15,549.3017491136402,60.15174911364022,536.419640555555,562.1838576717254,12.882108558085179,1.0,[*]c1ccc2c(c1)C(=O)N(c1ccc(Sc3ccc(N4C(=O)c5ccc(C([*])(C(F)(F)F)C(F)(F)F)cc5C4=O)cc3)cc1)C2=O,IN_DOMAIN,0.5857175417389799,moderate,0.8391395232405817,0.8208726140862374,107.57006581417497,True,78.54215639066223,True,58.16902349927913,False
[*]c1ccc2c(c1)C(=O)N(c1ccc3c(c1)-c1cc(N4C(=O)c5ccc(C([*])(C(F)(F)F)C(F)(F)F)cc5C4=O)ccc1C3)C2=O,fluoropolymer,667.15,609.6662412094022,57.48375879059779,624.1590273015875,595.1734551172169,14.49278609218527,0.88095236,[*]c1ccc2c(c1)C(=O)N(c1ccc3c(c1)Cc1cc(N4C(=O)c5ccc(C([*])(C(F)(F)F)C(F)(F)F)cc5C4=O)ccc1-3)C2=O,IN_DOMAIN,0.5628650311221628,moderate,0.8357224565040254,0.8152352427168871,116.38759048525056,True,84.98026160564372,True,62.937141803522856,True
[*]c1ccc2c(c1)C(=O)N(c1cccc(-n3c(=O)c4cc5c(=O)n(-c6cccc(N7C(=O)c8ccc(C([*])(C(F)(F)F)C(F)(F)F)cc8C7=O)c6)c(=O)c5cc4c3=O)c1)C2=O,fluoropolymer,611.15,585.9731406101052,25.17685938989473,598.0398867063499,573.9063945138607,12.066746096244572,0.8095238,[*]c1ccc2c(c1)C(=O)N(c1cccc(N3C(=O)c4ccc(C([*])(C(F)(F)F)C(F)(F)F)cc4C3=O)c1)C2=O,IN_DOMAIN,0.5594422070991665,moderate,0.8405523579526958,0.8237263827026795,103.10642956735455,True,75.28303766171747,True,55.75529101925943,True
[*]c1ccc2c(c1)C(=O)N(c1cccc(CCCOc3cccc(N4C(=O)c5cccc([*])c5C4=O)c3)c1)C2=O,polyimide,451.15,466.3163533644855,15.16635336448553,492.0604749850172,440.5722317439538,25.7441216205317,0.7837838,[*]c1ccc2c(c1)C(=O)N(c1cccc(OCCCCOc3cccc(N4C(=O)c5ccc([*])cc5C4=O)c3)c1)C2=O,IN_DOMAIN,0.5148342667934196,moderate,0.7997748972206339,0.7758555683676746,177.98212229150286,True,129.9534361902296,True,96.24467713825398,True
[*]c1ccc2c(c1)C(=O)N(c1cccc(N3C(=O)c4ccc(-c5ccc6c(c5)C(=O)N(c5cccc(N7C(=O)c8ccc(C([*])(C(F)(F)F)C(F)(F)F)cc8C7=O)c5)C6=O)cc4C3=O)c1)C2=O,fluoropolymer,581.15,578.8599272727653,2.2900727272347012,578.0182633333332,579.7015912121974,0.8416639394321237,0.8947368,[*]c1ccc2c(c1)C(=O)N(c1cccc(N3C(=O)c4ccc(C([*])(C(F)(F)F)C(F)(F)F)cc4C3=O)c1)C2=O,IN_DOMAIN,0.6073653837580414,moderate,0.8551719646877072,0.863014170251523,41.655619732942625,True,30.414801504970413,True,22.52547402274878,True
[*]c1ccc2c(c1)C(=O)N(c1cccc(NC(=O)C(F)(F)C(F)(F)C(F)(F)C(F)(F)C(=O)Nc3cccc(N4C(=O)c5ccc(C([*])(C(F)(F)F)C(F)(F)F)cc5C4=O)c3)c1)C2=O,fluoropolymer,505.15,501.585327262305,3.564672737694991,497.6432989177479,505.527355606862,3.9420283445570306,0.67346936,[*]c1ccc2c(c1)C(=O)N(c1cccc(N3C(=O)c4ccc(C([*])(C(F)(F)F)C(F)(F)F)cc4C3=O)c1)C2=O,IN_DOMAIN,0.5639976818510897,moderate,0.8510260805252006,0.8521628948335859,58.628315417052576,True,42.807395194513525,True,31.70353974784204,True
[*]c1ccc2c(c1)C(=O)N(c1cccc(NC(=O)C(F)(F)C(F)(F)C(F)(F)C(F)(F)C(F)(F)C(F)(F)C(=O)Nc3cccc(N4C(=O)c5ccc(C([*])(C(F)(F)F)C(F)(F)F)cc5C4=O)c3)c1)C2=O,fluoropolymer,491.15,497.14932468293995,5.999324682939971,488.7712937590179,505.527355606862,8.37803092392204,0.66,[*]c1ccc2c(c1)C(=O)N(c1cccc(N3C(=O)c4ccc(C([*])(C(F)(F)F)C(F)(F)F)cc4C3=O)c1)C2=O,IN_DOMAIN,0.5481211442635587,moderate,0.8452434638842301,0.8366368858058083,82.9128549082921,True,60.53872299616303,True,44.83551970568026,True
[*]c1ccc2c(c1)C(=O)N(c1cccc(OCCCOc3cccc(N4C(=O)c5ccc([*])cc5C4=O)c3)c1)C2=O,polyimide,457.15,472.9181862801523,15.76818628015235,494.6688704395626,451.167502120742,21.750684159410326,0.9354839,[*]c1ccc2c(c1)C(=O)N(c1cccc(OCCCCOc3cccc(N4C(=O)c5ccc([*])cc5C4=O)c3)c1)C2=O,IN_DOMAIN,0.549351490865525,moderate,0.8154261698503279,0.7898325994815993,156.12036996035803,True,113.99110356943434,True,84.42283083314362,True
[*]c1ccc2c(c1)C(=O)N(c1cccc(Oc3ccc(C(c4ccc(Oc5cccc(N6C(=O)c7ccc(C([*])(C(F)(F)F)C(F)(F)F)cc7C6=O)c5)cc4)(C(F)(F)F)C(F)(F)F)cc3)c1)C2=O,fluoropolymer,497.15,509.19491302562847,12.044913025628489,510.2721060317449,508.117720019512,1.0771930061164596,0.86,[*]c1ccc2c(c1)C(=O)N(c1ccc(Oc3ccc(C(c4ccc(Oc5ccc(N6C(=O)c7ccc(C([*])(C(F)(F)F)C(F)(F)F)cc7C6=O)cc5)cc4)(C(F)(F)F)C(F)(F)F)cc3)cc1)C2=O,IN_DOMAIN,0.6013533909568027,moderate,0.8549420924391746,0.8621898185181279,42.945004673302435,True,31.356244394932467,True,23.222715047263645,True
[*]c1ccc2c(c1)C(=O)N(c1cccc(Oc3ccc(P(=O)(c4ccccc4)c4ccc(Oc5cccc(N6C(=O)c7ccc(C([*])(C(F)(F)F)C(F)(F)F)cc7C6=O)c5)cc4)cc3)c1)C2=O,fluoropolymer,516.15,505.0530892104177,11.096910789582296,499.0727944444434,511.033383976392,5.980294765974293,0.96153843,[*]c1ccc2c(c1)C(=O)N(c1ccc(Oc3ccc(P(=O)(c4ccccc4)c4ccc(Oc5cccc(N6C(=O)c7ccc(C([*])(C(F)(F)F)C(F)(F)F)cc7C6=O)c5)cc4)cc3)cc1)C2=O,IN_DOMAIN,0.6014739670755573,moderate,0.8499889687399456,0.8450289623586255,69.78664107602016,True,50.95463348363507,True,37.737457293178004,True
[*]c1ccc2c(c1)C(=O)N(c1cccc(Oc3ccc(S(=O)(=O)c4ccc(Oc5cccc(N6C(=O)c7ccc(C([*])(C(F)(F)F)C(F)(F)F)cc7C6=O)c5)cc4)cc3)c1)C2=O,fluoropolymer,482.65,512.019348900049,29.369348900048976,508.8801769841259,515.1585208159719,3.1391719159229865,0.86,[*]c1ccc2c(c1)C(=O)N(c1ccc(Oc3ccc(S(=O)(=O)c4ccc(Oc5ccc(N6C(=O)c7ccc(C([*])(C(F)(F)F)C(F)(F)F)cc7C6=O)cc5)cc4)cc3)cc1)C2=O,IN_DOMAIN,0.5949658668074428,moderate,0.8530521213793126,0.854972892333805,54.23314244360722,True,39.59826484368996,True,29.326829107751966,False
[*]c1ccc2c(c1)C(=O)N(c1cccc3c(N4C(=O)c5ccc(C([*])(C(F)(F)F)C(F)(F)F)cc5C4=O)cccc13)C2=O,fluoropolymer,663.15,581.2802721125272,81.86972788747278,585.653834126984,576.9067100980704,4.373562014456752,0.71428573,[*]c1ccc2c(c1)C(=O)N(c1cc(C(F)(F)F)c(N3C(=O)c4ccc(C([*])(C(F)(F)F)C(F)(F)F)cc4C3=O)cc1C(F)(F)F)C2=O,IN_DOMAIN,0.5688554026412531,moderate,0.8511540715182927,0.8506525269889368,60.99071180005455,False,44.53229612086422,False,32.98101680130821,False
[*]c1ccc2c(c1)C(CCCCCC)(CCCCCC)c1cc(-c3cc(OCc4ccccc4)c([*])cc3OCc3ccccc3)ccc1-2,polyether,346.15,362.6974037589222,16.5474037589222,359.86410984126894,365.5306976765754,2.8332939176532363,0.7777778,[*]c1ccc2c(c1)C(CCCCCC)(CCCCCC)c1cc(-c3cc(OCCCCCCCC)c([*])cc3OCCCCCCCC)ccc1-2,IN_DOMAIN,0.5833456746745862,moderate,0.8531598710890271,0.8560434653277492,52.5586379329389,True,38.37562735473483,True,28.421332848235135,True
[*]c1ccc2c(c1)C(CCCCCC)(CCCCCC)c1cc(-c3ccc4c(c3)C(CC3=NC(Cc5ccccc5)CO3)(CC3=NC(Cc5ccccc5)CO3)c3cc([*])ccc3-4)ccc1-2,polyether,387.15,352.0272342781192,35.122765721880796,358.68897674242373,345.36549181381463,6.661742464304552,0.57894737,[*]c1ccc(-c2ccc3c(c2)C(CCCCCC)(CCCCCC)c2cc([*])ccc2-3)cc1,IN_DOMAIN,0.5413528085990535,moderate,0.8439031667119714,0.8426438954144696,73.51717171599205,True,53.67847602037747,True,39.754759437774354,True
[*]c1ccc2c(c1)C(CCCCCCCC)(CCCCCCCC)c1cc(-c3ccc(-c4c(-c5ccccc5)c(-c5ccccc5)c(-c5ccc([*])s5)c5nc(-c6ccccc6)c(-c6ccccc6)nc45)s3)ccc1-2,aromatic_hc,465.15,372.2101564150337,92.9398435849663,355.8677612057379,388.55255162432945,16.342395209295773,0.6764706,[*]c1ccc2c(c1)C(CCCCCCCC)(CCCCCCCC)c1cc(-c3ccc(-c4ccc(-c5ccc([*])s5)c5nsnc45)s3)ccc1-2,IN_DOMAIN,0.526010377331027,moderate,0.8302111921061776,0.8087616108070003,126.51312689877003,True,92.37341004810933,False,68.4125736638909,False
[*]c1ccc2c(c1)C(CCCCCCCC)(CCCCCCCC)c1cc(-c3ccc(-c4ccc(-c5ccc([*])s5)c5cc(-c6ccccc6)c(-c6ccccc6)nc45)s3)ccc1-2,aromatic_hc,415.15,373.3290793313171,41.8209206686829,381.7702425946267,364.88791606800737,8.441163263309676,0.7205882,[*]c1ccc2c(c1)C(CCCCCCCC)(CCCCCCCC)c1cc(-c3ccc(-c4ccc(-c5ccc([*])s5)c5nsnc45)s3)ccc1-2,IN_DOMAIN,0.5571235689497916,moderate,0.8460896232617788,0.8364159226179516,83.25846782478703,True,60.791071858576764,True,45.022411530177024,True
[*]c1ccc2c(c1)C(CCCCCCCC)(CCCCCCCC)c1cc(-c3ccc(-c4ccc(-c5ccc([*])s5)cn4)s3)ccc1-2,aromatic_hc,400.65,371.36454327635545,29.28545672364453,374.5533606501822,368.17572590252865,3.1888173738267653,0.73770493,[*]c1ccc2c(c1)C(CCCCCCCC)(CCCCCCCC)c1cc(-c3ccc(-c4ccc(-c5ccc([*])s5)c5nsnc45)s3)ccc1-2,IN_DOMAIN,0.5761142994488859,moderate,0.8525895279043267,0.8547991332311419,54.5049225116877,True,39.796704739115114,True,29.473795469138402,True
[*]c1ccc2c(c1)C(CCCCCCCC)(CCCCCCCC)c1cc(-c3ccc(-c4ccc([*])s4)s3)ccc1-2,aromatic_hc,375.15,368.6656327207998,6.484367279200171,369.15553953907096,368.17572590252865,0.4899068182711517,0.78571427,[*]c1ccc2c(c1)C(CCCCCCCC)(CCCCCCCC)c1cc(-c3ccc(-c4ccc(-c5ccc([*])s5)c5nsnc45)s3)ccc1-2,IN_DOMAIN,0.591808634633098,moderate,0.8552681765390685,0.8642453201755865,39.72995365242805,True,29.00877869270177,True,21.484160952598586,True
[*]c1ccc2c(c1)C(CCCCCCCC)(CCCCCCCC)c1cc(-c3ccc4c(c3)C(c3ccc(-c5nnc(-c6ccc(C(C)(C)C)cc6)o5)cc3)(c3ccc(-c5nnc(-c6ccc(C(C)(C)C)cc6)o5)cc3)c3cc([*])ccc3-4)ccc1-2,aromatic_hc,486.15,394.6710764936667,91.47892350633327,386.25189539332814,403.09025759400527,8.419181100338562,0.55172414,[*]c1ccc(-c2ccc3c(c2)C(CCCCCC)(CCCCCC)c2cc([*])ccc2-3)cc1,IN_DOMAIN,0.53185818303578,moderate,0.8389161080605699,0.8364928601883505,83.13812824084313,False,60.70320605361912,False,44.95733732915888,False
[*]c1ccc2c(c1)Cc1cc(-n3c(=O)c4cc5c(=O)n([*])c(=O)c5cc4c3=O)ccc1-2,aromatic_hc,595.15,640.3963781546249,45.24637815462495,633.5597428333347,647.2330134759151,6.836635321290203,0.62222224,[*]c1ccc(-c2ccc(-n3c(=O)c4cc5c(=O)n([*])c(=O)c5cc4c3=O)cc2F)c(F)c1,IN_DOMAIN,0.5472493979352194,moderate,0.84616589846733,0.8420317704150199,74.47460860116439,True,54.37754743025557,True,40.272497976382994,False
[*]c1ccc2c3c(cccc13)C(=O)N(CCCCCCCCCCCCN1C(=O)c3ccc4c5ccc6c7c(ccc(c8ccc(c3c48)C1=O)c75)C(=O)N(CCCCCCCCCCCCN1C(=O)c3cccc4c([*])ccc(c34)C1=O)C6=O)C2=O,aromatic_hc,483.15,392.0359563908491,91.11404360915088,400.6137238141099,383.4581889675883,8.57776742326081,0.47619048,[*]Oc1ccc2c(c1)C(=O)N(CCCCCCCCCCCCN1C(=O)c3ccc([*])cc3C1=O)C2=O,IN_DOMAIN,0.5204578370589237,moderate,0.8232751987265317,0.8359378080581227,84.00629631623839,False,61.33709794756728,False,45.42680333530812,False
[*]c1ccc2c3ccc(-c4ccc(-c5ccc(-c6ccc([*])s6)c6nccnc56)s4)cc3n(C(CCCCCCCC)CCCCCCCC)c2c1,aromatic_hc,389.15,395.9392369057162,6.789236905716223,399.6467106349194,392.231763176513,3.7074737292031728,0.85714287,[*]c1ccc2c3ccc(-c4ccc(-c5ccc(-c6ccc([*])s6)c6nsnc56)s4)cc3n(C(CCCCCCCC)CCCCCCCC)c2c1,IN_DOMAIN,0.5927632097539546,moderate,0.8524747853041422,0.8529838359873244,57.3442650321611,True,41.869847323920446,True,31.009183409508662,True
[*]c1ccc2c3ccc(-c4sc(-c5sc(-c6cc(CCCCCC)c([*])s6)c6nc(CC)c(CC)nc56)cc4CCCCCC)cc3n(CCCCCCCCCCCC)c2c1,aromatic_hc,362.15,306.42800039448764,55.72199960551234,315.44873099444976,297.4072697945256,9.020730599962093,0.56626505,[*]c1ccc2c3ccc(-c4sc(-c5ccc(-c6cc(CCCCCC)c([*])s6)c6nsnc56)cc4CCCCCC)cc3n(C(CCCCCCCC)CCCCCCCC)c2c1,IN_DOMAIN,0.5321182699289492,moderate,0.8395326259757924,0.8343874369396681,86.43126261535788,True,63.10768422420438,True,46.73811536780344,False
[*]c1ccc2cc(-c3nc4ccc(-c5ccc6nc([*])[nH]c6c5)cc4[nH]3)ccc2c1,aromatic_hc,676.15,602.4403545751132,73.70964542488673,556.4167003928567,648.4640087573698,46.023654182256564,0.54347825,[*]c1cccc(-c2nc3cc(-c4ccc5[nH]c([*])nc5c4)ccc3[nH]2)c1,IN_DOMAIN,0.42969535559308375,low,0.6679775891784793,0.7048772044016376,289.00079294105444,True,211.01358732468657,True,156.27855006558204,True
[*]c1ccc2cc3cc(-c4sc(-c5cc(CCCCCCCCCCCC)c([*])s5)cc4CCCCCCCCCCCC)ccc3cc2c1,aromatic_hc,431.15,305.31763153428676,125.83236846571322,310.6177008041956,300.017562264378,5.300069269908789,0.75510204,[*]c1ccc(-c2sc(-c3cc(CCCCCCCC)c([*])s3)cc2CCCCCCCC)cc1,IN_DOMAIN,0.5721982492259392,moderate,0.8504353452814722,0.8474097515948548,66.06280128408854,False,48.235676261679714,False,35.7237732564069,False
[*]c1ccc2nc(-c3ccc(-c4ccc(-c5cc(-c6ccc(-c7ccc(Oc8ccccc8)cc7)cc6)c6cc([*])ccc6n5)cc4)cc3)cc(-c3ccc(-c4ccc(Oc5ccccc5)cc4)cc3)c2c1,polyether,647.15,573.2064539056847,73.94354609431525,579.1310936507926,567.2818141605768,5.924639745107925,0.52380955,[*]c1ccc(Oc2ccc(-c3cnc4cc5nc([*])cnc5cc4n3)cc2)cc1,IN_DOMAIN,0.5355754365413343,moderate,0.8382920708209186,0.8452237549316578,69.48196213863584,False,50.73217251767899,False,37.57270071211334,False
[*]c1ccc2nc(-c3ccc(-c4ccc(-c5cc(-c6ccc(Oc7ccc(-c8ccccc8)cc7)cc6)c6cc([*])ccc6n5)cc4)cc3)cc(-c3ccc(Oc4ccc(-c5ccccc5)cc4)cc3)c2c1,polyether,637.15,583.3134884213598,53.83651157864017,588.618758373015,578.0082184697047,5.305269951655134,0.5277778,[*]c1ccc2nc(-c3ccc(Oc4ccc(-c5nc6cc([*])ccc6nc5-c5ccccc5)cc4)cc3)c(-c3ccccc3)nc2c1,IN_DOMAIN,0.5380837987810527,moderate,0.8396859656786955,0.8473915492087426,66.09127199820354,True,48.25646411993423,False,35.73916893015556,False
[*]c1ccc2nc(-c3ccc(-c4ccc(-c5cc(-c6ccc(Oc7ccc(Oc8ccccc8)cc7)cc6)c6cc([*])ccc6n5)cc4)cc3)cc(-c3ccc(Oc4ccc(Oc5ccccc5)cc4)cc3)c2c1,polyether,628.15,573.2064539056847,54.94354609431525,579.1310936507926,567.2818141605768,5.924639745107925,0.52380955,[*]c1ccc(Oc2ccc(-c3cnc4cc5nc([*])cnc5cc4n3)cc2)cc1,IN_DOMAIN,0.5355754365413343,moderate,0.8382920708209186,0.8452237549316578,69.48196213863584,True,50.73217251767899,False,37.57270071211334,False
[*]c1ccc2nc(-c3ccc(-c4ccc(-c5cc(-c6ccccc6)c6cc(C7([*])c8ccccc8C(=O)c8ccccc87)ccc6n5)cc4)cc3)cc(-c3ccccc3)c2c1,aromatic_hc,623.15,596.2445048401828,26.90549515981718,594.9611935515867,597.527816128779,1.2833112885961668,0.30357143,[*]c1ccc(-c2cnc3cc(-c4ccc5nc([*])cnc5c4)ccc3n2)cc1,IN_DOMAIN,0.5197751281278185,moderate,0.68453102788939,0.7589684128740991,44.07338263999456,True,32.18012823340486,True,23.832890786804132,False
[*]c1ccc2nc(-c3ccc(C4(c5ccc(-c6cc(-c7ccccc7)c7cc(C8([*])c9ccccc9C(=O)c9ccccc98)ccc7n6)cc5)c5ccccc5-c5ccccc54)cc3)cc(-c3ccccc3)c2c1,aromatic_hc,678.15,601.1611979985173,76.98880200148267,578.1007723196241,624.2216236774107,23.060425678893296,0.32857144,[*]C(=O)c1ccc(Oc2ccc(C3(c4ccc(Oc5ccc([*])cc5)cc4)c4ccccc4-c4ccccc43)cc2)c2ccccc12,IN_DOMAIN,0.4564021873066939,low,0.6726885310148211,0.7002485256210811,163.2904446129641,True,119.2263251009573,True,88.30008272289814,True
[*]c1ccc2nc(-c3ccc(OCCCCOc4ccc(-c5nc6ccc([*])cc6nc5-c5ccccc5)cc4)cc3)c(-c3ccccc3)nc2c1,polyether,513.15,367.62887693086384,145.52112306913614,339.1684585445659,396.0892953171617,28.460418386297903,0.67741936,[*]c1ccc2nc(-c3ccc(Oc4ccc(-c5nc6cc([*])ccc6nc5-c5ccccc5)cc4)cc3)c(-c3ccccc3)nc2c1,IN_DOMAIN,0.4911328963707437,low,0.7863870402319665,0.7663485296874929,192.85227056080748,True,140.81085737037134,False,104.28578037239335,False
[*]c1ccc2nc(-c3ccc(Oc4ccc(-c5cc(-c6ccccc6)c6cc(C7([*])c8ccccc8C(=O)c8ccccc87)ccc6n5)cc4)cc3)cc(-c3ccccc3)c2c1,polyether,593.15,570.3003693822849,22.849630617715093,556.348512777777,584.2522259867927,13.951856604507839,0.39285713,[*]c1ccc2nc(-c3ccccc3)c(-c3ccc(Oc4ccc(-c5c(-c6ccccc6)nc6ccc([*])cc6c5-c5ccccc5)cc4)cc3)c(-c3ccccc3)c2c1,IN_DOMAIN,0.4921977857515863,low,0.7673189626033095,0.7771285042684083,113.42631549262896,True,82.8180901704414,True,61.33581830027986,True
[*]c1ccc2nc(-c3ccc(Oc4ccc(Oc5ccc(Oc6ccc(-c7nc8ccc([*])cc8nc7-c7ccccc7)cc6)cc5)cc4)cc3)c(-c3ccccc3)nc2c1,polyether,536.15,582.0376817835133,45.88768178351336,578.0978545057703,585.9775090612563,3.9398272777430066,1.0,[*]c1ccc2nc(-c3ccc(Oc4ccc(-c5nc6cc([*])ccc6nc5-c5ccccc5)cc4)cc3)c(-c3ccccc3)nc2c1,IN_DOMAIN,0.6135609126701905,moderate,0.8523056278151779,0.8521705985674349,58.616265853732514,True,42.79859722009973,False,31.697023889302624,False
[*]c1ccc2nc(-c3ccc4ccccc4c3)c(-c3ccc(-c4nc5ccc([*])cc5nc4-c4ccc5ccccc5c4)cc3)nc2c1,aromatic_hc,606.15,577.1839796809986,28.96602031900136,544.9318390873009,609.4361202746962,32.252140593697675,0.64,[*]c1ccc2nc(-c3ccc(-c4nc5cc([*])ccc5nc4-c4ccccc4)cc3)c(-c3ccccc3)nc2c1,IN_DOMAIN,0.47547957880575287,low,0.7655118546873282,0.7530775019615936,213.6097489522178,True,155.96690567948286,True,115.510485304912,True
[*]c1ccc2nc(-c3ccc4ccccc4c3)c(-c3cccc(-c4nc5ccc([*])cc5nc4-c4ccc5ccccc5c4)c3)nc2c1,aromatic_hc,590.15,567.9267719027484,22.223228097251535,542.9273196031739,592.9262242023229,24.9994522995745,0.7037037,[*]c1ccc2nc(-c3cccc(-c4nc5cc([*])ccc5nc4-c4ccccc4)c3)c(-c3ccccc3)nc2c1,IN_DOMAIN,0.5046971918993346,moderate,0.8023319314567722,0.7784619109910248,173.9054899611203,True,126.97688791337673,True,94.04021886234675,True
[*]c1ccc2nc(-c3ccccc3)c(-c3ccc(-c4ccc(-c5c(-c6ccccc6)nc6ccc([*])cc6c5-c5ccccc5)cc4)cc3)c(-c3ccccc3)c2c1,aromatic_hc,678.15,603.9429258683999,74.20707413160005,626.4485887518033,581.4372629849966,22.505662883403375,0.7741935,[*]c1ccc2nc(-c3ccccc3)c(-c3ccc(Oc4ccc(-c5c(-c6ccccc6)nc6ccc([*])cc6c5-c5ccccc5)cc4)cc3)c(-c3ccccc3)c2c1,IN_DOMAIN,0.5225914759605488,moderate,0.8124998093173442,0.7871901739476237,160.25344028884268,True,117.00885998388351,True,86.65780822431776,True
[*]c1ccc2nc(CCCCCCCCCCCCc3nc4ccc([*])cc4o3)oc2c1,aromatic_hc,328.15,393.57494918716793,65.42494918716795,408.34910694516503,378.8007914291708,14.77415775799713,1.0,[*]c1ccc2nc(CCCCCCCCc3nc4ccc([*])cc4o3)oc2c1,IN_DOMAIN,0.579896670225333,moderate,0.835143743823972,0.8142504418865456,117.92793704904857,True,86.10494382828581,True,63.770091516702195,False
[*]c1ccc2nc(CCCCCCCCCCCc3nc4ccc([*])cc4o3)oc2c1,aromatic_hc,335.15,393.57494918716793,58.424949187167954,408.34910694516503,378.8007914291708,14.77415775799713,1.0,[*]c1ccc2nc(CCCCCCCCc3nc4ccc([*])cc4o3)oc2c1,IN_DOMAIN,0.579896670225333,moderate,0.835143743823972,0.8142504418865456,117.92793704904857,True,86.10494382828581,True,63.770091516702195,True
[*]c1ccc2nc(CCCCCCCCCCc3nc4ccc([*])cc4o3)oc2c1,aromatic_hc,337.15,393.57494918716793,56.424949187167954,408.34910694516503,378.8007914291708,14.77415775799713,1.0,[*]c1ccc2nc(CCCCCCCCc3nc4ccc([*])cc4o3)oc2c1,IN_DOMAIN,0.579896670225333,moderate,0.835143743823972,0.8142504418865456,117.92793704904857,True,86.10494382828581,True,63.770091516702195,True
[*]c1ccc2nc(CCCCCCCCCc3nc4ccc([*])cc4o3)oc2c1,aromatic_hc,337.15,393.57494918716793,56.424949187167954,408.34910694516503,378.8007914291708,14.77415775799713,1.0,[*]c1ccc2nc(CCCCCCCCc3nc4ccc([*])cc4o3)oc2c1,IN_DOMAIN,0.579896670225333,moderate,0.835143743823972,0.8142504418865456,117.92793704904857,True,86.10494382828581,True,63.770091516702195,True
[*]c1ccc2nc(CCCCCCCCc3nc4ccc([*])cc4s3)sc2c1,aromatic_hc,511.15,359.51457139923866,151.63542860076132,350.54987682195497,368.47926597652236,8.964694577283694,0.3888889,[*]c1ccc2nc(CCCCCCCCc3nc4ccc([*])cc4o3)oc2c1,IN_DOMAIN,0.5071232100900918,moderate,0.7729369073711252,0.7918057863009029,86.12449791418398,False,62.88370034028302,False,46.5722309000728,False
[*]c1ccc2nc(CCCCCCCc3nc4ccc([*])cc4o3)oc2c1,aromatic_hc,358.15,393.57494918716793,35.424949187167954,408.34910694516503,378.8007914291708,14.77415775799713,1.0,[*]c1ccc2nc(CCCCCCCCc3nc4ccc([*])cc4o3)oc2c1,IN_DOMAIN,0.579896670225333,moderate,0.835143743823972,0.8142504418865456,117.92793704904857,True,86.10494382828581,True,63.770091516702195,True
[*]c1ccc2nc([*])cc(-c3ccccc3)c2c1,aromatic_hc,688.15,560.2762776170807,127.87372238291925,573.9982319751076,546.5543232590537,13.721954358026949,0.36666667,[*]c1ccc2nc(-c3ccc(-c4nc5cc([*])ccc5nc4-c4ccccc4)cc3)c(-c3ccccc3)nc2c1,IN_DOMAIN,0.4893728576903924,low,0.743308236062242,0.7595998462817873,112.16773412710842,False,81.89913847423391,False,60.655234455019524,False
[*]c1ccc2oc(-c3ccc(-c4nc5cc(C([*])(C(F)(F)F)C(F)(F)F)ccc5o4)cc3)nc2c1,fluoropolymer,644.65,553.0139798759301,91.63602012406989,525.1046806150781,580.9232791367822,27.909299260852038,0.63829786,[*]c1ccc2oc(C3CCC(c4nc5cc(C([*])(C(F)(F)F)C(F)(F)F)ccc5o4)CC3)nc2c1,IN_DOMAIN,0.48672344013561203,low,0.7880733790281697,0.7682774466265534,189.83521321541178,True,138.60795651623388,True,102.65429229720553,True
[*]c1ccc2oc(-c3ccc(-c4nc5cc(C([*])(C(F)(F)F)C(F)(F)F)ccc5o4)nc3)nc2c1,fluoropolymer,625.15,576.9505085264825,48.19949147351747,549.8746184126976,604.0263986402675,27.075890113784965,0.5555556,[*]c1ccc2oc(C3CCC(c4nc5cc(C([*])(C(F)(F)F)C(F)(F)F)ccc5o4)CC3)nc2c1,IN_DOMAIN,0.47670579755772935,low,0.7867172403258552,0.7711943786412881,185.27278184117043,True,135.27670264179304,True,100.18713588325897,True
[*]c1ccc2oc(-c3ccc(-c4nc5cc(C([*])(c6ccccc6)C(F)(F)F)ccc5o4)cc3)nc2c1,fluoropolymer,642.15,550.3291993835028,91.8208006164972,524.6382349007923,576.0201638662134,25.690964482710513,0.5365854,[*]c1cc([*])cc(-c2nc3ccccc3o2)c1,IN_DOMAIN,0.47777847970911536,low,0.7904643896380653,0.7760416183500487,177.6911178140337,True,129.74095961501538,True,96.08731508627253,True
[*]c1ccc2oc(-c3ccc(C(c4ccc(-c5nc6cc(C([*])(c7ccccc7)C(F)(F)F)ccc6o5)cc4)(C(F)(F)F)C(F)(F)F)cc3)nc2c1,fluoropolymer,607.15,536.2406039144055,70.9093960855945,520.1886581150779,552.292549713733,16.05194579932754,0.45833334,[*]c1cc([*])cc(-c2nc3ccccc3o2)c1,IN_DOMAIN,0.4948358008277566,low,0.8023732133845969,0.809778183741889,124.9230849543872,True,91.21244280208045,True,67.55275093786021,False
[*]c1ccc2oc(-c3ccc(Oc4ccc(-c5nc6cc(C([*])(C(F)(F)F)C(F)(F)F)ccc6o5)cc4)cc3)nc2c1,fluoropolymer,576.15,534.4549014192683,41.695098580731724,518.9644260317444,549.945376806792,15.490475387523759,0.5660377,[*]c1ccc2oc(C3CCC(c4nc5cc(C([*])(C(F)(F)F)C(F)(F)F)ccc5o4)CC3)nc2c1,IN_DOMAIN,0.5120809765931469,moderate,0.8271511382958195,0.8117433301832023,121.84936032400991,True,88.96816639680273,True,65.89061975943744,True
[*]c1ccc2oc(-c3ccc(Oc4ccc(-c5nc6cc(C([*])(c7ccccc7)C(F)(F)F)ccc6o5)cc4)cc3)nc2c1,fluoropolymer,572.15,531.3777768849872,40.77222311501282,518.3537379365064,544.4018158334679,13.02403894848078,0.4680851,[*]c1cc([*])cc(-c2nc3ccccc3o2)c1,IN_DOMAIN,0.5054964533009421,moderate,0.8128337078321234,0.8203758577198528,108.34705232599579,True,79.10947217375646,True,58.58918264227719,True
[*]c1ccc2oc(-c3ccc4oc5ccc(-c6nc7cc(C([*])(C(F)(F)F)C(F)(F)F)ccc7o6)cc5c4c3)nc2c1,fluoropolymer,468.15,555.6871336514301,87.53713365143017,527.826790376983,583.5474769258773,27.860343274447132,0.5769231,[*]c1ccc2oc(C3CCC(c4nc5cc(C([*])(C(F)(F)F)C(F)(F)F)ccc5o4)CC3)nc2c1,IN_DOMAIN,0.4777025491594132,low,0.7850695630986179,0.7684487925789706,189.56720760362228,True,138.41227253560766,True,102.50936699096789,True
[*]c1ccc2oc(-c3cccc(-c4nc5cc(C([*])(C(F)(F)F)C(F)(F)F)ccc5o4)c3)nc2c1,fluoropolymer,574.15,537.0251154303062,37.12488456969379,521.380179384919,552.6700514756934,15.644936045387226,0.6122449,[*]c1ccc2oc(C3CCC(c4nc5cc(C([*])(C(F)(F)F)C(F)(F)F)ccc5o4)CC3)nc2c1,IN_DOMAIN,0.5184654988753366,moderate,0.8299331097272086,0.8112027178806802,122.694942777721,True,89.5855674257777,True,66.34787248349421,True
[*]c1ccc2oc(-c3cccc(-c4nc5cc(C([*])(C(F)(F)F)C(F)(F)F)ccc5o4)n3)nc2c1,fluoropolymer,602.15,516.6810968314518,85.4689031685482,515.0712025396813,518.2909911232223,1.6098942917705017,0.625,[*]c1ccc2oc(C3CCC(c4nc5cc(C([*])(C(F)(F)F)C(F)(F)F)ccc5o4)CC3)nc2c1,IN_DOMAIN,0.563931383199431,moderate,0.8519080006103431,0.8603253640183387,45.86123503544786,False,33.48552654644195,False,24.79968045284393,False
[*]c1ccc2oc(-c3cccc(-c4nc5cc(C([*])(c6ccccc6)C(F)(F)F)ccc5o4)c3)nc2c1,fluoropolymer,574.15,534.4358966045456,39.714103395454345,521.1048570039666,547.7669362051246,13.331039600579004,0.5116279,[*]c1cc([*])cc(-c2nc3ccccc3o2)c1,IN_DOMAIN,0.5107721855067577,moderate,0.8241974475055197,0.8193013554375089,110.0277027147931,True,80.33659706836212,True,59.4980023145539,True
[*]c1ccc2oc3ccc(S([*])(=O)=O)cc3c2c1,polysulfone,633.15,452.23185414351667,180.9181458564833,439.55787642857024,464.90583185846305,12.673977714946403,0.4318182,[*]c1ccc2oc(C3CCC(c4nc5cc(S([*])(=O)=O)ccc5o4)CC3)nc2c1,IN_DOMAIN,0.5014924664299802,moderate,0.7969950326713868,0.8088738114476235,106.43067024595325,False,77.71022806345742,False,57.552889939433996,False
[*]c1cccc(-c2cc(-c3ccc(Oc4ccc(-c5cc([*])nc6ccccc56)cc4)cc3)c3ccccc3n2)c1,polyether,541.15,605.7412835290356,64.59128352903565,605.644801165224,605.8377658928472,0.09648236381161723,0.5217391,[*]c1ccc(Oc2ccc(-c3cnc4cc5nc([*])cnc5cc4n3)cc2)cc1,IN_DOMAIN,0.5533619612469913,moderate,0.8436818610951878,0.8656223057661948,37.57618310558821,False,27.43620567399859,False,20.319499309947876,False
[*]c1cccc(-c2cc(-c3ccccc3)c3cc(-c4ccc(OCCCCCCCCCCCOc5ccc(-c6ccc7nc([*])cc(-c8ccccc8)c7c6)cc5)cc4)ccc3n2)c1,polyether,406.65,377.0050196332964,29.644980366703578,372.6057889682529,381.4042502983399,4.39923066504349,0.45,[*]c1ccc(-c2ccc3c(c2)C(CCCCCC)(CCCCCC)c2cc(-c4ccc(-c5cc(-c6ccc(OCCCCCC)cc6)cc([*])c5-c5ccc(OCCCCCC)cc5)cc4)ccc2-3)cc1,IN_DOMAIN,0.5297999726216904,moderate,0.8184527659554787,0.8505626867118833,61.13123276407745,True,44.6348973366292,True,33.0570041793629,True
[*]c1cccc(-c2ccnn2-c2ccc(Cc3ccc(-n4nccc4[*])cc3)cc2)c1,aromatic_hc,485.15,434.55410416844063,50.595895831559346,443.0934799603162,426.014728376565,8.539375791875585,0.52272725,[*]c1ccc(-c2ccn(-c3ccc(-n4ccc([*])n4)cc3)n2)cc1,IN_DOMAIN,0.5272565438611486,moderate,0.834614267841744,0.8360721787679709,83.7961244166898,True,61.18364118356582,True,45.313151883380506,False
[*]c1cccc(-c2ccnn2-c2ccc(Oc3ccc(-n4nccc4[*])cc3)cc2)c1,polyether,489.15,449.7265951443325,39.42340485566746,444.1775688095226,455.27562147914244,5.549026334809923,0.52272725,[*]c1ccc(-c2ccn(-c3ccc(-n4ccc([*])n4)cc3)n2)cc1,IN_DOMAIN,0.5365906113138412,moderate,0.838555330897003,0.8465384018677008,67.42569672115118,True,49.23079275390917,True,36.4607654308145,False
[*]c1cccc(-c2nc3ccc(-c4ccc5nc([*])[nH]c5c4)cc3[nH]2)c1,aromatic_hc,693.15,644.3146392741473,48.83536072585264,630.94261699459,657.6866615537045,13.372022279557257,0.7,[*]c1cccc(-c2nc3cc(-c4ccc5[nH]c([*])nc5c4)ccc3[nH]2)c1,IN_DOMAIN,0.5386762939169034,moderate,0.837297198515084,0.819157916061085,110.25205909608415,True,80.50041061493974,True,59.61932409228785,True
[*]c1cccc(-c2nc3ccc(-c4ccc5nc([*])sc5c4)cc3s2)c1,aromatic_hc,768.15,621.1294769849251,147.0205230150749,625.6113395183991,616.647614451451,4.481862533474043,0.33333334,[*]c1ccc(-c2cnc3cc(-c4ccc5nc([*])cnc5c4)ccc3n2)cc1,IN_DOMAIN,0.513704819282494,moderate,0.7195959190154043,0.7686068267844673,61.58359428466609,False,44.96518856612949,False,33.301620818035836,False
[*]c1cccc(-c2ncc(-c3ccc(Oc4ccc(-c5cnnc([*])n5)cc4)cc3)nn2)n1,polyether,496.15,450.0635525042735,46.086447495726475,474.69665311904686,425.43045188950015,24.633100614773355,0.43103448,[*]C(=O)c1ccc(Oc2ccc(-c3nc(-c4ccccn4)nnc3-c3ccc(Oc4ccc([*])cc4)cc3)cc2)cc1,IN_DOMAIN,0.46572242499520244,low,0.7616421038124531,0.7664682801477164,171.8999271152779,True,125.51252857235363,True,92.95570123724258,True
[*]c1cccc(-c2nnc(-c3ccc(-c4nnc([*])o4)cc3)o2)c1,aromatic_hc,551.15,453.0606358267853,98.08936417321468,429.89863156349105,476.2226400900796,23.16200426329428,0.41463414,[*]c1ccc(Oc2ccc(-c3nnc(-c4ccc(Oc5ccc(C([*])(C)C)cc5)cc4)o3)cc2)cc1,IN_DOMAIN,0.4676563041227756,low,0.7571963404238814,0.760136875363962,163.84652840692416,True,119.63234902574482,True,88.60078767304951,False
[*]c1cccc(-c2nnc(-c3ccccc3)c(-c3ccc(-c4nc([*])nnc4-c4ccccc4)cc3)n2)n1,aromatic_hc,533.15,485.15618307117023,47.993816928829744,479.2176824310955,491.09468371124495,5.938500640074722,0.54901963,[*]C(=O)c1ccc(Oc2ccc(-c3nc(-c4ccccn4)nnc3-c3ccc(Oc4ccc([*])cc4)cc3)cc2)cc1,IN_DOMAIN,0.5392057348766017,moderate,0.8418984932649615,0.8451752417992741,69.55784249379407,True,50.7875764692961,True,37.613733374210604,False
[*]c1cccc(-c2nnc(-c3ccccc3)c(-c3ccc(Cc4ccc(-c5nc([*])nnc5-c5ccccc5)cc4)cc3)n2)n1,aromatic_hc,478.15,433.37578487012144,44.77421512987854,444.4115780158711,422.33999172437177,11.035793145749665,0.51785713,[*]C(=O)c1ccc(Oc2ccc(-c3nc(-c4ccccn4)nnc3-c3ccc(Oc4ccc([*])cc4)cc3)cc2)cc1,IN_DOMAIN,0.5187771907802807,moderate,0.8297431238200519,0.8273347180294116,97.46256052265096,True,71.16217335060618,True,52.703342053686185,True
[*]c1cccc(-c2nnc(-c3ccccc3)c(-c3ccc(Oc4ccc(-c5nc([*])nnc5-c5ccccc5)cc4)cc3)n2)n1,polyether,492.15,504.63805507594043,12.488055075940451,502.07028821067684,507.205821941204,2.567766865263593,0.6666667,[*]C(=O)c1ccc(Oc2ccc(-c3nc(-c4ccccn4)nnc3-c3ccc(Oc4ccc([*])cc4)cc3)cc2)cc1,IN_DOMAIN,0.5672390049804895,moderate,0.8522594230058967,0.8569728100111129,51.105031431503605,True,37.31427828608743,True,27.635288235352203,True
[*]c1cccc(-n2c(=O)c3cc4c(=O)n([*])c(=O)c4cc3c2=O)n1,aromatic_hc,456.65,620.6028874718222,163.95288747182224,632.7573599761911,608.4484149674535,12.154472504368812,0.5833333,[*]c1ccc(-n2c(=O)c3cc4c(=O)n([*])c(=O)c4cc3c2=O)cc1,IN_DOMAIN,0.524897185261397,moderate,0.8356329577731867,0.8234193402742447,103.58668073592413,False,75.6336924847214,False,56.01498911741193,False
[*]c1cccc(-n2nc(-c3ccccc3)c3ccc(Oc4ccc5c(=O)n([*])nc(-c6ccccc6)c5c4)cc3c2=O)c1C#N,nitrile,574.15,595.9161581981386,21.76615819813867,598.3153832770568,593.5169331192205,2.399225078918107,0.5,[*]C(=O)c1ccc(-n2nc(-c3ccccc3)c3cc(Oc4ccc5c(-c6ccccc6)nn(-c6ccc([*])cc6)c(=O)c5c4)ccc3c2=O)cc1,IN_DOMAIN,0.5431141159044144,moderate,0.8372436043261797,0.8575627062633221,50.18236297196071,True,36.640593001081314,True,27.13635088787573,True
[*]c1cccc(N2C(=O)C(=O)N(CCCCCCN3C(=O)C(=O)N([*])C3=O)C2=O)n1,polyamide,442.65,427.1262526931981,15.523747306801852,416.7953753382552,437.45713004814104,10.330877354942913,0.45454547,[*]CCCCCCN1C(=O)C(=O)N([*])C1=O,IN_DOMAIN,0.5119365903990394,moderate,0.8124153895665959,0.8298019232972352,93.6035556971183,True,68.34452553915186,True,50.61656688364942,True
[*]c1cccc(N2C(=O)C(=O)N(c3ccc(Cc4ccc(N5C(=O)C(=O)N([*])C5=O)cc4)cc3)C2=O)n1,polyamide,510.15,537.981402035084,27.83140203508401,536.908683167387,539.0541209027809,1.072718867696949,0.42222223,[*]c1ccc2c(c1)C(=O)N(c1ccc(Cc3ccc(N4C(=O)c5ccc([*])cc5C4=O)cc3)cc1)C2=O,IN_DOMAIN,0.5362545386714239,moderate,0.8067799675160131,0.8427610421677115,42.920511362220225,True,31.33836063280047,True,23.20947017307739,False
[*]c1cccc(N2C(=O)c3ccc(NC(=O)OCCOc4ccc(C(c5ccc(OCCOC(=O)Nc6ccc7c(c6)C(=O)N(c6cccc(P([*])(C)=O)c6)C7=O)cc5)(C(F)(F)F)C(F)(F)F)cc4)cc3C2=O)c1,fluoropolymer,477.15,434.94263435443037,42.20736564556961,419.85451150072015,450.0307572081406,15.088122853710217,0.5609756,[*]c1ccc(OCCOC(=O)Nc2ccc3c(c2)C(=O)N(c2cccc(P(=O)(c4ccccc4)c4cccc(N5C(=O)c6ccc(NC(=O)OCCOc7ccc(C([*])(C)C)cc7)cc6C5=O)c4)c2)C3=O)cc1,IN_DOMAIN,0.5125653938960899,moderate,0.8275951539326687,0.8131515640515498,119.64671372451359,True,87.35990658603107,True,64.69952815940027,True
[*]c1cccc(N2C(=O)c3ccc(NC(=O)OCCOc4ccc(P(=O)(c5ccccc5)c5ccc(OCCOC(=O)Nc6ccc7c(c6)C(=O)N(c6cccc(P([*])(C)=O)c6)C7=O)cc5)cc4)cc3C2=O)c1,polyimide,474.15,432.81202712319066,41.33797287680932,414.6940107936497,450.9300434527317,18.118016329541007,0.7123288,[*]c1ccc(OCCOC(=O)Nc2ccc3c(c2)C(=O)N(c2cccc(P(=O)(c4ccccc4)c4cccc(N5C(=O)c6ccc(NC(=O)OCCOc7ccc(C([*])(C)C)cc7)cc6C5=O)c4)c2)C3=O)cc1,IN_DOMAIN,0.5260950647395841,moderate,0.8260433744910759,0.802546936886142,136.23362197166665,True,99.47081803453732,True,73.6689774974325,True
[*]c1cccc(OP(=O)(Oc2cccc(-n3c(=O)c4cc5c(=O)n([*])c(=O)c5cc4c3=O)c2)c2ccccc2)c1,aromatic_hc,464.15,549.5478243995296,85.39782439952967,573.6864188888886,525.4092299101706,24.138594489359036,0.67391306,[*]c1cccc(P(=O)(c2ccccc2)c2cccc(-n3c(=O)c4cc5c(=O)n([*])c(=O)c5cc4c3=O)c2)c1,IN_DOMAIN,0.5026151924415736,moderate,0.805343715855437,0.7814749133267789,169.19279308719018,True,123.53591786197393,True,91.49180566644726,True
[*]c1cccc(Oc2cc(Oc3cccc(-n4c(=O)c5cc6c(=O)n([*])c(=O)c6cc5c4=O)c3)ccc2P(=O)(c2ccccc2)c2ccccc2)c1,polyether,524.15,571.8850877060088,47.73508770600881,573.794233095238,569.9759423167795,1.909145389229252,0.63461536,[*]c1cccc(P(=O)(c2ccccc2)c2cccc(-n3c(=O)c4cc5c(=O)n([*])c(=O)c5cc4c3=O)c2)c1,IN_DOMAIN,0.5644481492252664,moderate,0.8519948711821544,0.8592779851772331,47.49946111039168,False,34.68167537843925,False,25.685558976104826,False
[*]c1cccc(Oc2ccc(-c3ccc(Oc4cccc(-n5c(=O)c6cc7c(=O)n([*])c(=O)c7cc6c5=O)c4)cc3)cc2)c1,polyether,524.15,574.929622892608,50.77962289260802,574.373170396825,575.486075388391,0.5564524957829917,0.775,[*]c1cccc(Oc2ccc(-n3c(=O)c4cc5c(=O)n([*])c(=O)c5cc4c3=O)cc2)c1,IN_DOMAIN,0.5899640734707734,moderate,0.8551722764471504,0.8640124103042951,40.094252614070875,False,29.274771148890604,False,21.681157344672673,False
[*]c1cccc(Oc2ccc(-c3nc4cc5sc(-c6ccc(Oc7cccc(-n8c(=O)c9cc%10c(=O)n([*])c(=O)c%10cc9c8=O)c7)cc6)nc5cc4s3)cc2)c1,polyether,673.15,575.8992464850807,97.25075351491932,574.7451508730154,577.0533420971459,1.1540956120652481,0.5849057,[*]c1cccc(Oc2ccc(-n3c(=O)c4cc5c(=O)n([*])c(=O)c5cc4c3=O)cc2)c1,IN_DOMAIN,0.5593634265284386,moderate,0.8501462739456346,0.8619206593973071,43.36600180703493,False,31.66363495444703,False,23.45037124492293,False
[*]c1cccc(Oc2ccc(S(=O)(=O)c3ccc(Oc4cccc(-n5c(=O)c6cc7c(=O)n([*])c(=O)c7cc6c5=O)c4)cc3)cc2)c1,polysulfone,496.3,572.5772755189294,76.27727551892934,573.033814682539,572.1207363553199,0.45653916360953417,0.70454544,[*]c1cccc(Oc2ccc(-n3c(=O)c4cc5c(=O)n([*])c(=O)c5cc4c3=O)cc2)c1,IN_DOMAIN,0.5795140442780388,moderate,0.8547263735414111,0.8643621069669022,39.547285109553556,False,28.875403472062906,False,21.38538207129344,False
[*]c1cccc(Oc2cccc(Oc3cccc(-n4c(=O)c5cc6c(=O)n([*])c(=O)c6cc5c4=O)c3)c2)c1,polyether,494.15,566.9536603273973,72.80366032739732,572.3168407777772,561.5904798770174,5.3631804503799,0.7894737,[*]c1cccc(Oc2ccc(-n3c(=O)c4cc5c(=O)n([*])c(=O)c5cc4c3=O)cc2)c1,IN_DOMAIN,0.5772599107452884,moderate,0.8505146649211058,0.8471888624632059,66.40829836779602,False,48.48794054892062,False,35.91060244377423,False
[*]c1cccc(Oc2cccc(Oc3cccc(N4C(=O)C5C6C=CC(C7C(=O)N([*])C(=O)C67)C5C4=O)c3)c2)c1,polyamide,450.15,544.2107730189912,94.0607730189912,545.2786457777769,543.1429002602055,1.067872758785711,0.46666667,[*]c1ccc2c(c1)C(=O)N(c1cccc(Oc3cccc(Oc4cccc(N5C(=O)c6cccc([*])c6C5=O)c4)c3)c1)C2=O,IN_DOMAIN,0.5424837248861437,moderate,0.8284783168064713,0.8622224393837855,42.89398172858537,False,31.31899005216389,False,23.19512414780862,False
[*]c1cccc(Oc2cccc(Oc3cccc(N4C(=O)c5c(c(-c6ccccc6)c(-c6ccc(-c7c(-c8ccccc8)c8c(c(-c9ccccc9)c7-c7ccccc7)C(=O)N([*])C8=O)cc6)c(-c6ccccc6)c5-c5ccccc5)C4=O)c3)c2)c1,polyimide,553.15,566.8434516036549,13.693451603654921,557.1577203809519,576.5291828263579,9.685731222702998,0.80487806,[*]c1ccc(N2C(=O)c3c(c(-c4ccccc4)c(-c4ccc(Oc5ccc(-c6c(-c7ccccc7)c7c(c(-c8ccccc8)c6-c6ccccc6)C(=O)N([*])C7=O)cc5)cc4)c(-c4ccccc4)c3-c3ccccc3)C2=O)cc1,IN_DOMAIN,0.5661293854401815,moderate,0.8446535973561449,0.832059934760075,90.0717550622676,True,65.76578548072077,True,48.70672893227832,True
[*]c1cccc(Oc2cccc(Oc3cccc(N4C(=O)c5c(c(-c6ccccc6)c(-c6ccc(Oc7ccc(-c8c(-c9ccccc9)c9c(c(-c%10ccccc%10)c8-c8ccccc8)C(=O)N([*])C9=O)cc7)cc6)c(-c6ccccc6)c5-c5ccccc5)C4=O)c3)c2)c1,polyimide,534.15,568.6604210441483,34.5104210441483,557.6741788095233,579.6466632787733,10.986242234625024,0.8292683,[*]c1ccc(N2C(=O)c3c(c(-c4ccccc4)c(-c4ccc(Oc5ccc(-c6c(-c7ccccc7)c7c(c(-c8ccccc8)c6-c6ccccc6)C(=O)N([*])C7=O)cc5)cc4)c(-c4ccccc4)c3-c3ccccc3)C2=O)cc1,IN_DOMAIN,0.5658137574557451,moderate,0.8425463671547958,0.8275081462183479,97.19129804331185,True,70.96411137198866,True,52.556655580867556,True
[*]c1cccc(Oc2cccc(Oc3cccc(N4C(=O)c5c(c(-c6ccccc6)c(-c6ccc(Oc7ccc(Oc8ccc(-c9c(-c%10ccccc%10)c%10c(c(-c%11ccccc%11)c9-c9ccccc9)C(=O)N([*])C%10=O)cc8)cc7)cc6)c(-c6ccccc6)c5-c5ccccc5)C4=O)c3)c2)c1,polyimide,511.15,568.6604210441483,57.5104210441483,557.6741788095233,579.6466632787733,10.986242234625024,0.8292683,[*]c1ccc(N2C(=O)c3c(c(-c4ccccc4)c(-c4ccc(Oc5ccc(-c6c(-c7ccccc7)c7c(c(-c8ccccc8)c6-c6ccccc6)C(=O)N([*])C7=O)cc5)cc4)c(-c4ccccc4)c3-c3ccccc3)C2=O)cc1,IN_DOMAIN,0.5658137574557451,moderate,0.8425463671547958,0.8275081462183479,97.19129804331185,True,70.96411137198866,True,52.556655580867556,False
[*]c1cccc(P(=O)(c2ccc(Oc3ccc(C45CC6CC(CC(C6)C4)C5)cc3)cc2)c2cccc(-n3c(=O)c4cc5c(=O)n([*])c(=O)c5cc4c3=O)c2)c1,polyether,603.15,588.3130199180592,14.836980081940737,575.3547025396824,601.2713372964361,12.958317378376819,0.6315789,[*]c1cccc(P(=O)(c2ccccc2)c2cccc(-n3c(=O)c4cc5c(=O)n([*])c(=O)c5cc4c3=O)c2)c1,IN_DOMAIN,0.5296080916565633,moderate,0.8365932818946787,0.8206058832152167,107.98726487410383,True,78.84677379107896,True,58.39462587050759,True
[*]c1cccc(S(=O)(=O)c2cccc(-n3c(=O)c4cc5c(=O)n([*])c(=O)c5cc4c3=O)c2)c1,polysulfone,633.15,598.2936417578844,34.85635824211556,587.7453438095233,608.8419397062456,10.548297948361153,0.6818182,[*]c1ccc(-n2c(=O)c3cc4c(=O)n([*])c(=O)c4cc3c2=O)cc1S(=O)(=O)O[Na],IN_DOMAIN,0.5446614479797925,moderate,0.8422854107634593,0.8290409512202715,94.7938072564016,True,69.21358630811108,True,51.26020106196821,True
[*]c1ccccc1C(=O)Oc1ccc2c([*])c3ccc(=O)cc-3oc2c1,polyester,523.15,479.5172747308653,43.63272526913465,470.35199895909506,488.68255050263554,9.16527577177024,0.4032258,[*]CC([*])(C)C(=O)OCCCOc1ccc(C(=O)Oc2ccc3ccc(=O)oc3c2)cc1,IN_DOMAIN,0.5084501476813565,moderate,0.7842832007876261,0.8011395947772892,87.22256353780807,True,63.68545165729791,True,47.166015096269916,True
[*]c1ccccc1Oc1ccc(N2Cc3cc4c(cc3C2=O)C(=O)N([*])C4=O)cc1,polyimide,659.15,573.929980088858,85.220019911142,579.9949115728718,567.8650486048442,6.064931484013812,0.43103448,[*]c1ccc(Oc2ccc(C(c3ccc(Oc4ccc(N5C(=O)c6ccc7c8c(ccc(c68)C5=O)C(=O)N([*])C7=O)cc4)cc3)(C(F)(F)F)C(F)(F)F)cc2)cc1,IN_DOMAIN,0.5219586166015837,moderate,0.8068977584241336,0.8314568721053749,70.24997798461452,False,51.29293837971323,False,37.988008924992265,False
[*]c1cnc(C2C(c3ccccc3)C([*])C2c2ccccc2)cn1,aromatic_hc,423.15,408.41909015502563,14.730909844974349,387.1473051428567,429.69087516719463,21.271785012168976,0.27906978,[*]c1ccc(-c2cnc3cc4nc([*])cnc4cc3n2)cc1,BORDERLINE,0.455245564666957,low,0.6148374141775967,0.6718576077144428,153.49867507956554,True,112.07687615145068,True,83.00513688664924,True
[*]c1nc(-c2ccccc2)nc(N(CCCCCCCCCCN([*])c2ccccc2)c2ccccc2)n1,aromatic_hc,335.15,355.266541260195,20.11654126019505,351.47478907342605,359.05829344696406,3.7917521867690027,0.537037,[*]CCCCCCCCCCN(c1ccccc1)c1ncnc(N([*])c2ccccc2)n1,IN_DOMAIN,0.5441468032946207,moderate,0.8427494769283814,0.852688861385844,57.80564067259436,True,42.20672020236928,True,31.25867447625877,True
[*]c1nc(-c2ccccc2)nc(N(CCCCCCN([*])c2ccccc2)c2ccccc2)n1,aromatic_hc,347.15,355.266541260195,8.11654126019505,351.47478907342605,359.05829344696406,3.7917521867690027,0.537037,[*]CCCCCCCCCCN(c1ccccc1)c1ncnc(N([*])c2ccccc2)n1,IN_DOMAIN,0.5441468032946207,moderate,0.8427494769283814,0.852688861385844,57.80564067259436,True,42.20672020236928,True,31.25867447625877,True
[*]c1nc(-c2ccccc2)nc(N(CCCCN([*])c2ccccc2)c2ccccc2)n1,aromatic_hc,367.15,371.351998395598,4.201998395598025,366.8360670158719,375.86792977532417,4.5159313797261404,0.5185185,[*]CCCCCCCCCCN(c1ccccc1)c1ncnc(N([*])c2ccccc2)n1,IN_DOMAIN,0.5392023510537338,moderate,0.8389783870173103,0.850154234210494,61.77010144453083,True,45.10136654842598,True,33.40247544969235,True
[*]c1nc(-c2ccccc2)nc(N(c2ccccc2)c2ncnc(N([*])c3ccccc3)n2)n1,aromatic_hc,552.15,443.70365673249694,108.44634326750304,449.91350773412574,437.4938057308681,6.209851001628834,0.5510204,[*]CCCCN(c1ccccc1)c1ncnc(N([*])c2ccccc2)n1,IN_DOMAIN,0.5386518303961305,moderate,0.8418014207183154,0.8442255155338346,71.04332823308917,False,51.87220212578091,False,38.41701683623033,False
[*]c1nc(C)nc(N(CCCCCCCCCCN([*])c2ccccc2)c2ccccc2)n1,aromatic_hc,321.15,344.799755507335,23.649755507335044,345.0481160972353,344.55139491743466,0.2483605899003294,0.5769231,[*]CCCCCCCCCCN(c1ccccc1)c1ncnc(N([*])c2ccccc2)n1,IN_DOMAIN,0.5609738579981592,moderate,0.85029063279896,0.8650907319748843,38.4076282441613,True,28.043284359037923,True,20.769107213763498,False
[*]c1nc(C)nc(N(CCCCCCN([*])c2ccccc2)c2ccccc2)n1,aromatic_hc,340.15,344.799755507335,4.649755507335044,345.0481160972353,344.55139491743466,0.2483605899003294,0.5769231,[*]CCCCCCCCCCN(c1ccccc1)c1ncnc(N([*])c2ccccc2)n1,IN_DOMAIN,0.5609738579981592,moderate,0.85029063279896,0.8650907319748843,38.4076282441613,True,28.043284359037923,True,20.769107213763498,True
[*]c1nc(C)nc(N(CCCCN([*])c2ccccc2)c2ccccc2)n1,aromatic_hc,358.15,358.5014622866024,0.35146228660244105,359.7950519920623,357.20787258114257,1.2935897054598797,0.5576923,[*]CCCCCCCCCCN(c1ccccc1)c1ncnc(N([*])c2ccccc2)n1,IN_DOMAIN,0.5549174290431718,moderate,0.8476521453408669,0.8614324300704259,44.129651006788436,True,32.221212514901964,True,23.863318173136243,True
[*]c1nc2cc(C(c3ccc4oc(-c5cc(OCCCCCCCCCC)c([*])cc5OCCCCCCCCCC)nc4c3)(C(F)(F)F)C(F)(F)F)ccc2o1,fluoropolymer,367.15,388.43661377967646,21.286613779676486,392.51542095337896,384.357806605974,4.078807173702472,0.38961038,[*]COc1ccc(N2C(=O)c3ccc(C(c4ccc5c(c4)C(=O)N(c4ccc(OC([*])CCCCCC)cc4)C5=O)(C(F)(F)F)C(F)(F)F)cc3C2=O)cc1,IN_DOMAIN,0.5224645363932388,moderate,0.7797790786205591,0.8094114521709415,59.37710012096577,True,43.35411946090266,True,32.108448629399014,True
[*]c1nc2ccc(-c3cccc(-c4ccc5[nH]c(S([*])(=O)=O)nc5c4)c3)cc2[nH]1,polysulfone,563.15,612.7168871765109,49.56688717651093,608.2107176082258,617.223056744796,4.506169568285145,0.5102041,[*]c1cccc(-c2nc3cc(-c4ccc5[nH]c([*])nc5c4)ccc3[nH]2)c1,IN_DOMAIN,0.5380317693489168,moderate,0.8373688043786854,0.8501884005505375,61.71666119259148,True,45.06234721164665,False,33.37357737988697,False
[*]c1nnc(-c2cc(CCCCCCCC)c(-c3ccc(-c4sc(-c5nnc(-c6cc(OCCCCCCCC)c([*])cc6OCCCCCCCC)o5)cc4CCCCCCCC)s3)s2)o1,polyether,307.25,389.10754845921343,81.85754845921343,397.43166131745926,380.7834356009676,8.324112858245826,0.45454547,[*]c1ccc(-c2nnc([*])o2)c(OCCCCCCCC)c1,IN_DOMAIN,0.518190882357049,moderate,0.8155251268757525,0.8368255990356751,82.61768479245491,True,60.32320488501877,False,44.67590506498571,False
[*]c1nnc(-c2sc(-c3nnc(-c4cc(OCCCCCCCC)c([*])cc4OCCCCCCCC)o3)cc2CCCCCCCC)o1,polyether,397.45,384.4650464905162,12.984953509483773,396.311542904761,372.61855007627145,11.846496414244768,0.47619048,[*]c1ccc(-c2nnc([*])o2)c(OCCCCCCCC)c1,IN_DOMAIN,0.510287918694912,moderate,0.8178789137174861,0.8244972565896788,101.90069039007417,True,74.40266862678635,True,55.10328183802138,True
[*]c1sc(-c2cc3sc(-c4cc(CCCCCCCCCCCCCC)c([*])s4)cc3s2)cc1CCCCCCCCCCCCCC,heterocycle,278.15,306.39185826825883,28.241858268258852,301.7643094488843,311.01940708763334,4.6275488193745105,0.59090906,[*]c1ccc(-c2sc(-c3cc(CCCCCCCC)c([*])s3)cc2CCCCCCCC)cc1,IN_DOMAIN,0.5494718824300149,moderate,0.8471750406586739,0.8497635731717247,62.381142144475575,True,45.547517193151116,True,33.732898607520504,True
[*]c1sc(-c2nnc(-c3cc(OCCCCCCCC)c(-c4nnc(-c5cc(CCCCCCCCCC)c([*])s5)o4)cc3OCCCCCCCC)o2)cc1CCCCCCCCCC,polyether,326.95,357.2773333833134,30.32733338331343,382.5872843355527,331.96738243107416,25.309950952239262,0.38333333,[*]c1ccc(-c2sc(-c3cc(CCCCCCCC)c([*])s3)cc2CCCCCCCC)cc1,IN_DOMAIN,0.45727482430713495,low,0.7239152644904666,0.7307085137425104,175.6052898727997,True,128.2179948094772,True,94.95939372998471,True
[*]c1sc([*])c(CCCCCCN(CC)c2ccc(/N=N/c3ccc([N+](=O)[O-])cc3)cc2)c1CCCCCC,aromatic_hc,290.15,344.37704354737303,54.22704354737306,341.7792840975684,346.9748029971777,2.5977594498046415,0.53333336,[*]CC([*])(C)C(=O)OCCN(CC)c1ccc(/N=N/c2ccc([N+](=O)[O-])cc2)cc1,IN_DOMAIN,0.5473175466950012,moderate,0.8433961899040632,0.8568678359652192,51.26922342433957,False,37.434162875557654,False,27.724075834554455,False
[*]C(=O)c1ccc(Oc2cccc(N3C(=O)c4ccc(Oc5cccc6c5C(=O)N(c5cccc(Oc7ccc([*])cc7)c5)C6=O)cc4C3=O)c2)cc1,polyimide,478.65,499.4675186506661,20.817518650666102,495.70944095237985,503.22559634895225,3.7580776982862005,0.875,[*]C(=O)c1ccc(Oc2cccc(N3C(=O)c4cccc(Oc5cccc6c5C(=O)N(c5cccc(Oc7ccc([*])cc7)c5)C6=O)c4C3=O)c2)cc1,IN_DOMAIN,0.595326694174665,moderate,0.8524418175208065,0.8528067220955339,57.62129239263349,True,42.0721185236825,True,31.15898726915396,True
[*]Cc1ccc(N2C(=O)c3cccc(-c4cccc5c4C(=O)N(c4ccc([*])cc4C)C5=O)c3C2=O)c(C)c1,polyimide,572.65,571.5854894502303,1.0645105497696932,580.5192534920631,562.6517254083975,8.933764041832774,0.6666667,[*]Cc1ccc(C)c(N2C(=O)c3cccc(Sc4cccc5c4C(=O)N(c4ccc([*])cc4C)C5=O)c3C2=O)c1,IN_DOMAIN,0.5473952668531437,moderate,0.8445719959572633,0.8346918198931208,85.95517118449786,True,62.76006662877167,True,46.480666667554964,True
[*]Cc1ccc(N2C(=O)c3cccc(Sc4ccc5c(c4)C(=O)N(c4cc([*])ccc4C)C5=O)c3C2=O)c(C)c1,polyimide,530.65,549.6604151735366,19.01041517353667,548.7215759126975,550.5992544343757,0.9388392608390745,0.7058824,[*]Cc1ccc(C)c(N2C(=O)c3cccc(Sc4cccc5c4C(=O)N(c4ccc([*])cc4C)C5=O)c3C2=O)c1,IN_DOMAIN,0.5782308220163086,moderate,0.8543449549220751,0.8626740566265988,42.18759821763926,True,30.803224966695257,True,22.813143912538436,True
[*]Oc1ccc(C(c2ccc(Oc3ccc4c(c3)C(=O)N(c3ccc(Cc5ccc(N6C(=O)c7ccc([*])cc7C6=O)cc5)cc3)C4=O)cc2)(C(F)(F)F)C(F)(F)F)cc1,fluoropolymer,500.15,529.7199248649666,29.56992486496665,528.7319523809513,530.707897348982,0.9879724840153585,0.78846157,[*]Oc1ccc2c(c1)C(=O)N(c1ccc(Oc3ccc(C(c4ccc(Oc5ccc(N6C(=O)c7ccc([*])cc7C6=O)cc5)cc4)(C(F)(F)F)C(F)(F)F)cc3)cc1)C2=O,IN_DOMAIN,0.5906935364071082,moderate,0.8548661733681933,0.8625020903454818,42.45657409788484,True,30.999617387687717,True,22.958593896047535,False
[*]Oc1ccc(C(c2ccc(Oc3ccc4c(c3)C(=O)N(c3ccc(Oc5ccc(N6C(=O)c7ccc([*])cc7C6=O)cc5)cc3)C4=O)cc2)(C(F)(F)F)C(F)(F)F)cc1,fluoropolymer,499.65,514.3179205017166,14.667920501716594,508.13467134199016,520.5011696614429,6.183249159726358,0.8913044,[*]Oc1ccc2c(c1)C(=O)N(c1ccc(Oc3ccc(C(c4ccc(Oc5ccc(N6C(=O)c7ccc([*])cc7C6=O)cc5)cc4)(C(F)(F)F)C(F)(F)F)cc3)cc1)C2=O,IN_DOMAIN,0.5902453465664401,moderate,0.8497078437753282,0.8443186219804932,70.89769858823155,True,51.76587081274367,True,38.33826691477404,True
[*]Oc1ccc(Oc2ccc(Oc3ccc4c(c3)C(=O)N(CCCCCCN3C(=O)c5ccc([*])cc5C3=O)C4=O)cc2)cc1,polyimide,399.5,382.9747937256485,16.52520627435149,390.84612246009476,375.1034649912023,7.871328734446223,0.71794873,[*]Oc1ccc2c(c1)C(=O)N(CCCCCCCCCCCCN1C(=O)c3ccc([*])cc3C1=O)C2=O,IN_DOMAIN,0.558499567961442,moderate,0.8468760570028496,0.8384103434689737,80.13895450799423,True,58.51336289804169,True,43.33551990231187,True
[*]c1ccc(N2C(=O)c3cccc(-c4cccc5c4C(=O)N(c4ccc(C6([*])CCCCC6)cc4C)C5=O)c3C2=O)c(C)c1,polyimide,575.65,579.3324666615797,3.682466661579724,582.3776106349202,576.2873226882392,3.045143973340487,0.47368422,[*]Cc1ccc(C)c(N2C(=O)c3cccc(Sc4cccc5c4C(=O)N(c4ccc([*])cc4C)C5=O)c3C2=O)c1,IN_DOMAIN,0.5373534282496513,moderate,0.8291432857690016,0.8553019901328438,53.7183940312536,True,39.22242189891791,True,29.048476461336936,True
[*]c1ccc(N2C(=O)c3cccc(-c4cccc5c4C(=O)N(c4ccc(C6([*])c7ccccc7-c7ccccc76)cc4C)C5=O)c3C2=O)c(C)c1,polyimide,586.15,588.9792994884026,2.8292994884026257,592.1257587301584,585.8328402466467,3.1464592417558492,0.4909091,[*]Cc1ccc(C)c(N2C(=O)c3cccc(Sc4cccc5c4C(=O)N(c4ccc([*])cc4C)C5=O)c3C2=O)c1,IN_DOMAIN,0.5394920702652594,moderate,0.8342303803925872,0.85494738669339,54.27303632301949,True,39.62739331258243,True,29.34840191233701,True
[*]c1ccc2c(c1)C(CCCCCCCC)(CCCCCCCC)c1cc(-c3ccc([*])c4nsnc34)ccc1-2,aromatic_hc,386.4,369.8990477813811,16.500952218618863,361.15593984126923,378.64215572149294,8.743107940111855,0.62,[*]c1ccc(-c2ccc3c(c2)C(CCCCCC)(CCCCCC)c2cc([*])ccc2-3)cc1,IN_DOMAIN,0.5409660393301333,moderate,0.8434248292596068,0.8353591162491439,84.91143968329793,True,61.997987307013894,True,45.91626390586923,True
[*]c1cccc(Oc2ccc(C(c3ccc(Oc4cccc(-n5c(=O)c6cc7c(=O)n([*])c(=O)c7cc6c5=O)c4)cc3)(C(F)(F)F)C(F)(F)F)cc2)c1,fluoropolymer,499.65,554.6219606287458,54.97196062874582,556.9589574603167,552.2849637971749,2.3369968315709,0.87234044,[*]c1ccc(Oc2ccc(C(c3ccc(Oc4ccc(-n5c(=O)c6cc7c(=O)n([*])c(=O)c7cc6c5=O)cc4)cc3)(C(F)(F)F)C(F)(F)F)cc2)cc1,IN_DOMAIN,0.5993359758742084,moderate,0.8538353771837416,0.8577805051290374,49.84169943465722,False,36.391857922033324,False,26.9521354636611,False
[*]c1cccc(Oc2cccc(-n3c(=O)c4cc5c(=O)n([*])c(=O)c5cc4c3=O)c2)c1,polyether,558.4,567.5133336607306,9.113333660730632,573.4361874444438,561.5904798770174,5.922853783713208,0.8108108,[*]c1cccc(Oc2ccc(-n3c(=O)c4cc5c(=O)n([*])c(=O)c5cc4c3=O)cc2)c1,IN_DOMAIN,0.5787787469818739,moderate,0.8499114211177026,0.8452300057965393,69.47218503656164,True,50.72503377815748,True,37.56741369777525,True
[*]C(=O)c1ccc2c(c1)C(=O)N(c1cccc(C(=O)c3cccc(N4C(=O)c5ccc([*])cc5C4=O)c3)c1)C2=O,polyimide,493.0,545.3539308059424,52.353930805942355,535.245942857142,555.4619187547427,10.107987948800314,0.84444445,[*]C(=O)c1ccc2c(c1)C(=O)N(c1cccc(C(=O)c3ccc(Cc4ccc(C(=O)c5cccc(N6C(=O)c7ccc([*])cc7C6=O)c5)cc4)cc3)c1)C2=O,IN_DOMAIN,0.5708637500744804,moderate,0.8440534313385134,0.8305820362187344,92.38336556223707,True,67.45360515461162,True,49.956743278520214,False
[*]CC([*])N1CCCC1=O,aliphatic_hc,418.0,434.5954557847,16.595455784699993,440.25887992063497,428.93203164876496,5.663424135935003,0.82608694,[*]CC([*])N1CCCCCC1=O,IN_DOMAIN,0.581924763989958,moderate,0.8502568477285234,0.8461380095637631,68.05195828647486,True,49.688056895497446,True,36.79941934381794,True
