PSMILES,Tg
[*]#C[SiH2]C#Cc1cccc(C#[*])c1,345.15
[*]#Cc1cccc(C#C[SiH](C#[*])c2ccccc2)c1,358.15
[*]#Cc1ccccc1C#C[SiH](C#[*])c1ccccc1,344.15
[*]/C(=C(/[*])c1ccc(C(C)(C)C)cc1)c1ccccc1,473.15
[*]/C(=C(/[*])c1ccc(CCCC)cc1)c1ccccc1,473.15
[*]/C(=C(/[*])c1ccc(Oc2ccccc2)cc1)c1ccccc1,473.15
[*]/C(=C(/[*])c1ccc([Si](C(C)C)(C(C)C)C(C)C)cc1)c1ccccc1,523.15
[*]/C(=C(/[*])c1ccc([Si](C)(C)C)cc1)c1ccccc1,473.15
[*]/C(=C(/[*])c1cccc([Ge](C)(C)C)c1)c1ccccc1,473.15
[*]/C(=C(/[*])c1cccc([Si](C)(C)C)c1)c1ccccc1,473.15
[*]/C(C#N)=C/c1cc(C=C(C#N)c2ccc3c(c2)C(CCCCCCCC)(CCCCCCCC)c2cc([*])ccc2-3)cc(N(c2ccccc2)c2ccccc2)c1,409.15
[*]/C(C)=C(/[*])CCC,473.15
[*]/C(C)=C(/[*])CCCCC,453.15
[*]/C(C)=C(/[*])CCCCCCC,433.15
[*]/C(C)=C(/[*])SCC,433.15
[*]/C(C)=C(/[*])SCCCCCC,383.15
[*]/C(C)=C(/[*])SCCCCCCCCCC,333.15
[*]/C(C)=C(/[*])[Ge](C)(C)C,523.15
[*]/C(C)=C(/[*])[Si](C)(C)C,348.15
[*]/C(C)=C(/[*])[Si](C)(C)CCCCCC,473.15
[*]/C(C)=C(/[*])[Si](C)(C)CC[Si](C)(C)C,473.15
[*]/C(C)=C(/[*])[Si](C)(C)C[Si](C)(C)C,473.15
[*]/C(C)=C(/[*])c1ccc([Si](C)(C)C)cc1,268.15
[*]/C(CC)=C(/[*])c1ccccc1,473.15
[*]/C(CCCCCC)=C(/[*])c1ccccc1,473.15
[*]/C(Cl)=C(/[*])CCCC,463.15
[*]/C(Cl)=C(/[*])CCCCCC,423.15
[*]/C(Cl)=C(/[*])CCCCCCCC,363.15
[*]/C(Cl)=C(/[*])c1ccccc1,488.15
[*]/C=C(/[*])C(C)(C)C,473.15
[*]/C=C(/[*])C(CCC)[Si](C)(C)CCCCCC,313.15
[*]/C=C(/[*])C(CCC)[Si](C)(C)c1ccccc1,383.15
[*]/C=C(/[*])C(CCCCC)[Si](C)(C)C,443.15
[*]/C=C(/[*])C(CCCCCCC)[Si](C)(C)C,423.15
[*]/C=C(/[*])CCCOC(=O)c1cc(-c2ccc(OC)cc2)ccc1-c1ccc(OC)cc1,345.55
[*]/C=C(/[*])CCCOc1ccc(OC(=O)c2ccc(OC)cc2)cc1,293.15
[*]/C=C(/[*])CCCOc1ccc(OC(=O)c2ccc(OCCCC)cc2)cc1,309.15
[*]/C=C(/[*])CCCOc1ccc(OC(=O)c2ccc(OCCCCCCCC)cc2)cc1,315.15
[*]/C=C(/[*])c1c(C)cc(C(C)(C)C)cc1C,473.15
[*]/C=C(/[*])c1c(F)c(F)c(CCCC)c(F)c1F,383.15
[*]/C=C(/[*])c1ccc(-n2c(=O)c3cc4c(=O)n(-c5ccc(C#C)cc5)c(=O)c4cc3c2=O)cc1,693.15
[*]/C=C(/[*])c1ccccc1C(F)(F)F,403.15
[*]/C=C(/[*])c1ccccc1C[Si](C)(C)C,443.15
[*]/C=C(/[*])c1ccccc1[Ge](C)(C)C,453.15
[*]/C=C(/[*])c1ccccc1[Si](C)(C)C,463.15
[*]/C=C/[*],269.15
[*]=C(C#CC(=[*])COS(=O)(=O)c1ccc(C)cc1)COS(=O)(=O)c1ccc(C)cc1,200.15
[*]=C(C#N)N1C(=O)c2ccc(C(=O)c3ccc(-c4ccc5c(c4)C(=O)N(C(=[*])C#N)C5=O)cc3)cc2C1=O,522.15
[*]=C(C#N)NC(=O)c1ccc(C(=O)NC(=[*])C#N)cc1,505.15
[*]=C(C#N)c1ccc(C(=O)OC2CCN(C(=[*])c3ccc(OC)cc3)CC2)cc1,456.15
[*]=C(C#N)c1ccc(C(=O)OCC2CCCN(C(=[*])c3ccc(OC)cc3)C2)cc1,449.15
[*]=C(C#N)c1ccc(C(=O)OCCC2CCN(C(=[*])c3ccc(OC)cc3)CC2)cc1,440.15
[*]=C(C#N)n1c(=O)c2cc3c(=O)n(C(=[*])C#N)c(=O)c3cc2c1=O,483.15
[*]=C(C)CCC(=[*])C,277.15
[*]=C(CCC(=[*])c1ccccc1)c1ccccc1,393.65
[*]=C(Cl)CC(F)(F)C(=[*])F,256.15
[*]=C(F)C(F)(F)C(F)(C(=[*])F)C(F)(F)F,270.15
[*]=C(F)C(F)(F)ON(C(F)(F)F)C(F)(F)C(=[*])F,266.15
[*]=C(OC)c1ccc(C(=[*])OC)s1,364.15
[*]=C([2H])C([2H])([2H])C([2H])([2H])C(=[*])C([2H])([2H])[2H],215.15
[*]=C(c1ccc(Oc2ccccc2)cc1)c1ccc(C(=[*])c2ccc(Oc3ccccc3)cc2)cc1,436.15
[*]=C1C(=O)N(CC(CCCCCCCC)CCCCCCCCCC)c2cc(-c3ccc(-c4ccc(-c5ccc6c(c5)N(CC(CCCCCCCC)CCCCCCCCCC)C(=O)C6=[*])s4)s3)ccc21,338.15
[*]=CC(=O)NCCCCCCCCCCNC(=O)C(=[*])C,347.15
[*]=CC(=O)NCCCCCCNC(=O)C(=[*])C,367.15
[*]=CC(=O)NCc1cccc(CNC(=O)C(=[*])C)c1,408.15
[*]=CC(C)CC(=[*])C,275.45
[*]=CC(C)S(=O)(=O)CC(=[*])C,356.15
[*]=CC1CC(C=[*])C2C3CCC(C3)C12,480.55
[*]=CC1CCC(C=[*])C1,304.15
[*]=CCC(F)(F)C(=[*])F,238.15
[*]=CCCC(=[*])C(C)(C)C,293.15
[*]=CCCC(=[*])C(C)C,226.15
[*]=CCCC(=[*])CCCCCCC,190.15
[*]=CCCC(=[*])CCCCCCCCCC,220.15
[*]=CCCC(=[*])[Sn](CCCC)(CCCC)CCCC,193.15
[*]=CCCC(=[*])c1ccccc1,312.65
[*]=CCCCC(=[*])c1ccc(Cl)cc1,289.15
[*]=CCCCC(=[*])c1ccc(OC)cc1,284.15
[*]=CCCCC(=[*])c1ccccc1,273.15
[*]=CCCCCCCC=[*],195.15
[*]=CCCCCCCCCCCC=[*],220.15
[*]=CCS(=O)(=O)C(C)C(=[*])C,346.15
[*]=CCS(=O)(=O)CC(=[*])C,361.35
[*]=Cc1cc(OC)c(/C=C(\c2ccc(OC)cc2)c2ccc(C(=[*])c3ccc(OC)cc3)cc2)cc1OC,443.15
[*]=Cc1ccc(/C=C(\c2ccccc2)c2ccc(-c3ccc(C(=[*])c4ccccc4)cc3)cc2)cc1,493.15
[*]=Cc1ccc(/C=C/c2ccc(N(c3ccccc3)c3ccc(N(c4ccccc4)c4ccc(/C=C/c5ccc(/C=C(\C#N)C(=O)NC6CCCCC6NC(=O)C(=[*])C#N)s5)cc4)cc3)cc2)s1,513.15
[*]=Cc1ccc(/C=C/c2ccc(N(c3ccccc3)c3ccc(N(c4ccccc4)c4ccc(/C=C/c5ccc(/C=C(\C#N)c6cccc(C(=[*])C#N)c6)s5)cc4)cc3)cc2)s1,451.15
[*]=Cc1ccc(C(=[*])c2ccc(C(F)(F)F)cc2)cc1,472.15
[*]=Cc1ccc(C=Cc2ccc(N(c3ccccc3)c3ccc(N(c4ccccc4)c4ccc(C=Cc5ccc(C=C(C#N)C(=O)Nc6cc(-c7ccc(O)c(NC(=O)C(=[*])C#N)c7)ccc6O)s5)cc4)cc3)cc2)s1,494.15
[*]=Cc1ccc(N(c2ccccc2)c2ccc(C=C(c3ccc(OC)cc3)c3ccc(C(=[*])c4ccc(OC)cc4)cc3)cc2)cc1,470.15
[*]=Cc1ccc(N(c2ccccc2)c2ccc(N(c3ccccc3)c3ccc(/C=C(\C#N)C(=O)NC4CCCCC4NC(=O)C(=[*])C#N)cc3)cc2)cc1,512.15
[*]=Cc1ccc(OCC(O)COC(=O)CCCCC(=O)OCC(O)COc2ccc(C(=[*])C)cc2)cc1,306.15
[*]=Cc1ccc(OCC(O)COC(=O)CCCCCCCCC(=O)OCC(O)COc2ccc(C(=[*])C)cc2)cc1,303.15
[*]=Cc1ccc(OCCCCCCCCCCOc2ccc(/C=C3\CCCC(=[*])C3=O)cc2)cc1,358.15
[*]=Cc1ccc(OCCCCCCCCOc2ccc(/C=C3\CCCC(=[*])C3=O)cc2)cc1,363.15
[*]=Cc1ccc(OCCCCCCOc2ccc(/C=C3\CCCC(=[*])C3=O)cc2)cc1,389.15
[*]=Cc1ccc(OCCOCCOCCOCCOCCOc2ccc(C(=[*])C)cc2)cc1,290.15
[*]=Cc1ccc(OCCOCCOCCOCCOc2ccc(C(=[*])C)cc2)cc1,280.65
[*]=Cc1ccc(OCCOCCOCCOc2ccc(C(=[*])C)cc2)cc1,289.15
[*]=Cc1ccc(OCCOCCOc2ccc(C(=[*])C)cc2)cc1,312.15
[*]=Cc1ccc(Oc2ccc(-c3nnc(-c4ccc(Oc5ccc(C=[*])cc5)cc4)o3)cc2)cc1,488.15
[*]=Cc1ccc(Oc2ccc(S(=O)(=O)c3ccc(Oc4ccc(/C=C5\CCC(=[*])C5=O)cc4)cc3)cc2)cc1,508.15
[*]=Cc1ccc(Oc2ccc(S(=O)(=O)c3ccc(Oc4ccc(/C=C5\CCCC(=[*])C5=O)cc4)cc3)cc2)cc1,463.15
[*]=Cc1ccc(Oc2ccc(S(=O)(=O)c3ccc(Oc4ccc(/C=C5\CCCCC(=[*])C5=O)cc4)cc3)cc2)cc1,459.15
[*]=Cc1ccc(Oc2ccc(S(=O)(=O)c3ccc(Oc4ccc(C5(c6ccc(Oc7ccc(S(=O)(=O)c8ccc(Oc9ccc(/C=C%10\CCC(=[*])C%10=O)cc9)cc8)cc7)cc6)CCCC5)cc4)cc3)cc2)cc1,513.15
[*]=Cc1ccc(Oc2ccc(S(=O)(=O)c3ccc(Oc4ccc(C5(c6ccc(Oc7ccc(S(=O)(=O)c8ccc(Oc9ccc(/C=C%10\CCCC(=[*])C%10=O)cc9)cc8)cc7)cc6)CCCCC5)cc4)cc3)cc2)cc1,463.15
[*]=Cc1ccc(Oc2ccc(S(=O)(=O)c3ccc(Oc4ccc(C5(c6ccc(Oc7ccc(S(=O)(=O)c8ccc(Oc9ccc(/C=C%10\CCCCC(=[*])C%10=O)cc9)cc8)cc7)cc6)CCCCCC5)cc4)cc3)cc2)cc1,469.15
[*]=Cc1ccc2c(c1)c1cc(/C=C(\C#N)C(=O)OCCCCCCOC(=O)C(=[*])C#N)ccc1n2CCCCCCCCCCCOc1ccc(/C=C/c2ccc([N+](=O)[O-])cc2)cc1,360.15
[*]=Cc1ccc2c(c1)c1cc(/C=C(\C#N)C(=O)OCCCCCCOC(=O)C(=[*])C#N)ccc1n2CCCCCCCCCCCn1c2ccccc2c2ccccc21,336.15
[*]=Cc1ccc2c(c1)c1ccccc1n2CCCCCCCCCCn1c2ccccc2c2cc(/C=C(\C#N)C(=O)OCCCCCCOC(=O)C(=[*])C#N)ccc21,367.65
[*]=Cc1ccc2c(c1)c1ccccc1n2CCCCCCCCCn1c2ccccc2c2cc(/C=C(\C#N)C(=O)OCCCCCCOC(=O)C(=[*])C#N)ccc21,369.55
[*]=Cc1ccc2c(c1)c1ccccc1n2CCCCCCCCn1c2ccccc2c2cc(/C=C(\C#N)C(=O)OCCCCCCOC(=O)C(=[*])C#N)ccc21,369.85
[*]=Cc1ccc2c(c1)c1ccccc1n2CCCCCCCn1c2ccccc2c2cc(/C=C(\C#N)C(=O)OCCCCCCOC(=O)C(=[*])C#N)ccc21,380.95
[*]=Cc1ccc2c(c1)c1ccccc1n2CCCCCCn1c2ccccc2c2cc(/C=C(\C#N)C(=O)OCCCCCCOC(=O)C(=[*])C#N)ccc21,390.85
[*]=Cc1ccc2c(c1)c1ccccc1n2CCCCOC(=O)Nc1ccc(Cc2ccc(NC(=O)OCCCCn3c4ccccc4c4cc(/C=C(\C#N)C(=O)OCCCCCCOC(=O)C(=[*])C#N)ccc43)cc2)cc1,395.15
[*]=NCCCCCCCCCCNC(=[*])C,353.15
[*]=NCCCCCCCCCCNC(=[*])c1ccccc1,283.15
[*]=NP(=NP(=NC(=[*])Oc1ccc(Br)cc1)(Oc1ccc(Br)cc1)Oc1ccc(Br)cc1)(Oc1ccc(Br)cc1)Oc1ccc(Br)cc1,318.15
[*]=NP(=NP(=NC(=[*])Oc1ccc(C(=O)OC)cc1)(Oc1ccc(C(=O)OC)cc1)Oc1ccc(C(=O)OC)cc1)(Oc1ccc(C(=O)OC)cc1)Oc1ccc(C(=O)OC)cc1,325.15
[*]=NP(=NP(=NC(=[*])Oc1ccc(C(C)(C)C)cc1)(Oc1ccc(C(C)(C)C)cc1)Oc1ccc(C(C)(C)C)cc1)(Oc1ccc(C(C)(C)C)cc1)Oc1ccc(C(C)(C)C)cc1,347.15
[*]=NP(=NP(=NC(=[*])Oc1ccc(C(C)(C)c2ccccc2)cc1)(Oc1ccc(C(C)(C)c2ccccc2)cc1)Oc1ccc(C(C)(C)c2ccccc2)cc1)(Oc1ccc(C(C)(C)c2ccccc2)cc1)Oc1ccc(C(C)(C)c2ccccc2)cc1,328.15
[*]=NP(=NP(=NC(=[*])Oc1ccc(C(F)(F)F)cc1)(Oc1ccc(C(F)(F)F)cc1)Oc1ccc(C(F)(F)F)cc1)(Oc1ccc(C(F)(F)F)cc1)Oc1ccc(C(F)(F)F)cc1,304.15
[*]=NP(=NP(=NC(=[*])Oc1ccc(OC)cc1)(Oc1ccc(OC)cc1)Oc1ccc(OC)cc1)(Oc1ccc(OC)cc1)Oc1ccc(OC)cc1,310.15
[*]=NP(=NP(=NC(=[*])Oc1ccccc1)(Oc1ccccc1)Oc1ccccc1)(Oc1ccccc1)Oc1ccccc1,291.15
[*]=NP(=NP(=NC(=[*])Oc1ccccc1C(F)(F)F)(Oc1ccccc1C(F)(F)F)Oc1ccccc1C(F)(F)F)(Oc1ccccc1C(F)(F)F)Oc1ccccc1C(F)(F)F,253.15
[*]=NP(=NP(=NS(=[*])(=O)Nc1ccccc1)(Nc1ccccc1)Nc1ccccc1)(Nc1ccccc1)Nc1ccccc1,355.15
[*]=NP(=NP(=NS(=[*])Oc1ccc(-c2ccccc2)cc1)(Oc1ccc(-c2ccccc2)cc1)Oc1ccc(-c2ccccc2)cc1)(Oc1ccc(-c2ccccc2)cc1)Oc1ccc(-c2ccccc2)cc1,342.15
[*]=NP(=NP(=NS(=[*])Oc1ccc(C(C)(C)C)cc1)(Oc1ccc(-c2ccccc2)cc1)Oc1ccc(-c2ccccc2)cc1)(Oc1ccc(-c2ccccc2)cc1)Oc1ccc(-c2ccccc2)cc1,327.15
[*]=NP(=NS(=O)(=NP(=[*])(NC)NC)NC)(NC)NC,295.15
[*]=NP(=NS(=O)(=NP(=[*])(NCC)NCC)NCC)(NCC)NCC,277.15
[*]=NP(=NS(=O)(=NP(=[*])(NCC=C)NCC=C)NCC=C)(NCC=C)NCC=C,255.15
[*]=NP(=NS(=O)(=NP(=[*])(NCCC)NCCC)NCCC)(NCCC)NCCC,279.15
[*]=NP(=NS(=O)(=NP(=[*])(NCCCC)NCCCC)NCCCC)(NCCCC)NCCCC,257.15
[*]=NP(=NS(=O)(=NP(=[*])(NCCCCCC)NCCCCCC)NCCCCCC)(NCCCCCC)NCCCCCC,255.15
[*]=NP(Cl)(Cl)=NP(Cl)(Cl)=NC(=[*])Cl,252.15
[*]=NP(Cl)(Cl)=NP(Cl)(Cl)=NS(=[*])(=O)F,217.15
[*]=NP(Cl)(Cl)=NP(Cl)(Cl)=NS(=[*])Cl,233.15
[*]=NS(=NP(=NP(=[*])(Cl)Oc1cccc(-c2ccccc2)c1)(Oc1cccc(-c2ccccc2)c1)Oc1cccc(-c2ccccc2)c1)Oc1cccc(-c2ccccc2)c1,305.15
[*]=NS(=NP(Cl)(=NP(=[*])(Cl)Oc1ccccc1-c1ccccc1)Oc1ccccc1-c1ccccc1)Oc1ccccc1-c1ccccc1,352.15
[*]=Nc1ccc(/N=C(\C)c2ccc(Oc3ccc(C(C)(C)c4ccc(Oc5ccc(C(=[*])C)cc5)cc4)cc3)cc2)cc1,434.15
[*]=Nc1ccc(/N=C(\C)c2ccc(Oc3ccc(C(c4ccccc4)(c4ccccc4)c4ccc(Oc5ccc(C(=[*])C)cc5)cc4)cc3)cc2)cc1,451.15
[*]=Nc1ccc(/N=C(\c2ccccc2)c2ccc(C(=[*])c3ccccc3)cc2)cc1,452.15
[*]=Nc1ccc(/N=C(\c2ccccc2)c2ccc(Oc3ccc(-c4ccc(Oc5ccc(C(=[*])c6ccccc6)cc5)cc4)cc3)cc2)cc1,468.15
[*]=Nc1ccc(/N=C(\c2ccccc2)c2ccc(Oc3ccc(C(c4ccccc4)(c4ccccc4)c4ccc(Oc5ccc(C(=[*])c6ccccc6)cc5)cc4)cc3)cc2)cc1,471.15
[*]=Nc1ccc(/N=C(\c2ccccc2)c2ccc(Oc3ccc(Oc4ccc(C(=[*])c5ccccc5)cc4)cc3)cc2)cc1,449.15
[*]=Nc1ccc(/N=C(\c2ccccc2)c2ccc(Oc3ccc4ccc(Oc5ccc(C(=[*])c6ccccc6)cc5)cc4c3)cc2)cc1,444.15
[*]=Nc1ccc(Cc2ccc(NC(=[*])C)cc2)cc1,415.15
[*]=Nc1ccc(Cc2ccc(NC(=[*])CC)cc2)cc1,403.15
[*]=Nc1ccc(Cc2ccc(NC(=[*])CCC)cc2)cc1,383.15
[*]=Nc1ccc(Cc2ccc(NC(=[*])CCCC)cc2)cc1,379.15
[*]=Nc1ccc(Cc2ccc(NC(=[*])c3ccccc3)cc2)cc1,431.15
[*]=Nc1ccc(N=C(C=CC(=[*])c2ccccc2)c2ccccc2)cc1,430.15
[*]=Nc1ccc(Oc2ccc(/N=C(\C)c3ccc(Oc4ccc(C(C)(C)c5ccc(Oc6ccc(C(=[*])C)cc6)cc5)cc4)cc3)cc2)cc1,414.15
[*]=Nc1ccc(Oc2ccc(/N=C(\C)c3ccc(Oc4ccc(C(c5ccccc5)(c5ccccc5)c5ccc(Oc6ccc(C(=[*])C)cc6)cc5)cc4)cc3)cc2)cc1,423.15
[*]=Nc1ccc(Oc2ccc(/N=C(\c3ccccc3)c3ccc(Oc4ccc(C(c5ccccc5)(c5ccccc5)c5ccc(Oc6ccc(C(=[*])c7ccccc7)cc6)cc5)cc4)cc3)cc2)cc1,450.15
[*]=Nc1ccc(Oc2ccc(/N=C(\c3ccccc3)c3ccc(Oc4ccc5ccc(Oc6ccc(C(=[*])c7ccccc7)cc6)cc5c4)cc3)cc2)cc1,438.15
[*]=Nc1ccc(Oc2ccc(C(c3ccc(Oc4ccc(/N=C5/OC(=O)c6ccc(C(=O)c7ccc8c(c7)C(=[*])OC8=O)cc65)cc4)cc3)(C(F)(F)F)C(F)(F)F)cc2)cc1,521.15
[*]=Nc1ccc(Oc2ccc(C(c3ccc(Oc4ccc(N=C5OC(=O)c6cc7c(cc65)C(=[*])OC7=O)cc4)cc3)(C(F)(F)F)C(F)(F)F)cc2)cc1,560.15
[*]=Nc1ccc(Oc2ccc(N=C(c3ccccc3)c3ccc(Oc4ccc(-c5ccc(Oc6ccc(C(=[*])c7ccccc7)cc6)cc5)cc4)cc3)cc2)cc1,447.15
[*]=Nc1ccc(Oc2ccc(N=C(c3ccccc3)c3ccc(Oc4ccc(Oc5ccc(C(=[*])c6ccccc6)cc5)cc4)cc3)cc2)cc1,435.15
[*]=Nc1ccc(Oc2cccc(N=C3OC(=O)c4ccc(C(=O)c5ccc6c(c5)C(=[*])OC6=O)cc43)c2)cc1,526.15
[*]=Nc1cccc(/N=C(/C=C/C(=[*])c2ccccc2)c2ccccc2)c1,451.15
[*]=Nc1cccc(/N=C(\c2ccccc2)c2ccc(C(=[*])c3ccccc3)cc2)c1,452.15
[*]=Nc1cccc(Oc2cccc(Oc3cccc(N=C4OC(=O)c5ccc(C(=O)c6ccc7c(c6)C(=[*])OC7=O)cc54)c3)c2)c1,463.15
[*]=Nc1cccc(S(=O)(=O)c2cccc(/N=C3/OC(=O)c4ccc(Oc5ccc6c(c5)C(=O)OC6=[*])cc43)c2)c1,463.15
[*]C#CC#CC(C)OC(=O)c1ccc(C(=O)OC([*])C)cc1,406.15
[*]C#CC#Cc1cc(C(C)(C)C)cc2c3cc(C(C)(C)C)cc([*])c3n(CCCCCCCCCCCCCCCC)c12,340.15
[*]C#C[Si](C)(C)C#C[Si](C)(C)C#C[Si](C)(C)O[Si](C)(C)C#C[Si](C)(C)C#C[Si](C)(C)C#C[Si]([*])(C)C,260.55
[*]C#C[Si](C)(C)C#C[Si](C)(C)C#C[Si](C)(C)O[Si](C)(C)C#C[Si](C)(C)C#C[Si]([*])(C)C,257.05
[*]C#C[Si](C)(C)C#C[Si](C)(C)O[Si](C)(C)C#C[Si](C)(C)C#C[Si]([*])(C)C,250.15
[*]C#Cc1cc(C(C)(C)C)cc2c3cc(C(C)(C)C)cc([*])c3n(CCCCCCCCCCCCCCCC)c12,353.15
[*]C#Cc1ccc(-c2nnc(-c3ccc(C#Cc4cc(OCCCCCCCC)c([*])cc4OCCCCCCCC)cc3)o2)cc1,403.15
[*]C#Cc1ccc(C#C[Si](C)(C)O[Si](C)(C)O[Si](C)(C)O[Si](C)(C)O[Si](C)(C)O[Si]([*])(C)C)cc1,351.15
[*]C#Cc1ccc(C#C[Si](C)(C)O[Si](C)(C)O[Si](C)(C)O[Si](C)(C)O[Si]([*])(C)C)cc1,357.15
[*]C#Cc1ccc(C#C[Si](C)(C)O[Si](C)(C)O[Si](C)(C)O[Si]([*])(C)C)cc1,369.15
[*]C#Cc1ccc(C#C[Si](C)(C)O[Si](C)(C)O[Si]([*])(C)C)cc1,377.15
[*]C#Cc1ccc(C#C[Si](C)(C)O[Si]([*])(C)C)cc1,399.15
[*]C#Cc1cccc(C#C[SiH]([*])C)c1,345.15
[*]C#Cc1cccc(C#C[Si]([*])(C)C)c1,323.15
[*]C(=C(Cl)Cl)c1ccc(OCOc2ccc([*])cc2)cc1,381.15
[*]C(=C)c1ccc(Oc2ccc(S(=O)(=O)c3ccc(Oc4ccc([*])cc4)cc3)cc2)cc1,440.15
[*]C(=Nc1ccccc1)c1ccc(-c2ccc([*])cc2)cc1,498.15
[*]C(=Nc1ccccc1)c1ccc(Oc2ccc(Oc3cccc(Oc4ccc(Oc5ccc([*])cc5)cc4)n3)cc2)cc1,408.15
[*]C(=O)C(F)(F)C(F)(F)C(F)(F)C(=O)N(CCCCCCN([*])CC(F)(F)C(F)(F)C(F)(F)C(F)(F)C(F)(F)C(F)(F)C(F)(F)F)CC(F)(F)C(F)(F)C(F)(F)C(F)(F)C(F)(F)C(F)(F)C(F)(F)F,460.65
[*]C(=O)C(F)(F)C(F)(F)C(F)(F)C(=O)N(CCCCCCN([*])CC(F)(F)C(F)(F)F)CC(F)(F)C(F)(F)F,447.15
[*]C(=O)C(F)(OC(F)(F)C(F)(F)S(=O)(=O)N([*])[Li])C(F)(F)F,340.15
[*]C(=O)CCCCCCCCC(=O)N1CC(C)N([*])CC1C,212.65
[*]C(=O)N(C(=O)c1ccc(OCCCCCCOc2ccc([*])cc2)cc1)c1ccc(Oc2ccccc2)cc1,351.15
[*]C(=O)N(C(=O)c1ccc(OCCCCCCOc2ccc([*])cc2)cc1)c1cccc2ccccc12,329.15
[*]C(=O)N(C(=O)c1ccc(OCCCCCCOc2ccc([*])cc2)cc1)c1ccccc1,373.15
[*]C(=O)N(C(=O)c1ccc([*])cc1)c1ccccc1,452.15
[*]C(=O)N(C(=O)c1ccc([*])cc1Sc1ccccc1)c1ccccc1,425.15
[*]C(=O)N(C(=O)c1cccc([*])c1)c1ccccc1,421.15
[*]C(=O)N1CCN(C(=O)c2cccc([*])c2)CC1,487.65
[*]C(=O)N1CCN(C(=O)c2ccccc2-c2ccccc2[*])CC1,466.15
[*]C(=O)NC(=O)Oc1ccc(C(C)(C)c2ccc(OC(=O)NC(=O)c3cc([*])cc(C(C)(C)C)c3)cc2)cc1,396.65
[*]C(=O)NC(=O)Oc1ccc(Oc2ccc(OC(=O)NC(=O)c3cc([*])cc(C(C)(C)C)c3)cc2)cc1,387.65
[*]C(=O)NC1CC(C)(C)CC(C)(CNC(=O)c2cc([*])cc(NC(=O)C(C(C)CC)N3C(=O)c4ccccc4C3=O)c2)C1,401.15
[*]C(=O)NCC(C)(C)CNC(=O)c1c([*])ncn1C,425.15
[*]C(=O)NCC1CCC(CNC(=O)c2cc([*])cc(C(C)(C)C)c2)CC1,509.15
[*]C(=O)NCC1CCCC(CNC(=O)c2cc([*])cc(C(C)(C)C)c2)C1,473.15
[*]C(=O)NCCCCCCCCCCCCNC(=O)C(OC)C([*])OC,357.15
[*]C(=O)NCCCCCCCCCNC(=O)C(OC)C([*])OC,357.15
[*]C(=O)NCCCCCCCCNC(=O)C(OC)C([*])OC,362.15
[*]C(=O)NCCCCCCCNC(=O)C(OC)C([*])OC,360.15
[*]C(=O)NCCCCCCNC(=O)C(OC)C([*])OC,379.15
[*]C(=O)NCCCCCCNC(=O)c1c([*])ncn1C,359.15
[*]C(=O)NCCCCCCNC(=O)c1cc([*])cc(C(C)(C)C)c1,436.15
[*]C(=O)NCCCCCCNC(=O)c1cc([*])cc(NC(=O)C(C(C)CC)N2C(=O)c3ccccc3C2=O)c1,408.15
[*]C(=O)NCCCCCCNC(=O)c1cc([*])cc(NC(=O)c2ccc(NC(=O)C(CC(C)C)N3C(=O)c4ccccc4C3=O)cc2)c1,473.15
[*]C(=O)NCCCCCNC(=O)C(OC)C([*])OC,386.15
[*]C(=O)NCCCCNC(=O)C(OC)C([*])OC,373.15
[*]C(=O)NCCCNC(=O)C(OC)C([*])OC,396.15
[*]C(=O)NCCNC(=O)c1c([*])ncn1C,462.15
[*]C(=O)NCc1ccc(CNC(=O)c2cc([*])cc(C(C)(C)C)c2)cc1,477.15
[*]C(=O)NCc1cccc(CNC(=O)c2cc([*])cc(C(C)(C)C)c2)c1,465.15
[*]C(=O)NNC(=O)c1ccc([*])cc1OCC,513.15
[*]C(=O)NNC(=O)c1ccc([*])cc1OCCCCC,507.15
[*]C(=O)NNC(=O)c1ccc([*])cc1OCCCCCCCC,476.65
[*]C(=O)NNC(=O)c1ccc([*])cc1OCCCCCCCCCC,466.15
[*]C(=O)Nc1c(C)cc(-c2cc(C)c(NC(=O)c3ccc(C)c(N4C(=O)c5ccc(C(c6ccc7c(c6)C(=O)N(c6cc([*])ccc6C)C7=O)(C(F)(F)F)C(F)(F)F)cc5C4=O)c3)c(C)c2)cc1C,523.15
[*]C(=O)Nc1cc(NC(=O)c2cc([*])cc(OCCCS(=O)(=O)c3ccc(/N=N/c4ccc(N(C)C)cc4)cc3)c2)cc(C(=O)OCCCN(C)c2ccc(/N=N/c3ccc(S(C)(=O)=O)cc3)cc2)c1,439.15
[*]C(=O)Nc1ccc(-c2ccc(NC(=O)N3CC(C)N([*])CC3C)cc2)cc1,523.15
[*]C(=O)Nc1ccc(-c2ccc(NC(=O)c3cc([*])cc(NC(=O)c4ccc(NC(=O)C(C)N5C(=O)c6ccccc6C5=O)cc4)c3)cc2)cc1,475.15
[*]C(=O)Nc1ccc(-c2ccc(NC(=O)c3cc([*])cc(NC(=O)c4ccncc4)c3)cc2)cc1,612.15
[*]C(=O)Nc1ccc(-c2ccc(Oc3ccc(C(C)(C)c4ccc(Oc5ccc(-c6ccc(NC(=O)c7cc([*])cc(C(C)(C)C)c7)cc6)cc5C(F)(F)F)cc4)cc3)c(C(F)(F)F)c2)cc1,521.65
[*]C(=O)Nc1ccc(-c2ccc(Oc3ccc(C(c4ccc(Oc5ccc(-c6ccc(NC(=O)c7cc([*])cc(C(C)(C)C)c7)cc6)cc5C(F)(F)F)cc4)(C(F)(F)F)C(F)(F)F)cc3)c(C(F)(F)F)c2)cc1,524.65
[*]C(=O)Nc1ccc(-c2ccc(Oc3ccc(C4(c5ccc(Oc6ccc(-c7ccc(NC(=O)c8cc([*])cc(C(C)(C)C)c8)cc7)cc6C(F)(F)F)cc5)c5ccccc5-c5ccccc54)cc3)c(C(F)(F)F)c2)cc1,551.15
[*]C(=O)Nc1ccc(-c2nnc(-c3ccc(NC(=O)c4cc([*])cc(NC(=O)c5ccc(OC(C)=O)cc5)c4)cc3)o2)cc1,553.15
[*]C(=O)Nc1ccc(C(=O)c2ccc(NC(=O)c3cc([*])cc(C(C)(C)C)c3)cc2)cc1,544.15
[*]C(=O)Nc1ccc(C(c2ccc(NC(=O)c3cc([*])cc(C(C)(C)C)c3)cc2)(C(F)(F)F)C(F)(F)F)cc1,557.25
[*]C(=O)Nc1ccc(C(c2ccc(NC(=O)c3cc([*])cc(C(C)(C)C)c3)cc2)(P2(=O)Oc3ccccc3-c3ccccc32)P2(=O)Oc3ccccc3-c3ccccc32)cc1,508.15
[*]C(=O)Nc1ccc(C(c2ccc(NC(=O)c3cc([*])cc(NC(=O)CCCCCN4C(=O)c5ccccc5C4=O)c3)cc2)(C(F)(F)F)C(F)(F)F)cc1,498.15
[*]C(=O)Nc1ccc(C(c2ccc(NC(=O)c3cc([*])cc(NC(=O)CCCN4C(=O)c5ccccc5C4=O)c3)cc2)(C(F)(F)F)C(F)(F)F)cc1,513.15
[*]C(=O)Nc1ccc(C(c2ccc(NC(=O)c3ccc(C)c(N4C(=O)c5ccc(C(c6ccc7c(c6)C(=O)N(c6cc([*])ccc6C)C7=O)(C(F)(F)F)C(F)(F)F)cc5C4=O)c3)cc2)(C(F)(F)F)C(F)(F)F)cc1,566.65
[*]C(=O)Nc1ccc(C(c2ccc(NC(=O)c3ccc(N4C(=O)c5ccc(C(c6ccc7c(c6)C(=O)N(c6ccc([*])cc6C)C7=O)(C(F)(F)F)C(F)(F)F)cc5C4=O)c(C)c3)cc2)(C(F)(F)F)C(F)(F)F)cc1,617.15
[*]C(=O)Nc1ccc(C(c2ccc(NC(=O)c3ccc4c(c3)C(=O)N(c3ccc([*])c(C)c3)C4=O)cc2)(C(F)(F)F)C(F)(F)F)cc1,628.15
[*]C(=O)Nc1ccc(C(c2ccc(NC(=O)c3cccc(N4C(=O)c5ccc(C(c6ccc7c(c6)C(=O)N(c6cccc([*])c6C)C7=O)(C(F)(F)F)C(F)(F)F)cc5C4=O)c3C)cc2)(C(F)(F)F)C(F)(F)F)cc1,523.15
[*]C(=O)Nc1ccc(C)c(NC(=O)c2cc([*])cc(NC(=O)C(C(C)CC)N3C(=O)c4ccccc4C3=O)c2)c1,439.15
[*]C(=O)Nc1ccc(C2(c3ccc(NC(=O)c4cc([*])cc(C(C)(C)C)c4)cc3)c3ccccc3-c3ccccc32)cc1,557.15
[*]C(=O)Nc1ccc(Cc2ccc(NC(=O)c3cc([*])cc(NC(=O)C(C(C)CC)N4C(=O)c5ccccc5C4=O)c3)cc2)cc1,468.15
[*]C(=O)Nc1ccc(Cc2ccc(NC(=O)c3cc([*])cc(NC(=O)CCCCCCCCCCN4C(=O)c5ccccc5C4=O)c3)cc2)cc1,423.15
[*]C(=O)Nc1ccc(Cc2ccc(NC(=O)c3cc([*])cc(NC(=O)CCCCCN4C(=O)c5ccccc5C4=O)c3)cc2)cc1,468.15
[*]C(=O)Nc1ccc(Cc2ccc(NC(=O)c3cc([*])cc(NC(=O)CCCN4C(=O)c5ccccc5C4=O)c3)cc2)cc1,493.15
[*]C(=O)Nc1ccc(Cc2ccc(NC(=O)c3cc([*])cc(NC(=O)CCN4C(=O)c5ccccc5C4=O)c3)cc2)cc1,508.15
[*]C(=O)Nc1ccc(Cc2ccc(NC(=O)c3cc([*])cc(NC(=O)c4ccc(NC(=O)C(CC(C)C)N5C(=O)c6ccccc6C5=O)cc4)c3)cc2)cc1,511.15
[*]C(=O)Nc1ccc(Cc2ccc(NC(=O)c3cc([*])cc(NC(=O)c4ccccc4)c3)cc2)cc1,558.15
[*]C(=O)Nc1ccc(Cc2ccc(NC(=O)c3cc([*])cc(NC(=O)c4ccncc4)c3)cc2)cc1,575.15
[*]C(=O)Nc1ccc(NC(=O)c2cc(-c3ccc(C(=O)O)c([*])c3)ccc2C(=O)O)cc1,521.55
[*]C(=O)Nc1ccc(NC(=O)c2cc(-c3ccc(C(=O)OC)c([*])c3)ccc2C(=O)OC)cc1,507.35
[*]C(=O)Nc1ccc(NC(=O)c2cc(-c3ccc(C(=O)OCC)c([*])c3)ccc2C(=O)OCC)cc1,504.85
[*]C(=O)Nc1ccc(NC(=O)c2cc([*])c(C(=O)O)cc2C(=O)O)cc1,556.55
[*]C(=O)Nc1ccc(NC(=O)c2cc([*])cc(NC(=O)c3ccccc3)c2)cc1,594.15
[*]C(=O)Nc1ccc(NC(=O)c2cc([*])cc(NC(=O)c3ccncc3)c2)cc1,600.15
[*]C(=O)Nc1ccc(OCCCCCCOc2ccc(NC(=O)c3cc([*])cc(C(C)(C)C)c3)cc2)cc1,439.15
[*]C(=O)Nc1ccc(Oc2ccc(-c3ccc(Oc4ccc(NC(=O)c5cc([*])cc(NC(=O)c6ccc(OC(C)=O)cc6)c5)cc4)cc3)cc2)cc1,525.15
[*]C(=O)Nc1ccc(Oc2ccc(-c3nnc(-c4ccc(Oc5ccc(NC(=O)c6cc([*])cc(NC(=O)c7ccc(OC(C)=O)cc7)c6)cc5)cc4)o3)cc2)cc1,543.15
[*]C(=O)Nc1ccc(Oc2ccc(C(C)(C)c3ccc(Oc4ccc(NC(=O)c5cc([*])cc(C(C)(C)C)c5)cc4)cc3)cc2)cc1,517.15
[*]C(=O)Nc1ccc(Oc2ccc(C(C)(C)c3ccc(Oc4ccc(NC(=O)c5cc([*])cc(NC(=O)c6ccc(OC(C)=O)cc6)c5)cc4)cc3)cc2)cc1,516.15
[*]C(=O)Nc1ccc(Oc2ccc(C(c3ccc(Oc4ccc(NC(=O)c5cc(C(c6ccc(C(=O)O)c([*])c6)(C(F)(F)F)C(F)(F)F)ccc5C(=O)O)cc4)cc3)(C(F)(F)F)C(F)(F)F)cc2)cc1,533.15
[*]C(=O)Nc1ccc(Oc2ccc(C(c3ccc(Oc4ccc(NC(=O)c5cc([*])cc(C(C)(C)C)c5)cc4)cc3)(C(F)(F)F)C(F)(F)F)cc2)cc1,528.65
[*]C(=O)Nc1ccc(Oc2ccc(C3(c4ccc(Oc5ccc(NC(=O)c6cc([*])cc(C(C)(C)C)c6)cc5)cc4)CC4CCC3C4)cc2)cc1,545.15
[*]C(=O)Nc1ccc(Oc2ccc(NC(=O)NC3CC(C)(C)CC(C)(CNC(=O)Nc4ccc(Oc5ccc(NC(=O)C(CC(C)C)n6c(=O)c7cc8c(=O)n(C([*])CC(C)C)c(=O)c8cc7c6=O)cc5)cc4)C3)cc2)cc1,420.65
[*]C(=O)Nc1ccc(Oc2ccc(NC(=O)Nc3ccc(Cc4ccc(NC(=O)Nc5ccc(Oc6ccc(NC(=O)C(CC(C)C)n7c(=O)c8cc9c(=O)n(C([*])CC(C)C)c(=O)c9cc8c7=O)cc6)cc5)cc4)cc3)cc2)cc1,454.55
[*]C(=O)Nc1ccc(Oc2ccc(NC(=O)c3cc([*])c(C(=O)O)cc3C(=O)O)cc2)cc1,480.55
[*]C(=O)Nc1ccc(Oc2ccc(NC(=O)c3cc([*])c(C(=O)OCC)cc3C(=O)OCC)cc2)cc1,481.2
[*]C(=O)Nc1ccc(Oc2ccc(NC(=O)c3cc([*])cc(C(C)(C)C)c3)cc2)cc1,541.15
[*]C(=O)Nc1ccc(Oc2ccc(NC(=O)c3cc([*])cc(NC(=O)CCCCCCCCCCN4C(=O)c5ccccc5C4=O)c3)cc2)cc1,433.15
[*]C(=O)Nc1ccc(Oc2ccc(NC(=O)c3cc([*])cc(NC(=O)CCCCCN4C(=O)c5ccccc5C4=O)c3)cc2)cc1,473.15
[*]C(=O)Nc1ccc(Oc2ccc(NC(=O)c3cc([*])cc(NC(=O)CCCN4C(=O)c5ccccc5C4=O)c3)cc2)cc1,498.15
[*]C(=O)Nc1ccc(Oc2ccc(NC(=O)c3cc([*])cc(NC(=O)CCN4C(=O)c5ccccc5C4=O)c3)cc2)cc1,513.15
[*]C(=O)Nc1ccc(Oc2ccc(NC(=O)c3cc([*])cc(NC(=O)c4ccc(OC(C)=O)cc4)c3)cc2)cc1,546.15
[*]C(=O)Nc1ccc(Oc2ccc(NC(=O)c3cc([*])cc(NC(=O)c4ccccc4)c3)cc2)cc1,567.65
[*]C(=O)Nc1ccc(Oc2ccc(NC(=O)c3cc([*])cc(NC(=O)c4ccncc4)c3)cc2)cc1,578.15
[*]C(=O)Nc1ccc(Oc2ccc(Oc3ccc(NC(=O)c4cc([*])cc(C(C)(C)C)c4)cc3)cc2)cc1,468.65
[*]C(=O)Nc1ccc(Oc2ccc(Oc3ccc(NC(=O)c4cc([*])cc(NC(=O)c5ccc(OC(C)=O)cc5)c4)cc3)cc2)cc1,524.15
[*]C(=O)Nc1ccc(Oc2ccc(Oc3ccc(Oc4ccc(NC(=O)c5cc([*])cc(C(C)(C)C)c5)cc4)cc3)cc2)cc1,503.15
[*]C(=O)Nc1ccc(Oc2ccc(S(=O)(=O)c3ccc(Oc4ccc(NC(=O)c5cc([*])cc(C(C)(C)C)c5)cc4)cc3)cc2)cc1,505.65
[*]C(=O)Nc1ccc(Oc2ccc(S(=O)(=O)c3ccc(Oc4ccc(NC(=O)c5cc([*])cc(NC(=O)c6ccc(OC(C)=O)cc6)c5)cc4)cc3)cc2)cc1,536.15
[*]C(=O)Nc1ccc(Oc2ccc(S(=O)(=O)c3ccc(Oc4ccc(NC(=O)c5cc([*])cc(NC(=O)c6ccncc6)c5)cc4)cc3)cc2)cc1,556.15
[*]C(=O)Nc1ccc(Oc2ccc3cccc(Oc4ccc(NC(=O)c5cc([*])cc(C(C)(C)C)c5)cc4)c3c2)cc1,536.15
[*]C(=O)Nc1ccc(Oc2cccc(NC(=O)c3cc([*])cc(NC(=O)c4ccc(OC(C)=O)cc4)c3)c2)cc1,524.15
[*]C(=O)Nc1ccc(Oc2cccc(Oc3ccc(NC(=O)c4cc([*])cc(NC(=O)c5ccc(OC(C)=O)cc5)c4)cc3)c2)cc1,503.15
[*]C(=O)Nc1ccc(S(=O)(=O)c2ccc(NC(=O)c3cc([*])cc(NC(=O)c4ccc(NC(=O)C(C)N5C(=O)c6ccccc6C5=O)cc4)c3)cc2)cc1,481.15
[*]C(=O)Nc1cccc(NC(=O)c2cc([*])cc(NC(=O)C(CCSC)N3C(=O)c4ccccc4C3=O)c2)c1,469.15
[*]C(=O)Nc1cccc(NC(=O)c2cc([*])cc(NC(=O)c3ccccc3)c2)c1,573.15
[*]C(=O)Nc1cccc(NC(=O)c2cc([*])cc(NC(=O)c3ccncc3)c2)c1,594.15
[*]C(=O)Nc1cccc(Oc2ccc(-c3nnc(-c4ccc(Oc5cccc(NC(=O)c6cc([*])cc(NC(=O)c7ccc(OC(C)=O)cc7)c6)c5)cc4)o3)cc2)c1,543.15
[*]C(=O)Nc1cccc(Oc2cccc(Oc3cccc(NC(=O)c4cc(Oc5ccc(C(=O)O)c([*])c5)ccc4C(=O)O)c3)c2)c1,449.55
[*]C(=O)Nc1cccc2c(NC(=O)c3cc([*])cc(NC(=O)C(CCSC)N4C(=O)c5ccccc5C4=O)c3)cccc12,471.15
[*]C(=O)Nc1cccc2c(NC(=O)c3ccc(C)c(N4C(=O)c5ccc(C(c6ccc7c(c6)C(=O)N(c6cc([*])ccc6C)C7=O)(C(F)(F)F)C(F)(F)F)cc5C4=O)c3)cccc12,523.15
[*]C(=O)OCC(C)(C)CS(=O)(=O)CC(C)(C)COC(=O)N1CC(C)N([*])CC1C,358.15
[*]C(=O)OCC(COc1ccc(/N=N/c2ccc(C#N)cc2)cc1)OC(=O)c1cc(C)ccc1[*],397.15
[*]C(=O)OCC(COc1ccc(/N=N/c2ccc(C#N)cc2)cc1)OC(=O)c1cc([*])cc(C(C)(C)C)c1,410.15
[*]C(=O)OCC(COc1ccc(/N=N/c2ccc(C#N)cc2)cc1)OC(=O)c1ccc([*])cc1OC,393.15
[*]C(=O)OCC(F)(F)C(F)(F)C(F)(F)COC(=O)c1cc([*])cc(OCCCCC)c1,243.15
[*]C(=O)OCC(F)(F)C(F)(F)C(F)(F)COC(=O)c1ccc(OCCCCC)c([*])c1,282.15
[*]C(=O)OCC(F)(F)C(F)(F)C(F)(F)COC(=O)c1cccc([*])c1OCCCCC,290.15
[*]C(=O)OCC(F)(F)OC(F)(F)COC(=O)c1cc([*])cc(OCCCCC)c1,287.15
[*]C(=O)OCCCCCCCCCCCOc1ccc(-c2ccc(OCCCCCCCCCCCOC(=O)c3cc([*])cc(OCCCCCCCCCCOc4ccc(/N=N/c5ccc(OC)cc5)cc4)c3)cc2)cc1,326.15
[*]C(=O)OCCCCCCCCCCCOc1ccc(-c2ccc(OCCCCCCCCCCCOC(=O)c3cc([*])cc(OCCCCCCCCOc4ccc(/N=N/c5ccc(OC)cc5)cc4)c3)cc2)cc1,333.15
[*]C(=O)OCCCCCCN1C(=O)c2ccc(-c3ccc(-c4ccc5c(c4)C(=O)N(CCCCCCOC(=O)c4cc([*])cc(OCCCCCCOc6ccc(/N=N/c7ccc(C#N)cc7)cc6)c4)C5=O)cc3)cc2C1=O,340.15
[*]C(=O)OCCCCCCN1C(=O)c2ccc(-c3ccc4c(c3)C(=O)N(CCCCCCOC(=O)c3cc([*])cc(OCCCCCCOc5ccc(/N=N/c6ccc(C#N)cc6)cc5)c3)C4=O)cc2C1=O,366.15
[*]C(=O)OCCCCCCN1C(=O)c2ccc(Oc3ccc4c(c3)C(=O)N(CCCCCCOC(=O)c3cc([*])cc(OCCCCCCOc5ccc(/N=N/c6ccc(C#N)cc6)cc5)c3)C4=O)cc2C1=O,334.15
[*]C(=O)OCCCCCCOc1ccc(-n2on2-c2ccc(OCCCCCCOC(=O)C([*])CCCCCCCCCCP(=O)(OCC)OCC)cc2)cc1,282.15
[*]C(=O)OCCCCCCOc1ccc(-n2on2-c2ccc(OCCCCCCOC(=O)C([*])CCCCCCP(=O)(OCC)OCC)cc2)cc1,282.15
[*]C(=O)OCCCCCCOc1ccc(-n2on2-c2ccc(OCCCCCCOC(=O)C([*])CCCCCP(=O)(OCC)OCC)cc2)cc1,280.15
[*]C(=O)OCCCCCCOc1ccc(-n2on2-c2ccc(OCCCCCCOC(=O)C([*])CCCCP(=O)(OCC)OCC)cc2)cc1,277.15
[*]C(=O)OCCCCCCn1c(=O)c2cc3c(=O)n(CCCCCCOC(=O)c4cc([*])cc(OCCCCCCOc5ccc(/N=N/c6ccc(C#N)cc6)cc5)c4)c(=O)c3cc2c1=O,319.15
[*]C(=O)OCCN(CCOC(=O)c1cc([*])cc(OCCN(C)c2ccc(S(=O)(=O)C(F)(F)C(F)(F)C(F)(F)C(F)(F)C(F)(F)C(F)(F)C(F)(F)C(F)(F)F)cc2)c1)c1ccc(S(=O)(=O)C(F)(F)C(F)(F)C(F)(F)C(F)(F)C(F)(F)C(F)(F)C(F)(F)C(F)(F)F)cc1,356.15
[*]C(=O)OCCN(CCOC(=O)c1cc([*])cc(OCCN(C)c2ccc(S(=O)(=O)CCCCCCCC)cc2)c1)c1ccc(S(=O)(=O)C(F)(F)C(F)(F)C(F)(F)C(F)(F)C(F)(F)C(F)(F)C(F)(F)C(F)(F)F)cc1,353.15
[*]C(=O)OCCN(CCOC(=O)c1cc([*])cc(OCc2c(F)c(F)c(OC)c(F)c2F)c1)c1ccc(/C=C/c2ccc(/C=C/C3=C(C#N)C(=C(C#N)C#N)OC3(c3ccccc3)C(F)(F)F)s2)cc1,413.15
[*]C(=O)OCCN(CCOC(=O)c1ccc([*])cc1OCCC)c1ccc(-c2nc3ccc([N+](=O)[O-])cc3o2)cc1,392.15
[*]C(=O)OCCN(CCOC(=O)c1ccc([*])cc1OCCC)c1ccc(/N=N/c2ccc(-c3nc4cc([N+](=O)[O-])ccc4[nH]3)cc2)cc1,425.15
[*]C(=O)OCCN(CCOC(=O)c1ccc([*])cc1OCCC)c1ccc(/N=N/c2ccc(-c3nc4ccccc4o3)cc2)cc1,390.15
[*]C(=O)OCCN(CCOC(=O)c1ccc([*])cc1OCCC)c1ccc(/N=N/c2nc(C#N)c(C#N)[nH]2)cc1,425.15
[*]C(=O)OCCN(CCOC(=O)c1ccc([*])cc1OCCC)c1ccc(C=C(C#N)C#N)cc1,367.15
[*]C(=O)OCCN(CCOC(=O)c1ccc([*])cc1OCCCCC)c1ccc(/N=N/c2nc(C#N)c(C#N)[nH]2)cc1,404.15
[*]C(=O)OCCOC(=O)c1cc([*])cc(C(C)(C)C)c1,367.15
[*]C(=O)OCCOC(=O)c1ccc(-c2ccc([*])cc2C)c(C)c1,346.15
[*]C(=O)OCCOCCOC(=O)C([*])C,244.15
[*]C(=O)OCCOCCOC(=O)C([*])CCC,235.15
[*]C(=O)OCCOCCOC(=O)C([*])CCCCC,226.15
[*]C(=O)OCCOCCOC(=O)C([*])CCCCCCC,215.15
[*]C(=O)OCCOCCOC(=O)C([*])CCCCCCCCC,214.15
[*]C(=O)OCCOCCOCCOCCOCCOCCOC(=O)c1cc([*])cc(OCCCCCCOc2ccc(-c3ccc(OC)cc3)cc2)c1,285.65
[*]C(=O)Oc1cc(OCCOC)c(OC(=O)c2ccc([*])cc2OCCOCC)cc1OCCOC,372.15
[*]C(=O)Oc1ccc(-c2ccc(OC(=O)c3cc(OCCCCCC)c([*])cc3OCCCCCC)cc2)cc1,386.15
[*]C(=O)Oc1ccc(-c2ccc(OC(=O)c3cc([*])cc(CCCCC)c3)cc2)cc1,411.15
[*]C(=O)Oc1ccc(C(c2ccc(OC(=O)c3ccc(C)c(N4C(=O)c5ccc(C(c6ccc7c(c6)C(=O)N(c6cc([*])ccc6C)C7=O)(C(F)(F)F)C(F)(F)F)cc5C4=O)c3)cc2)(C(F)(F)F)C(F)(F)F)cc1,562.15
[*]C(=O)Oc1ccc(C2(c3ccc(OC(=O)c4cc([*])cc(C(C)(C)C)c4)cc3)OC(=O)c3ccccc32)cc1,552.15
[*]C(=O)Oc1ccc(Cc2ccc(OC(=O)c3cc([*])cc(OCCCCC)c3)cc2)cc1,383.15
[*]C(=O)Oc1ccc(OC(=O)c2cc(OCCCCCCCCCCCC)c([*])cc2OCCCCCCCCCCCC)cc1-c1ccccc1,369.15
[*]C(=O)Oc1ccc(OC(=O)c2cc(OCCCCCCCCCCCC)c([*])cc2OCCCCCCCCCCCC)cc1C,385.15
[*]C(=O)Oc1ccc(OC(=O)c2ccc([*])cc2Oc2ccc(C(C)(C)c3ccccc3)cc2)cc1,366.15
[*]C(=O)Oc1ccc(OC(=O)c2ccc([*])cc2Sc2ccc(C)cc2)cc1,407.15
[*]C(=O)Oc1ccc(OCCCCOc2ccc(OC(=O)c3ccc([*])cc3C(=O)OCC=C)cc2)cc1,329.15
[*]C(=O)Oc1ccc(OCCOc2ccc(OC(=O)c3ccc([*])cc3OCCCCC)cc2)cc1,368.15
[*]C(=O)Oc1ccc(Oc2ccc(OC(=O)c3cc([*])cc(OCCCCC)c3)cc2)cc1,399.15
[*]C(=O)Oc1ccc(S(=O)(=O)c2ccc(OC(=O)c3cc([*])cc(CCCCC)c3)cc2)cc1,443.15
[*]C(=O)Oc1ccc([*])cc1CCCCC,323.15
[*]C(=O)Oc1cccc(OC(=O)c2cc([*])cc(OCCCCC)c2)c1,369.15
[*]C(=O)Oc1ccccc1C(=O)OC(=O)c1ccccc1OC(=O)C(C)C([*])C,318.15
[*]C(=O)Oc1ccccc1C(=O)OC(=O)c1ccccc1OC(=O)C(CC)C([*])CC,296.15
[*]C(=O)c1c(C(=O)c2ccc(Oc3ccc(-c4ccc(Oc5ccc([*])cc5)cc4)cc3)cc2)c(-c2ccc(F)cc2)c(-c2ccc(F)cc2)c(-c2ccc(F)cc2)c1-c1ccc(F)cc1,548.15
[*]C(=O)c1c(C(=O)c2ccc(Oc3ccc(-c4ccc(Oc5ccc([*])cc5)cc4)cc3)cc2)c(-c2ccccc2)c(-c2ccc3ccccc3c2)c(-c2ccc3ccccc3c2)c1-c1ccccc1,563.15
[*]C(=O)c1c(C(=O)c2ccc(Oc3ccc(C(c4ccc(Oc5ccc([*])cc5)cc4)(C(F)(F)F)C(F)(F)F)cc3)cc2)c(-c2ccc(F)cc2)c(-c2ccc(F)cc2)c(-c2ccc(F)cc2)c1-c1ccc(F)cc1,526.15
[*]C(=O)c1c(C(=O)c2ccc(Oc3ccc(C(c4ccc(Oc5ccc([*])cc5)cc4)(C(F)(F)F)C(F)(F)F)cc3)cc2)c(-c2ccccc2)c(-c2ccc3ccccc3c2)c(-c2ccc3ccccc3c2)c1-c1ccccc1,548.15
[*]C(=O)c1c(C(=O)c2ccc(Oc3ccc(C4(c5ccc(Oc6ccc([*])cc6)cc5)c5ccccc5-c5ccccc54)cc3)cc2)c(-c2ccc(F)cc2)c(-c2ccc(F)cc2)c(-c2ccc(F)cc2)c1-c1ccc(F)cc1,566.15
[*]C(=O)c1c(C(=O)c2ccc(Oc3ccc(C4(c5ccc(Oc6ccc([*])cc6)cc5)c5ccccc5-c5ccccc54)cc3)cc2)c(-c2ccccc2)c(-c2ccc3ccccc3c2)c(-c2ccc3ccccc3c2)c1-c1ccccc1,583.15
[*]C(=O)c1c(C(=O)c2ccc(Oc3ccc(Oc4ccc([*])cc4)cc3)cc2)c(-c2ccc(F)cc2)c(-c2ccc(F)cc2)c(-c2ccc(F)cc2)c1-c1ccc(F)cc1,539.15
[*]C(=O)c1c(F)c(F)c(Oc2ccc(C(c3ccc(Oc4c(F)c(F)c([*])c(F)c4F)cc3)(C(F)(F)F)C(F)(F)F)cc2)c(F)c1F,422.15
[*]C(=O)c1c(F)c(F)c(Oc2ccc(C3(c4ccc(Oc5c(F)c(F)c([*])c(F)c5F)cc4)c4ccccc4-c4ccccc43)cc2)c(F)c1F,496.15
[*]C(=O)c1cc(Br)cc(C(=O)c2ccc(Oc3ccc(S(=O)(=O)c4ccc(Oc5ccc([*])cc5)cc4)cc3)cc2)c1,465.15
[*]C(=O)c1cc(C(=O)c2ccc3c(c2)C(=O)N(c2ccc(C(c4ccc(N5C(=O)c6ccc([*])cc6C5=O)cc4)(C(F)(F)F)C(F)(F)F)cc2)C3=O)cc(-c2ccccc2)c1,533.65
[*]C(=O)c1cc(C(=O)c2ccc3c(c2)C(=O)N(c2ccc(Oc4ccc(N5C(=O)c6ccc([*])cc6C5=O)cc4)cc2)C3=O)cc(-c2ccccc2)c1,531.65
[*]C(=O)c1cc(C(=O)c2ccc3c(c2)C(=O)N(c2ccc(Oc4ccc(S(=O)(=O)c5ccc(Oc6ccc(N7C(=O)c8ccc([*])cc8C7=O)cc6)cc5)cc4)cc2)C3=O)cc(-c2ccccc2)c1,529.65
[*]C(=O)c1cc(C(=O)c2ccc3c(c2)C(=O)N(c2cccc(N4C(=O)c5ccc([*])cc5C4=O)c2)C3=O)cc(-c2ccccc2)c1,539.65
[*]C(=O)c1cc(I)cc(C(=O)c2ccc(Oc3ccc(S(=O)(=O)c4ccc(Oc5ccc([*])cc5)cc4)cc3)cc2)c1,476.15
[*]C(=O)c1cc2c(cc1Cl)C(=O)N(c1cc(Cl)c(N3C(=O)c4cc([*])c(Cl)cc4C3=O)cc1Cl)C2=O,640.15
[*]C(=O)c1cc2c(cc1Cl)C(=O)N(c1cc(Cl)cc(N3C(=O)c4cc([*])c(Cl)cc4C3=O)c1)C2=O,584.15
[*]C(=O)c1cc2c(cc1Cl)C(=O)N(c1cc(N3C(=O)c4cc([*])c(Cl)cc4C3=O)cc(C(F)(F)F)c1)C2=O,578.15
[*]C(=O)c1cc2c(cc1Cl)C(=O)N(c1cccc(N3C(=O)c4cc([*])c(Cl)cc4C3=O)c1)C2=O,586.15
[*]C(=O)c1ccc(-c2ccc(C(=O)c3ccc(Oc4ccc(-c5[nH]c(-c6ccccc6)nc5-c5ccc(Oc6ccc([*])cc6)cc5)cc4)cc3)cc2)cc1,531.15
[*]C(=O)c1ccc(-c2ccc(C(=O)c3ccc(Oc4ccc(-c5nc(-c6ccc(-c7nc(-c8ccc(Oc9ccc([*])cc9)cc8)c(-c8ccccc8)[nH]7)cc6)[nH]c5-c5ccccc5)cc4)cc3)cc2)cc1,546.15
[*]C(=O)c1ccc(-c2ccc(C(=O)c3ccc(Oc4ccc(-c5nc(-c6cccc(-c7nc(-c8ccc(Oc9ccc([*])cc9)cc8)c(-c8ccccc8)[nH]7)c6)[nH]c5-c5ccccc5)cc4)cc3)cc2)cc1,549.15
[*]C(=O)c1ccc(-c2ccc(C(=O)c3ccc(Oc4ccc(Oc5ccc([*])cc5)cc4-c4ccccc4)cc3)cc2)cc1,459.15
[*]C(=O)c1ccc(-c2ccc(C(=O)c3ccc(Oc4ccc(S(=O)(=O)c5ccc(Oc6ccc([*])cc6)cc5)cc4)cc3)cc2)cc1,480.15
[*]C(=O)c1ccc(-n2c(=O)c3cc4c(=O)n(-c5ccc([*])cc5)c(=O)c4cc3c2=O)cc1,697.15
[*]C(=O)c1ccc(-n2nc(-c3ccc(Oc4ccc(-c5nn(-c6ccc([*])cc6)c(=O)c6ccccc56)cc4)cc3)c3ccccc3c2=O)cc1,574.15
[*]C(=O)c1ccc(-n2nc(-c3ccc(Oc4ccc([*])cc4)c(Br)c3)c3ccccc3c2=O)cc1,527.15
[*]C(=O)c1ccc(-n2nc(-c3ccc(Oc4ccc([*])cc4)cc3)c3ccccc3c2=O)cc1,536.15
[*]C(=O)c1ccc(-n2nc(-c3ccc(Oc4ccc([*])cc4)cc3F)c3ccccc3c2=O)cc1,526.15
[*]C(=O)c1ccc(-n2nc(-c3ccc(Sc4ccc(-c5nn(-c6ccc([*])cc6)c(=O)c6ccccc56)cc4)cc3)c3ccccc3c2=O)cc1,554.15
[*]C(=O)c1ccc(-n2nc(-c3ccccc3)c3cc(Oc4ccc5c(-c6ccccc6)nn(-c6ccc([*])cc6)c(=O)c5c4)ccc3c2=O)cc1,548.65
[*]C(=O)c1ccc(C(=O)N2CC(C)N([*])CC2C)cc1,623.15
[*]C(=O)c1ccc(C(=O)Nc2ccc(NC(=O)c3ccc([*])cc3C(=O)O)cc2)c(C(=O)O)c1,590.15
[*]C(=O)c1ccc(C(=O)Nc2ccc(NC(=O)c3ccc([*])cc3C(=O)OCC)cc2)c(C(=O)OCC)c1,548.15
[*]C(=O)c1ccc(C(=O)O)c(C(=O)Nc2ccc(NC(=O)c3cc([*])ccc3C(=O)O)cc2)c1,486.35
[*]C(=O)c1ccc(C(=O)c2ccc(-n3nc(-c4ccc(Oc5ccc([*])cc5)cc4F)c4ccccc4c3=O)cc2)cc1,560.15
[*]C(=O)c1ccc(C(=O)c2ccc(C(=O)c3ccc(Oc4ccc(-c5[nH]c(-c6ccccc6)nc5-c5ccc(Oc6ccc([*])cc6)cc5)cc4)cc3)cc2)cc1,512.15
[*]C(=O)c1ccc(C(=O)c2ccc(C(=O)c3ccc(Oc4ccc(N5C(=O)c6ccc(C(=O)c7ccc8c(c7)C(=O)N(c7ccc(Oc9ccc([*])cc9)cc7)C8=O)cc6C5=O)cc4)cc3)cc2)cc1,506.15
[*]C(=O)c1ccc(C(=O)c2ccc(Nc3ccc(N=Nc4ccc(Nc5ccc([*])cc5)cc4)cc3)cc2)cc1,476.15
[*]C(=O)c1ccc(C(=O)c2ccc(Nc3ccc(Nc4ccc([*])cc4)cc3)cc2)cc1,476.65
[*]C(=O)c1ccc(C(=O)c2ccc(Nc3ccc(Oc4ccc(Nc5ccc([*])cc5)cc4)cc3)cc2)cc1,488.15
[*]C(=O)c1ccc(C(=O)c2ccc(Oc3ccc(-c4[nH]c(-c5ccccc5)nc4-c4ccc(Oc5ccc([*])cc5)cc4)cc3)cc2)cc1,521.15
[*]C(=O)c1ccc(C(=O)c2ccc(Oc3ccc(-c4cc(-c5ccc(Oc6ccc([*])cc6)cc5)[nH]n4)cc3)cc2)cc1,508.15
[*]C(=O)c1ccc(C(=O)c2ccc(Oc3ccc(-c4cc(-c5ccc(Oc6ccc([*])cc6)cc5)n(-c5ccccc5)n4)cc3)cc2)cc1,478.15
[*]C(=O)c1ccc(C(=O)c2ccc(Oc3ccc(-c4ccc(Oc5ccc([*])cc5)cc4)cc3)cc2)cc1,446.15
[*]C(=O)c1ccc(C(=O)c2ccc(Oc3ccc(-c4nc(-c5ccc(-c6nc(-c7ccc(Oc8ccc([*])cc8)cc7)c(-c7ccccc7)[nH]6)cc5)[nH]c4-c4ccccc4)cc3)cc2)cc1,551.15
[*]C(=O)c1ccc(C(=O)c2ccc(Oc3ccc(-c4nc(-c5cccc(-c6nc(-c7ccc(Oc8ccc([*])cc8)cc7)c(-c7ccccc7)[nH]6)c5)[nH]c4-c4ccccc4)cc3)cc2)cc1,535.15
[*]C(=O)c1ccc(C(=O)c2ccc(Oc3ccc(-c4nc5ccccc5n4-c4ccc(-c5ccc(-n6c(-c7ccc(Oc8ccc([*])cc8)cc7)nc7ccccc76)cc5)cc4)cc3)cc2)cc1,532.15
[*]C(=O)c1ccc(C(=O)c2ccc(Oc3ccc(-c4nc5ccccc5n4-c4ccc(-n5c(-c6ccc(Oc7ccc([*])cc7)cc6)nc6ccccc65)cc4)cc3)cc2)cc1,511.15
[*]C(=O)c1ccc(C(=O)c2ccc(Oc3ccc(C4(c5ccc(Oc6ccc([*])cc6)cc5)c5ccccc5-c5ccccc54)cc3)cc2)cc1,516.15
[*]C(=O)c1ccc(C(=O)c2ccc(Oc3ccc(Cc4ccc(Oc5ccc([*])cc5)cc4)cc3)cc2)cc1,393.15
[*]C(=O)c1ccc(C(=O)c2ccc(Oc3ccc(N4C(=O)c5ccc(-c6ccc7c(c6)C(=O)N(c6ccc(Oc8ccc([*])cc8)cc6)C7=O)cc5C4=O)cc3)cc2)cc1,518.15
[*]C(=O)c1ccc(C(=O)c2ccc(Oc3ccc(N4C(=O)c5ccc(C(=O)c6ccc7c(c6)C(=O)N(c6ccc(Oc8ccc([*])cc8)cc6)C7=O)cc5C4=O)cc3)cc2)cc1,506.15
[*]C(=O)c1ccc(C(=O)c2ccc(Oc3ccc(Oc4ccc([*])cc4)cc3)cc2)c2ccccc12,473.175
[*]C(=O)c1ccc(C(=O)c2ccc(Oc3ccc(Oc4ccc([*])cc4)cc3)cc2)cc1,425.15
[*]C(=O)c1ccc(C(=O)c2ccc(Oc3ccc(Oc4ccc([*])cc4)cc3-c3ccc(Cl)c(C(F)(F)F)c3)cc2)cc1,420.15
[*]C(=O)c1ccc(C(=O)c2ccc(Oc3ccc(Oc4ccc([*])cc4)cc3-c3ccc(S(=O)(=O)O)cc3)cc2)cc1,447.15
[*]C(=O)c1ccc(C(=O)c2ccc(Oc3ccc(Oc4ccc([*])cc4)cc3-c3ccccc3)cc2)cc1,439.15
[*]C(=O)c1ccc(C(=O)c2ccc(Oc3ccc([*])cc3)cc2)cc1,430.15
[*]C(=O)c1ccc(C(=O)c2ccc(Oc3ccc([*])cc3C)c(C(C)C)c2)cc1,422.15
[*]C(=O)c1ccc(C(=O)c2ccc(Oc3cccc(Cc4cccc(Oc5ccc([*])cc5)c4)c3)cc2)cc1,395.15
[*]C(=O)c1ccc(C(c2ccc(C(=O)c3ccc(Oc4ccc(C(c5ccc(Oc6ccc([*])cc6)cc5)(C(F)(F)F)C(F)(F)F)cc4)cc3)cc2)(C(F)(F)F)C(F)(F)F)cc1,458.15
[*]C(=O)c1ccc(C(c2ccc(C(=O)c3ccc(Sc4ccc([*])cc4)cc3)cc2)(C(F)(F)F)C(F)(F)F)cc1,448.15
[*]C(=O)c1ccc(N([*])C)cc1,470.15
[*]C(=O)c1ccc(N([*])CCC)cc1,409.15
[*]C(=O)c1ccc(N([*])CCCC)cc1,397.15
[*]C(=O)c1ccc(N([*])CCCCC)cc1,356.65
[*]C(=O)c1ccc(N([*])CCCCCCC)cc1,319.05
[*]C(=O)c1ccc(N([*])CCCCCCCC)cc1,303.15
[*]C(=O)c1ccc(N2C(=O)c3ccc(C(=O)c4ccc(C(=O)c5ccc6c(c5)C(=O)N(c5ccc(C(=O)c7ccc([*])cc7)cc5)C6=O)cc4)cc3C2=O)cc1,533.15
[*]C(=O)c1ccc(N2C(=O)c3ccc(C(=O)c4ccc5c(c4)C(=O)N(c4ccc(C(=O)c6ccc(Cc7ccc([*])cc7)cc6)cc4)C5=O)cc3C2=O)cc1,558.65
[*]C(=O)c1ccc(N2C(=O)c3ccc(C(=O)c4ccc5c(c4)C(=O)N(c4ccc(C(=O)c6ccc([*])cc6)cc4)C5=O)cc3C2=O)cc1,559.15
[*]C(=O)c1ccc(N2C(=O)c3ccc(C(=O)c4ccc5c(c4)C(=O)N(c4ccc(Cc6ccc([*])cc6)cc4)C5=O)cc3C2=O)cc1,580.15
[*]C(=O)c1ccc(N2C(=O)c3ccc(C(=O)c4ccc5c(c4)C(=O)N(c4ccc(N([*])C)cc4)C5=O)cc3C2=O)cc1,586.15
[*]C(=O)c1ccc(N2C(=O)c3ccc(C(=O)c4ccc5c(c4)C(=O)N(c4cccc(Cc6ccc([*])cc6)c4)C5=O)cc3C2=O)cc1,527.15
[*]C(=O)c1ccc(N2C(=O)c3ccc(Oc4ccc(Oc5ccc6c(c5)C(=O)N(c5ccc([*])cc5)C6=O)cc4)cc3C2=O)cc1,541.15
[*]C(=O)c1ccc(N2C(=O)c3ccc(Oc4ccc5c(c4)C(=O)N(c4ccc([*])cc4)C5=O)cc3C2=O)cc1,547.15
[*]C(=O)c1ccc(NC(=O)c2ccc(C(=O)Nc3c(C)c(C)c([*])c(C)c3C)cc2)cc1,639.15
[*]C(=O)c1ccc(NC(=O)c2ccc(C(=O)Nc3ccc(C(=O)c4c(C)c(C)c([*])c(C)c4C)cc3)cc2)cc1,618.15
[*]C(=O)c1ccc(Nc2ccc(N=Nc3ccc(Nc4ccc([*])cc4)cc3)cc2)cc1,489.57
[*]C(=O)c1ccc(OCC(O)COc2ccc([*])cc2)cc1,403.15
[*]C(=O)c1ccc(OCCCCCCOc2ccc(C(=O)N([*])c3cc(C)cc(C)c3)cc2)cc1,348.15
[*]C(=O)c1ccc(ON2C(=O)c3cccc(-c4ccc(Oc5ccc(N6C(=O)c7cccc(Oc8ccc([*])cc8)c7C6=O)cc5)cc4)c3C2=O)cc1,525.15
[*]C(=O)c1ccc(Oc2c(C)cc([*])cc2C)cc1,473.15
[*]C(=O)c1ccc(Oc2ccc(-c3[nH]c(-c4ccccc4)nc3-c3ccc(Oc4ccc([*])cc4)cc3)cc2)cc1,532.15
[*]C(=O)c1ccc(Oc2ccc(-c3c4c(c(-c5ccc(Oc6ccc([*])cc6)cc5)c5ccccc35)C(=O)N(c3ccc(C(F)(F)F)cc3)C4=O)cc2)cc1,533.15
[*]C(=O)c1ccc(Oc2ccc(-c3c4c(c(-c5ccc(Oc6ccc([*])cc6)cc5)c5ccccc35)C(=O)N(c3ccc(Cl)cc3)C4=O)cc2)cc1,545.15
[*]C(=O)c1ccc(Oc2ccc(-c3c4c(c(-c5ccc(Oc6ccc([*])cc6)cc5)c5ccccc35)C(=O)N(c3ccc(F)cc3)C4=O)cc2)cc1,563.15
[*]C(=O)c1ccc(Oc2ccc(-c3c4c(c(-c5ccc(Oc6ccc([*])cc6)cc5)c5ccccc35)C(=O)N(c3cccc(C(F)(F)F)c3)C4=O)cc2)cc1,525.15
[*]C(=O)c1ccc(Oc2ccc(-c3c4c(c(-c5ccc(Oc6ccc([*])cc6)cc5)c5ccccc35)C(=O)N(c3ccccc3)C4=O)cc2)cc1,546.65
[*]C(=O)c1ccc(Oc2ccc(-c3c4c(c(-c5ccc(Oc6ccc([*])cc6)cc5)c5ccccc35)C(=O)N(c3ccccc3-c3ccccc3)C4=O)cc2)cc1,518.15
[*]C(=O)c1ccc(Oc2ccc(-c3c4c(c(-c5ccc(Oc6ccc([*])cc6)cc5)c5ccccc35)C(=O)N(c3ccccc3C(F)(F)F)C4=O)cc2)cc1,533.15
[*]C(=O)c1ccc(Oc2ccc(-c3c4c(c(-c5ccc(Oc6ccc([*])cc6)cc5)c5ccccc35)C(=O)N(c3ccccc3F)C4=O)cc2)cc1,555.15
[*]C(=O)c1ccc(Oc2ccc(-c3cc(-c4ccc(Oc5ccc(C(=O)c6ccc(Oc7ccc([*])cc7)cc6)cc5)cc4)nn3-c3ccccc3)cc2)cc1,463.15
[*]C(=O)c1ccc(Oc2ccc(-c3cc(-c4ccc(Oc5ccc([*])cc5)cc4)[nH]n3)cc2)cc1,502.15
[*]C(=O)c1ccc(Oc2ccc(-c3cc(-c4ccc(Oc5ccc([*])cc5)cc4)n(-c4ccccc4)n3)cc2)cc1,478.15
[*]C(=O)c1ccc(Oc2ccc(-c3ccc(Oc4ccc(C(=O)c5ccc([*])cc5)cc4C(F)(F)F)cc3)cc2)c(C(F)(F)F)c1,460.15
[*]C(=O)c1ccc(Oc2ccc(-c3ccc(Oc4ccc([*])cc4)cc3)cc2)cc1,440.15
[*]C(=O)c1ccc(Oc2ccc(-c3ccc(Oc4ccc([*])cc4S(=O)(=O)O)cc3)cc2)c(S(=O)(=O)O)c1,498.15
[*]C(=O)c1ccc(Oc2ccc(-c3nc(-c4ccc(-c5nc(-c6ccc(Oc7ccc(C(=O)c8ccc(Oc9ccc([*])cc9)cc8)cc7)cc6)c(-c6ccccc6)[nH]5)cc4)[nH]c3-c3ccccc3)cc2)cc1,518.15
[*]C(=O)c1ccc(Oc2ccc(-c3nc(-c4ccc(-c5nc(-c6ccc(Oc7ccc([*])cc7)cc6)c(-c6ccccc6)[nH]5)cc4)[nH]c3-c3ccccc3)cc2)cc1,549.15
[*]C(=O)c1ccc(Oc2ccc(-c3nc(-c4cccc(-c5nc(-c6ccc(Oc7ccc([*])cc7)cc6)c(-c6ccccc6)[nH]5)c4)[nH]c3-c3ccccc3)cc2)cc1,555.15
[*]C(=O)c1ccc(Oc2ccc(-c3nc(-c4ccccc4)[nH]c3-c3ccc(Oc4ccc(C(=O)c5ccc(Cc6ccc([*])cc6)cc5)cc4)cc3)cc2)cc1,504.15
[*]C(=O)c1ccc(Oc2ccc(-c3nc(-c4ccccc4)[nH]c3-c3ccc(Oc4ccc(C(=O)c5ccc(Oc6ccc([*])cc6)cc5)cc4)cc3)cc2)cc1,503.15
[*]C(=O)c1ccc(Oc2ccc(-c3nc(-c4ccccn4)nnc3-c3ccc(Oc4ccc([*])cc4)cc3)cc2)cc1,496.15
[*]C(=O)c1ccc(Oc2ccc(-c3nc4ccccc4n3-c3ccc(-c4ccc(-n5c(-c6ccc(Oc7ccc(C(=O)c8ccc(Oc9ccc([*])cc9)cc8)cc7)cc6)nc6ccccc65)cc4)cc3)cc2)cc1,516.15
[*]C(=O)c1ccc(Oc2ccc(-c3nc4ccccc4n3-c3ccc(-c4ccc(-n5c(-c6ccc(Oc7ccc([*])cc7)cc6)nc6ccccc65)cc4)cc3)cc2)cc1,541.15
[*]C(=O)c1ccc(Oc2ccc(-c3nc4ccccc4n3-c3ccc(-n4c(-c5ccc(Oc6ccc(C(=O)c7ccc(Oc8ccc([*])cc8)cc7)cc6)cc5)nc5ccccc54)cc3)cc2)cc1,496.15
[*]C(=O)c1ccc(Oc2ccc(-c3nc4ccccc4n3-c3ccc(-n4c(-c5ccc(Oc6ccc([*])cc6)cc5)nc5ccccc54)cc3)cc2)cc1,515.15
[*]C(=O)c1ccc(Oc2ccc(-c3nnc(-c4ccc(Oc5ccc([*])cc5)cc4)c4c(-c5ccc(F)cc5)c(-c5ccc(F)cc5)c(-c5ccc(F)cc5)c(-c5ccc(F)cc5)c34)cc2)cc1,586.15
[*]C(=O)c1ccc(Oc2ccc(-c3nnc(-c4ccc(Oc5ccc([*])cc5)cc4)c4c(-c5ccccc5)c(-c5ccc6ccccc6c5)c(-c5ccc6ccccc6c5)c(-c5ccccc5)c34)cc2)cc1,585.15
[*]C(=O)c1ccc(Oc2ccc(/C=N/N=C/c3ccc(Oc4ccc([*])cc4)cc3)cc2)cc1,452.15
[*]C(=O)c1ccc(Oc2ccc(C(=O)c3c(C(=O)c4ccc(Oc5ccc([*])cc5)cc4)c(-c4ccc(F)cc4)c(-c4ccc(F)cc4)c(-c4ccc(F)cc4)c3-c3ccc(F)cc3)cc2)cc1,533.15
[*]C(=O)c1ccc(Oc2ccc(C(=O)c3c(C(=O)c4ccc(Oc5ccc([*])cc5)cc4)c(-c4ccccc4)c(-c4ccc5ccccc5c4)c(-c4ccc5ccccc5c4)c3-c3ccccc3)cc2)cc1,563.15
[*]C(=O)c1ccc(Oc2ccc(C(=O)c3ccc(C(=O)c4ccc(Oc5ccc([*])cc5)cc4)cc3)cc2)cc1,442.15
[*]C(=O)c1ccc(Oc2ccc(C(=O)c3ccc(Oc4ccc(Cc5ccc(Oc6ccc([*])cc6)cc5)cc4)cc3)cc2)cc1,401.15
[*]C(=O)c1ccc(Oc2ccc(C(=O)c3cccc(C(=O)c4ccc(Oc5ccc([*])cc5)cc4)c3)cc2)cc1,425.15
[*]C(=O)c1ccc(Oc2ccc(C(C)(C)c3ccc(Oc4ccc(C(=O)c5c(C)ccc6c([*])c(C)ccc56)cc4)cc3)cc2)cc1,495.15
[*]C(=O)c1ccc(Oc2ccc(C(c3ccc(Oc4ccc(C(=O)c5cc([*])cc(C(C)(C)C)c5)cc4)cc3)(C(F)(F)F)C(F)(F)F)cc2)cc1,454.15
[*]C(=O)c1ccc(Oc2ccc(C(c3ccc(Oc4ccc(C([*])=O)cc4)cc3)(C(F)(F)F)C(F)(F)F)cc2)cc1,435.15
[*]C(=O)c1ccc(Oc2ccc(C(c3ccc(Oc4ccc([*])cc4)cc3)(C(F)(F)F)C(F)(F)F)cc2)c2ccccc12,463.15
[*]C(=O)c1ccc(Oc2ccc(C(c3ccc(Oc4ccc([*])cc4)cc3)(C(F)(F)F)C(F)(F)F)cc2)cc1,448.15
[*]C(=O)c1ccc(Oc2ccc(C3(c4ccc(Oc5ccc(C(=O)c6ccc(Oc7ccc([*])cc7)cc6)cc5)cc4)c4ccccc4-c4ccccc43)cc2)cc1,504.15
[*]C(=O)c1ccc(Oc2ccc(C3(c4ccc(Oc5ccc(C(=O)c6ccc([*])cc6)cc5C(F)(F)F)cc4)c4ccccc4-c4ccccc43)cc2)c(C(F)(F)F)c1,502.15
[*]C(=O)c1ccc(Oc2ccc(C3(c4ccc(Oc5ccc(C([*])=O)cc5)cc4)c4ccccc4-c4ccccc43)cc2)cc1,515.15
[*]C(=O)c1ccc(Oc2ccc(C3(c4ccc(Oc5ccc([*])cc5)cc4)CCC4CCCCC4C3)cc2)cc1,487.15
[*]C(=O)c1ccc(Oc2ccc(C3(c4ccc(Oc5ccc([*])cc5)cc4)c4ccccc4-c4ccccc43)cc2)c2ccccc12,533.15
[*]C(=O)c1ccc(Oc2ccc(C3(c4ccc(Oc5ccc([*])cc5)cc4)c4ccccc4-c4ccccc43)cc2)cc1,525.15
[*]C(=O)c1ccc(Oc2ccc(C3(c4ccc(Oc5ccc([*])cc5)cc4)c4ccccc4-c4ccccc43)cc2)s1,468.15
[*]C(=O)c1ccc(Oc2ccc(N3C(=O)c4ccc(-c5ccc6c(c5)C(=O)N(c5ccc(Oc7ccc([*])cc7)cc5)C6=O)cc4C3=O)cc2)cc1,526.15
[*]C(=O)c1ccc(Oc2ccc(N3C(=O)c4ccc(C(=O)c5ccc6c(c5)C(=O)N(c5ccc(Oc7ccc(C(=O)c8ccc(Oc9ccc([*])cc9)cc8)cc7)cc5)C6=O)cc4C3=O)cc2)cc1,488.15
[*]C(=O)c1ccc(Oc2ccc(N3C(=O)c4ccc(C(=O)c5ccc6c(c5)C(=O)N(c5ccc(Oc7ccc([*])cc7)cc5)C6=O)cc4C3=O)cc2)cc1,525.15
[*]C(=O)c1ccc(Oc2ccc(N3C(=O)c4ccc(C(c5ccc6c(c5)C(=O)N(c5ccc(Oc7ccc([*])cc7)cc5)C6=O)(C(F)(F)F)C(F)(F)F)cc4C3=O)cc2)cc1,539.15
[*]C(=O)c1ccc(Oc2ccc(N3C(=O)c4ccc(Oc5ccc6c(c5)C(=O)N(c5ccc(Oc7ccc([*])cc7)cc5)C6=O)cc4C3=O)cc2)cc1,516.15
[*]C(=O)c1ccc(Oc2ccc(N3C(=O)c4ccc(Oc5cccc(Oc6ccc7c(c6)C(=O)N(c6ccc(Oc8ccc([*])cc8)cc6)C7=O)c5)cc4C3=O)cc2)cc1,474.15
[*]C(=O)c1ccc(Oc2ccc(N3C(=O)c4ccc(S(=O)(=O)c5ccc6c(c5)C(=O)N(c5ccc(Oc7ccc([*])cc7)cc5)C6=O)cc4C3=O)cc2)cc1,548.65
[*]C(=O)c1ccc(Oc2ccc(Oc3ccc(C(=O)c4ccc(Oc5ccc(Oc6ccc([*])cc6C(C)C)cc5)c(C(C)C)c4)cc3)cc2)cc1,418.15
[*]C(=O)c1ccc(Oc2ccc(Oc3ccc(Oc4ccc([*])cc4)cc3)cc2)cc1,423.65
[*]C(=O)c1ccc(Oc2ccc(Oc3ccc([*])cc3)cc2-c2cc(C(F)(F)F)cc(C(F)(F)F)c2)cc1,419.15
[*]C(=O)c1ccc(Oc2ccc(Oc3ccc([*])cc3)cc2-c2ccc(Oc3ccccc3)cc2)cc1,419.15
[*]C(=O)c1ccc(Oc2ccc(Oc3ccc([*])cc3)cc2-c2cccc(C(F)(F)F)c2)cc1,407.15
[*]C(=O)c1ccc(Oc2ccc(Oc3ccc([*])cc3)cc2-c2ccccc2)cc1,430.15
[*]C(=O)c1ccc(Oc2ccc(Oc3ccc([*])cc3)cc2S(=O)(=O)O)cc1,498.15
[*]C(=O)c1ccc(Oc2ccc(Oc3ccc([*])cc3S(=O)(=O)O)cc2)c(S(=O)(=O)O)c1,493.15
[*]C(=O)c1ccc(Oc2ccc(Oc3ccc([*])cc3S(=O)(=O)O)cc2S(=O)(=O)O)c(S(=O)(=O)O)c1,521.15
[*]C(=O)c1ccc(Oc2ccc(Oc3cccc(Oc4ccc(Oc5ccc([*])cc5)cc4)n3)cc2)cc1,397.15
[*]C(=O)c1ccc(Oc2ccc(S(=O)(=O)c3ccc(Oc4ccc(-c5ccc(Oc6ccc([*])cc6)cc5)cc4)cc3)cc2)cc1,479.15
[*]C(=O)c1ccc(Oc2ccc(S(=O)(=O)c3ccc(Oc4ccc(C(=O)c5cc([*])cc(C(C)(C)C)c5)cc4)cc3)cc2)cc1,471.15
[*]C(=O)c1ccc(Oc2ccc(S(=O)(=O)c3ccc(Oc4ccc(Oc5ccc([*])cc5)cc4)cc3)cc2)cc1,459.15
[*]C(=O)c1ccc(Oc2ccc(S(=O)(=O)c3ccc(Oc4ccc([*])cc4)cc3)cc2)cc1,478.15
[*]C(=O)c1ccc(Oc2ccc([*])cc2)cc1,427.15
[*]C(=O)c1ccc(Oc2ccc3c(=O)n4c5cc(-c6ccc7c(c6)nc6c8ccc(Oc9ccc([*])cc9)c9cccc(c(=O)n76)c98)ccc5nc4c4cccc2c34)cc1,662.15
[*]C(=O)c1ccc(Oc2ccc3c(c2)C(=O)N(c2ccc(Oc4ccc(N5C(=O)c6ccc(Oc7ccc([*])cc7)cc6C5=O)cc4)cc2)C3=O)cc1,483.15
[*]C(=O)c1ccc(Oc2ccc3c(c2)C(=O)N(c2ccc(Oc4cccc(Oc5ccc(N6C(=O)c7ccc(Oc8ccc([*])cc8)cc7C6=O)cc5)c4)cc2)C3=O)cc1,467.15
[*]C(=O)c1ccc(Oc2ccc3c(c2)C(=O)N(c2cccc(N4C(=O)c5ccc(Oc6ccc([*])cc6)cc5C4=O)c2)C3=O)cc1,512.15
[*]C(=O)c1ccc(Oc2ccc3cc(Oc4ccc(S(=O)(=O)c5ccc(Oc6ccc([*])cc6)cc5)cc4)ccc3c2)cc1,472.15
[*]C(=O)c1ccc(Oc2ccc3cc(Oc4ccc([*])cc4)ccc3c2)cc1,520.15
[*]C(=O)c1ccc(Oc2cccc(C(=O)c3ccc(Oc4ccc([*])cc4)cc3)c2)cc1,419.15
[*]C(=O)c1ccc(Oc2cccc(Cc3cccc(Oc4ccc(C(=O)c5ccc(Oc6ccc([*])cc6)cc5)cc4)c3)c2)cc1,396.15
[*]C(=O)c1ccc(Oc2cccc(N3C(=O)c4cccc(Oc5cccc6c5C(=O)N(c5cccc(Oc7ccc([*])cc7)c5)C6=O)c4C3=O)c2)cc1,471.15
[*]C(=O)c1ccc(Oc2cccc(Oc3ccc(S(=O)(=O)c4ccc(Oc5ccc([*])cc5)cc4)cc3)c2)cc1,440.15
[*]C(=O)c1ccc(Oc2cccc(Oc3ccc([*])cc3)c2)cc1,398.15
[*]C(=O)c1ccc(Oc2cccc3c2C(=O)N(c2ccc(Oc4cccc(Oc5ccc(N6C(=O)c7cccc(Oc8ccc([*])cc8)c7C6=O)cc5)c4)cc2)C3=O)cc1,489.15
[*]C(=O)c1ccc(Oc2cccc3c2C(=O)N(c2cccc(N4C(=O)c5cccc(Oc6ccc([*])cc6)c5C4=O)c2)C3=O)cc1,521.15
[*]C(=O)c1ccc(P(=O)(c2ccccc2)c2ccc(C(=O)c3ccc(Oc4ccc(C(c5ccc(Oc6ccc([*])cc6)cc5)(C(F)(F)F)C(F)(F)F)cc4)cc3)cc2)cc1,480.15
[*]C(=O)c1ccc(P(=O)(c2ccccc2)c2ccc(C(=O)c3ccc(Oc4ccc(Oc5ccc([*])cc5)cc4)cc3)cc2)cc1,480.15
[*]C(=O)c1ccc(P(=O)(c2ccccc2)c2ccc(C(=O)c3ccc(Oc4cccc(Oc5ccc([*])cc5)c4)cc3)cc2)cc1,474.15
[*]C(=O)c1ccc(S(=O)(=O)c2ccc(C(=O)c3ccc([*])cc3)cc2)cc1,486.65
[*]C(=O)c1ccc2c(c1)C(=O)N(C(=S)Nc1ccc(Oc3ccc(NC(=S)N4C(=O)c5ccc([*])cc5C4=O)cc3)cc1)C2=O,535.15
[*]C(=O)c1ccc2c(c1)C(=O)N(C1CCC(CC3CCC(N4C(=O)c5ccc([*])cc5C4=O)CC3)CC1)C2=O,527.15
[*]C(=O)c1ccc2c(c1)C(=O)N(CC1CC3CC1C1CCC(CN4C(=O)c5ccc([*])cc5C4=O)C31)C2=O,490.15
[*]C(=O)c1ccc2c(c1)C(=O)N(CC1CCCC(CN3C(=O)c4ccc([*])cc4C3=O)C1)C2=O,486.15
[*]C(=O)c1ccc2c(c1)C(=O)N(CCCCCCCCCCCCN1C(=O)c3ccc([*])cc3C1=O)C2=O,360.65
[*]C(=O)c1ccc2c(c1)C(=O)N(CCCCCCCCN1C(=O)c3ccc([*])cc3C1=O)C2=O,386.15
[*]C(=O)c1ccc2c(c1)C(=O)N(CCCCCCN1C(=O)c3ccc([*])cc3C1=O)C2=O,400.15
[*]C(=O)c1ccc2c(c1)C(=O)N(c1c(-c3ccccc3)cc(-c3ccc(-c4cc(-c5ccccc5)c(N5C(=O)c6ccc([*])cc6C5=O)c(-c5ccccc5)c4)cc3)cc1-c1ccccc1)C2=O,538.15
[*]C(=O)c1ccc2c(c1)C(=O)N(c1cc(-c3nc4ccccc4[nH]3)cc(N3C(=O)c4ccc([*])cc4C3=O)c1)C2=O,470.15
[*]C(=O)c1ccc2c(c1)C(=O)N(c1cc(/C=N/C(=S)Nc3ccc(N4C(=O)c5ccc([*])cc5C4=O)cc3)ccc1Cl)C2=O,547.15
[*]C(=O)c1ccc2c(c1)C(=O)N(c1cc(Br)c(Oc3c(Br)cc(N4C(=O)c5ccc([*])cc5C4=O)cc3Br)c(Br)c1)C2=O,596.15
[*]C(=O)c1ccc2c(c1)C(=O)N(c1cc(C(c3ccc(O)c(N4C(=O)c5ccc([*])cc5C4=O)c3)(C(F)(F)F)C(F)(F)F)ccc1O)C2=O,588.15
[*]C(=O)c1ccc2c(c1)C(=O)N(c1cc(N3C(=O)c4ccc(Cc5cccc([*])c5)cc4C3=O)cc(C(F)(F)F)c1)C2=O,526.15
[*]C(=O)c1ccc2c(c1)C(=O)N(c1cc(N3C(=O)c4ccc([*])cc4C3=O)c(O)cc1O)C2=O,597.15
[*]C(=O)c1ccc2c(c1)C(=O)N(c1cc(N3C(=O)c4ccc([*])cc4C3=O)ccc1OCC(F)(F)C(F)(F)C(F)(F)C(F)(F)C(F)(F)C(F)(F)C(F)(F)C(F)(F)C(F)(F)C(F)(F)F)C2=O,467.15
[*]C(=O)c1ccc2c(c1)C(=O)N(c1cc(N3C(=O)c4ccc([*])cc4C3=O)ccc1OCC(F)(F)C(F)(F)C(F)(F)C(F)(F)C(F)(F)C(F)(F)C(F)(F)F)C2=O,496.15
[*]C(=O)c1ccc2c(c1)C(=O)N(c1cc(N3C(=O)c4ccc([*])cc4C3=O)ccc1OCC(F)(F)C(F)(F)C(F)(F)C(F)(F)C(F)(F)C(F)(F)F)C2=O,502.15
[*]C(=O)c1ccc2c(c1)C(=O)N(c1cc(N3C(=O)c4ccc([*])cc4C3=O)ccc1OCC(F)(F)C(F)(F)C(F)(F)F)C2=O,535.15
[*]C(=O)c1ccc2c(c1)C(=O)N(c1ccc(-c3c(-c4ccc(-c5ccccc5)cc4)cc(-c4ccc(OCCCCCCCCCCOc5ccc(-c6cc(-c7ccc(-c8ccccc8)cc7)c(-c7ccc(N8C(=O)c9ccc([*])cc9C8=O)cc7)c(-c7ccc(-c8ccccc8)cc7)c6)cc5)cc4)cc3-c3ccc(-c4ccccc4)cc3)cc1)C2=O,376.65
[*]C(=O)c1ccc2c(c1)C(=O)N(c1ccc(-c3c(-c4ccc(-c5ccccc5)cc4)cc(-c4ccc(OCCCCCCOc5ccc(-c6cc(-c7ccc(-c8ccccc8)cc7)c(-c7ccc(N8C(=O)c9ccc([*])cc9C8=O)cc7)c(-c7ccc(-c8ccccc8)cc7)c6)cc5)cc4)cc3-c3ccc(-c4ccccc4)cc3)cc1)C2=O,384.65
[*]C(=O)c1ccc2c(c1)C(=O)N(c1ccc(-c3ccc(N4C(=O)c5ccc([*])cc5C4=O)c(OCCCCCCOc4ccc(/C=C/c5ccc(F)cc5)cc4)c3)cc1OCCCCCCOc1ccc(/C=C/c3ccc(F)cc3)cc1)C2=O,401.15
[*]C(=O)c1ccc2c(c1)C(=O)N(c1ccc(-c3ccc(N4C(=O)c5ccc([*])cc5C4=O)cc3)cc1)C2=O,655.15
[*]C(=O)c1ccc2c(c1)C(=O)N(c1ccc(-c3ccccc3N3C(=O)c4ccc([*])cc4C3=O)cc1)C2=O,578.15
[*]C(=O)c1ccc2c(c1)C(=O)N(c1ccc(-c3nc(-c4ccccc4)nc(-c4ccc(N5C(=O)c6ccc([*])cc6C5=O)cc4)n3)cc1)C2=O,628.15
[*]C(=O)c1ccc2c(c1)C(=O)N(c1ccc(-c3nc4cc(-c5ccc6nc(-c7ccccc7)c(-c7ccc(N8C(=O)c9ccc([*])cc9C8=O)cc7)nc6c5)ccc4nc3-c3ccccc3)cc1)C2=O,533.15
[*]C(=O)c1ccc2c(c1)C(=O)N(c1ccc(-c3nc4cc(Oc5ccc6nc(-c7ccccc7)c(-c7ccc(N8C(=O)c9ccc([*])cc9C8=O)cc7)nc6c5)ccc4nc3-c3ccccc3)cc1)C2=O,527.15
[*]C(=O)c1ccc2c(c1)C(=O)N(c1ccc(-c3nc4cc(S(=O)(=O)c5ccc6nc(-c7ccccc7)c(-c7ccc(N8C(=O)c9ccc([*])cc9C8=O)cc7)nc6c5)ccc4nc3-c3ccccc3)cc1)C2=O,513.15
[*]C(=O)c1ccc2c(c1)C(=O)N(c1ccc(/C=C/c3ccc(N4C(=O)c5ccc([*])cc5C4=O)cc3)cc1)C2=O,576.15
[*]C(=O)c1ccc2c(c1)C(=O)N(c1ccc(/C=C/c3ccc(N4C(=O)c5ccc([*])cc5C4=O)cc3S(=O)(=O)O[Na])c(S(=O)(=O)O[Na])c1)C2=O,502.15
[*]C(=O)c1ccc2c(c1)C(=O)N(c1ccc(C(=O)c3ccccc3N3C(=O)c4ccc([*])cc4C3=O)cc1)C2=O,562.15
[*]C(=O)c1ccc2c(c1)C(=O)N(c1ccc(C(c3ccc(N4C(=O)c5ccc(C(=O)c6cc([*])cc(C(C)(C)C)c6)cc5C4=O)cc3)(C(F)(F)F)C(F)(F)F)cc1)C2=O,540.65
[*]C(=O)c1ccc2c(c1)C(=O)N(c1ccc(C(c3ccc(N4C(=O)c5ccc(C(=O)c6cccc([*])c6)cc5C4=O)cc3)(C(F)(F)F)C(F)(F)F)cc1)C2=O,535.65
[*]C(=O)c1ccc2c(c1)C(=O)N(c1ccc(C(c3ccc(N4C(=O)c5ccc([*])cc5C4=O)cc3)(C(F)(F)F)C(F)(F)F)cc1)C2=O,581.18
[*]C(=O)c1ccc2c(c1)C(=O)N(c1ccc(C(c3ccccc3)(c3ccc(N4C(=O)c5ccc([*])cc5C4=O)cc3)C(F)(F)F)cc1)C2=O,584.15
[*]C(=O)c1ccc2c(c1)C(=O)N(c1ccc(C(c3ccccc3)c3ccc(N4C(=O)c5ccc([*])cc5C4=O)cc3)cc1)C2=O,555.15
[*]C(=O)c1ccc2c(c1)C(=O)N(c1ccc(C3(c4ccc(N5C(=O)c6ccc([*])cc6C5=O)cc4)c4ccccc4-c4ccccc43)cc1)C2=O,649.15
[*]C(=O)c1ccc2c(c1)C(=O)N(c1ccc(CP(=O)(OCCCl)OCCCl)c(N3C(=O)c4ccc([*])cc4C3=O)c1)C2=O,534.15
[*]C(=O)c1ccc2c(c1)C(=O)N(c1ccc(Cc3ccc(Cc4ccc(Cc5ccc(N6C(=O)c7ccc([*])cc7C6=O)cc5)cc4)cc3)cc1)C2=O,575.15
[*]C(=O)c1ccc2c(c1)C(=O)N(c1ccc(Cc3ccc(Cc4ccc(N5C(=O)c6ccc([*])cc6C5=O)cc4)cc3)cc1)C2=O,620.15
[*]C(=O)c1ccc2c(c1)C(=O)N(c1ccc(Cc3ccc(Cc4cccc(N5C(=O)c6ccc([*])cc6C5=O)c4)cc3)cc1)C2=O,590.15
[*]C(=O)c1ccc2c(c1)C(=O)N(c1ccc(Cc3ccc(N4C(=O)c5ccc(C(=O)c6ccc(Oc7ccc(-c8ccc(Oc9ccc([*])cc9)cc8)cc7)cc6)cc5C4=O)cc3)cc1)C2=O,514.15
[*]C(=O)c1ccc2c(c1)C(=O)N(c1ccc(Cc3ccc(N4C(=O)c5ccc(C(=O)c6ccc(Oc7ccc(Oc8ccc([*])cc8)cc7)cc6)cc5C4=O)cc3)cc1)C2=O,498.15
[*]C(=O)c1ccc2c(c1)C(=O)N(c1ccc(Cc3ccc(N4C(=O)c5ccc(C(=O)c6ccc(Oc7ccc(S(=O)(=O)c8ccc(Oc9ccc([*])cc9)cc8)cc7)cc6)cc5C4=O)cc3)cc1)C2=O,518.15
[*]C(=O)c1ccc2c(c1)C(=O)N(c1ccc(Cc3cccc(N4C(=O)c5ccc([*])cc5C4=O)c3)cc1)C2=O,554.15
[*]C(=O)c1ccc2c(c1)C(=O)N(c1ccc(Cc3ccccc3N3C(=O)c4ccc([*])cc4C3=O)cc1)C2=O,563.15
[*]C(=O)c1ccc2c(c1)C(=O)N(c1ccc(Cl)c(N3C(=O)c4ccc([*])cc4C3=O)c1)C2=O,578.15
[*]C(=O)c1ccc2c(c1)C(=O)N(c1ccc(N(c3ccccc3)c3ccc(N4C(=O)c5ccc([*])cc5C4=O)cc3)cc1)C2=O,543.15
[*]C(=O)c1ccc2c(c1)C(=O)N(c1ccc(N3C(=O)c4ccc(C(=O)c5ccc(Oc6ccc(-c7ccc(Oc8ccc([*])cc8)cc7)cc6)cc5)cc4C3=O)cc1)C2=O,502.15
[*]C(=O)c1ccc2c(c1)C(=O)N(c1ccc(N3C(=O)c4ccc(C(=O)c5ccc(Oc6ccc(Oc7ccc([*])cc7)cc6)cc5)cc4C3=O)cc1)C2=O,509.15
[*]C(=O)c1ccc2c(c1)C(=O)N(c1ccc(N3C(=O)c4ccc([*])cc4C3=O)c(S(=O)(=O)O[Na])c1)C2=O,487.15
[*]C(=O)c1ccc2c(c1)C(=O)N(c1ccc(OCCOCCOCCOc3ccc(N4C(=O)c5ccc([*])cc5C4=O)cc3)cc1)C2=O,473.15
[*]C(=O)c1ccc2c(c1)C(=O)N(c1ccc(OCCOCCOc3ccc(N4C(=O)c5ccc([*])cc5C4=O)cc3)cc1)C2=O,508.15
[*]C(=O)c1ccc2c(c1)C(=O)N(c1ccc(OCCOc3ccc(N4C(=O)c5ccc([*])cc5C4=O)cc3)cc1)C2=O,519.15
[*]C(=O)c1ccc2c(c1)C(=O)N(c1ccc(Oc3cc4ccccc4cc3Oc3ccc(N4C(=O)c5ccc([*])cc5C4=O)cc3)cc1)C2=O,519.15
[*]C(=O)c1ccc2c(c1)C(=O)N(c1ccc(Oc3ccc(C(=O)c4cccc(C(=O)c5ccc(Oc6ccc(N7C(=O)c8ccc([*])cc8C7=O)cc6)cc5)n4)cc3)cc1)C2=O,587.65
[*]C(=O)c1ccc2c(c1)C(=O)N(c1ccc(Oc3ccc(C(=O)c4cccc(C(=O)c5ccc(Oc6ccc(N7C(=O)c8ccc([*])cc8C7=O)cc6C(F)(F)F)cc5)n4)cc3)c(C(F)(F)F)c1)C2=O,498.35
[*]C(=O)c1ccc2c(c1)C(=O)N(c1ccc(Oc3ccc(C(=O)c4cccc(N5C(=O)c6ccc([*])cc6C5=O)c4)cc3)c(C(F)(F)F)c1)C2=O,515.15
[*]C(=O)c1ccc2c(c1)C(=O)N(c1ccc(Oc3ccc(C(c4ccc(Oc5ccc(N6C(=O)c7ccc([*])cc7C6=O)cc5C(F)(F)F)cc4)(C(F)(F)F)C(F)(F)F)cc3)c(C(F)(F)F)c1)C2=O,493.15
[*]C(=O)c1ccc2c(c1)C(=O)N(c1ccc(Oc3ccc(N4C(=O)c5ccc(C(=O)N6C(=O)N([*])C(=O)C6(C)C)cc5C4=O)cc3)cc1)C2=O,429.15
[*]C(=O)c1ccc2c(c1)C(=O)N(c1ccc(Oc3ccc(N4C(=O)c5ccc(C(=O)N6C(=O)N([*])C(=O)C6(CC)CC)cc5C4=O)cc3)cc1)C2=O,433.15
[*]C(=O)c1ccc2c(c1)C(=O)N(c1ccc(Oc3ccc(N4C(=O)c5ccc(C(=O)N6C(=S)N([*])C(C)=C(C(=O)OCC)C6c6ccc(OC)cc6OC)cc5C4=O)cc3)cc1)C2=O,438.15
[*]C(=O)c1ccc2c(c1)C(=O)N(c1ccc(Oc3ccc(N4C(=O)c5ccc(C(=O)N6C(=S)N([*])C(C)=C(C(=O)OCC)C6c6ccccc6)cc5C4=O)cc3)cc1)C2=O,428.15
[*]C(=O)c1ccc2c(c1)C(=O)N(c1ccc(Oc3ccc(N4C(=O)c5ccc(C(=O)c6cc([*])cc(C(C)(C)C)c6)cc5C4=O)cc3)cc1)C2=O,525.65
[*]C(=O)c1ccc2c(c1)C(=O)N(c1ccc(Oc3ccc(N4C(=O)c5ccc(C(=O)c6ccc(Oc7ccc(-c8ccc(Oc9ccc([*])cc9)cc8)cc7)cc6)cc5C4=O)cc3)cc1)C2=O,506.15
[*]C(=O)c1ccc2c(c1)C(=O)N(c1ccc(Oc3ccc(N4C(=O)c5ccc(C(=O)c6ccc(Oc7ccc(Oc8ccc([*])cc8)cc7)cc6)cc5C4=O)cc3)cc1)C2=O,493.15
[*]C(=O)c1ccc2c(c1)C(=O)N(c1ccc(Oc3ccc(N4C(=O)c5ccc(C(=O)c6ccc(Oc7ccc(S(=O)(=O)c8ccc(Oc9ccc([*])cc9)cc8)cc7)cc6)cc5C4=O)cc3)cc1)C2=O,514.15
[*]C(=O)c1ccc2c(c1)C(=O)N(c1ccc(Oc3ccc(N4C(=O)c5ccc(C(=O)c6cccc([*])c6)cc5C4=O)cc3)cc1)C2=O,517.15
[*]C(=O)c1ccc2c(c1)C(=O)N(c1ccc(Oc3ccc(N4C(=O)c5ccc([*])cc5C4=O)cc3Br)c(Br)c1)C2=O,569.15
[*]C(=O)c1ccc2c(c1)C(=O)N(c1ccc(Oc3ccc(Oc4ccc(N5C(=O)c6ccc([*])cc6C5=O)cc4C(F)(F)F)cc3)cc1)C2=O,510.25
[*]C(=O)c1ccc2c(c1)C(=O)N(c1ccc(Oc3ccc(S(=O)(=O)c4ccc(Oc5ccc(N6C(=O)c7ccc(C(=O)c8cc([*])cc(C(C)(C)C)c8)cc7C6=O)cc5)cc4)cc3)cc1)C2=O,527.65
[*]C(=O)c1ccc2c(c1)C(=O)N(c1ccc(Oc3ccc(S(=O)(=O)c4ccc(Oc5ccc(N6C(=O)c7ccc(C(=O)c8cccc([*])c8)cc7C6=O)cc5)cc4)cc3)cc1)C2=O,522.15
[*]C(=O)c1ccc2c(c1)C(=O)N(c1ccc(Oc3ccc([*])cc3)cc1)C2=O,570.15
[*]C(=O)c1ccc2c(c1)C(=O)N(c1ccc(Oc3cccc(-c4cc(-c5ccccc5)cc(-c5cccc(Oc6ccc(N7C(=O)c8ccc([*])cc8C7=O)cc6)c5)n4)c3)cc1)C2=O,533.15
[*]C(=O)c1ccc2c(c1)C(=O)N(c1ccc(Oc3cccc(N4C(=O)c5ccc([*])cc5C4=O)c3)cc1)C2=O,553.65
[*]C(=O)c1ccc2c(c1)C(=O)N(c1ccc(Oc3ccccc3N3C(=O)c4ccc([*])cc4C3=O)cc1)C2=O,555.65
[*]C(=O)c1ccc2c(c1)C(=O)N(c1ccc(Oc3ccccc3Oc3ccc(N4C(=O)c5ccc([*])cc5C4=O)cc3C(F)(F)F)c(C(F)(F)F)c1)C2=O,509.15
[*]C(=O)c1ccc2c(c1)C(=O)N(c1ccc(S(=O)(=O)c3ccc(N4C(=O)c5ccc([*])cc5C4=O)cc3)cc1)C2=O,580.15
[*]C(=O)c1ccc2c(c1)C(=O)N(c1ccc(Sc3ccc(N4C(=O)c5ccc([*])cc5C4=O)cc3)cc1)C2=O,549.15
[*]C(=O)c1ccc2c(c1)C(=O)N(c1ccc(Sc3ccc(N4C(=O)c5ccc([*])cc5C4=O)cn3)nc1)C2=O,519.15
[*]C(=O)c1ccc2c(c1)C(=O)N(c1ccc3[nH]c(-c4ccc(N5C(=O)c6ccc([*])cc6C5=O)cc4)nc3c1)C2=O,685.15
[*]C(=O)c1ccc2c(c1)C(=O)N(c1ccc3c(c1)C(=O)c1cc(N4C(=O)c5ccc([*])cc5C4=O)ccc1-3)C2=O,604.15
[*]C(=O)c1ccc2c(c1)C(=O)N(c1ccc3c(c1)Cc1cc(N4C(=O)c5ccc([*])cc5C4=O)ccc1-3)C2=O,614.65
[*]C(=O)c1ccc2c(c1)C(=O)N(c1cccc(C#Cc3cccc(N4C(=O)c5ccc([*])cc5C4=O)c3)c1)C2=O,567.15
[*]C(=O)c1ccc2c(c1)C(=O)N(c1cccc(C(=O)c3ccc(Cc4ccc(C(=O)c5cccc(N6C(=O)c7ccc([*])cc7C6=O)c5)cc4)cc3)c1)C2=O,533.65
[*]C(=O)c1ccc2c(c1)C(=O)N(c1cccc(C(=O)c3ccc(Oc4ccc(N5C(=O)c6ccc([*])cc6C5=O)cc4)cc3)c1)C2=O,524.15
[*]C(=O)c1ccc2c(c1)C(=O)N(c1cccc(C(=O)c3ccccc3N3C(=O)c4ccc([*])cc4C3=O)c1)C2=O,532.15
[*]C(=O)c1ccc2c(c1)C(=O)N(c1cccc(C(O)c3cccc(N4C(=O)c5ccc([*])cc5C4=O)c3)c1)C2=O,565.15
[*]C(=O)c1ccc2c(c1)C(=O)N(c1cccc(C(c3cccc(N4C(=O)c5ccc([*])cc5C4=O)c3)(C(F)(F)F)C(F)(F)F)c1)C2=O,512.15
[*]C(=O)c1ccc2c(c1)C(=O)N(c1cccc(C(c3ccccc3)(c3cccc(N4C(=O)c5ccc([*])cc5C4=O)c3)C(F)(F)F)c1)C2=O,584.15
[*]C(=O)c1ccc2c(c1)C(=O)N(c1cccc(Cc3ccc(Cc4ccc(Cc5cccc(N6C(=O)c7ccc([*])cc7C6=O)c5)cc4)cc3)c1)C2=O,508.65
[*]C(=O)c1ccc2c(c1)C(=O)N(c1cccc(Cc3ccc(Cc4cccc(N5C(=O)c6ccc([*])cc6C5=O)c4)cc3)c1)C2=O,513.15
[*]C(=O)c1ccc2c(c1)C(=O)N(c1cccc(Cc3ccc(N4C(=O)c5ccc([*])cc5C4=O)cc3)c1)C2=O,565.15
[*]C(=O)c1ccc2c(c1)C(=O)N(c1cccc(N3C(=O)c4ccc(C(=O)c5cc([*])cc(C(C)(C)C)c5)cc4C3=O)c1)C2=O,537.65
[*]C(=O)c1ccc2c(c1)C(=O)N(c1cccc(N3C(=O)c4ccc(C(=O)c5cccc([*])c5)cc4C3=O)c1)C2=O,532.65
[*]C(=O)c1ccc2c(c1)C(=O)N(c1cccc(Nc3nc(Nc4cccc(N5C(=O)c6ccc([*])cc6C5=O)c4)nc(-c4ccccc4)n3)c1)C2=O,565.15
[*]C(=O)c1ccc2c(c1)C(=O)N(c1cccc(Nc3nc(Nc4cccc(N5C(=O)c6ccc([*])cc6C5=O)c4)nc(N(c4ccccc4)c4ccccc4)n3)c1)C2=O,563.15
[*]C(=O)c1ccc2c(c1)C(=O)N(c1cccc(Nc3ncnc(Nc4cccc(N5C(=O)c6ccc([*])cc6C5=O)c4)n3)c1)C2=O,563.15
[*]C(=O)c1ccc2c(c1)C(=O)N(c1cccc(OCCOCCOc3cccc(N4C(=O)c5ccc([*])cc5C4=O)c3)c1)C2=O,428.15
[*]C(=O)c1ccc2c(c1)C(=O)N(c1cccc(OCCOc3cccc(N4C(=O)c5ccc([*])cc5C4=O)c3)c1)C2=O,464.15
[*]C(=O)c1ccc2c(c1)C(=O)N(c1cccc(OP(=O)(Oc3cccc(N4C(=O)c5ccc([*])cc5C4=O)c3)c3ccccc3)c1)C2=O,449.65
[*]C(=O)c1ccc2c(c1)C(=O)N(c1cccc(Oc3ccc(N4C(=O)c5ccc([*])cc5C4=O)cc3)c1)C2=O,525.15
[*]C(=O)c1ccc2c(c1)C(=O)N(c1cccc(Oc3ccc(P(=O)(c4ccccc4)c4ccc(Oc5ccc(N6C(=O)c7ccc([*])cc7C6=O)cc5)cc4)cc3)c1)C2=O,505.15
[*]C(=O)c1ccc2c(c1)C(=O)N(c1cccc(Oc3cccc(N4C(=O)c5ccc([*])cc5C4=O)c3)c1)C2=O,494.15
[*]C(=O)c1ccc2c(c1)C(=O)N(c1cccc(Oc3cccc(Oc4cccc(N5C(=O)c6ccc([*])cc6C5=O)c4)c3)c1)C2=O,484.15
[*]C(=O)c1ccc2c(c1)C(=O)N(c1cccc(P(=O)(c3ccc(C(F)(F)F)cc3)c3cccc(N4C(=O)c5ccc([*])cc5C4=O)c3)c1)C2=O,537.15
[*]C(=O)c1ccc2c(c1)C(=O)N(c1cccc(P(=O)(c3ccc(Oc4ccc(C56CC7CC(CC(C7)C5)C6)cc4)cc3)c3cccc(N4C(=O)c5ccc([*])cc5C4=O)c3)c1)C2=O,578.15
[*]C(=O)c1ccc2c(c1)C(=O)N(c1cccc(P(=O)(c3cccc(N4C(=O)c5ccc([*])cc5C4=O)c3)c3cc(C(F)(F)F)cc(C(F)(F)F)c3)c1)C2=O,516.15
[*]C(=O)c1ccc2c(c1)C(=O)N(c1cccc(P(=O)(c3ccccc3)c3cccc(N4C(=O)c5ccc([*])cc5C4=O)c3)c1)C2=O,546.15
[*]C(=O)c1ccc2c(c1)C(=O)N(c1ccccc1C(=O)c1ccc(N3C(=O)c4ccc([*])cc4C3=O)cc1)C2=O,562.15
[*]C(=O)c1ccc2c(c1)C(=O)N(c1ccccc1C(=O)c1cccc(N3C(=O)c4ccc([*])cc4C3=O)c1)C2=O,532.15
[*]C(=O)c1ccc2c(c1)C(=O)N(c1ccccc1C(=O)c1ccccc1N1C(=O)c3ccc([*])cc3C1=O)C2=O,562.15
[*]C(=O)c1ccc2c(c1)C(=O)N(c1ccccc1Cc1ccc(N3C(=O)c4ccc([*])cc4C3=O)cc1)C2=O,563.15
[*]C(=O)c1ccc2c(c1)C(=O)N(c1ccccc1Cc1cccc(N3C(=O)c4ccc([*])cc4C3=O)c1)C2=O,531.15
[*]C(=O)c1ccc2c(c1)C(=O)N(c1ccccc1Cc1ccccc1N1C(=O)c3ccc([*])cc3C1=O)C2=O,558.15
[*]C(=O)c1ccc2c(c1)C(=O)N(c1ccccc1Oc1ccc(N3C(=O)c4ccc([*])cc4C3=O)cc1)C2=O,560.15
[*]C(=O)c1ccc2c(c1)C(=O)N(c1ccccc1Oc1cccc(N3C(=O)c4ccc([*])cc4C3=O)c1)C2=O,532.15
[*]C(=O)c1ccc2c(c1)C(=O)N(c1ccccc1Oc1ccccc1N1C(=O)c3ccc([*])cc3C1=O)C2=O,562.15
[*]C(=O)c1ccc2c(c1)C(=O)N(c1ncc(-c3ccc(Oc4ccc(N5C(=O)c6ccc([*])cc6C5=O)cc4)cc3)s1)C2=O,593.35
[*]C(=O)c1ccc2c(c1OCc1ccccc1[N+](=O)[O-])C(=O)N(c1ccc(Oc3ccc(N4C(=O)c5ccc([*])c(OCc6ccccc6[N+](=O)[O-])c5C4=O)cc3)cc1)C2=O,471.15
[*]C(=O)c1ccc2cc(C(=O)c3ccc(Oc4ccc(-c5ccc(Oc6ccc([*])cc6)cc5)cc4)cc3)ccc2c1,468.15
[*]C(=O)c1ccc2cc(C(=O)c3ccc(Oc4ccc(-c5nc(-c6ccc(-c7nc(-c8ccc(Oc9ccc([*])cc9)cc8)c(-c8ccccc8)[nH]7)cc6)[nH]c5-c5ccccc5)cc4)cc3)ccc2c1,554.15
[*]C(=O)c1ccc2cc(C(=O)c3ccc(Oc4ccc(-c5nc(-c6ccccc6)[nH]c5-c5ccc(Oc6ccc([*])cc6)cc5)cc4)cc3)ccc2c1,521.15
[*]C(=O)c1ccc2cc(C(=O)c3ccc(Oc4ccc(N5C(=O)c6ccc(C(=O)c7ccc8c(c7)C(=O)N(c7ccc(Oc9ccc([*])cc9)cc7)C8=O)cc6C5=O)cc4)cc3)ccc2c1,519.15
[*]C(=O)c1ccc2nc(-c3ccc(-c4cnc5cc([*])ccc5n4)cc3)cnc2c1,591.15
[*]C(=O)c1ccc2nc(-c3ccc(-c4nc5ccc([*])cc5nc4-c4ccccc4)cc3)c(-c3ccccc3)nc2c1,598.15
[*]C(=O)c1ccc2nc(-c3ccccc3)c(-c3ccc(-c4nc5cc([*])ccc5nc4-c4ccccc4)cc3)nc2c1,598.15
[*]C(=O)c1ccc2nc(-c3ccccc3)c(-c3ccc(-c4nc5ccc([*])cc5nc4-c4ccccc4)cc3)nc2c1,593.15
[*]C(=O)c1ccc2nc(-c3ccccc3)c(-c3ccc(-n4c(=O)c5cc6c(=O)n(-c7ccc(-c8nc9cc([*])ccc9nc8-c8ccccc8)cc7)c(=O)c6cc5c4=O)cc3)nc2c1,513.15
[*]C(=O)c1ccc2nc(-c3ccccc3)c(-c3ccc(N4C(=O)C5OC6C(=O)N(c7ccc(-c8nc9cc([*])ccc9nc8-c8ccccc8)cc7)C(=O)C6C5C4=O)cc3)nc2c1,528.15
[*]C(=O)c1ccc2nc(-c3ccccc3)c(-c3ccc(N4C(=O)c5ccc(C(=O)c6ccc7c(c6)C(=O)N(c6ccc(-c8nc9cc([*])ccc9nc8-c8ccccc8)cc6)C7=O)cc5C4=O)cc3)nc2c1,528.15
[*]C(=O)c1ccc2nc(-c3ccccc3)c(-c3ccc(Oc4ccc(-c5nc6cc([*])ccc6nc5-c5ccccc5)cc4)cc3)nc2c1,544.15
[*]C(=O)c1ccc2nc(C(=O)c3ccc(Oc4ccc(-c5ccc(Oc6ccc([*])cc6)cc5)cc4)cc3)ccc2c1,428.15
[*]C(=O)c1ccc2ncc(-c3ccc(-c4cnc5ccc([*])cc5n4)cc3)nc2c1,591.15
[*]C(=O)c1cccc(-c2cccc(C(=O)c3ccc(Oc4ccc(-c5nc(-c6cccc(-c7nc(-c8ccc(Oc9ccc([*])cc9)cc8)c(-c8ccccc8)[nH]7)c6)[nH]c5-c5ccccc5)cc4)cc3)c2)c1,523.15
[*]C(=O)c1cccc(-c2cccc(C(=O)c3ccc(Oc4ccc(C(c5ccc(Oc6ccc([*])cc6)cc5)(C(F)(F)F)C(F)(F)F)cc4)cc3)c2)c1,432.15
[*]C(=O)c1cccc(-c2cccc(C(=O)c3ccc(Oc4ccc(C5(c6ccc(Oc7ccc([*])cc7)cc6)c6ccccc6-c6ccccc65)cc4)cc3)c2)c1,485.15
[*]C(=O)c1cccc(-c2cccc(C(=O)c3ccc(Oc4ccc(Oc5ccc([*])cc5)cc4)cc3)c2)c1,427.15
[*]C(=O)c1cccc(-c2cccc(C(=O)c3ccc(Oc4ccc([*])cc4)cc3)c2)c1,396.15
[*]C(=O)c1cccc(-n2c(=O)c3cc4c(=O)n(-c5cccc([*])c5)c(=O)c4cc3c2=O)c1,594.15
[*]C(=O)c1cccc(C(=O)c2ccc(N3C(=O)c4ccc(C(=O)c5ccc6c(c5)C(=O)N(c5ccc([*])cc5)C6=O)cc4C3=O)cc2)c1,549.15
[*]C(=O)c1cccc(C(=O)c2ccc(Oc3c(C(C)C)cc([*])cc3C(C)C)cc2)c1,405.15
[*]C(=O)c1cccc(C(=O)c2ccc(Oc3ccc(-c4[nH]c(-c5ccccc5)nc4-c4ccc(Oc5ccc([*])cc5)cc4)cc3)cc2)c1,503.15
[*]C(=O)c1cccc(C(=O)c2ccc(Oc3ccc(-c4c5c(c(-c6ccc(Oc7ccc([*])cc7)cc6)c6ccccc46)C(=O)N(c4ccc(F)cc4)C5=O)cc3)cc2)c1,516.15
[*]C(=O)c1cccc(C(=O)c2ccc(Oc3ccc(-c4cc(-c5ccc(Oc6ccc([*])cc6)cc5)n[nH]4)cc3)cc2)c1,478.15
[*]C(=O)c1cccc(C(=O)c2ccc(Oc3ccc(-c4cc(-c5ccc(Oc6ccc([*])cc6)cc5)nn4-c4ccccc4)cc3)cc2)c1,463.15
[*]C(=O)c1cccc(C(=O)c2ccc(Oc3ccc(-c4ccc(-c5ccc(Oc6ccc([*])cc6)cc5)cc4)cc3)cc2)c1,447.15
[*]C(=O)c1cccc(C(=O)c2ccc(Oc3ccc(-c4ccc(Oc5ccc([*])cc5)cc4)cc3)cc2)c1,432.15
[*]C(=O)c1cccc(C(=O)c2ccc(Oc3ccc(-c4nc(-c5ccc(-c6nc(-c7ccc(Oc8ccc([*])cc8)cc7)c(-c7ccccc7)[nH]6)cc5)[nH]c4-c4ccccc4)cc3)cc2)c1,543.15
[*]C(=O)c1cccc(C(=O)c2ccc(Oc3ccc(-c4nc(-c5cccc(-c6nc(-c7ccc(Oc8ccc([*])cc8)cc7)c(-c7ccccc7)[nH]6)c5)[nH]c4-c4ccccc4)cc3)cc2)c1,529.65
[*]C(=O)c1cccc(C(=O)c2ccc(Oc3ccc(-c4nc5ccccc5n4-c4ccc(-c5ccc(-n6c(-c7ccc(Oc8ccc([*])cc8)cc7)nc7ccccc76)cc5)cc4)cc3)cc2)c1,517.15
[*]C(=O)c1cccc(C(=O)c2ccc(Oc3ccc(-c4nc5ccccc5n4-c4ccc(-n5c(-c6ccc(Oc7ccc([*])cc7)cc6)nc6ccccc65)cc4)cc3)cc2)c1,492.15
[*]C(=O)c1cccc(C(=O)c2ccc(Oc3ccc(-c4nnc(-c5ccccn5)nc4-c4ccc(Oc5ccc([*])cc5)cc4)cc3)cc2)c1,475.15
[*]C(=O)c1cccc(C(=O)c2ccc(Oc3ccc(-n4c(=O)c5cc6c(=O)n(-c7ccc(Oc8ccc([*])cc8)c(C(F)(F)F)c7)c(=O)c6cc5c4=O)cc3C(F)(F)F)cc2)n1,500.25
[*]C(=O)c1cccc(C(=O)c2ccc(Oc3ccc(-n4c(=O)c5cc6c(=O)n(-c7ccc(Oc8ccc([*])cc8)cc7)c(=O)c6cc5c4=O)cc3)cc2)c1,520.15
[*]C(=O)c1cccc(C(=O)c2ccc(Oc3ccc(-n4c(=O)c5cc6c(=O)n(-c7ccc(Oc8ccc([*])cc8)cc7)c(=O)c6cc5c4=O)cc3)cc2)n1,597.75
[*]C(=O)c1cccc(C(=O)c2ccc(Oc3ccc(C(c4ccc(Oc5ccc([*])cc5)cc4)(C(F)(F)F)C(F)(F)F)cc3)cc2)c1,441.25
[*]C(=O)c1cccc(C(=O)c2ccc(Oc3ccc(C4(c5ccc(Oc6ccc([*])cc6)cc5)CCC5CCCCC5C4)cc3)cc2)c1,467.15
[*]C(=O)c1cccc(C(=O)c2ccc(Oc3ccc(C4(c5ccc(Oc6ccc([*])cc6)cc5)c5ccccc5-c5ccccc54)cc3)cc2)c1,496.15
[*]C(=O)c1cccc(C(=O)c2ccc(Oc3ccc(Cc4ccc(Oc5ccc([*])cc5)cc4)cc3)cc2)c1,418.15
[*]C(=O)c1cccc(C(=O)c2ccc(Oc3ccc(N4C(=O)c5ccc(-c6ccc7c(c6)C(=O)N(c6ccc(Oc8ccc([*])cc8)cc6)C7=O)cc5C4=O)cc3)cc2)c1,495.15
[*]C(=O)c1cccc(C(=O)c2ccc(Oc3ccc(N4C(=O)c5ccc(C(=O)c6ccc7c(c6)C(=O)N(c6ccc(Oc8ccc([*])cc8)cc6)C7=O)cc5C4=O)cc3)cc2)c1,495.15
[*]C(=O)c1cccc(C(=O)c2ccc(Oc3ccc(N4C(=O)c5ccc(C(c6ccc7c(c6)C(=O)N(c6ccc(Oc8ccc([*])cc8)c(C(F)(F)F)c6)C7=O)(C(F)(F)F)C(F)(F)F)cc5C4=O)cc3C(F)(F)F)cc2)n1,479.55
[*]C(=O)c1cccc(C(=O)c2ccc(Oc3ccc(N4C(=O)c5ccc(C(c6ccc7c(c6)C(=O)N(c6ccc(Oc8ccc([*])cc8)cc6)C7=O)(C(F)(F)F)C(F)(F)F)cc5C4=O)cc3)cc2)c1,509.15
[*]C(=O)c1cccc(C(=O)c2ccc(Oc3ccc(N4C(=O)c5ccc(C(c6ccc7c(c6)C(=O)N(c6ccc(Oc8ccc([*])cc8)cc6)C7=O)(C(F)(F)F)C(F)(F)F)cc5C4=O)cc3)cc2)n1,500.05
[*]C(=O)c1cccc(C(=O)c2ccc(Oc3ccc(N4C(=O)c5ccc(Oc6ccc(Oc7ccc(Oc8ccc9c(c8)C(=O)N(c8ccc(Oc%10ccc([*])cc%10)cc8)C9=O)cc7)cc6)cc5C4=O)cc3)cc2)c1,465.15
[*]C(=O)c1cccc(C(=O)c2ccc(Oc3ccc(N4C(=O)c5ccc(Oc6ccc(Sc7ccc(Oc8ccc9c(c8)C(=O)N(c8ccc(Oc%10ccc([*])cc%10)cc8)C9=O)cc7)cc6)cc5C4=O)cc3)cc2)c1,465.15
[*]C(=O)c1cccc(C(=O)c2ccc(Oc3ccc(N4C(=O)c5ccc(Oc6ccc7c(c6)C(=O)N(c6ccc(Oc8ccc([*])cc8)c(C(F)(F)F)c6)C7=O)cc5C4=O)cc3C(F)(F)F)cc2)n1,485.35
[*]C(=O)c1cccc(C(=O)c2ccc(Oc3ccc(N4C(=O)c5ccc(Oc6ccc7c(c6)C(=O)N(c6ccc(Oc8ccc([*])cc8)cc6)C7=O)cc5C4=O)cc3)cc2)c1,481.15
[*]C(=O)c1cccc(C(=O)c2ccc(Oc3ccc(N4C(=O)c5ccc(Oc6ccc7c(c6)C(=O)N(c6ccc(Oc8ccc([*])cc8)cc6)C7=O)cc5C4=O)cc3)cc2)n1,481.75
[*]C(=O)c1cccc(C(=O)c2ccc(Oc3ccc(Oc4ccc([*])cc4)cc3)cc2)c1,421.15
[*]C(=O)c1cccc(C(=O)c2ccc(Oc3ccc(Oc4ccc([*])cc4)cc3S(=O)(=O)O)cc2)c1,468.15
[*]C(=O)c1cccc(C(=O)c2ccc(Oc3ccc(S(=O)(=O)c4ccc(Oc5ccc([*])cc5)cc4)cc3)cc2)c1,451.15
[*]C(=O)c1cccc(C(=O)c2ccc(Oc3ccc([*])cc3)cc2)c1,412.15
[*]C(=O)c1cccc(C(=O)c2ccc(Oc3ccc([*])cc3C)c(C(C)C)c2)c1,420.15
[*]C(=O)c1cccc(C(=O)c2ccc(Oc3ccc([*])cc3CC)c(C(C)C)c2)c1,409.15
[*]C(=O)c1cccc(C(=O)c2ccc(Oc3ccc([*])cc3CC)c(CC)c2)c1,399.15
[*]C(=O)c1cccc(C(=O)c2ccc(Oc3cccc(Cc4cccc(Oc5ccc([*])cc5)c4)c3)cc2)c1,387.15
[*]C(=O)c1cccc(C(=O)c2ccc(S(=O)(=O)c3ccc([*])cc3)cc2)c1,471.15
[*]C(=O)c1cccc(N2C(=O)c3ccc(C(=O)c4ccc5c(c4)C(=O)N(c4ccc(Cc6ccc([*])cc6)cc4)C5=O)cc3C2=O)c1,563.15
[*]C(=O)c1cccc(N2C(=O)c3ccc(C(=O)c4ccc5c(c4)C(=O)N(c4ccc(N([*])C)cc4)C5=O)cc3C2=O)c1,533.65
[*]C(=O)c1cccc(N2C(=O)c3ccc(C(=O)c4ccc5c(c4)C(=O)N(c4cccc(C(=O)c6ccc([*])cc6)c4)C5=O)cc3C2=O)c1,513.15
[*]C(=O)c1cccc(N2C(=O)c3ccc(C(=O)c4ccc5c(c4)C(=O)N(c4cccc(Cc6ccc([*])cc6)c4)C5=O)cc3C2=O)c1,538.65
[*]C(=O)c1cccc(N2C(=O)c3ccc(C(=O)c4ccc5c(c4)C(=O)N(c4cccc([*])c4)C5=O)cc3C2=O)c1,515.15
[*]C(=O)c1cccc(N2C(=O)c3ccc(C(c4ccc5c(c4)C(=O)N(c4ccc(Oc6ccc([*])cc6)c(C(F)(F)F)c4)C5=O)(C(F)(F)F)C(F)(F)F)cc3C2=O)c1,495.15
[*]C(=O)c1cccc(N2C(=O)c3ccc(C(c4ccc5c(c4)C(=O)N(c4ccc(Oc6ccc([*])cc6)cc4)C5=O)(C(F)(F)F)C(F)(F)F)cc3C2=O)c1,515.15
[*]C(=O)c1cccc(N2C(=O)c3ccc(Oc4ccc5c(c4)C(=O)N(c4c(C)cc(C)c([*])c4C)C5=O)cc3C2=O)c1,560.15
[*]C(=O)c1cccc(N2C(=O)c3ccc(Oc4ccc5c(c4)C(=O)N(c4ccc(Oc6ccc([*])cc6)c(C(F)(F)F)c4)C5=O)cc3C2=O)c1,497.15
[*]C(=O)c1cccc(N2C(=O)c3ccc(Oc4ccc5c(c4)C(=O)N(c4ccc(Oc6ccc([*])cc6)cc4)C5=O)cc3C2=O)c1,505.15
[*]C(=O)c1cccc(N2C(=O)c3cccc(Oc4cccc5c4C(=O)N(c4cccc([*])c4)C5=O)c3C2=O)c1,507.15
[*]C(=O)c1cccc(Oc2ccc([*])cc2)c1,410.15
[*]C(=O)c1cccc(Oc2ccc3c(c2)C(=O)N(c2ccc(Oc4ccc(N5C(=O)c6ccc(Oc7ccc([*])cc7)cc6C5=O)cc4)cc2)C3=O)c1,483.15
[*]C(=O)c1cccc(Oc2ccc3c(c2)C(=O)N(c2cccc(N4C(=O)c5ccc(Oc6ccc([*])cc6)cc5C4=O)c2)C3=O)c1,512.15
[*]C(=O)c1cccc(Oc2cccc3c2C(=O)N(c2ccc(Oc4ccc(N5C(=O)c6cccc(Oc7ccc([*])cc7)c6C5=O)cc4)cc2)C3=O)c1,525.15
[*]C(=O)c1cccc(Oc2cccc3c2C(=O)N(c2cccc(N4C(=O)c5cccc(Oc6ccc([*])cc6)c5C4=O)c2)C3=O)c1,521.15
[*]C(=O)c1cccc2cccc(C(=O)c3ccc(Oc4ccc(-c5ccc(Oc6ccc([*])cc6)cc5)cc4)cc3)c12,499.65
[*]C(=O)c1cccc2cccc(C(=O)c3ccc(Oc4ccc(C(c5ccc(Oc6ccc([*])cc6)cc5)(C(F)(F)F)C(F)(F)F)cc4)cc3)c12,486.15
[*]C(=O)c1cccc2cccc(C(=O)c3ccc(Oc4ccc(C5(c6ccc(Oc7ccc([*])cc7)cc6)c6ccccc6-c6ccccc65)cc4)cc3)c12,542.15
[*]C(=O)c1cccc2cccc(C(=O)c3ccc(Oc4ccc(Oc5ccc([*])cc5)cc4)cc3)c12,475.15
[*]C(=O)c1ccccc1-c1ccccc1C(=O)c1ccc(Oc2ccc(-c3ccc(Oc4ccc([*])cc4)cc3)cc2)cc1,466.15
[*]C(=O)c1ccccc1-c1ccccc1C(=O)c1ccc(Oc2ccc(C(c3ccc(Oc4ccc([*])cc4)cc3)(C(F)(F)F)C(F)(F)F)cc2)cc1,451.65
[*]C(=O)c1ccccc1-c1ccccc1C(=O)c1ccc(Oc2ccc(C3(c4ccc(Oc5ccc([*])cc5)cc4)c4ccccc4-c4ccccc43)cc2)cc1,502.15
[*]C(=O)c1ccccc1-c1ccccc1C(=O)c1ccc(Oc2ccc(Oc3ccc([*])cc3)cc2)cc1,448.15
[*]C(=O)c1ccccc1-n1c(=O)c2cc3c(=O)n(-c4ccc([*])cc4)c(=O)c3cc2c1=O,594.15
[*]C(=S)Nc1ccc(Oc2ccc(NC(=S)n3c(=O)c4cc5c(=O)n([*])c(=O)c5cc4c3=O)cc2)cc1,538.15
[*]C(C#N)=Cc1ccc(N(c2ccccc2)c2ccc(C=C(C#N)c3cc(OCCCCCCCC)c([*])cc3OCCCCCCCC)cc2)cc1,351.15
[*]C(C#N)CC(C)(C)C([*])CCC(C)(O)C=C,323.15
[*]C(C(=O)OC)C([*])C(=O)OC(C)(C)C,357.15
[*]C(C)C([*])C(=O)OC(C)C,422.15
[*]C(C)C([*])C(=O)OC12CC3CC(C)(CC(C)(C3)C1)C2,467.65
[*]C(C)C([*])C(=O)OC12CC3CC(CC(C3)C1)C2,509.65
[*]C(C)C([*])C(=O)OCC,430.15
[*]C(C)C([*])C(=O)OCCC,389.15
[*]C(C)C([*])C(=O)OCCCC,363.15
[*]C(CC(C)(C)C([*])CCC(C)(O)C=C)OC(C)=O,358.15
[*]C(CC(c1ccccn1)C([*])c1ccccc1)c1ccccn1,423.15
[*]C(CC1C(=O)NC(=O)C1[*])c1ccccc1,519.15
[*]C(CC1C(=O)OC(=O)C1[*])OC1CCCCC1,474.15
[*]C(CC1C(=O)OC(=O)C1[*])c1ccccc1,485.15
[*]C(Cn1c(=O)c2cc3c(=O)n([*])c(=O)c3cc2c1=O)N1C(=O)c2ccccc2C1=O,463.15
[*]C(F)(F)C([*])(F)C(F)(F)C(F)(F)C(F)(F)C(F)(F)C(F)(F)F,505.65
[*]C(F)(F)C([*])(F)C(F)(F)F,431.65
[*]C(F)(F)C([*])(F)OC(F)(F)C(F)(F)C(F)(F)C(F)(F)F,263.15
[*]C(F)(F)C([*])(F)OC(F)(F)C(F)(F)F,302.15
[*]C(F)(F)C([*])(F)OC(F)(F)F,268.15
[*]C(F)(F)C([*])(F)OC(F)C(F)F,308.15
[*]C(F)(F)C([*])(F)c1c(F)c(F)c(F)c(F)c1F,467.15
[*]C(F)(F)C([*])(F)c1ccccc1,479.15
[*]C(F)(F)C([*])(OC(F)(F)F)OC(F)(F)F,213.15
[*]C(F)(F)C1(F)C(F)(F)C([*])(F)C(F)(F)C(F)(Cl)C1(F)F,420.15
[*]C(F)(F)C1(F)C(F)(F)C([*])(F)C(F)(F)C(F)(F)C(F)(F)C1(F)F,471.15
[*]C(F)(F)C1(F)C(F)(F)C([*])(F)C(F)(F)C(F)(F)C1(F)F,374.15
[*]C(F)(F)C1(F)C(F)(F)C([*])(F)C1(F)F,395.15
[*]C(F)(F)C1([*])OC(F)(C(F)(F)F)C(F)(C(F)(F)F)O1,438.15
[*]C(F)(F)C1([*])OC(F)(F)C(F)(C(F)(F)F)O1,408.15
[*]C(F)(F)C1([*])OC(F)(F)C(F)(F)O1,381.15
[*]C(F)C([*])(F)F,304.6
[*]C(F)C([*])(F)OC(F)(F)F,263.15
[*]C(F)C([*])C(F)(F)F,360.15
[*]C(OC(F)(F)F)C([*])(F)F,263.15
[*]C([*])(F)Cl,350.15
[*]C([*])C(=O)OC,358.9
[*]C([*])C(=O)OC(C)C,343.15
[*]C([*])C(=O)OC1CCCCC1,413.15
[*]C([*])C(=O)OCC,286.65
[*]C([*])C(=O)OCCC,258.15
[*]C([*])F,375.15
[*]C([*])O,407.15
[*]C([2H])([2H])C([*])(C(=O)OC([2H])([2H])C([2H])([2H])[2H])C([2H])([2H])[2H],367.15
[*]C([2H])([2H])C([*])(C(=O)OC([2H])([2H])[2H])C([2H])([2H])[2H],388.15
[*]C([2H])([2H])C([*])([2H])C([2H])([2H])[2H],273.15
[*]C([2H])([2H])C([*])([2H])C([2H])=C([2H])[2H],274.15
[*]C([2H])([2H])C([*])([2H])Cl,358.15
[*]C([2H])([2H])C([*])([2H])c1c([2H])c([2H])c([2H])c([2H])c1[2H],370.15
[*]C(c1ccc(N(C)C)cc1)C([*])c1ccc([N+](=O)[O-])cc1,412.15
[*]C/C=C/CC(=O)OCCCCCCCCCCCCCCCCOC([*])=O,251.15
[*]C/C=C/N(/C=C/CC1CC(=O)N(c2ccc(Cc3ccc(N4C(=O)CC([*])C4=O)cc3)cc2)C1=O)c1ccc(/N=N/c2ccc([N+](=O)[O-])cc2)cc1,550.15
[*]C1(C)CC([*])(C)C(=O)N(C)C1=O,443.15
[*]C1(F)OC(C(F)(F)F)(C(F)(F)Cl)OC1([*])F,603.15
[*]C1=C(c2ccc(-c3ccc4c(c3)C(CCCCCC)(CCCCCC)c3cc(-c5ccc([*])cc5)ccc3-4)cc2)C(=O)N(CCCCCCCC)C1=O,395.15
[*]C1=C(c2ccc(-c3ccc4c(c3)C(CCCCCC)(CCCCCC)c3cc(-c5ccc([*])cc5)ccc3-4)cc2)C(=O)N(CCCCCCCCCCCC)C1=O,373.15
[*]C1=C(c2ccccc2)C(=O)N(c2ccc(C3(c4ccc(N5C(=O)C(c6ccccc6)=C(c6ccc([*])cc6)C5=O)cc4)c4ccccc4-c4ccccc43)cc2)C1=O,613.15
[*]C1=C(c2ccccc2)C(=O)N(c2ccc(Oc3ccc(-c4ccc(Oc5ccc(N6C(=O)C(c7ccccc7)=C(c7ccc([*])cc7)C6=O)cc5)cc4)cc3)cc2)C1=O,555.15
[*]C1=C(c2ccccc2)C(=O)N(c2ccc(Oc3ccc(N4C(=O)C(c5ccccc5)=C(c5ccc([*])cc5)C4=O)cc3)cc2)C1=O,566.15
[*]C1=C(c2ccccc2)C(=O)N(c2ccc(Oc3ccc(Oc4ccc(N5C(=O)C(c6ccccc6)=C(c6ccc([*])cc6)C5=O)cc4)cc3)cc2)C1=O,540.15
[*]C1C(=O)N(C(C)(C)C)C(=O)C1[*],468.15
[*]C1C(=O)N(C(C)CC)C(=O)C1[*],478.15
[*]C1C(=O)N(C2CCCCC2)C(=O)C1[*],505.15
[*]C1C(=O)N(CCCCCCCCOc2ccc(-c3ccc(C#N)cc3)cc2)C(=O)C1[*],316.15
[*]C1C(=O)N(CCCCCCCOc2ccc(-c3ccc(C#N)cc3)cc2)C(=O)C1[*],334.15
[*]C1C(=O)N(CCCCCCOc2ccc(-c3ccc(C#N)cc3)cc2)C(=O)C1[*],349.15
[*]C1C(=O)N(CCCCCOc2ccc(-c3ccc(C#N)cc3)cc2)C(=O)C1[*],348.15
[*]C1C(=O)N(CCCCOc2ccc(-c3ccc(C#N)cc3)cc2)C(=O)C1[*],388.15
[*]C1C(=O)N(CCCOc2ccc(-c3ccc(C#N)cc3)cc2)C(=O)C1[*],403.15
[*]C1C(=O)N(CCOc2ccc(-c3ccc(C#N)cc3)cc2)C(=O)C1[*],423.15
[*]C1C(=O)N(c2c(CC)cccc2CC)C(=O)C1[*],561.15
[*]C1C(=O)N(c2cc(Br)c(O[Si](C)(C)C(C)(C)C)c(Br)c2)C(=O)C1[*],437.15
[*]C1C(=O)N(c2cc(Br)c(O[Si](C)(C)C)c(Br)c2)C(=O)C1[*],440.15
[*]C1C(=O)N(c2cc(Br)c(O[Si](CC)(CC)CC)c(Br)c2)C(=O)C1[*],433.15
[*]C1C(=O)N(c2cc(Br)c(O[Si](c3ccccc3)(c3ccccc3)c3ccccc3)c(Br)c2)C(=O)C1[*],452.15
[*]C1C(=O)N(c2ccc(O[Si](C)(C)C(C)(C)C)cc2)C(=O)C1[*],442.15
[*]C1C(=O)N(c2ccc(O[Si](C)(C)C)cc2)C(=O)C1[*],445.15
[*]C1C(=O)N(c2ccc(O[Si](CC)(CC)CC)cc2)C(=O)C1[*],438.15
[*]C1C(=O)N(c2ccc(O[Si](c3ccccc3)(c3ccccc3)c3ccccc3)cc2)C(=O)C1[*],456.15
[*]C1C(=O)N(c2ccccc2C(=O)OC)C(=O)C1[*],532.15
[*]C1C(=O)N(c2ccccc2C(=O)OCC)C(=O)C1[*],503.15
[*]C1C(=O)N(c2ccccc2C(=O)OCCCC)C(=O)C1[*],454.15
[*]C1C(=O)N(c2ccccc2C)C(=O)C1[*],608.15
[*]C1C(=O)OC(=O)C1C1C2CC(C(=O)OC(C)CC)C(C2)C1[*],448.15
[*]C1C(=O)OC(=O)C1C1C2CC(C(=O)OC3CCCCC3)C(C2)C1[*],468.15
[*]C1C(=O)OC(=O)C1C1C2CC(C(=O)OCCOCC)C(C2)C1[*],428.15
[*]C1C(=O)OC(=O)C1C1C2CC(COCCC)C(C2)C1[*],482.15
[*]C1C([*])C2CC1C(C(=O)OCC13CC4CC(CC(C4)C1)C3)C2C(=O)OCC12CC3CC(CC(C3)C1)C2,601.15
[*]C1C([*])C2CC1C(C(=O)OCC1CC3CCC1C3)C2C(=O)OCC1CC2CCC1C2,593.15
[*]C1C([*])C2CC1C(C(=O)OCCC13CC4CC(CC(C4)C1)C3)C2C(=O)OCCC12CC3CC(CC(C3)C1)C2,573.15
[*]C1C([*])C2CC1C(C(=O)OCCC1CC3CCC1C3)C2C(=O)OCCC1CC2CCC1C2,533.15
[*]C1C([*])C2CC1C(C(=O)OCCCc1ccccc1)C2C(=O)OCCCc1ccccc1,473.15
[*]C1C([*])C2CC1C(C(=O)OCCc1ccccc1)C2C(=O)OCCc1ccccc1,527.15
[*]C1C([*])C2CC1C(C(=O)OCc1ccccc1)C2C(=O)OCc1ccccc1,550.15
[*]C1C([*])C2CC1C(COCc1ccccc1)C2COCc1ccccc1,449.15
[*]C1C([*])C2CC1C1C=CCC12,418.15
[*]C1C2C/C(=C\C)C(C2)C1[*],334.55
[*]C1C2CC(C(=O)OCCc3ccc(N(c4ccccc4)c4cccc(C)c4)cc3)C(C2)C1[*],578.15
[*]C1C2CC(C(=O)OCCc3ccc(N(c4ccccc4)c4cccc5ccccc45)cc3)C(C2)C1[*],606.15
[*]C1C2CC(C(=O)OCCc3ccc(N(c4ccccc4)c4ccccc4)cc3)C(C2)C1[*],580.15
[*]C1C2CC(C)C(C2)C1[*],623.15
[*]C1C2CC(C1[*])C([Si](C)(C)C)C2,576.15
[*]C1C2CC(CCCCCCCCC(=O)OCC)C(C2)C1[*],407.15
[*]C1C2CC(CCCCc3ccccc3)C(C2)C1[*],421.15
[*]C1C2CCC(C2)C1S([*])(=O)=O,306.15
[*]C1C2CCC(C2)C1[*],513.15
[*]C1C=C(C)C2C(=O)N(c3ccc(N4C(=O)CC([*])C4=O)cc3)C(=O)C2C1,600.15
[*]C1C=C(C)C2C(=O)N(c3ccc(Oc4ccc(N5C(=O)CC([*])C5=O)cc4)cc3)C(=O)C2C1,551.15
[*]C1C=C(CCCCCC)C([*])S1,331.2
[*]C1C=CC([*])CC1,398.65
[*]C1CC(C)(C)CC(C)(CN2C(=O)c3ccc(-c4ccc5c(c4)C(=O)N([*])C5=O)cc3C2=O)C1,584.15
[*]C1CC(C)(C)CC(C)(CN2C(=O)c3ccc(C(=O)c4ccc5c(c4)C(=O)N([*])C5=O)cc3C2=O)C1,548.15
[*]C1CC(C)(C)CC(C)(CN2C(=O)c3ccc(C(c4ccc5c(c4)C(=O)N([*])C5=O)(C(F)(F)F)C(F)(F)F)cc3C2=O)C1,551.15
[*]C1CC(C)(C)CC(C)(CN2C(=O)c3ccc(Oc4ccc5c(c4)C(=O)N([*])C5=O)cc3C2=O)C1,539.15
[*]C1CC([*])(C#N)C1,493.15
[*]C1CC2CC1C([*])C2CCCC,508.15
[*]C1CC2CC1C([*])C2CCCCCC,525.15
[*]C1CCC(CC2CCC(N3C(=O)C4C5C=CC(C6C(=O)N([*])C(=O)C56)C4C3=O)CC2)CC1,512.15
[*]C1CCC([*])C1,338.25
[*]C1CCC2C(=O)N(c3ccc(Cc4ccc(N5C(=O)C6CCC([*])CC6C5=O)cc4)cc3)C(=O)C2C1,533.15
[*]C1CCC2C(=O)N(c3ccc(Oc4ccc(N5C(=O)C6CCC([*])CC6C5=O)cc4)cc3)C(=O)C2C1,530.15
[*]C1CCC2C(=O)N(c3ccc(Oc4ccc(Oc5ccc(N6C(=O)C7CCC([*])CC7C6=O)cc5)cc4)cc3)C(=O)C2C1,511.15
[*]C1CCC2C(=O)N(c3ccc(Oc4ccc(Oc5ccc(Oc6ccc(N7C(=O)C8CCC([*])CC8C7=O)cc6)cc5)cc4)cc3)C(=O)C2C1,490.15
[*]C1CCC2C(=O)N(c3ccc(Oc4ccc(S(=O)(=O)c5ccc(Oc6ccc(N7C(=O)C8CCC([*])CC8C7=O)cc6)cc5)cc4)cc3)C(=O)C2C1,529.65
[*]C1CCC2C(=O)N(c3ccc(Oc4cccc(Oc5ccc(N6C(=O)C7CCC([*])CC7C6=O)cc5)c4)cc3)C(=O)C2C1,488.15
[*]C1CCC2C(=O)N(c3cccc(N4C(=O)C5CCC([*])CC5C4=O)c3)C(=O)C2C1,536.15
[*]C1CCCC(S([*])(=O)=O)C1,381.15
[*]C1CCCCC1S([*])(=O)=O,350.15
[*]C1CCOC1[*],404.15
[*]C1Cc2ccccc2C1[*],461.65
[*]C1OC(C(F)(F)F)(C(F)(F)F)OC1([*])F,529.15
[*]C1OCCCC1C1C(=O)OC(=O)C1[*],483.15
[*]C1OCOC(C([*])(F)F)C1(F)F,398.15
[*]C1Oc2ccccc2C1[*],338.35
[*]C1c2cccc3cccc(c23)C1[*],523.15
[*]C=C(C#N)C(=O)OCCCCCCCCCCOC(=O)/C(C#N)=C/c1ccc2c(c1)c1cc([*])ccc1n2CCCCCCC,332.15
[*]C=C(C#N)C(=O)OCCCCCCCCCCOC(=O)/C(C#N)=C/c1ccc2c(c1)c1cc([*])ccc1n2CCCCCCCCCCCCCC,308.15
[*]C=C(C#N)C(=O)OCCCCCCOC(=O)/C(C#N)=C/c1ccc2c(c1)c1cc([*])ccc1n2CCCCCCC,360.15
[*]C=C(C#N)C(=O)OCCCCCCOC(=O)/C(C#N)=C/c1ccc2c(c1)c1cc([*])ccc1n2CCCCCCCCCCCCCC,326.15
[*]C=C(C#N)c1cc(OCCCCCCCC)c(C(C#N)=Cc2cc(OCCCCCCCC)c([*])cc2OC)cc1OC,447.15
[*]C=C(C#N)c1cc(OCCCCCCCCCC)c(C(C#N)=Cc2cc(OCCCCCCCCCC)c([*])cc2OC)cc1OC,471.15
[*]C=C(C#N)c1cc(OCCCCCCCCCCCC)c(C(C#N)=Cc2cc(OCCCCCCCCCCCC)c([*])cc2OC)cc1OC,454.15
[*]C=C(C#N)c1cc(OCCCCCCCCCCCCCCCC)c(C(C#N)=Cc2cc(OCCCCCCCCCCCCCCCC)c([*])cc2OC)cc1OC,463.15
[*]C=C(C#N)c1ccc2c3ccc(C(C#N)=Cc4cc(OCC(CC)CCCC)c([*])cc4OCC(CC)CCCC)cc3n(CC(CC)CCCC)c2c1,345.15
[*]C=C(C)CC([*])(C)C(=O)OC,297.15
[*]C=C([*])c1ccccc1,324.0
[*]C=C(c1ccc(C(=Cc2cc(OC)c([*])cc2OC)c2ccc(C(F)(F)F)cc2)cc1)c1ccc(C(F)(F)F)cc1,481.15
[*]C=C(c1ccc(F)cc1)c1ccc(-c2ccc(C(=Cc3cc(OC)c([*])cc3OC)c3ccc(F)cc3)cc2)cc1,474.15
[*]C=C(c1ccc(F)cc1)c1ccc(C(=Cc2cc(OC)c([*])cc2OC)c2ccc(F)cc2)cc1,466.15
[*]C=C(c1ccc(F)cc1)c1ccc(Oc2ccc(C(=Cc3cc(OC)c([*])cc3OC)c3ccc(F)cc3)cc2)cc1,460.15
[*]C=C(c1ccc(F)cc1)c1ccc2cc(C(=Cc3cc(OC)c([*])cc3OC)c3ccc(F)cc3)ccc2c1,481.15
[*]C=C(c1ccc(Oc2ccc(C(=Cc3cc(OC)c([*])cc3OC)c3ccc(C(F)(F)F)cc3)cc2)cc1)c1ccc(C(F)(F)F)cc1,467.15
[*]C=C(c1ccccc1)c1ccc(-c2ccc(C(=Cc3cc(OC)c([*])cc3OC)c3ccccc3)cc2)cc1,496.15
[*]C=C(c1ccccc1)c1ccc2c(c1)Sc1ccc(C(=Cc3cc(OCCCCCCCC)c([*])cc3OCCCCCCCC)c3ccccc3)cc1S2,366.15
[*]C=C(c1ccccc1)c1ccc2cc(C(=Cc3cc(OC)c([*])cc3OC)c3ccccc3)ccc2c1,471.15
[*]C=C1CC/C(=C\c2ccc(OC(=O)c3ccc(/N=C/c4ccc(/C=N/c5ccc(C(=O)Oc6ccc([*])cc6OC)cc5)cc4)cc3)c(OC)c2)C1=O,413.15
[*]C=C1CC/C(=C\c2ccc(OCCCCCCCCCCOP(=O)(OC)OCCCCCCCCCCOc3ccc([*])cc3OC)c(OC)c2)C1=O,321.15
[*]C=C1CC/C(=C\c2ccc(OCCCCCCCCOP(=O)(OC)OCCCCCCCCOc3ccc([*])cc3OC)c(OC)c2)C1=O,346.15
[*]C=C1CC/C(=C\c2ccc(OCCCCCCOP(=O)(OC)OCCCCCCOc3ccc([*])cc3OC)c(OC)c2)C1=O,347.15
[*]C=C1CC/C(=C\c2ccc(OCCCCOP(=O)(OC)OCCCCOc3ccc([*])cc3OC)c(OC)c2)C1=O,348.15
[*]C=C1CC/C(=C\c2ccc(OCCOP(=O)(OC)OCCOc3ccc([*])cc3OC)c(OC)c2)C1=O,372.15
[*]C=C1CCC/C(=C\c2cc(OC)c(OCCCCCCCCCCOc3c(OC)cc([*])cc3OC)c(OC)c2)C1=O,322.15
[*]C=C1CCC/C(=C\c2cc(OC)c(OCCCCCCCCOc3c(OC)cc([*])cc3OC)c(OC)c2)C1=O,335.15
[*]C=C1CCC/C(=C\c2cc(OC)c(OCCCCCCOc3c(OC)cc([*])cc3OC)c(OC)c2)C1=O,344.15
[*]C=C1CCC/C(=C\c2ccc(OC(=O)CCCCCCCCC(=O)Oc3ccc([*])cc3OC)c(OC)c2)C1=O,321.2
[*]C=C1CCC/C(=C\c2ccc(OC(=O)c3cccc(C(=O)Oc4ccc([*])cc4OC)c3)c(OC)c2)C1=O,331.01
[*]C=C1CCC/C(=C\c2ccc(OCC(=O)c3ccc(Oc4ccc(C(=O)COc5ccc([*])cc5OC)cc4)cc3)c(OC)c2)C1=O,484.9
[*]C=C1CCC/C(=C\c2ccc(OCCCCCCCCCCOc3ccc([*])cc3OC)c(OC)c2)C1=O,333.15
[*]C=C1CCC/C(=C\c2ccc(OCCCCCCCCOc3ccc([*])cc3OC)c(OC)c2)C1=O,345.15
[*]C=C1CCC/C(=C\c2ccc(OCCCCCCOc3ccc([*])cc3OC)c(OC)c2)C1=O,353.15
[*]C=CC(=O)NC(Cc1ccccc1)C(=O)OC/C=C/COC(=O)C(Cc1ccccc1)NC([*])=O,382.15
[*]C=CC(=O)NC(Cc1ccccc1)C(=O)OCCCCCCOC(=O)C(Cc1ccccc1)NC([*])=O,365.15
[*]C=CC(=O)NC(Cc1ccccc1)C(=O)OCCCCOC(=O)C(Cc1ccccc1)NC([*])=O,376.15
[*]C=CC(=O)NNC(=O)/C=C/C(=O)NCCCCCCNC([*])=O,375.55
[*]C=CC(=O)Nc1ccc(OC(=O)/C=C/C(=O)NNC(=O)/C=C/C(=O)Oc2ccc(NC(=O)/C=C/C(=O)NNC([*])=O)cc2)cc1,538.15
[*]C=CC(=O)Nc1ccc(OC(=O)c2ccccc2C(=O)NNC(=O)c2ccccc2C(=O)Oc2ccc(NC(=O)/C=C/C(=O)NNC([*])=O)cc2)cc1,513.15
[*]C=CC(=O)Nc1cccc(C=C2CCC(=Cc3cccc(NC(=O)C=CC(=O)NNC([*])=O)c3)C2=O)c1,377.75
[*]C=CC(=O)Nc1cccc(C=C2CCCC(=Cc3cccc(NC(=O)C=CC(=O)NNC([*])=O)c3)C2=O)c1,511.55
[*]C=CC(=O)OC1COC2C(OC([*])=O)COC12,333.15
[*]C=CC(=O)OCCCCOC([*])=O,366.15
[*]C=CC(=O)OCCOC(=O)/C=C/C(=O)NCCCCCCNC([*])=O,362.15
[*]C=CC(=O)OCCOC([*])=O,263.15
[*]C=CC(=O)OCCOCCOC(=O)/C=C/C(=O)NCCCCCCNC([*])=O,349.15
[*]C=CC(=O)OCCOCCOC([*])=O,264.95
[*]C=CC(=O)OCCOCCOCCOC(=O)/C=C/C(=O)NCCCCCCNC([*])=O,338.15
[*]C=CC(=O)OCCOCCOCCOCCOC(=O)/C=C/C(=O)NCCCCCCNC([*])=O,325.15
[*]C=CC(C(=O)OC12CC3CC(CC(C3)C1)C2)C([*])C,388.15
[*]C=CC(C(=O)OCC)C([*])C(=O)OCC,279.15
[*]C=CC(C(=O)OCCCCCCN(C)c1ccc(N(C)C)cc1)C([*])C,275.15
[*]C=CC(C(=O)OCCCN(C)c1ccc(N(C)C)cc1)C([*])C,284.65
[*]C=CC(C(=O)OCCN(C)c1ccc(N(C)C)cc1)C([*])C,293.65
[*]C=CC(C(=O)OCc1ccccc1)C([*])C(=O)OCc1ccccc1,294.15
[*]C=CC(C)C([*])(C)C(=O)OC,307.15
[*]C=CC(C)C([*])C(=O)OC,326.15
[*]C=CC(COCc1ccccc1)C([*])COCc1ccccc1,269.15
[*]C=CC([*])(C)C,264.15
[*]C=CC([*])(C)c1ccccc1,325.15
[*]C=CC1=C([*])CC(C(=O)OCC)(C(=O)OCC)C1,300.8
[*]C=CC1=CC(=C(C#N)C#N)C=C(/C=C/c2sc(-c3ccc(-c4ccc(-c5ccc(-c6sc([*])c(CCCCCC)c6CCCCCC)s5)s4)s3)c(CCCCCC)c2CCCCCC)O1,407.15
[*]C=CC1=CC(=C(C#N)C#N)C=C(/C=C/c2sc(-c3ccc(-c4ccc(-c5sc([*])c(CCCCCC)c5CCCCCC)s4)s3)c(CCCCCC)c2CCCCCC)O1,385.15
[*]C=CC1=CC(=C(C#N)C#N)C=C(/C=C/c2sc(-c3ccc(-c4sc([*])c(CCCCCC)c4CCCCCC)s3)c(CCCCCC)c2CCCCCC)O1,387.15
[*]C=CC1=CC(=C(C#N)C#N)C=C(/C=C/c2sc(-c3ccc4c(c3)C(CCCCCC)(CCCCCC)c3cc(-c5sc([*])c(CCCCCC)c5CCCCCC)ccc3-4)c(CCCCCC)c2CCCCCC)O1,388.15
[*]C=CC1=CC(=C(C#N)C#N)C=C(/C=C/c2sc(-c3ccc4c(c3)Sc3cc(-c5sc([*])c(CCCCCC)c5CCCCCC)ccc3N4CCCCCC)c(CCCCCC)c2CCCCCC)O1,403.15
[*]C=CC1CC([*])C(C(=O)OC(C)(C)C)C1C(=O)OC(C)(C)C,356.55
[*]C=CC1CC([*])C(C(=O)OC)C1C(=O)OC,350.45
[*]C=CC1CC([*])C(C(=O)OCCCCCCCCCCCOc2ccc(-c3ccc(C#N)cc3)cc2)C1C(=O)OCCCCCCCCCCCOc1ccc(-c2ccc(C#N)cc2)cc1,296.25
[*]C=CC1CC([*])C(C(=O)OCCCCCCOc2ccc(-c3ccc(C#N)cc3)cc2)C1C(=O)OCCCCCCOc1ccc(-c2ccc(C#N)cc2)cc1,328.95
[*]C=CC1CC([*])C(C(=O)Oc2ccccc2)C1C(=O)Oc1ccccc1,369.65
[*]C=CC1CC([*])C(F)(OC(F)(F)C(F)(F)C(F)(F)F)C1(F)F,350.15
[*]C=CC1CC([*])C/C1=C\C,394.15
[*]C=CC1CC([*])C2C(=O)N(CCC)C(=O)C12,412.15
[*]C=CC1CC([*])C2C(=O)N(CCCC)C(=O)C12,404.15
[*]C=CC1CC([*])C2C(=O)N(CCCCC)C(=O)C12,372.15
[*]C=CC1CC([*])C2C(=O)N(CCCCCC)C(=O)C12,360.15
[*]C=CC1CC([*])C2C(=O)N(CCCCCCC)C(=O)C12,332.15
[*]C=CC1CC([*])C2C(=O)N(CCCCCCCC)C(=O)C12,329.65
[*]C=CC1CC([*])C2C(=O)N(CCCCCCCCC)C(=O)C12,325.15
[*]C=CC1CC([*])C2C(=O)N(CCCCCCCCCC)C(=O)C12,319.15
[*]C=CC1CC([*])C2C(=O)N(CCCCCCCCCCCC)C(=O)C12,323.15
[*]C=CC1CC([*])C2C(=O)N(c3cc(C(F)(F)F)cc(C(F)(F)F)c3)C(=O)C12,435.15
[*]C=CC1CC([*])C2C(=O)N(c3ccc(C)cc3)C(=O)C12,495.15
[*]C=CC1CC([*])C2C(=O)N(c3cccc(C)c3)C(=O)C12,479.15
[*]C=CC1CC([*])C2C(=O)N(c3ccccc3)C(=O)C12,493.15
[*]C=CC1CC([*])C2C(=O)N(c3ccccc3C)C(=O)C12,521.15
[*]C=CC1CC([*])C2C=CCC12,326.15
[*]C=CC1CC([*])CC1(C#N)CC,407.15
[*]C=CC1CC([*])CC1(C#N)CCC,381.15
[*]C=CC1CC([*])CC1(C#N)CCCC,360.15
[*]C=CC1CC([*])CC1(C#N)C[Si](C)(C)C,401.15
[*]C=CC1CC([*])CC1(C#N)C[Si](C)(C)O[Si](C)(C)C,341.15
[*]C=CC1CC([*])CC1(C#N)[Si](C)(C)C,484.15
[*]C=CC1CC([*])CC1(C#N)[Si](C)(C)O[Si](C)(C)C,361.15
[*]C=CC1CC([*])CC1(C#N)[Si](C)(C)O[Si](C)(C)O[Si](C)(C)C,320.15
[*]C=CC1CC([*])CC1(C#N)[Si](C)(C)[Si](C)(C)C,393.15
[*]C=CC1CC([*])CC1C#N,413.15
[*]C=CC1CC([*])CC1C(=O)OC,338.15
[*]C=CC1CC([*])CC1C(=O)OCCCCCCCCOc1ccc(/C=C/c2ccc([N+](=O)[O-])cc2)cc1,324.15
[*]C=CC1CC([*])CC1C(=O)OCCNC(C)(C)C,302.15
[*]C=CC1CC([*])CC1C(=O)Oc1ccccc1,345.75
[*]C=CC1CC([*])CC1C1CC=CCC1,378.15
[*]C=CC1CC([*])CC1[Si](C)(C)C,386.15
[*]C=CC1CC([*])CC1[Si](C)(C)C[Si](C)(C)C,297.15
[*]C=CCC([*])C,238.15
[*]C=CCC([*])COCC(=O)OCCCCCCCCOc1ccc(/C=C/c2ccc([N+](=O)[O-])cc2)cc1,296.15
[*]C=CCC([*])OC,262.65
[*]C=CCS(=O)(=O)C([*])C,344.15
[*]C=CCS(=O)(=O)C([*])CC,343.25
[*]C=CNc1cccc(S(=O)(=O)c2cccc(N/C=C/C(=O)c3cccc(C([*])=O)c3)c2)c1,488.15
[*]C=C[Ge](C=C[Si]([*])(c1ccccc1)c1ccccc1)(c1ccccc1)c1ccccc1,301.15
[*]C=C[Ge]([*])(c1ccccc1)c1ccccc1,237.15
[*]C=C[Si]([*])(c1ccccc1)c1ccccc1,264.15
[*]C=Cc1cc(C(C)C)c(/C=C/c2cc(OC)c(OCCCCCCCCOc3c(OC)cc([*])cc3OC)c(OC)c2)cc1C(C)C,358.15
[*]C=Cc1cc(OC)c(C=Cc2cc(OC)c([*])cc2OCC(CC)CCCC)cc1OC,386.15
[*]C=Cc1cc(OC)c(C=Cc2cc(OCC(CC)CCCC)c([*])cc2OC)cc1OC,383.15
[*]C=Cc1cc(OC)c(OCCCCCCCCOc2c(OC)cc(/C=C/c3cc(CCCCCC)c([*])cc3CCCCCC)cc2OC)c(OC)c1,294.15
[*]C=Cc1cc(OC)c([*])cc1OCC(CC)CCCC,339.15
[*]C=Cc1cc(OC)c([*])cc1OCCC(C)CCCC(C)C,323.15
[*]C=Cc1cc(OCC(CC)CCCC)c([*])cc1-c1ccc(F)c(C(F)(F)F)c1,395.15
[*]C=Cc1cc(OCC(CC)CCCC)c([*])cc1-c1ccc(N(c2ccc(OC)cc2)c2ccc(OC)cc2)cc1,436.15
[*]C=Cc1cc(OCC(CC)CCCC)c([*])cc1OC,352.15
[*]C=Cc1cc(OCC2CC3CC2C2CCCC32)c([*])cc1OC,447.15
[*]C=Cc1cc(OCCC(C)CCCC(C)C)c([*])cc1OC,327.65
[*]C=Cc1cc(OCCCC)c([*])cc1OC,338.15
[*]C=Cc1cc(OCCCCCC)c(/C=N/c2ccc(C(=O)OCCCCOCCCCOCCCCOC(=O)c3ccc(/N=C/c4cc(OCCCCCC)c(/C=C/c5cc(OCCCCCC)c([*])cc5OCCCCCC)cc4OCCCCCC)cc3)cc2)cc1OCCCCCC,287.45
[*]C=Cc1cc(OCCCCCC)c([*])cc1OC,333.15
[*]C=Cc1cc(OCCCCCCCC)c([*])cc1OC,331.15
[*]C=Cc1cc(OCCCCCCCCCCCC)c([*])cc1OC,309.15
[*]C=Cc1cc(OCCc2ccccc2)c([*])cc1OC,394.15
[*]C=Cc1ccc(-c2ccc(C=Cc3cc(CCCCCCCCCC)c([*])cc3CCCCCCCCCC)nc2)cn1,341.15
[*]C=Cc1ccc(-c2nnc(-c3ccc(/C=C/c4ccc5c(c4)c4cc(-c6ccc7c(c6)c6cc([*])ccc6n7CCCCCCCC)ccc4n5CCCCCCCC)cc3)n2-c2ccccc2)cc1,430.15
[*]C=Cc1ccc(-c2nnc(-c3ccc(C=Cc4ccc5c(c4)c4cc([*])ccc4n5CCCCCCCC)cc3)n2-c2ccccc2)cc1,420.15
[*]C=Cc1ccc(/C=C(\Oc2ccccc2)c2ccc(/C(=C/c3ccc(C=Cc4cc(OC)c([*])cc4OC)cc3)c3ccc(Oc4ccccc4)cc3)cc2)cc1,448.15
[*]C=Cc1ccc(/C=C/C(=O)Nc2ccc(Cc3ccc(NC([*])=O)cc3)cc2)cc1,503.15
[*]C=Cc1ccc(/C=C/C(=O)OCCN(CCOC([*])=O)c2ccc(/N=N/c3ccc([N+](=O)[O-])cc3)cc2)cc1,393.15
[*]C=Cc1ccc(/C=C/C(=O)Oc2ccc(-c3ccc(OC([*])=O)cc3)cc2)cc1,516.15
[*]C=Cc1ccc(/C=C/C(=O)Oc2ccc(OC([*])=O)cc2)cc1,483.15
[*]C=Cc1ccc(/C=C/[Si](C)(C)c2ccc([Si]([*])(C)C)cc2)cc1,336.15
[*]C=Cc1ccc(/C=C/[Si](C)(C)c2cccc([Si]([*])(C)C)c2)cc1,306.15
[*]C=Cc1ccc(/C=C/[Si](C)(CCC(F)(F)F)c2ccc([Si]([*])(C)CCC(F)(F)F)cc2)cc1,328.85
[*]C=Cc1ccc(/C=C/[Si](C)(CCC(F)(F)F)c2cccc([Si]([*])(C)CCC(F)(F)F)c2)cc1,296.55
[*]C=Cc1ccc(/C=C/c2cc(OC)c(OCCCCCCCCCCCCOc3c(OC)cc([*])cc3OC)c(OC)c2)cc1,334.25
[*]C=Cc1ccc(/C=C/c2cc(OC)c(OCCCCCCCCCCOc3c(OC)cc([*])cc3OC)c(OC)c2)cc1,341.65
[*]C=Cc1ccc(/C=C/c2cc(OC)c(OCCCCCCCCOc3c(OC)cc([*])cc3OC)c(OC)c2)cc1,342.55
[*]C=Cc1ccc(/C=C/c2cc(OC)c(OCCCCCCOc3c(OC)cc([*])cc3OC)c(OC)c2)cc1,363.15
[*]C=Cc1ccc(/C=C/c2cc(OCCCCCCCC)c([*])cc2OCCCCCCCC)c2nsnc12,426.15
[*]C=Cc1ccc(/C=C/c2ccc(/C=C/c3cc(OC)c(OCCCCCCCCOc4c(OC)cc([*])cc4OC)c(OC)c3)cc2)cc1,351.85
[*]C=Cc1ccc(/C=C/c2ccc3c(c2)C(CCCCCCOc2ccc4ccc(=O)oc4c2)(CCCCCCOc2ccc4ccc(=O)oc4c2)c2cc([*])ccc2-3)cc1,377.15
[*]C=Cc1ccc(/C=C/c2ccc3c(c2)Sc2cc([*])ccc2N3c2ccc(OCCCCCCCCCCCC)cc2)cc1,440.15
[*]C=Cc1ccc(/C=C/c2ccc3c(c2)Sc2cc([*])ccc2N3c2ccc(OCCCCCCCCCCCC)cc2)s1,428.15
[*]C=Cc1ccc(C=CC(=O)Nc2ccc(Oc3ccc(NC([*])=O)cc3)cc2)cc1,478.15
[*]C=Cc1ccc(C=Cc2cc(OCCCCCCC)c([*])cc2OCCCCCCC)cc1,319.15
[*]C=Cc1ccc(C=Cc2cc(OCCCCCCCCC)c([*])cc2OCCCCCCCCC)cc1,317.15
[*]C=Cc1ccc(C=Cc2cc(OCCCCCCCCCCCC)c([*])cc2OCCCCCCCCCCCC)cc1,311.15
[*]C=Cc1ccc(C=Cc2cc(OCCCCCCCCCCCCCCCC)c([*])cc2OCCCCCCCCCCCCCCCC)cc1,306.15
[*]C=Cc1ccc(N(c2ccccc2)c2ccc(C=Cc3cc(OCC(CC)CCCC)c([*])cc3OC)cc2)cc1,420.15
[*]C=Cc1ccc(N(c2ccccc2)c2ccc(C=Cc3cc(OCCCCCCCC)c([*])cc3OCCCCCCCC)cc2)cc1,347.15
[*]C=Cc1ccc(OCCCCCCCCCCOC(=O)c2ccc(-c3nnc(-c4ccc(C(=O)OCCCCCCCCCCOc5ccc(/C=C/C([*])=O)cc5)cc4)o3)cc2)cc1,331.15
[*]C=Cc1ccc(OCCCCCCCCOC(=O)c2ccc(-c3nnc(-c4ccc(C(=O)OCCCCCCCCOc5ccc(/C=C/C([*])=O)cc5)cc4)o3)cc2)cc1,332.15
[*]C=Cc1ccc(OCCCCCCCCOc2ccc(/C=C/c3cc(OCCCCCCCC)c([*])cc3OCCCCCCCC)cc2)cc1,403.15
[*]C=Cc1ccc(OCCCCCCOC(=O)c2ccc(-c3nnc(-c4ccc(C(=O)OCCCCCCOc5ccc(/C=C/C([*])=O)cc5)cc4)o3)cc2)cc1,335.15
[*]C=Cc1ccc(OCCCCCOc2ccc(/C=C/C(=O)OCCN(CCOC([*])=O)c3ccc(/N=N/c4ccc([N+](=O)[O-])cc4)cc3)cc2)cc1,365.15
[*]C=Cc1ccc(OCCOCCOCCOc2ccc(/C=C/c3cc(OC)c([*])cc3OC)c3ccccc23)c2ccccc12,352.65
[*]C=Cc1ccc(Oc2cc3c4c(ccc5c6c(Oc7ccc(C=Cc8cc(OCCCCCCCC)c([*])cc8OCCCCCCCC)cc7)cc7c8c(ccc(c2c45)c86)C(=O)N(CCCCCCCC)C7=O)C(=O)N(CCCCCCCC)C3=O)cc1,376.15
[*]C=Cc1ccc(Oc2ccc(-c3nnc(-c4ccc(Oc5ccc([*])c6ccccc56)cc4)o3)cc2)cc1,486.15
[*]C=Cc1ccc(Oc2ccc(C3(c4ccc(Oc5ccc(C([*])=O)cc5)cc4)c4ccccc4-c4ccccc43)cc2)cc1,468.15
[*]C=Cc1ccc([*])cc1-c1c(OCC(CC)CCCC)ccc2cc(-c3ccccc3)ccc12,414.15
[*]C=Cc1ccc([*])cc1-c1c(OCC(CC)CCCC)ccc2ccccc12,391.15
[*]C=Cc1ccc([*])cc1-c1cc(OCCC(C)C)c(OCCC(C)C)cc1-c1ccccc1,437.15
[*]C=Cc1ccc([*])cc1-c1ccc(OCC(CC)CCCC)c2ccccc12,408.15
[*]C=Cc1ccc([*])cc1OCc1cc(OCCC(C)CCCC(C)C)cc(OCC(CC)CCCC)c1,500.15
[*]C=Cc1ccc([*])cc1OCc1cc(OCc2cc(OCCC(C)CCCC(C)C)cc(OCCC(C)CCCC(C)C)c2)cc(OCc2cc(OCC(CC)CCCC)cc(OCC(CC)CCCC)c2)c1,496.15
[*]C=Cc1ccc2c(c1)C(CC(CC)CCCC)(CC(CC)CCCC)c1cc([*])ccc1-2,438.15
[*]C=Cc1ccc2c(c1)C(CCCCCCOc1ccc3ccc(=O)oc3c1)(CCCCCCOc1ccc3ccc(=O)oc3c1)c1cc(C=Cc3ccc4c(c3)C(CCCCCC)(CCCCCC)c3cc([*])ccc3-4)ccc1-2,388.15
[*]C=Cc1ccc2c(c1)Sc1cc([*])ccc1N2c1ccc(OCCCCCCCCCCCC)cc1,402.15
[*]C=Cc1ccc2c3ccc(/C=C/c4sc([*])c(CC(CC)CCCC)c4CC(CC)CCCC)cc3n(CC(CC)CCCC)c2c1,333.15
[*]C=Cc1ccc2c3ccc(C=Cc4cc(OCC(CC)CCCC)c([*])cc4OCC(CC)CCCC)cc3n(CC(CC)CCCC)c2c1,334.15
[*]C=Cc1ccc2c3ccc([*])cc3n(-c3ccc(OCCCCCCCCCC)c(OCCCCCCCCCC)c3)c2c1,368.15
[*]C=Cc1cccc(/C=C/[Si](C)(C)c2ccc([Si]([*])(C)C)cc2)c1,311.25
[*]C=Cc1cccc(/C=C/[Si](C)(C)c2cccc([Si]([*])(C)C)c2)c1,301.85
[*]C=Cc1cccc(/C=C/[Si](C)(CCC(F)(F)F)c2ccc([Si]([*])(C)CCC(F)(F)F)cc2)c1,307.65
[*]C=Cc1cccc(/C=C/[Si](C)(CCC(F)(F)F)c2cccc([Si]([*])(C)CCC(F)(F)F)c2)c1,282.65
[*]C=Cc1cccc(N2C(=O)c3ccc(C(=O)Nc4cccc(NC([*])=O)c4)cc3C2=O)c1,530.65
[*]C=Cc1nc(/C=C/c2ccc3c(c2)C(CCCCCC)(CCCCCC)c2cc([*])ccc2-3)c(C#N)c(/C=C/c2ccc(N(c3ccccc3)c3ccccc3)cc2)c1C#N,451.15
[*]C=Cc1nc(C=Cc2cc(CCCCCCCCCCCCCCCC)c([*])cc2CCCCCCCCCCCCCCCC)c(C#N)c(/C=C/c2ccc(N(c3ccccc3)c3ccccc3)cc2)c1C#N,438.15
[*]C=Cc1nc(C=Cc2ccc3c(c2)c2cc([*])ccc2n3CCCCCC)c(C#N)c(/C=C/c2ccc(N(c3ccccc3)c3ccccc3)cc2)c1C#N,407.15
[*]C=NNC(=O)CSc1nnc(SCC(=O)N/N=C/c2ccc(OCCCCCCCCCCOc3ccc([*])cc3OC)c(OC)c2)s1,429.15
[*]C=Nc1cc(C)c(N2C(=O)c3ccc4c5ccc6c7c(ccc(c8ccc(c3c48)C2=O)c75)C(=O)N(c2cc(C)c(/N=C/c3ccc(OCc4ccc(COc5ccc([*])cc5OC)cc4)c(OC)c3)cc2C)C6=O)cc1C,418.15
[*]C=Nc1cc(C)c(N2C(=O)c3ccc4c5ccc6c7c(ccc(c8ccc(c3c48)C2=O)c75)C(=O)N(c2cc(C)c(/N=C/c3ccc(OCc4ccccc4COc4ccc([*])cc4OC)c(OC)c3)cc2C)C6=O)cc1C,416.15
[*]C=Nc1ccc(C(=O)OCCCCOCCCCOCCCCOC(=O)c2ccc(/N=C/c3cc(OCCC(C)CCCC(C)C)c([*])cc3OCCC(C)CCCC(C)C)cc2)cc1,268.35
[*]C=Nc1ccc(C(=O)OCCCCOCCCCOCCCCOC(=O)c2ccc(/N=C/c3ccc4c(c3)c3cc([*])ccc3n4CC(CC)CCCC)cc2)cc1,278.35
[*]C=Nc1ccc(N=Cc2cc(OCCCCCCCC)c([*])cc2OCCCCCCCC)cc1,305.85
[*]CC(=O)C([*])C,296.15
[*]CC(=O)C([*])c1ccc(C(C)(C)C)cc1,431.15
[*]CC(=O)C([*])c1ccccc1,383.15
[*]CC(=O)N1CCC(C)(CCCC2(C)CCN(C(=O)C([*])C)CC2)CC1,345.15
[*]CC(=O)NC([*])C,398.15
[*]CC(=O)NCCCCCCCCNC([*])=O,328.15
[*]CC(=O)NCCCCCCNC(=O)CC(C)(C)c1ccc(C([*])(C)C)cc1,364.15
[*]CC(=O)NCCCCCCNC(=O)CC(C)c1ccc(C([*])C)cc1,361.15
[*]CC(=O)NCCCCCCNC(=O)CCc1ccc(C([*])C)cc1,350.15
[*]CC(=O)NCCCCCCNC([*])=O,323.15
[*]CC(=O)NCCCCCNC([*])=O,338.15
[*]CC(=O)NCCCCNC([*])=O,346.15
[*]CC(=O)Nc1ccc(-c2ccc(NC(=O)Cc3cc(C)c([*])cc3C)cc2)cc1,444.15
[*]CC(=O)Nc1ccc(-c2ccc(NC(=O)Cc3cc([*])c(C)cc3C)cc2)cc1,503.15
[*]CC(=O)Nc1ccc(NC(=O)Cc2cc(C)c([*])cc2C)cc1,448.15
[*]CC(=O)Nc1ccc(NC(=O)Cc2cc([*])c(C)cc2C)cc1,481.15
[*]CC(=O)Nc1cccc(NC(=O)Cc2cc(C)c([*])cc2C)c1,522.15
[*]CC(=O)Nc1cccc(NC(=O)Cc2cc([*])c(C)cc2C)c1,495.15
[*]CC(=O)OC([*])(C)C(F)(F)F,300.15
[*]CC(=O)OC([*])C,276.55
[*]CC(=O)OC([*])C(C)(Cl)Cl,382.15
[*]CC(=O)OC([*])CC,257.75
[*]CC(=O)OC([*])CCCCC,240.15
[*]CC(=O)OC([*])CCCCCC,226.15
[*]CC(=O)OC([*])CCCCCCC=C,223.15
[*]CC(=O)OCCCCCCCCCCCCCCCCCCCCOC([*])=O,238.05
[*]CC(=O)OCCCCCCOc1ccc(-n2on2-c2ccc(OCCCCCCOC([*])=O)cc2)cc1,289.15
[*]CC(=O)OCCCS(=O)(=O)c1ccc(/N=N/c2ccc(N([*])CCCC)cc2)cc1,365.55
[*]CC(=O)OCCOC([*])C,236.05
[*]CC(=O)OCCOCCOC([*])=O,231.65
[*]CC(=O)O[*],318.15
[*]CC(C#N)(C#N)CC([*])c1ccc(OC(C)=O)cc1,453.15
[*]CC(C(=O)O)C(C(=O)O)C([*])OC,417.15
[*]CC(C(=O)OC)C(C(=O)OC)C([*])OCC,323.15
[*]CC(C(=O)OC)C(C(=O)OC)C([*])OCCCC,305.65
[*]CC(C)(C(=O)OC)C(C)(C(=O)OC)C([*])OCC,404.15
[*]CC(C)(C(=O)OC)C(C)(C(=O)OC)C([*])OCCCC,370.65
[*]CC(C)(C)C1C(=O)N(C(C)C)C(=O)C1[*],418.15
[*]CC(C)(C)C1C(=O)N(C)C(=O)C1[*],429.65
[*]CC(C)(C)C1C(=O)N(CCCC)C(=O)C1[*],353.15
[*]CC(C)(C)C1C(=O)N(c2c(C)cccc2C)C(=O)C1[*],510.15
[*]CC(C)(C)C1C(=O)N(c2c(CC)cccc2CC)C(=O)C1[*],483.15
[*]CC(C)(C)C1C(=O)N(c2ccccc2C)C(=O)C1[*],480.15
[*]CC(C)(C)CC(=O)NCc1ccc(CNC(=O)C([*])C)cc1,398.15
[*]CC(C)(C)O[*],313.65
[*]CC(C)(C)S[*],259.15
[*]CC(C)(C)c1ccc(OCC(O)COc2ccc(C([*])C)cc2)cc1,348.15
[*]CC(C)C([*])(C)C,310.15
[*]CC(C)CC([*])(C)C(=O)OC,289.15
[*]CC(CBr)O[*],259.15
[*]CC(CC(C)C)S([*])(=O)=O,296.15
[*]CC(CC(Cl)(Cl)Cl)O[*],237.15
[*]CC(CC([*])(C#N)C#N)c1ccc(CCl)cc1,453.15
[*]CC(CC([*])(C#N)C#N)c1ccc(Cl)cc1,453.15
[*]CC(CC([*])(C#N)C#N)c1ccc(F)cc1,453.15
[*]CC(CC([*])(F)F)(C(F)(F)F)C(F)(F)F,405.15
[*]CC(CC)C(=O)NCCCCCCNC(=O)C([*])CC,367.15
[*]CC(CC)N([*])C(=O)CCCC,325.15
[*]CC(CC)O[*],201.65
[*]CC(CC)S[*],226.15
[*]CC(CCCC)O[*],204.15
[*]CC(CCCCCC)O[*],206.15
[*]CC(CCCCCCCCCC)O[*],232.15
[*]CC(CCOc1ccccc1)OC([*])=O,293.15
[*]CC(CCc1ccccc1)OC([*])=O,291.15
[*]CC(CN1C(=O)C2C3C=CC(C3)C2C1=O)O[*],360.65
[*]CC(COC(=O)CCCCCCCCCCN1C(=O)C2C3C=CC(C3)C2C1=O)O[*],242.15
[*]CC(COC(=O)CCCCCN1C(=O)C2C3C=CC(C3)C2C1=O)O[*],274.15
[*]CC(COC(=O)c1ccc(N2C(=O)C3C4C=CC(C4)C3C2=O)cc1)O[*],335.65
[*]CC(COC(C)(C)C)O[*],249.15
[*]CC(COC(C)C)O[*],206.15
[*]CC(COC(F)(C(F)(F)F)C(F)(F)F)O[*],230.15
[*]CC(COCC)O[*],212.15
[*]CC(COCC=C)S[*],214.15
[*]CC(COCCCC)O[*],194.15
[*]CC(COCCCCCC)O[*],187.65
[*]CC(COCCOCCOC)O[*],216.15
[*]CC(COCOCC(C)([N+](=O)[O-])[N+](=O)[O-])O[*],258.15
[*]CC(COc1ccc(-c2ccc(C#N)cc2)cc1)O[*],367.3
[*]CC(COc1ccc(-c2ccc(OC)cc2)cc1)O[*],384.15
[*]CC(COc1ccccc1)OC([*])=O,293.15
[*]CC(COc1ccccc1)O[*],315.15
[*]CC(CS(=O)(=O)C(C)C)O[*],337.15
[*]CC(CS(=O)(=O)CC)O[*],330.15
[*]CC(CS(=O)(=O)CCC)O[*],316.15
[*]CC(CS(=O)(=O)CCCC)O[*],310.15
[*]CC(CS(=O)(=O)CCCCC)O[*],312.15
[*]CC(CS(C)(=O)=O)O[*],358.15
[*]CC(CSC(C)C)O[*],229.15
[*]CC(CSC)O[*],236.15
[*]CC(CSCC)O[*],216.15
[*]CC(CSCCC)O[*],212.15
[*]CC(CSCCCC)O[*],208.15
[*]CC(CSCCCCC)O[*],205.15
[*]CC(C[N-][N+]#N)O[*],238.15
[*]CC(C[Si]([*])(C)C)c1cccc2ccccc12,312.15
[*]CC(C[Si]([*])(C)C)c1ccccc1,268.15
[*]CC(Cc1ccc(-c2ccccc2)cc1)C[Si]([*])(C)C,301.15
[*]CC(Cc1cccc2ccccc12)C[Si]([*])(C)C,290.15
[*]CC(F)(F)C1(F)C([*])CC(O)(C(F)(F)F)C1(F)F,425.15
[*]CC(F)(F)C1(F)CC(C(O)(C(F)(F)F)C(F)(F)F)CC1[*],391.15
[*]CC(F)(F)C1(F)CC(CC(O)(C(F)(F)F)C(F)(F)F)CC1[*],371.15
[*]CC(O)C(O)CN([*])c1ccc(N(C)C)cc1,345.15
[*]CC(O)CCCCC(O)CN([*])c1ccc(N(C)C)cc1,345.15
[*]CC(O)CCCS(=O)(=O)c1ccc(C#Cc2ccc(N([*])CCCC)cc2)cc1,321.15
[*]CC(O)CN(CC(O)CN([*])c1ccc(/N=N/c2ccc([N+](=O)[O-])cc2)cc1)c1ccccc1,343.15
[*]CC(O)CN([*])c1cc(C)c(/N=N/c2ccc(C#N)cc2)c(C)c1,423.15
[*]CC(O)CN([*])c1cc(C)c(/N=N/c2ccc(Cl)cc2)c(C)c1,423.15
[*]CC(O)CN([*])c1cc(C)c(/N=N/c2ccc([N+](=O)[O-])cc2)c(C)c1,425.15
[*]CC(O)CN([*])c1cc(C)c(/N=N/c2ccc([N+](=O)[O-])cc2C)c(C)c1,422.15
[*]CC(O)CN([*])c1cc(C)cc(C)c1,353.15
[*]CC(O)CN([*])c1ccc(/N=N/c2ccc(C(=O)O)cc2)cc1,372.15
[*]CC(O)CN([*])c1ccc(/N=N/c2ccc([N+](=O)[O-])cc2C)cc1,429.15
[*]CC(O)COCCCCOCC(O)CN([*])c1ccc(N(C)C)cc1,304.15
[*]CC(O)COc1ccc(-c2ccc(OCC(O)CN(C)S(=O)(=O)c3cccc(S(=O)(=O)N([*])C)c3)cc2)cc1,331.15
[*]CC(O)COc1ccc(C(C)(C)c2ccc(OCC(O)CN(C)S(=O)(=O)c3ccc(-c4ccc(S(=O)(=O)N([*])C)cc4)cc3)cc2)cc1,374.15
[*]CC(O)COc1ccc(C(C)(C)c2ccc(OCC(O)CN(C)S(=O)(=O)c3cccc(S(=O)(=O)N([*])C)c3)cc2)cc1,349.15
[*]CC(O)COc1ccc(C2(c3ccc(OCC(O)CN(C)S(=O)(=O)c4cccc(S(=O)(=O)N([*])C)c4)cc3)c3ccccc3-c3ccccc32)cc1,400.15
[*]CC(O)COc1ccc(OCC(O)CN(C)S(=O)(=O)c2ccc(-c3ccc(S(=O)(=O)N([*])C)cc3)cc2)cc1,357.15
[*]CC(O)COc1ccc(OCC(O)CN(C)S(=O)(=O)c2cccc(S(=O)(=O)N([*])C)c2)cc1,339.15
[*]CC(O)COc1ccc(S(=O)(=O)c2ccc(OCC(O)CN(C)S(=O)(=O)c3cccc(S(=O)(=O)N([*])C)c3)cc2)cc1,373.15
[*]CC(O)COc1ccc(Sc2ccc(OCC(O)CN(C)S(=O)(=O)c3cccc(S(=O)(=O)N([*])C)c3)cc2)cc1,363.15
[*]CC(OC([*])=O)C(Cl)(Cl)Cl,436.65
[*]CC(OC)C(C(=O)OC)C([*])C(=O)OC,332.65
[*]CC(OC)C(C)(C(=O)OC)C([*])(C)C(=O)OC,407.15
[*]CC(OCC(C)C)C(C(=O)OC)C([*])C(=O)OC,317.65
[*]CC(OCC(C)C)C(C)(C(=O)OC)C([*])(C)C(=O)OC,398.65
[*]CC(O[*])C(C)(C)C,314.15
[*]CC(O[*])C1CC(F)(F)C1(F)F,248.15
[*]CC(O[*])c1ccccc1,307.15
[*]CC(O[*])c1ccco1,285.65
[*]CC(S[*])c1ccccc1,270.65
[*]CC([*])(C#N)C(=O)OC,420.65
[*]CC([*])(C#N)C(=O)OC(C)C,339.15
[*]CC([*])(C#N)C(=O)OCC,388.15
[*]CC([*])(C#N)C(=O)OCC(C)C,324.15
[*]CC([*])(C#N)C(=O)OCCCC,390.15
[*]CC([*])(C#N)C(=O)OCCCCCCC,375.15
[*]CC([*])(C(=O)OC)c1ccccc1,394.15
[*]CC([*])(C)C(=O)NC(=O)OC(C)COc1c(Br)cc(S(=O)(=O)c2cc(Br)c(OCC(C)O)c(Br)c2)cc1Br,318.15
[*]CC([*])(C)C(=O)NC(=O)OC(C)COc1ccc(S(=O)(=O)c2ccc(OCC(C)O)cc2)cc1,346.15
[*]CC([*])(C)C(=O)NC(=O)OCCOc1c(Br)cc(S(=O)(=O)c2cc(Br)c(OCCO)c(Br)c2)cc1Br,383.15
[*]CC([*])(C)C(=O)NC(=O)OCCOc1ccc(S(=O)(=O)c2ccc(OCCO)cc2)cc1,404.15
[*]CC([*])(C)C(=O)NC(=O)Oc1c(Br)cc(S(=O)(=O)c2cc(Br)c(O)c(Br)c2)cc1Br,389.15
[*]CC([*])(C)C(=O)NC(=O)Oc1ccc(S(=O)(=O)c2ccc(O)cc2)cc1,455.15
[*]CC([*])(C)C(=O)NC(C)c1cccc2ccccc12,444.15
[*]CC([*])(C)C(=O)NC(C)c1ccccc1,429.65
[*]CC([*])(C)C(=O)NC1C(O)OC(CO)C(O)C1O,363.65
[*]CC([*])(C)C(=O)Nc1ccc(C(=O)/C=C/c2ccc(OC)cc2)cc1,308.15
[*]CC([*])(C)C(=O)Nc1cccc(-c2nnc(-c3ccccc3)o2)c1,338.15
[*]CC([*])(C)C(=O)O,434.85
[*]CC([*])(C)C(=O)OC(C(F)(F)F)C(F)(F)F,348.15
[*]CC([*])(C)C(=O)OC(C)C(C)(C)C,381.15
[*]CC([*])(C)C(=O)OC(COc1cc2ccccc2c2ccccc12)COc1cc2ccccc2c2ccccc12,385.15
[*]CC([*])(C)C(=O)OC(COc1ccc(-c2ccccc2)cc1)COc1ccc(-c2ccccc2)cc1,358.15
[*]CC([*])(C)C(=O)OC(COc1cccc2ccccc12)COc1cccc2ccccc12,353.15
[*]CC([*])(C)C(=O)OC(F)(F)C(F)(F)C(F)(F)C(F)(F)C(F)(F)C(F)(F)C(F)(F)C(F)(F)F,322.15
[*]CC([*])(C)C(=O)OC(OCC)C(F)(F)F,333.15
[*]CC([*])(C)C(=O)OC1(C)C2CC3CC(C2)CC1C3,438.15
[*]CC([*])(C)C(=O)OC1(C)CCCN(c2ccc(/N=N/c3ccc(/C=C(\C#N)S(C)(=O)=O)cc3)cc2)C1,469.15
[*]CC([*])(C)C(=O)OC1(C)CCOC(=O)C1,383.15
[*]CC([*])(C)C(=O)OC12CC3CC(C)(CC(C)(C3)C1)C2,467.15
[*]CC([*])(C)C(=O)OC12CC3CC(CC(C3)C1)C2,456.15
[*]CC([*])(C)C(=O)OC1CC(C)CC(C)(C)C1,398.15
[*]CC([*])(C)C(=O)OC1CC(C)CCC1C(C)C,420.15
[*]CC([*])(C)C(=O)OC1CC2CC1C1C3CCC(C3)C21,472.15
[*]CC([*])(C)C(=O)OC1CC2CCC1(C)C2(C)C,453.65
[*]CC([*])(C)C(=O)OC1CCC(C(C)(C)C)CC1,373.15
[*]CC([*])(C)C(=O)OC1CCC(C)CC1,382.15
[*]CC([*])(C)C(=O)OC1CCC1,392.15
[*]CC([*])(C)C(=O)OC1CCC2CCCCC2C1,418.15
[*]CC([*])(C)C(=O)OC1CCCC(C)C1,362.15
[*]CC([*])(C)C(=O)OC1CCCC1,348.15
[*]CC([*])(C)C(=O)OC1CCCCC1C,358.15
[*]CC([*])(C)C(=O)OC1CCCCC1C(C)(C)C,458.15
[*]CC([*])(C)C(=O)OC1CCOCC1,426.65
[*]CC([*])(C)C(=O)OC1COC(CP(=O)(OCC)OCC)OC1,374.65
[*]CC([*])(C)C(=O)OCC#C,331.15
[*]CC([*])(C)C(=O)OCC#CO[Si](C)(C)C,330.15
[*]CC([*])(C)C(=O)OCC#N,364.15
[*]CC([*])(C)C(=O)OCC(=O)N1CCCC1,417.15
[*]CC([*])(C)C(=O)OCC(=O)N1CCOCC1,401.15
[*]CC([*])(C)C(=O)OCC(=O)Nc1cc(C)on1,401.15
[*]CC([*])(C)C(=O)OCC(=O)c1ccccc1,365.65
[*]CC([*])(C)C(=O)OCC(C)(C)C1OCC(C)(C)CO1,391.15
[*]CC([*])(C)C(=O)OCC(C)Oc1ccc(-c2ccc(-c3ccc(C#N)cc3)cc2)cc1,413.15
[*]CC([*])(C)C(=O)OCC(CC)CCCC,263.15
[*]CC([*])(C)C(=O)OCC(F)(F)C(F)(F)C(F)(F)C(F)(F)C(F)(F)C(F)(F)C(F)(F)C(F)F,258.15
[*]CC([*])(C)C(=O)OCC(F)(F)C(F)(F)C(F)(F)C(F)(F)C(F)(F)C(F)F,285.65
[*]CC([*])(C)C(=O)OCC(F)(F)C(F)(F)C(F)(F)C(F)F,320.15
[*]CC([*])(C)C(=O)OCC(F)(F)C(F)(F)F,350.15
[*]CC([*])(C)C(=O)OCC(O)C1CC(C)(c2ccccc2)C1,378.15
[*]CC([*])(C)C(=O)OCC(O)CO,357.55
[*]CC([*])(C)C(=O)OCC1(C)COC(C)(C)OC1,381.15
[*]CC([*])(C)C(=O)OCC1(C)COCOC1,415.15
[*]CC([*])(C)C(=O)OCC1(CC)COC1,378.15
[*]CC([*])(C)C(=O)OCC1CC(NC(=O)C2CC(NC(=O)OC(C)(C)C)CN2C(=O)OC(C)(C)C)CN1C(=O)C1CC(NC(=O)OC(C)(C)C)CN1C(=O)OC(C)(C)C,473.15
[*]CC([*])(C)C(=O)OCC1CC(NC(=O)OC(C)(C)C)CN1C(=O)OC(C)(C)C,400.15
[*]CC([*])(C)C(=O)OCC1CCC1,387.15
[*]CC([*])(C)C(=O)OCC1CCCO1,378.15
[*]CC([*])(C)C(=O)OCC1CO1,341.65
[*]CC([*])(C)C(=O)OCC1COC(=O)O1,397.15
[*]CC([*])(C)C(=O)OCC1COC(CP(=O)(OCC)OCC)O1,388.15
[*]CC([*])(C)C(=O)OCC1COC(c2ccccc2)O1,403.15
[*]CC([*])(C)C(=O)OCC1COCCOCCOCCO1,308.15
[*]CC([*])(C)C(=O)OCC1COCCOCCOCCOCCOC1,304.15
[*]CC([*])(C)C(=O)OCC1OC(n2ccc(=O)[nH]c2=O)C(O)C1O,416.65
[*]CC([*])(C)C(=O)OCC=C,367.15
[*]CC([*])(C)C(=O)OCCBr,325.15
[*]CC([*])(C)C(=O)OCCC#N,364.15
[*]CC([*])(C)C(=O)OCCC(C)CC(C)(C)C,274.15
[*]CC([*])(C)C(=O)OCCC(F)(F)C(F)(F)C(F)(F)C(F)(F)C(F)(F)C(F)(F)C(F)(F)C(F)(F)F,320.15
[*]CC([*])(C)C(=O)OCCC(F)(F)C(F)(F)C(F)(F)C(F)(F)F,296.15
[*]CC([*])(C)C(=O)OCCC1CCCCC1,383.15
[*]CC([*])(C)C(=O)OCCC1CCN(CCCCCCOc2ccc(/N=N/c3ccc([N+](=O)[O-])cc3)cc2)CC1,300.15
[*]CC([*])(C)C(=O)OCCC1CC[N+](C)(CCCCCCOc2ccc(/N=N/c3ccc([N+](=O)[O-])cc3)cc2)CC1,330.95
[*]CC([*])(C)C(=O)OCCCC1CCCCC1,333.15
[*]CC([*])(C)C(=O)OCCCCC,283.15
[*]CC([*])(C)C(=O)OCCCCC(F)(F)C(F)(F)C(F)(F)C(F)(F)C(F)(F)C(F)(F)F,296.15
[*]CC([*])(C)C(=O)OCCCCC(F)(F)C(F)(F)C(F)(F)C(F)(F)F,296.15
[*]CC([*])(C)C(=O)OCCCCC1CCCCC1,316.15
[*]CC([*])(C)C(=O)OCCCCCC(=O)Oc1ccc(OC(=O)c2ccc(OC)cc2)cc1,313.15
[*]CC([*])(C)C(=O)OCCCCCC(=O)Oc1ccc(OC(=O)c2ccc(OCC)cc2)cc1,316.15
[*]CC([*])(C)C(=O)OCCCCCC(=O)Oc1ccc(OC(=O)c2ccc(OCCC)cc2)cc1,318.15
[*]CC([*])(C)C(=O)OCCCCCC(=O)Oc1ccc(OC(=O)c2ccc(OCCCC)cc2)cc1,313.15
[*]CC([*])(C)C(=O)OCCCCCC(=O)Oc1ccc(OC(=O)c2ccc(OCCCCC)cc2)cc1,323.15
[*]CC([*])(C)C(=O)OCCCCCC(=O)Oc1ccc(OC(=O)c2ccc(OCCCCCC)cc2)cc1,317.15
[*]CC([*])(C)C(=O)OCCCCCCC(F)(F)C(F)(F)C(F)(F)C(F)(F)C(F)(F)C(F)(F)C(F)(F)C(F)(F)C(F)(F)C(F)(F)C(F)(F)C(F)(F)F,357.15
[*]CC([*])(C)C(=O)OCCCCCCC(F)(F)C(F)(F)C(F)(F)C(F)(F)F,296.15
[*]CC([*])(C)C(=O)OCCCCCCCC,262.15
[*]CC([*])(C)C(=O)OCCCCCCCC(C)C,232.0
[*]CC([*])(C)C(=O)OCCCCCCCC/C=C/CCCCCCCC,233.15
[*]CC([*])(C)C(=O)OCCCCCCCCCCCC,225.25
[*]CC([*])(C)C(=O)OCCCCCCCCCCCCCC,201.15
[*]CC([*])(C)C(=O)OCCCCCCCCCCCCCCC(=O)NC1OC(CO)C(OC2OC(CO)C(O)C(O)C2O)C(O)C1O,406.15
[*]CC([*])(C)C(=O)OCCCCCCCCCCCCCCC(=O)NC1OC(COC(C)=O)C(OC2OC(COC(C)=O)C(OC(C)=O)C(OC(C)=O)C2OC(C)=O)C(OC(C)=O)C1OC(C)=O,368.35
[*]CC([*])(C)C(=O)OCCCCCCCCCCCCCCCCCC,173.15
[*]CC([*])(C)C(=O)OCCCCCCCCCCCCOc1ccc(C(=O)Oc2ccc(-c3cccc(OC(=O)c4ccc(OC(=O)c5ccc(OCCCCCCCCCCCC)cc5)cc4)c3)cc2)cc1,347.65
[*]CC([*])(C)C(=O)OCCCCCCCCCCCCOc1ccc2cc(C(=O)Oc3ccccc3)ccc2c1,285.15
[*]CC([*])(C)C(=O)OCCCCCCCCCCCOc1ccc(/C=N/c2ccc(C#N)cc2)cc1,296.15
[*]CC([*])(C)C(=O)OCCCCCCCCCCCOc1ccc(/N=N/c2ccc(OC(=O)c3ccc4c(c3)OCCOCCOCCOCCO4)cc2)cc1,332.15
[*]CC([*])(C)C(=O)OCCCCCCCCCCCOc1ccc(C(=O)Oc2ccc(C#N)cc2)cc1,283.15
[*]CC([*])(C)C(=O)OCCCCCCCCCCCOc1ccc2cc(C(=O)Oc3ccccc3)ccc2c1,283.15
[*]CC([*])(C)C(=O)OCCCCCCCCCCCn1c2ccccc2c2ccccc21,304.15
[*]CC([*])(C)C(=O)OCCCCCCCCCCOc1ccc(/N=N/c2ccc(C#N)cc2)cc1,324.15
[*]CC([*])(C)C(=O)OCCCCCCCCCCOc1ccc(/N=N/c2ccc(C3OCC4(CO3)CC3C=CC4C3)cc2)cc1,376.35
[*]CC([*])(C)C(=O)OCCCCCCCCCCOc1ccc(/N=N/c2ccc(Cl)cc2)cc1,327.15
[*]CC([*])(C)C(=O)OCCCCCCCCCCOc1ccc(/N=N/c2ccc(F)cc2)cc1,322.15
[*]CC([*])(C)C(=O)OCCCCCCCCCCOc1ccc(/N=N/c2ccc(OC)cc2)cc1,335.15
[*]CC([*])(C)C(=O)OCCCCCCCCCCOc1ccc(/N=N/c2ccc([N+](=O)[O-])cc2)cc1,328.15
[*]CC([*])(C)C(=O)OCCCCCCCCCCOc1ccc(/N=N/c2ccccc2)cc1,329.15
[*]CC([*])(C)C(=O)OCCCCCCCCCCOc1ccc(C#Cc2cc(C)c(/C=C/c3ccncc3)cc2C)cc1,338.55
[*]CC([*])(C)C(=O)OCCCCCCCCCCOc1ccc(C#Cc2cc(OC)c(/C=C/c3ccncc3)cc2OC)cc1,360.25
[*]CC([*])(C)C(=O)OCCCCCCCCCCOc1ccc(C(=O)Oc2ccc(C(=O)/C=C/c3c(C)c4ccccc4n3C)cc2)cc1,345.15
[*]CC([*])(C)C(=O)OCCCCCCCCCCOc1ccc(C(=O)Oc2ccc(C(=O)/C=C/c3c(C)c4ccccc4n3CCCC)cc2)cc1,330.15
[*]CC([*])(C)C(=O)OCCCCCCCCCCOc1ccc(OC(=O)c2ccc(-c3ccc(OC)cc3)cc2)cc1,330.15
[*]CC([*])(C)C(=O)OCCCCCCCCCCOc1ccc(OC(=O)c2ccc(OC)c(Br)c2)cc1,302.15
[*]CC([*])(C)C(=O)OCCCCCCCCCCOc1ccc(OC(=O)c2ccc(OC)cc2)cc1,294.15
[*]CC([*])(C)C(=O)OCCCCCCCCCCOc1ccc(OC(=O)c2ccc(OCCCC)cc2)cc1,304.15
[*]CC([*])(C)C(=O)OCCCCCCCCCCOc1ccc(OC(=O)c2ccc(OCCCCCC)cc2)cc1,314.15
[*]CC([*])(C)C(=O)OCCCCCCCCCCOc1ccc(OC(=O)c2ccc(OCCCCCCCC)cc2)cc1,285.15
[*]CC([*])(C)C(=O)OCCCCCCCCCCOc1ccc2cc(C(=O)Oc3ccccc3)ccc2c1,297.15
[*]CC([*])(C)C(=O)OCCCCCCCCCCn1c2ccccc2c2cc(/C=C(\C#N)C(=O)OC)ccc21,331.15
[*]CC([*])(C)C(=O)OCCCCCCCCCCn1c2ccccc2c2cc(/C=C(\C#N)c3ccc([N+](=O)[O-])cc3)ccc21,313.15
[*]CC([*])(C)C(=O)OCCCCCCCCCCn1c2ccccc2c2cc(/C=C/C3=C(C#N)C(=C(C#N)C#N)OC3(C)C)ccc21,328.15
[*]CC([*])(C)C(=O)OCCCCCCCCCCn1c2ccccc2c2cc(/N=N/c3ccc([N+](=O)[O-])cc3)ccc21,309.15
[*]CC([*])(C)C(=O)OCCCCCCCCCCn1c2ccccc2c2cc(/N=N/c3ccc([N+](=O)[O-])cc3[N+](=O)[O-])ccc21,333.15
[*]CC([*])(C)C(=O)OCCCCCCCCCOc1ccc2cc(C(=O)Oc3ccccc3)ccc2c1,291.15
[*]CC([*])(C)C(=O)OCCCCCCCCOc1ccc(/N=N/c2ccc(C#N)cc2)cc1,308.15
[*]CC([*])(C)C(=O)OCCCCCCCCOc1ccc(/N=N/c2ccc(C3OCC4(CO3)CC3C=CC4C3)cc2)cc1,379.35
[*]CC([*])(C)C(=O)OCCCCCCCCOc1ccc(C(=O)Oc2ccc(C(=O)/C=C/c3c(C)c4ccccc4n3C)cc2)cc1,348.15
[*]CC([*])(C)C(=O)OCCCCCCCCOc1ccc(C(=O)Oc2ccc(C(=O)/C=C/c3c(C)c4ccccc4n3CCCC)cc2)cc1,342.15
[*]CC([*])(C)C(=O)OCCCCCCCCOc1ccc2cc(C(=O)Oc3ccccc3)ccc2c1,307.15
[*]CC([*])(C)C(=O)OCCCCCCCOc1ccc2cc(C(=O)Oc3ccccc3)ccc2c1,313.15
[*]CC([*])(C)C(=O)OCCCCCCN(C)c1ccc(/N=N/c2ccc(S(C)(=O)=O)cc2)cc1,373.15
[*]CC([*])(C)C(=O)OCCCCCCN(C)c1ccc(N(C)C)cc1,281.65
[*]CC([*])(C)C(=O)OCCCCCCN1CCN(c2ccc(/N=N/c3ccc(C#N)cc3)cc2)CC1,350.15
[*]CC([*])(C)C(=O)OCCCCCCN1CCN(c2ccc(/N=N/c3ccc(C=C(C#N)C#N)cc3)cc2)CC1,356.15
[*]CC([*])(C)C(=O)OCCCCCCN1CCN(c2ccc(/N=N/c3ccc([N+](=O)[O-])cc3)cc2)CC1,333.15
[*]CC([*])(C)C(=O)OCCCCCCOc1ccc(-c2ccc(C#N)cc2)cc1,336.15
[*]CC([*])(C)C(=O)OCCCCCCOc1ccc(/C=N/c2ccc(C#N)cc2)cc1,308.15
[*]CC([*])(C)C(=O)OCCCCCCOc1ccc(/N=N/c2ccc(C#N)cc2)cc1,334.15
[*]CC([*])(C)C(=O)OCCCCCCOc1ccc(/N=N/c2ccc(C3OCC4(CO3)CC3C=CC4C3)cc2)cc1,391.65
[*]CC([*])(C)C(=O)OCCCCCCOc1ccc(/N=N/c2ccc(OC)cc2)cc1,364.15
[*]CC([*])(C)C(=O)OCCCCCCOc1ccc(/N=N/c2ccc(OCCCC)cc2)cc1,352.15
[*]CC([*])(C)C(=O)OCCCCCCOc1ccc(/N=N/c2ccc(OCCCCCCCCCC)cc2)cc1,383.15
[*]CC([*])(C)C(=O)OCCCCCCOc1ccc(/N=N/c2ccc([N+](=O)[O-])cc2)cc1,381.15
[*]CC([*])(C)C(=O)OCCCCCCOc1ccc(/N=N/c2ccncc2)cc1,315.15
[*]CC([*])(C)C(=O)OCCCCCCOc1ccc(C(=O)Oc2ccc(-c3cccc(OC(=O)c4ccc(OC(=O)c5ccc(OCCCCCCCCCCCC)cc5)cc4)c3)cc2)cc1,346.15
[*]CC([*])(C)C(=O)OCCCCCCOc1ccc(C(=O)Oc2ccc(/N=N/c3ccc(Br)cc3)c3ccccc23)cc1,319.15
[*]CC([*])(C)C(=O)OCCCCCCOc1ccc(C(=O)Oc2ccc(/N=N/c3ccc(C#N)cc3)c3ccccc23)cc1,314.15
[*]CC([*])(C)C(=O)OCCCCCCOc1ccc(C(=O)Oc2ccc(/N=N/c3ccc(C)cc3)c3ccccc23)cc1,313.15
[*]CC([*])(C)C(=O)OCCCCCCOc1ccc(C(=O)Oc2ccc(/N=N/c3ccc(Cl)cc3)c3ccccc23)cc1,323.15
[*]CC([*])(C)C(=O)OCCCCCCOc1ccc(C(=O)Oc2ccc(/N=N/c3ccc(F)cc3)c3ccccc23)cc1,315.15
[*]CC([*])(C)C(=O)OCCCCCCOc1ccc(C(=O)Oc2ccc(/N=N/c3ccc(I)cc3)c3ccccc23)cc1,313.15
[*]CC([*])(C)C(=O)OCCCCCCOc1ccc(C(=O)Oc2ccc(/N=N/c3ccccc3)c3ccccc23)cc1,319.15
[*]CC([*])(C)C(=O)OCCCCCCOc1ccc(C(=O)Oc2ccc(C#N)cc2)cc1,316.15
[*]CC([*])(C)C(=O)OCCCCCCOc1ccc(C(=O)Oc2ccc(C(=O)/C=C/c3c(C)c4ccccc4n3C)cc2)cc1,371.15
[*]CC([*])(C)C(=O)OCCCCCCOc1ccc(C(=O)Oc2ccc(C(=O)/C=C/c3c(C)c4ccccc4n3CCCC)cc2)cc1,358.15
[*]CC([*])(C)C(=O)OCCCCCCOc1ccc(C(=O)Oc2ccc(C)cc2)cc1,318.15
[*]CC([*])(C)C(=O)OCCCCCCOc1ccc(C(=O)Oc2ccc(OC)cc2)cc1,319.15
[*]CC([*])(C)C(=O)OCCCCCCOc1ccc(C(=O)Oc2ccc(OC)cc2)cc1OC,322.15
[*]CC([*])(C)C(=O)OCCCCCCOc1ccc(C(=O)Oc2ccc(OCCCC)cc2)cc1,322.15
[*]CC([*])(C)C(=O)OCCCCCCOc1ccc(C(=O)Oc2ccc3ccc(=O)oc3c2)cc1,375.15
[*]CC([*])(C)C(=O)OCCCCCCOc1ccc(OC(=O)c2ccc(-c3ccc(OC)cc3)cc2)cc1,330.15
[*]CC([*])(C)C(=O)OCCCCCCOc1ccc(OC(=O)c2ccc(OC)c(Br)c2)cc1,324.15
[*]CC([*])(C)C(=O)OCCCCCCOc1ccc(OC(=O)c2ccc(OC)cc2)cc1,311.15
[*]CC([*])(C)C(=O)OCCCCCCOc1ccc(OC(=O)c2ccc(OCCCC)cc2)cc1,309.15
[*]CC([*])(C)C(=O)OCCCCCCOc1ccc(OC(=O)c2ccc(OCCCCCC)cc2)cc1,289.15
[*]CC([*])(C)C(=O)OCCCCCCOc1ccc(OC(=O)c2ccc(OCCCCCCCC)cc2)cc1,272.15
[*]CC([*])(C)C(=O)OCCCCCCOc1ccc2cc(C(=O)Oc3ccccc3)ccc2c1,312.15
[*]CC([*])(C)C(=O)OCCCCCCOc1cccc(C(=O)Oc2ccc(C#N)cc2)c1,311.15
[*]CC([*])(C)C(=O)OCCCCCCc1ccc(/C(C)=C/c2ccc(OC)cc2)cc1,304.15
[*]CC([*])(C)C(=O)OCCCCCCc1ccc(/N=N/c2ccc(OC(F)(F)F)cc2)cc1,467.65
[*]CC([*])(C)C(=O)OCCCCCCn1c2ccccc2c2ccccc21,346.15
[*]CC([*])(C)C(=O)OCCCCCOc1ccc(-c2ccc(C#N)cc2)cc1,333.15
[*]CC([*])(C)C(=O)OCCCCCOc1ccc(OC(=O)c2ccc(OC)cc2)cc1,311.15
[*]CC([*])(C)C(=O)OCCCCCOc1ccc2cc(C(=O)Oc3ccccc3)ccc2c1,321.15
[*]CC([*])(C)C(=O)OCCCCCc1ccc(/N=N/c2ccc(OC(F)(F)F)cc2)cc1,475.65
[*]CC([*])(C)C(=O)OCCCCCn1c2ccccc2c2ccccc21,364.15
[*]CC([*])(C)C(=O)OCCCCOc1ccc(/N=N/c2ccc(C#N)cc2)cc1,353.15
[*]CC([*])(C)C(=O)OCCCCOc1ccc(C(=O)Oc2ccc(OC)cc2)cc1,318.15
[*]CC([*])(C)C(=O)OCCCCOc1ccc(OC(=O)c2ccc(-c3ccc(OC)cc3)cc2)cc1,350.15
[*]CC([*])(C)C(=O)OCCCCOc1ccc(OC(=O)c2ccc(OC)c(Br)c2)cc1,342.15
[*]CC([*])(C)C(=O)OCCCCOc1ccc(OC(=O)c2ccc(OC)cc2)cc1,330.15
[*]CC([*])(C)C(=O)OCCCCOc1ccc(OC(=O)c2ccc(OCCCC)cc2)cc1,324.15
[*]CC([*])(C)C(=O)OCCCCOc1ccc(OC(=O)c2ccc(OCCCCCC)cc2)cc1,307.15
[*]CC([*])(C)C(=O)OCCCCOc1ccc(OC(=O)c2ccc(OCCCCCCCC)cc2)cc1,283.15
[*]CC([*])(C)C(=O)OCCCCOc1ccc2cc(C(=O)Oc3ccccc3)ccc2c1,361.15
[*]CC([*])(C)C(=O)OCCCCc1ccc(/N=N/c2ccc(OC(F)(F)F)cc2)cc1,476.65
[*]CC([*])(C)C(=O)OCCCCc1ccccc1,282.15
[*]CC([*])(C)C(=O)OCCCCl,323.15
[*]CC([*])(C)C(=O)OCCCCn1c2ccccc2c2cc(/N=N/c3ccc([N+](=O)[O-])cc3[N+](=O)[O-])ccc21,405.15
[*]CC([*])(C)C(=O)OCCCCn1c2ccccc2c2ccccc21,332.35
[*]CC([*])(C)C(=O)OCCCN(C)c1ccc(N(C)C)cc1,285.65
[*]CC([*])(C)C(=O)OCCCN(CCO)c1ccc(/N=N/c2ccc([N+](=O)[O-])cc2)cc1,404.15
[*]CC([*])(C)C(=O)OCCCOc1ccc(-c2ccc(C#N)cc2)cc1,370.15
[*]CC([*])(C)C(=O)OCCCOc1ccc(C(=O)Oc2ccc3ccc(=O)oc3c2)cc1,341.15
[*]CC([*])(C)C(=O)OCCCOc1ccc2cc(C(=O)Oc3ccccc3)ccc2c1,357.15
[*]CC([*])(C)C(=O)OCCC[Si](OC)(OC)OC,282.15
[*]CC([*])(C)C(=O)OCCC[Si](O[Si](C)(C)C)(O[Si](C)(C)C)O[Si](C)(C)C,345.5
[*]CC([*])(C)C(=O)OCCC[Si]12O[Si]3(CC(C)C)O[Si]4(CC(C)C)O[Si](CC(C)C)(O1)O[Si]1(CC(C)C)O[Si](CC(C)C)(O2)O[Si](CC(C)C)(O3)O[Si](CC(C)C)(O4)O1,358.15
[*]CC([*])(C)C(=O)OCCCc1ccc(/N=N/c2ccc(OC(F)(F)F)cc2)cc1,484.65
[*]CC([*])(C)C(=O)OCCCn1c2ccccc2c2ccccc21,386.15
[*]CC([*])(C)C(=O)OCCF,363.15
[*]CC([*])(C)C(=O)OCCN(C)C,301.77
[*]CC([*])(C)C(=O)OCCN(C)c1ccc(/C=C/c2ccc([N+](=O)[O-])cc2)cc1,380.15
[*]CC([*])(C)C(=O)OCCN(C)c1ccc(/N=N/c2ccc(/N=N/c3ccc(C#N)cc3)cc2C)cc1,393.15
[*]CC([*])(C)C(=O)OCCN(C)c1ccc(/N=N/c2ccc(S(=O)(=O)Nc3cc(C)on3)cc2)cc1,396.15
[*]CC([*])(C)C(=O)OCCN(C)c1ccc(/N=N/c2ccc([N+](=O)[O-])cc2)cc1,383.15
[*]CC([*])(C)C(=O)OCCN(C)c1ccc(N(C)C)cc1,316.15
[*]CC([*])(C)C(=O)OCCN(CC)CC,299.15
[*]CC([*])(C)C(=O)OCCN(CC)c1ccc(/N=N/c2ccc(C#N)cc2)cc1,392.15
[*]CC([*])(C)C(=O)OCCN(CC)c1ccc(/N=N/c2ccc(OC)cc2)c(C)c1,368.15
[*]CC([*])(C)C(=O)OCCN(CC)c1ccc(/N=N/c2ccc(S(C)(=O)=O)cc2)cc1,417.15
[*]CC([*])(C)C(=O)OCCN(CC)c1ccc(/N=N/c2ccc([N+](=O)[O-])c3ccccc23)cc1,389.15
[*]CC([*])(C)C(=O)OCCN(CC)c1ccc(/N=N/c2ccc([N+](=O)[O-])cc2)cc1,399.15
[*]CC([*])(C)C(=O)OCCN(CC)c1ccc(/N=N/c2nc3ccc([N+](=O)[O-])cc3s2)cc1,413.15
[*]CC([*])(C)C(=O)OCCN(CC)c1ccc([N+](=O)[O-])cc1,371.15
[*]CC([*])(C)C(=O)OCCN(CC)c1ccccc1,310.65
[*]CC([*])(C)C(=O)OCCN(CCCC)c1ccc(/N=N/c2ccc(S(=O)(=O)Nc3cc(C)on3)cc2)cc1,378.15
[*]CC([*])(C)C(=O)OCCN(CCCC)c1ccc(/N=N/c2ccc(S(=O)(=O)Nc3nccs3)cc2)cc1,326.15
[*]CC([*])(C)C(=O)OCCNC(C)(C)C,314.15
[*]CC([*])(C)C(=O)OCCOC,297.15
[*]CC([*])(C)C(=O)OCCOC(=O)c1cc([N+](=O)[O-])cc([N+](=O)[O-])c1,365.15
[*]CC([*])(C)C(=O)OCCOCC,257.15
[*]CC([*])(C)C(=O)OCCOCCO,293.15
[*]CC([*])(C)C(=O)OCCOCCOC,330.15
[*]CC([*])(C)C(=O)OCCOCCOCC1(C)COCCOCCOCCOC1,283.15
[*]CC([*])(C)C(=O)OCCOCCOCC1COCCOCCOCCO1,283.15
[*]CC([*])(C)C(=O)OCCOCCOCCOCCOCCOCCOCCOCCOC,215.15
[*]CC([*])(C)C(=O)OCCOCCOCCOCCOc1ccc(/N=N/c2ccc(C#N)cc2)cc1,293.15
[*]CC([*])(C)C(=O)OCCOCCOCCOc1ccc(/N=N/c2ccc(C#N)cc2)cc1,310.15
[*]CC([*])(C)C(=O)OCCOCCOCC[N+](CC)(CC)CCCCS(=O)(=O)O,300.15
[*]CC([*])(C)C(=O)OCCOCCOc1ccc(/N=N/c2ccc(C#N)cc2)cc1,330.15
[*]CC([*])(C)C(=O)OCCOCC[N+](CC)(CC)CCCCS(=O)(=O)O,368.15
[*]CC([*])(C)C(=O)OCCO[N+](=O)[O-],328.15
[*]CC([*])(C)C(=O)OCCO[Si](C)(C)C,362.15
[*]CC([*])(C)C(=O)OCCOc1ccc(-c2ccc(-c3ccc(C#N)cc3)cc2)cc1,388.15
[*]CC([*])(C)C(=O)OCCOc1ccc(/N=N/c2ccc(C#N)cc2)cc1,382.15
[*]CC([*])(C)C(=O)OCCOc1ccc(/N=N/c2ccc(OC)cc2)cc1,382.15
[*]CC([*])(C)C(=O)OCCOc1ccc(/N=N/c2ccc([N+](=O)[O-])cc2)cc1,385.15
[*]CC([*])(C)C(=O)OCCOc1ccc(C(=O)Oc2ccc(OCCCC)cc2)cc1,410.15
[*]CC([*])(C)C(=O)OCCS(=O)(=O)c1ccc(/N=N/c2ccc(N(CC)CC)cc2)cc1,415.15
[*]CC([*])(C)C(=O)OCCS(=O)CC,298.15
[*]CC([*])(C)C(=O)OCC[N+](C)(C)CCCCCCC,229.15
[*]CC([*])(C)C(=O)OCC[N+](C)(C)CCCCS(=O)(=O)O,534.15
[*]CC([*])(C)C(=O)OCCc1ccc(/N=N/c2ccc(OC(F)(F)F)cc2)cc1,482.65
[*]CC([*])(C)C(=O)OCCc1ccc(/N=N/c2ccccc2)cc1,353.15
[*]CC([*])(C)C(=O)OCCn1c2ccccc2c2cc(/N=N/c3ccc([N+](=O)[O-])cc3)ccc21,437.15
[*]CC([*])(C)C(=O)OCCn1c2ccccc2c2cc(/N=N/c3ccc([N+](=O)[O-])cc3[N+](=O)[O-])ccc21,455.15
[*]CC([*])(C)C(=O)OCCn1c2ccccc2c2ccccc21,421.15
[*]CC([*])(C)C(=O)OCSC,333.15
[*]CC([*])(C)C(=O)OCc1c(Cl)cccc1Cl,332.05
[*]CC([*])(C)C(=O)OCc1c(F)cccc1F,355.15
[*]CC([*])(C)C(=O)OCc1cc(Cl)cc(Cl)c1,303.1
[*]CC([*])(C)C(=O)OCc1cc(Cl)ccc1Cl,300.95
[*]CC([*])(C)C(=O)OCc1ccc(/C=C/C(=O)C2c3ccccc3C(=O)c3ccccc32)cc1,436.15
[*]CC([*])(C)C(=O)OCc1ccc(/C=C/C(=O)Oc2ccc3oc(=O)ccc3c2)cc1,413.15
[*]CC([*])(C)C(=O)OCc1ccc(Cl)c(Cl)c1,307.6
[*]CC([*])(C)C(=O)OCc1ccc(Cl)cc1,316.75
[*]CC([*])(C)C(=O)OCc1ccc(Cl)cc1Cl,292.55
[*]CC([*])(C)C(=O)OCc1ccc(F)cc1F,319.15
[*]CC([*])(C)C(=O)OCc1ccc(OCCOCC)c(OCCOCC)c1,271.15
[*]CC([*])(C)C(=O)OCc1ccc(OCCOCCOCC)c(OCCOCCOCC)c1,240.15
[*]CC([*])(C)C(=O)OCc1ccc(OCCOCCOCCOCC)c(OCCOCCOCCOCC)c1,181.15
[*]CC([*])(C)C(=O)OCc1ccc2c(c1)OCCOCCOCCOCCO2,311.15
[*]CC([*])(C)C(=O)OCc1ccc2c(c1)c1ccccc1n2CC,409.15
[*]CC([*])(C)C(=O)OCc1ccc2c(c1)c1ccccc1n2CCCC,360.15
[*]CC([*])(C)C(=O)OCc1ccc2c(c1)c1ccccc1n2CCCCCC,346.15
[*]CC([*])(C)C(=O)OCc1ccc2c(c1)c1ccccc1n2CCCCCCCC,318.15
[*]CC([*])(C)C(=O)OCc1ccc2c(c1)c1ccccc1n2CCCCCCCCCC,302.15
[*]CC([*])(C)C(=O)OCc1ccc2c(c1)c1ccccc1n2CCCCCCCCCCCC,298.15
[*]CC([*])(C)C(=O)OCc1ccc2c(c1)c1ccccc1n2CCCCCCCCCCCCCC,299.15
[*]CC([*])(C)C(=O)OCc1ccc2c(c1)c1ccccc1n2CCCCCCCCCCCCCCCC,296.15
[*]CC([*])(C)C(=O)OCc1ccc[se]1,329.15
[*]CC([*])(C)C(=O)OCc1cccc(Cl)c1,291.4
[*]CC([*])(C)C(=O)OCc1cccc(Cl)c1Cl,315.75
[*]CC([*])(C)C(=O)OCc1ccccc1Cl,327.25
[*]CC([*])(C)C(=O)OCc1ccco1,384.15
[*]CC([*])(C)C(=O)OCc1cccs1,339.15
[*]CC([*])(C)C(=O)OCc1ccsc1,356.65
[*]CC([*])(C)C(=O)O[Si](C)(C)C,370.65
[*]CC([*])(C)C(=O)Oc1c(C(C)C)cccc1C(C)C,471.15
[*]CC([*])(C)C(=O)Oc1c(C)cccc1C,440.15
[*]CC([*])(C)C(=O)Oc1c(Cl)c(Cl)c(Cl)c(Cl)c1Cl,383.15
[*]CC([*])(C)C(=O)Oc1c(OC)cc(/C=C/c2ccccc2)cc1OC,413.15
[*]CC([*])(C)C(=O)Oc1cc(C)cc(C)c1,379.15
[*]CC([*])(C)C(=O)Oc1cc(C)ccc1C,384.15
[*]CC([*])(C)C(=O)Oc1ccc(-c2nnc(-c3ccc(C(C)(C)C)cc3)o2)cc1,429.15
[*]CC([*])(C)C(=O)Oc1ccc(/C=C/c2ccccc2)cc1,416.15
[*]CC([*])(C)C(=O)Oc1ccc(/N=N/c2ccc(C#N)cc2)cc1,458.15
[*]CC([*])(C)C(=O)Oc1ccc(/N=N/c2ccc(OC)cc2)cc1,393.15
[*]CC([*])(C)C(=O)Oc1ccc(/N=N/c2ccc(OCCCCCCCCCCCOC(=O)c3ccc4c(c3)OCCOCCOCCOCCO4)cc2)cc1,292.15
[*]CC([*])(C)C(=O)Oc1ccc(/N=N/c2ccc([N+](=O)[O-])cc2)cc1,418.15
[*]CC([*])(C)C(=O)Oc1ccc(C#N)cc1,428.15
[*]CC([*])(C)C(=O)Oc1ccc(C(=O)/C=C/c2ccc(Cl)cc2)cc1,400.15
[*]CC([*])(C)C(=O)Oc1ccc(C(=O)/C=C/c2ccc(OC)c(OC)c2)cc1,410.15
[*]CC([*])(C)C(=O)Oc1ccc(C(=O)/C=C/c2ccc(OCc3ccccc3)cc2)cc1,425.15
[*]CC([*])(C)C(=O)Oc1ccc(C(=O)O)cc1,383.15
[*]CC([*])(C)C(=O)Oc1ccc(C(=O)OC)cc1,382.15
[*]CC([*])(C)C(=O)Oc1ccc(C(=O)Oc2ccc(-c3ccccc3)cc2)cc1,373.15
[*]CC([*])(C)C(=O)Oc1ccc(C(=O)Oc2ccc(C(=O)c3ccccc3)cc2)cc1,345.15
[*]CC([*])(C)C(=O)Oc1ccc(C(=O)Oc2ccc(C)cc2)cc1,371.15
[*]CC([*])(C)C(=O)Oc1ccc(C(=O)Oc2ccc(OC)cc2)cc1,350.15
[*]CC([*])(C)C(=O)Oc1ccc(C(=O)Oc2ccc(Oc3ccccc3)cc2)cc1,347.15
[*]CC([*])(C)C(=O)Oc1ccc(C(=O)Oc2ccccc2)cc1,372.15
[*]CC([*])(C)C(=O)Oc1ccc(C(=O)c2ccccc2)c(O)c1,543.15
[*]CC([*])(C)C(=O)Oc1ccc(C(=O)c2ccccc2)cc1,391.15
[*]CC([*])(C)C(=O)Oc1ccc(C(C)(C)C)cc1,364.15
[*]CC([*])(C)C(=O)Oc1ccc(C)cc1C,382.15
[*]CC([*])(C)C(=O)Oc1ccc(CC#N)cc1,404.15
[*]CC([*])(C)C(=O)Oc1ccc(OCc2ccccc2)cc1,368.45
[*]CC([*])(C)C(=O)Oc1ccc([N+](=O)[O-])c(C)c1,374.15
[*]CC([*])(C)C(=O)Oc1ccc2c(c1)CCC2,386.65
[*]CC([*])(C)C(=O)Oc1cccc(C)c1C,393.15
[*]CC([*])(C)C(=O)Oc1ccccc1,383.15
[*]CC([*])(C)C(N)=O,361.85
[*]CC([*])(C)CCC,300.15
[*]CC([*])(C)OC,340.15
[*]CC([*])(C)c1ccc(C(C)C)cc1,413.15
[*]CC([*])(C)c1ccc(C(O)C(F)(F)F)cc1,472.15
[*]CC([*])(C)c1ccc(C)cc1,449.15
[*]CC([*])(C)c1ccc2ccccc2c1,481.15
[*]CC([*])(C)c1ccc2ccccc2n1,466.15
[*]CC([*])(C)c1nc(N(CCOCCOCCOC)CCOCCOCCOC)nc(N(CCOCCOCCOC)c2ccccc2)n1,198.15
[*]CC([*])(CC(=O)O)C(=O)O,414.15
[*]CC([*])(CC(=O)OC(C)C)C(=O)OC(C)C,373.15
[*]CC([*])(CC(=O)OC(C)C)C(=O)OC12CC3CC(C)(CC(C)(C3)C1)C2,431.15
[*]CC([*])(CC(=O)OC(C)C)C(=O)OC12CC3CC(CC(C3)C1)C2,453.15
[*]CC([*])(CC(=O)OC)C(=O)O,432.15
[*]CC([*])(CC(=O)OC)C(=O)OC,368.15
[*]CC([*])(CC(=O)OC)C(=O)OC12CC3CC(C)(CC(C)(C3)C1)C2,417.15
[*]CC([*])(CC(=O)OC)C(=O)OC12CC3CC(CC(C3)C1)C2,470.15
[*]CC([*])(CC(=O)OC1CCC1)C(=O)OC1CCC1,333.15
[*]CC([*])(CC(=O)OC1CCCCC1)C(=O)OC1CCCCC1,415.15
[*]CC([*])(CC(=O)OC1CCCCCC1)C(=O)OC1CCCCCC1,378.15
[*]CC([*])(CC(=O)OC1CCCCCCC1)C(=O)OC1CCCCCCC1,397.15
[*]CC([*])(CC(=O)OCC(C)C)C(=O)OCC(C)C,398.15
[*]CC([*])(CC(=O)OCC)C(=O)O,408.15
[*]CC([*])(CC(=O)OCC)C(=O)OCC,338.65
[*]CC([*])(CC(=O)OCC1CCCCC1)C(=O)OCC1CCCCC1,356.15
[*]CC([*])(CC(=O)OCCC)C(=O)OCCC,319.65
[*]CC([*])(CC(=O)OCCC1CCCCC1)C(=O)OCCC1CCCCC1,321.15
[*]CC([*])(CC(=O)OCCCC)C(=O)OCCCC,297.15
[*]CC([*])(CC(=O)OCCCC1CCCCC1)C(=O)OCCCC1CCCCC1,280.15
[*]CC([*])(CC(=O)OCCCCC)C(=O)OCCCCC,275.15
[*]CC([*])(CC(=O)OCCCCCC)C(=O)OCCCCCC,266.15
[*]CC([*])(CC(=O)OCCCCCCC)C(=O)OCCCCCCC,250.15
[*]CC([*])(CC(=O)OCCCCCCCC)C(=O)OCCCCCCCC,254.15
[*]CC([*])(CC(=O)OCCCCCCCCC)C(=O)OCCCCCCCCC,260.15
[*]CC([*])(CC(=O)OCCCCl)C(=O)OCCCCl,320.15
[*]CC([*])(CC(=O)OCCCc1ccccc1)C(=O)OCCCc1ccccc1,265.15
[*]CC([*])(CC(=O)OCCCl)C(=O)OCCCl,316.15
[*]CC([*])(CC(=O)OCCOC)C(=O)OCCOC,307.15
[*]CC([*])(CC(=O)OCCOCCOC)C(=O)OCCOCCOC,232.65
[*]CC([*])(CC(=O)OCCOCCOCCOC)C(=O)OCCOCCOCCOC,254.15
[*]CC([*])(CC(=O)OCCOCCOCCOCCOCCOCCOCCOC)C(=O)OCCOCCOCCOCCOCCOCCOCCOC,232.65
[*]CC([*])(CC(=O)OCCc1ccccc1)C(=O)OCCc1ccccc1,318.15
[*]CC([*])(CC(=O)OCc1ccccc1)C(=O)OCc1ccccc1,328.15
[*]CC([*])(CC(=O)Oc1ccc(OC)cc1)C(=O)Oc1ccc(OC)cc1,392.65
[*]CC([*])(CC(=O)Oc1ccc(OCC)cc1)C(=O)Oc1ccc(OCC)cc1,383.65
[*]CC([*])(CC(=O)Oc1ccc(OCCC)cc1)C(=O)Oc1ccc(OCCC)cc1,367.65
[*]CC([*])(CC(=O)Oc1ccc(OCCCCC)cc1)C(=O)Oc1ccc(OCCCCC)cc1,346.65
[*]CC([*])(CC(=O)Oc1ccc(OCCCCCCC)cc1)C(=O)Oc1ccc(OCCCCCCC)cc1,384.15
[*]CC([*])(CC(=O)Oc1ccccc1)C(=O)Oc1ccccc1,405.15
[*]CC([*])(CC)C(=O)OCC,300.15
[*]CC([*])(CCC(C)C(=O)OC)C(=O)OC,307.15
[*]CC([*])(CCC)C(=O)OC,356.65
[*]CC([*])(CCCCC)C(=O)OC,326.15
[*]CC([*])(CCCCCCCC)C(=O)OC,307.15
[*]CC([*])(CF)C(=O)OCC,316.15
[*]CC([*])(Cl)C(=O)OC,398.15
[*]CC([*])(Cl)C(=O)OCCC,339.15
[*]CC([*])(Cl)C(=O)OCCC(F)(F)C(F)(F)C(F)(F)C(F)(F)C(F)(F)C(F)(F)C(F)(F)C(F)(F)F,334.15
[*]CC([*])(Cl)C(=O)OCCCC,315.15
[*]CC([*])(Cl)C(=O)OCCCCCCOc1ccc(C(=O)Oc2ccc(OCCCC)cc2)cc1,385.65
[*]CC([*])(Cl)C(=O)OCCOc1ccc(C(=O)Oc2ccc(OCCCC)cc2)cc1,426.15
[*]CC([*])(F)C(=O)OC,415.15
[*]CC([*])(F)C(=O)OC(C(F)(F)F)C(F)(F)F,375.15
[*]CC([*])(F)C(=O)OCC,367.15
[*]CC([*])(F)C(=O)OCC(Cl)(Cl)Cl,400.15
[*]CC([*])(F)C(=O)OCC(F)(F)C(F)(F)C(F)(F)C(F)(F)F,336.15
[*]CC([*])(F)C(=O)OCC(F)(F)C(F)(F)C(F)(F)C(F)F,333.15
[*]CC([*])(F)C(=O)OCC(F)(F)C(F)(F)C(F)(F)F,348.15
[*]CC([*])(F)C(=O)OCC(F)(F)C(F)(F)F,372.15
[*]CC([*])(F)C(=O)OCC(F)(F)C(F)F,363.65
[*]CC([*])(F)C(=O)OCC(F)(F)F,397.15
[*]CC([*])(F)C(=O)OCCC,335.15
[*]CC([*])(F)C(=O)OCCC(F)(F)C(F)(F)C(F)(F)C(F)(F)C(F)(F)C(F)(F)C(F)(F)C(F)(F)C(F)(F)C(F)(F)F,326.15
[*]CC([*])(F)C(=O)OCCC(F)(F)C(F)(F)C(F)(F)C(F)(F)C(F)(F)C(F)(F)C(F)(F)C(F)(F)F,360.65
[*]CC([*])(F)C(=O)OCCC(F)(F)C(F)(F)C(F)(F)C(F)(F)C(F)(F)C(F)(F)F,326.15
[*]CC([*])(F)C(=O)OCCC(F)(F)C(F)(F)C(F)(F)C(F)(F)F,279.15
[*]CC([*])(F)C(C)=O,415.15
[*]CC([*])(F)C(F)(F)F,322.15
[*]CC([*])Br,373.0
[*]CC([*])C(=O)CC,213.0
[*]CC([*])C(=O)N(C)C,387.15
[*]CC([*])C(=O)N1CCCCC1,381.15
[*]CC([*])C(=O)N1CCOCC1,423.15
[*]CC([*])C(=O)N1CC[NH+](CC)CC1,345.65
[*]CC([*])C(=O)NC,444.15
[*]CC([*])C(=O)NC(C)(C)CC(C)=O,345.65
[*]CC([*])C(=O)NC(C)(C)CS(=O)(=O)O,358.15
[*]CC([*])C(=O)NC(C)CC,390.0
[*]CC([*])C(=O)NCCCCCC(=O)O,341.15
[*]CC([*])C(=O)NCCCCCCCC,220.0
[*]CC([*])C(=O)NCCC[N+](C)(C)C,330.15
[*]CC([*])C(=O)NCCC[N+](C)(C)CCCS(=O)(=O)O,414.65
[*]CC([*])C(=O)NCP(=O)(O)O,299.15
[*]CC([*])C(=O)Nc1ccc(C(=O)/C=C/c2ccc(Br)cc2)cc1,337.15
[*]CC([*])C(=O)Nc1ccc(C(=O)/C=C/c2cccc(Br)c2)cc1,328.15
[*]CC([*])C(=O)Nc1ccc(Cl)cc1,349.15
[*]CC([*])C(=O)Nc1ccc2c(c1)C(=O)c1ccccc1C2=O,401.15
[*]CC([*])C(=O)Nc1cccc(Cl)c1,343.15
[*]CC([*])C(=O)Nc1ccccc1Cl,336.15
[*]CC([*])C(=O)OC(C(F)(F)F)C(F)(F)F,315.45
[*]CC([*])C(=O)OC(C)C,268.15
[*]CC([*])C(=O)OC(CC)CC,267.15
[*]CC([*])C(=O)OC(Cl)C(Cl)(Cl)Cl,343.65
[*]CC([*])C(=O)OC(F)(C(F)(F)F)C(F)(F)F,283.15
[*]CC([*])C(=O)OC(F)(F)C(F)(F)C(F)(F)C(F)(F)C(F)(F)C(F)(F)C(F)(F)C(F)(F)F,282.15
[*]CC([*])C(=O)OC(OCC)C(F)(F)F,278.15
[*]CC([*])C(=O)OC([2H])([2H])[2H],308.15
[*]CC([*])C(=O)OC12CC3CC(C)(CC(C)(C3)C1)C2,377.15
[*]CC([*])C(=O)OC12CC3CC(CC(C3)C1)C2,456.15
[*]CC([*])C(=O)OC1CC(C)CC(C)(C)C1,288.15
[*]CC([*])C(=O)OC1CC2CCC1(C)C2(C)C,373.15
[*]CC([*])C(=O)OC1CCCCCCCCCCC1,310.15
[*]CC([*])C(=O)OCC#N,296.0
[*]CC([*])C(=O)OCC(C)(C)C,295.15
[*]CC([*])C(=O)OCC(C)CC,241.15
[*]CC([*])C(=O)OCC(C)O,266.15
[*]CC([*])C(=O)OCC(COC(=O)c1ccccc1)(COC(=O)c1ccccc1)COC(=O)c1ccccc1,321.15
[*]CC([*])C(=O)OCC(F)(F)C(F)(F)C(F)(F)C(F)(F)C(F)(F)C(F)(F)C(F)(F)F,256.15
[*]CC([*])C(=O)OCC(F)(F)C(F)(F)C(F)(F)C(F)(F)C(F)(F)F,234.15
[*]CC([*])C(=O)OCC(F)(F)C(F)(F)C(F)(F)C(F)(F)F,236.15
[*]CC([*])C(=O)OCC(F)(F)C(F)(F)C(F)(F)C(F)F,238.15
[*]CC([*])C(=O)OCC(F)(F)C(F)(F)C(F)(F)F,243.15
[*]CC([*])C(=O)OCC(F)(F)C(F)(F)F,247.15
[*]CC([*])C(=O)OCC(F)(F)C(F)(F)OC(F)(F)C(F)(F)C(F)(F)C(F)(F)F,205.15
[*]CC([*])C(=O)OCC(F)(F)C(F)(F)OC(F)(F)C(F)(F)C(F)(F)F,205.15
[*]CC([*])C(=O)OCC(F)(F)C(F)(F)OC(F)(F)C(F)(F)F,224.15
[*]CC([*])C(=O)OCC(F)(F)C(F)(F)OC(F)(F)F,218.15
[*]CC([*])C(=O)OCC(F)(F)C(F)C(F)(F)F,251.15
[*]CC([*])C(=O)OCC(F)(F)F,276.25
[*]CC([*])C(=O)OCC1(CC)COC(c2ccccc2)OC1,323.15
[*]CC([*])C(=O)OCC1(CC)COCOC1,315.15
[*]CC([*])C(=O)OCCC#N,277.15
[*]CC([*])C(=O)OCCC(C)OC,217.15
[*]CC([*])C(=O)OCCC(F)(F)C(F)(F)C(F)(F)C(F)(F)C(F)(F)C(F)(F)C(F)(F)C(F)(F)F,325.15
[*]CC([*])C(=O)OCCC(F)(F)C(F)(F)C(F)(F)C(F)(F)C(F)(F)C(F)(F)F,261.15
[*]CC([*])C(=O)OCCCCC,216.15
[*]CC([*])C(=O)OCCCCCC,216.15
[*]CC([*])C(=O)OCCCCCC(=O)Oc1ccc(-c2ccc(C#N)cc2)cc1,311.15
[*]CC([*])C(=O)OCCCCCCC,213.15
[*]CC([*])C(=O)OCCCCCCCCCCCCOC(=O)c1ccc(OC(=O)c2ccc(C#N)cc2)cc1,288.15
[*]CC([*])C(=O)OCCCCCCCCCCCCOc1ccc(C(=O)Oc2ccc(-c3cccc(OC(=O)c4ccc(OC(=O)c5ccc(OCCCCCCCCCCCC)cc5)cc4)c3)cc2)cc1,340.15
[*]CC([*])C(=O)OCCCCCCCCCCCOc1ccc(C(=O)Oc2ccc(-c3ccc(OC(C)CCCCCC)cc3)cc2)cc1,323.15
[*]CC([*])C(=O)OCCCCCCCCCCCn1c2ccccc2c2ccccc21,288.15
[*]CC([*])C(=O)OCCCCCCCCCCOC(=O)c1ccc(OC(=O)c2ccc(C#N)cc2)cc1,288.15
[*]CC([*])C(=O)OCCCCCCCCCCOc1cnc(-c2ccc(OC(=O)C3COC(C)(C)O3)cc2)nc1,302.15
[*]CC([*])C(=O)OCCCCCCCCCOC(=O)c1ccc(OC(=O)c2ccc(C#N)cc2)cc1,288.15
[*]CC([*])C(=O)OCCCCCCCCOC(=O)c1ccc(OC(=O)c2ccc(C#N)cc2)cc1,288.15
[*]CC([*])C(=O)OCCCCCCCCn1c2ccccc2c2ccccc21,285.15
[*]CC([*])C(=O)OCCCCCCCOC(=O)c1ccc(OC(=O)c2ccc(C#N)cc2)cc1,293.15
[*]CC([*])C(=O)OCCCCCCOC(=O)c1ccc(OC(=O)c2ccc(C#N)cc2)cc1,303.15
[*]CC([*])C(=O)OCCCCCCOc1ccc(-c2ccc(C#N)cc2)cc1,318.15
[*]CC([*])C(=O)OCCCCCCOc1ccc(/C=N/c2ccc(OCCCCC)cc2)c(O)c1,314.15
[*]CC([*])C(=O)OCCCCCCOc1ccc(/N=N/c2ccc([N+](=O)[O-])cc2)cc1,308.95
[*]CC([*])C(=O)OCCCCCCOc1ccc(C(=O)Oc2ccc(C#N)cc2)cc1,292.65
[*]CC([*])C(=O)OCCCCCCOc1ccc(C(=O)Oc2ccc(OC)cc2)cc1,302.65
[*]CC([*])C(=O)OCCCCCCSCC#N,214.15
[*]CC([*])C(=O)OCCCCCCn1c2ccccc2c2ccccc21,321.15
[*]CC([*])C(=O)OCCCCCOC(=O)c1ccc(OC(=O)c2ccc(C#N)cc2)cc1,303.15
[*]CC([*])C(=O)OCCCCCn1c2ccccc2c2ccccc21,326.15
[*]CC([*])C(=O)OCCCCOC(=O)c1ccc(OC(=O)c2ccc(C#N)cc2)cc1,313.15
[*]CC([*])C(=O)OCCCCOc1ccc(-c2ccc(C#N)cc2)cc1,303.15
[*]CC([*])C(=O)OCCCCOc1ccc(/N=N/c2ccc([N+](=O)[O-])cc2)cc1,309.85
[*]CC([*])C(=O)OCCCCSC,203.15
[*]CC([*])C(=O)OCCCCn1c2ccccc2c2ccccc21,341.15
[*]CC([*])C(=O)OCCCOC,206.65
[*]CC([*])C(=O)OCCCOCC,211.65
[*]CC([*])C(=O)OCCCOc1ccc(-c2ccc(C#N)cc2)cc1,327.4
[*]CC([*])C(=O)OCCCOc1ccc(/N=N/c2ccc([N+](=O)[O-])cc2)cc1,318.75
[*]CC([*])C(=O)OCCCOc1ccc(C(=O)OCCCC(F)(F)C(F)(F)C(F)(F)C(F)(F)C(F)(F)C(F)(F)C(F)(F)C(F)(F)F)cc1,321.15
[*]CC([*])C(=O)OCCCOc1ccc(C(=O)OCCCC(F)(F)C(F)(F)C(F)(F)C(F)(F)C(F)(F)C(F)(F)F)cc1,290.15
[*]CC([*])C(=O)OCCCSC,208.15
[*]CC([*])C(=O)OCCCSCC,197.15
[*]CC([*])C(=O)OCCCSCCC#N,215.15
[*]CC([*])C(=O)OCCCn1c2ccccc2c2ccccc21,356.15
[*]CC([*])C(=O)OCCN(C)C,234.15
[*]CC([*])C(=O)OCCN(CC)c1ccc(/N=N/c2ccc([N+](=O)[O-])cc2)cc1,375.15
[*]CC([*])C(=O)OCCN(CC)c1ccc(/N=N/c2ccc([N+](=O)[O-])cc2Cl)cc1,360.15
[*]CC([*])C(=O)OCCO,293.85
[*]CC([*])C(=O)OCCOC,239.15
[*]CC([*])C(=O)OCCOC(=O)c1cc([N+](=O)[O-])cc([N+](=O)[O-])c1,333.95
[*]CC([*])C(=O)OCCOC(F)(F)C(F)F,251.15
[*]CC([*])C(=O)OCCOCC,223.15
[*]CC([*])C(=O)OCCOCC(F)(F)C(F)(F)C(F)(F)F,228.15
[*]CC([*])C(=O)OCCOCC(F)(F)F,235.15
[*]CC([*])C(=O)OCCOCC1(CC)COC1,257.15
[*]CC([*])C(=O)OCCOCCOC(F)(F)C(F)F,233.15
[*]CC([*])C(=O)OCCOc1ccc(C(=O)Oc2ccc(OC(=O)c3ccc(OCCCC)cc3)cc2)cc1,318.15
[*]CC([*])C(=O)OCCOc1ccc(C(=O)Oc2ccc(OC(=O)c3ccc(OCCCCC)cc3)cc2)cc1,319.15
[*]CC([*])C(=O)OCCOc1ccc(C(=O)Oc2ccc(OC)cc2)cc1,343.15
[*]CC([*])C(=O)OCCOc1ccc(C(C)(C)c2ccc(OCCO)cc2)cc1,295.15
[*]CC([*])C(=O)OCCSC,213.15
[*]CC([*])C(=O)OCCSCC,202.15
[*]CC([*])C(=O)OCCSCC#N,249.15
[*]CC([*])C(=O)OCCSCCC#N,223.15
[*]CC([*])C(=O)OCCSCCCC#N,215.15
[*]CC([*])C(=O)OCCc1ccccc1,270.15
[*]CC([*])C(=O)OCCn1c2ccccc2c2ccccc21,379.95
[*]CC([*])C(=O)OCF,288.15
[*]CC([*])C(=O)OCc1c(Br)c(Br)c(Br)c(Br)c1Br,454.15
[*]CC([*])C(=O)OCc1ccc(C#N)cc1,317.15
[*]CC([*])C(=O)OCc1ccccc1,282.4
[*]CC([*])C(=O)O[Na],387.55
[*]CC([*])C(=O)Oc1c(Cl)c(Cl)c(Cl)c(Cl)c1Cl,418.15
[*]CC([*])C(=O)Oc1c(F)c(F)c(F)c(F)c1F,337.15
[*]CC([*])C(=O)Oc1cc(C)cc(C)c1,327.15
[*]CC([*])C(=O)Oc1ccc(-c2ccccc2)cc1,383.15
[*]CC([*])C(=O)Oc1ccc(/N=N/c2ccc(OC)cc2)cc1,413.15
[*]CC([*])C(=O)Oc1ccc(/N=N/c2ccc([N+](=O)[O-])cc2)cc1,407.15
[*]CC([*])C(=O)Oc1ccc(C#N)cc1,365.15
[*]CC([*])C(=O)Oc1ccc(C(=O)O)cc1,398.15
[*]CC([*])C(=O)Oc1ccc(C(=O)OC)cc1,340.15
[*]CC([*])C(=O)Oc1ccc(C(=O)OCC)cc1,310.15
[*]CC([*])C(=O)Oc1ccc(C(=O)OCCCC)cc1,286.15
[*]CC([*])C(=O)Oc1ccc(C(=O)OCc2ccccc2)cc1,289.4
[*]CC([*])C(=O)Oc1ccc(C(=O)Oc2ccc(OC(=O)c3ccc(OCCCC)cc3)cc2)cc1,320.15
[*]CC([*])C(=O)Oc1ccc(C(=O)Oc2ccc(OC(=O)c3ccc(OCCCCC)cc3)cc2)cc1,321.15
[*]CC([*])C(=O)Oc1ccc(C(=O)c2ccc(Cl)cc2)cc1,351.15
[*]CC([*])C(=O)Oc1ccc(C(C)(C)C)cc1,344.15
[*]CC([*])C(=O)Oc1ccc(C)cc1,315.65
[*]CC([*])C(=O)Oc1ccc(Cl)cc1,603.15
[*]CC([*])C(=O)Oc1ccc(Cl)cc1Cl,333.15
[*]CC([*])C(=O)Oc1ccc(OC)cc1,323.65
[*]CC([*])C(=O)Oc1ccc([N+](=O)[O-])cc1,346.45
[*]CC([*])C(=O)Oc1cccc(C(=O)OC)c1,311.15
[*]CC([*])C(=O)Oc1cccc(C(=O)OCC)c1,297.15
[*]CC([*])C(=O)Oc1cccc(C)c1,297.65
[*]CC([*])C(=O)Oc1cccc(N(C)C)c1,320.15
[*]CC([*])C(=O)Oc1cccc2ccccc12,358.15
[*]CC([*])C(=O)Oc1ccccc1,333.15
[*]CC([*])C(=O)Oc1ccccc1C,324.65
[*]CC([*])C(=O)Oc1ccccc1C(=O)OC,319.15
[*]CC([*])C(=O)Oc1ccccc1C(=O)OCC,303.15
[*]CC([*])C(=O)Oc1ccccc1C(C)(C)C,345.15
[*]CC([*])C(=O)Oc1ccccc1Cl,591.15
[*]CC([*])C(=O)c1ccc(Br)c(OC)c1,317.15
[*]CC([*])C(=O)c1ccc(Br)cc1,374.65
[*]CC([*])C(=O)c1ccc(C(C)(C)C)cc1,376.65
[*]CC([*])C(=O)c1ccc(C(C)C)cc1,335.65
[*]CC([*])C(=O)c1ccc(C)c(C)c1,315.15
[*]CC([*])C(=O)c1ccc(C)cc1,332.65
[*]CC([*])C(=O)c1ccc(CC)cc1,322.4
[*]CC([*])C(=O)c1ccc(CCC)cc1,317.15
[*]CC([*])C(=O)c1ccc(Cl)cc1,336.15
[*]CC([*])C(=O)c1ccc(OC)cc1,319.15
[*]CC([*])C(=O)n1c2ccccc2c2ccccc21,323.25
[*]CC([*])C(C)=O,388.15
[*]CC([*])C1=NCCN1,224.8
[*]CC([*])C1CCC(C(C)(C)C)CC1,404.15
[*]CC([*])C1CCC(C)CC1,405.15
[*]CC([*])C1CCCC(C)C1,414.15
[*]CC([*])C1CCCCC1C,459.15
[*]CC([*])CC(C)(C)C,463.15
[*]CC([*])CC(C)C,308.35
[*]CC([*])CC1CCCC1,333.15
[*]CC([*])CC1CCCCC1,348.15
[*]CC([*])CCC1CCCCC1,313.15
[*]CC([*])CCCC,223.15
[*]CC([*])CCCCCCCC,238.15
[*]CC([*])CCCCCCCCCC,267.15
[*]CC([*])CCCCCCCCCCCC,283.15
[*]CC([*])CCCCCCCCCCCCCC,249.15
[*]CC([*])CCCCCCCCCCCCCCCC,328.15
[*]CC([*])CCCCCCCCCCCCCCCCCC,185.15
[*]CC([*])CCCCCCCCCI,267.15
[*]CC([*])CCCI,303.15
[*]CC([*])CCI,343.15
[*]CC([*])CC[Si](C)(C)C,405.15
[*]CC([*])CCc1ccccc1,283.15
[*]CC([*])CN,463.15
[*]CC([*])CNc1ccc([N+](=O)[O-])c(C(F)(F)F)c1,426.15
[*]CC([*])CNc1ccc([N+](=O)[O-])cc1,417.15
[*]CC([*])CNc1ccc([N+](=O)[O-])cc1C,424.15
[*]CC([*])CNc1ccc([N+](=O)[O-])cc1[N+](=O)[O-],433.15
[*]CC([*])CNc1ccc([N+](=O)[O-])cn1,424.15
[*]CC([*])CO,309.15
[*]CC([*])C[Si](C)(C)C,387.15
[*]CC([*])Cc1ccc(C)cc1,338.15
[*]CC([*])Cc1cccc(C)c1,313.15
[*]CC([*])Cc1ccccc1,343.15
[*]CC([*])Cc1ccccc1C,353.15
[*]CC([*])N,330.15
[*]CC([*])N1CCCC1=S,353.15
[*]CC([*])N1CCCCCC1=O,447.75
[*]CC([*])NC(=O)OC(C)(C)C,393.15
[*]CC([*])NC=O,423.15
[*]CC([*])OC(=O)/C=C/c1ccccc1,400.15
[*]CC([*])OC(=O)C(C)(C(C)C)C(C)C,393.15
[*]CC([*])OC(=O)C(C)(C)C(C)(C)CC,363.15
[*]CC([*])OC(=O)C(C)(C)C(C)C(C)C,328.15
[*]CC([*])OC(=O)C(C)(C)CC(C)(C)C,328.15
[*]CC([*])OC(=O)C(C)(C)CCC,283.15
[*]CC([*])OC(=O)C(C)(CC)C(C)(C)C,393.15
[*]CC([*])OC(=O)C(Cl)(Cl)Cl,332.15
[*]CC([*])OC(=O)C(F)(F)C(F)(F)C(F)(F)C(F)(F)C(F)(F)C(F)(F)C(F)(F)C(F)(F)C(F)(F)F,255.15
[*]CC([*])OC(=O)C(F)(F)C(F)(F)C(F)(F)C(F)(F)C(F)(F)C(F)(F)C(F)(F)F,263.15
[*]CC([*])OC(=O)C(F)(F)C(F)(F)C(F)(F)C(F)(F)C(F)(F)F,264.15
[*]CC([*])OC(=O)C(F)(F)C(F)(F)C(F)(F)C(F)(F)F,293.15
[*]CC([*])OC(=O)C(F)(F)C(F)(F)C(F)(F)F,300.15
[*]CC([*])OC(=O)C(F)(F)C(F)(F)F,315.15
[*]CC([*])OC(=O)C1(C)CCCCC1,359.15
[*]CC([*])OC(=O)C1(F)C(F)(F)C(F)(F)C(F)(F)C(F)(F)C1(F)F,327.15
[*]CC([*])OC(=O)C1CCCC1,309.15
[*]CC([*])OC(=O)C1CCCCC1,339.15
[*]CC([*])OC(=O)C=Cc1ccccc1,350.0
[*]CC([*])OC(=O)CC(C)(C)c1ccccc1,293.15
[*]CC([*])OC(=O)CC1CCCC1,270.15
[*]CC([*])OC(=O)CC1CCCCC1,298.15
[*]CC([*])OC(=O)CCCC(=O)c1ccccc1,318.15
[*]CC([*])OC(=O)CCCC1CCCCC1,263.15
[*]CC([*])OC(=O)CCl,293.6
[*]CC([*])OC(=O)OC([2H])([2H])[2H],328.15
[*]CC([*])OC(=O)OCC(Cl)(Cl)Cl,347.15
[*]CC([*])OC(=O)OCC(F)(F)F,330.15
[*]CC([*])OC(=O)OCCC(F)(F)C(F)(F)C(F)(F)C(F)(F)C(F)(F)C(F)(F)F,310.15
[*]CC([*])OC(=O)c1ccc(Br)cc1,358.65
[*]CC([*])OC(=O)c1ccc(C(C)(C)C)cc1,394.15
[*]CC([*])OC(=O)c1ccc(C(C)C)cc1,340.85
[*]CC([*])OC(=O)c1ccc(C)cc1,346.65
[*]CC([*])OC(=O)c1ccc(CC)cc1,330.15
[*]CC([*])OC(=O)c1ccc(Cl)cc1,343.4
[*]CC([*])OC(=O)c1ccc(OC(=O)CCC)cc1,334.15
[*]CC([*])OC(=O)c1ccc(OC(C)=O)cc1,349.15
[*]CC([*])OC(=O)c1ccc(OC)cc1,359.65
[*]CC([*])OC(=O)c1ccc(OCC)cc1,343.15
[*]CC([*])OC(=O)c1ccc([Si](C)(C)C)cc1,403.65
[*]CC([*])OC(=O)c1cccc(Br)c1,330.65
[*]CC([*])OC(=O)c1cccc(C)c1,322.15
[*]CC([*])OC(=O)c1cccc(Cl)c1,334.9
[*]CC([*])OC(=O)c1cccc(OC)c1,317.15
[*]CC([*])OC(=O)c1cccc([N+](=O)[O-])c1,366.15
[*]CC([*])OC(=O)c1cccc([Si](C)(C)C)c1,353.15
[*]CC([*])OC(=O)c1ccccc1,343.55
[*]CC([*])OC(=O)c1ccccc1C,315.65
[*]CC([*])OC(=O)c1ccccc1Cl,328.9
[*]CC([*])OC(=O)c1ccccc1OC,338.15
[*]CC([*])OC(=O)c1ccccc1OC(C)=O,332.65
[*]CC([*])OC(=O)c1cccnc1,359.65
[*]CC([*])OC(=O)c1ccncc1,371.65
[*]CC([*])OC(=O)c1nn(C(C)=O)c2ccccc12,423.15
[*]CC([*])OC(F)(C(F)(F)F)C(F)(F)F,338.15
[*]CC([*])OCC(C)(C)CC,282.15
[*]CC([*])OCC(CC)CCCC,207.15
[*]CC([*])OCCC,224.0
[*]CC([*])OCCCCCCCCCCCOc1ccc(C(=O)Oc2ccc(C#N)cc2)cc1,310.15
[*]CC([*])OCCCCCCCCCCCOc1ccc(C(=O)Oc2ccc(OCC)cc2)cc1,310.15
[*]CC([*])OCCCCCCCOc1ccc(-c2ccc(C#N)cc2)cc1,286.15
[*]CC([*])OCCOCCOCCOC,197.15
[*]CC([*])OCCOc1ccc(/C=C(\C#N)C(=O)OC)cc1,320.15
[*]CC([*])OCCOc1ccc(/N=N/c2ccc(C#N)cc2)cc1,334.15
[*]CC([*])OCCOc1ccc(/N=N/c2ccc([N+](=O)[O-])cc2)cc1,327.15
[*]CC([*])OCCOc1ccc(C=C(C#N)C#N)cc1,311.15
[*]CC([*])O[N+](=O)[O-],310.65
[*]CC([*])P(=O)(N(C)C)N(C)C,298.15
[*]CC([*])P(=O)(O)O,361.15
[*]CC([*])P(=O)(OCC)N(C)C,305.15
[*]CC([*])P(=O)(Oc1ccccc1)N(C)C,300.15
[*]CC([*])P(=O)(c1ccccc1)c1ccccc1,400.65
[*]CC([*])S(=O)(=O)c1ccccc1,401.15
[*]CC([*])SCC,266.15
[*]CC([*])SCCCC,253.15
[*]CC([*])[Si](C)(C)C,410.15
[*]CC([*])[Si](C)(C)Cc1ccccc1,249.15
[*]CC([*])c1c(C)cc(C)cc1C,399.15
[*]CC([*])c1c(Cl)cccc1Cl,438.15
[*]CC([*])c1c(F)c(F)c(C(F)(F)F)c(F)c1F,385.15
[*]CC([*])c1c(F)c(F)c(OC)c(F)c1F,367.15
[*]CC([*])c1c(F)c(F)c(OCC(F)(F)C(F)(F)C(F)(F)C(F)(F)C(F)(F)C(F)(F)C(F)(F)F)c(F)c1F,294.15
[*]CC([*])c1c(F)c(F)c(OCC(F)(F)C(F)(F)F)c(F)c1F,334.15
[*]CC([*])c1c(F)c(F)c(P(=O)(O)O)c(F)c1F,603.15
[*]CC([*])c1c([2H])c([2H])c([2H])c([2H])c1[2H],373.15
[*]CC([*])c1cc(-c2ccc(C(=O)OC(C)CC)cc2)ccc1-c1ccc(C(=O)OC(C)CC)cc1,485.65
[*]CC([*])c1cc(-c2ccc(C(=O)OC(C)CCCCCC)cc2)ccc1-c1ccc(C(=O)OC(C)CCCCCC)cc1,375.15
[*]CC([*])c1cc(-c2ccc(C(=O)OC3CC(C)CCC3C(C)C)cc2)ccc1-c1ccc(C(=O)OC2CC(C)CCC2C(C)C)cc1,490.65
[*]CC([*])c1cc(Br)ccc1OC,359.15
[*]CC([*])c1cc(Br)ccc1OC(C)C,308.15
[*]CC([*])c1cc(Br)ccc1OCC,353.15
[*]CC([*])c1cc(Br)ccc1OCCC,327.15
[*]CC([*])c1cc(Br)ccc1OCCC(C)C,310.15
[*]CC([*])c1cc(Br)ccc1OCCCC,320.15
[*]CC([*])c1cc(Br)ccc1OCCCCC,322.15
[*]CC([*])c1cc(C(=O)OC)ccc1-c1ccc(OCCCCCCCC)cc1,399.15
[*]CC([*])c1cc(C(=O)OCC)ccc1-c1ccc(OCCCCCCCC)cc1,368.15
[*]CC([*])c1cc(C(=O)OCCCC)ccc1-c1ccc(OCCCCCCCC)cc1,347.15
[*]CC([*])c1cc(C(=O)OCCCCCC)ccc1-c1ccc(OCCCCCCCC)cc1,337.15
[*]CC([*])c1cc(C(=O)OCCCCCCCC)ccc1-c1ccc(OCCCCCCCC)cc1,330.15
[*]CC([*])c1cc(C(=O)OCCCCCCCCCC)ccc1-c1ccc(OCCCCCCCC)cc1,317.15
[*]CC([*])c1cc(C(=O)OCCCCCCCCCCCC)ccc1-c1ccc(OCCCCCCCC)cc1,315.15
[*]CC([*])c1cc(C(=O)Oc2ccc(OC)cc2)ccc1C(=O)Oc1ccc(OC)cc1,388.15
[*]CC([*])c1cc(C(=O)Oc2ccc(OCCCC)cc2)ccc1C(=O)Oc1ccc(OCCCC)cc1,376.75
[*]CC([*])c1cc(C(C)(C)C)ccc1C,360.15
[*]CC([*])c1cc(C(F)(F)F)cc(C(F)(F)F)c1,389.15
[*]CC([*])c1cc(C)c(C)cc1C,377.15
[*]CC([*])c1cc(C)cc(C)c1,385.15
[*]CC([*])c1cc(Cl)ccc1Cl,381.15
[*]CC([*])c1cc(OC)c(O)c(OC)c1,420.15
[*]CC([*])c1cc(OC)c(OC(C)=O)c(OC)c1,420.15
[*]CC([*])c1cc[n+](CCCCCCCC)cc1,479.35
[*]CC([*])c1ccc(-c2ccc3c(c2)C(CCCCCC)(CCCCCC)c2cc(-c4ccc5c(c4)C(CCCCCC)(CCCCCC)c4ccccc4-5)ccc2-3)cc1,351.75
[*]CC([*])c1ccc(-c2ccc3c(c2)C(CCCCCC)(CCCCCC)c2ccccc2-3)cc1,354.4
[*]CC([*])c1ccc(-c2cccc3nsnc23)cc1,423.15
[*]CC([*])c1ccc(/C(C)=N/O)cc1,407.15
[*]CC([*])c1ccc(/C(Cc2ccccc2)=N/O)cc1,384.15
[*]CC([*])c1ccc(B(O[Si](C)(C)C)O[Si](C)(C)C)cc1,357.15
[*]CC([*])c1ccc(B(Oc2ccc(-c3c(F)c(F)c(F)c(F)c3F)c3cccnc23)c2ccc(C(C)(C)C)cc2)cc1,518.15
[*]CC([*])c1ccc(B(Oc2ccc(-c3ccc(N(C)C)cc3)c3cccnc23)c2ccc(C(C)(C)C)cc2)cc1,503.15
[*]CC([*])c1ccc(B(Oc2ccc(-c3ccc(OC)cc3)c3cccnc23)c2ccc(C(C)(C)C)cc2)cc1,493.15
[*]CC([*])c1ccc(B(Oc2ccc(B3OC(C)(C)C(C)(C)O3)c3cccnc23)c2ccc(C(C)(C)C)cc2)cc1,548.15
[*]CC([*])c1ccc(B(Oc2ccc(Cl)c3cccnc23)c2ccc(C(C)(C)C)cc2)cc1,511.15
[*]CC([*])c1ccc(B(Oc2cccc3cccnc23)c2ccc(C(C)(C)C)cc2)cc1,513.15
[*]CC([*])c1ccc(C#N)cc1,453.15
[*]CC([*])c1ccc(C(=O)C(F)(F)F)cc1,368.15
[*]CC([*])c1ccc(C(=O)CC)cc1,375.15
[*]CC([*])c1ccc(C(=O)CCC)cc1,347.15
[*]CC([*])c1ccc(C(=O)CCCC)cc1,343.15
[*]CC([*])c1ccc(C(=O)CCCCC)cc1,339.15
[*]CC([*])c1ccc(C(=O)CCCCCCC)cc1,323.15
[*]CC([*])c1ccc(C(=O)CCN2CCCCC2)cc1,311.15
[*]CC([*])c1ccc(C(=O)CCN2CCOCC2)cc1,314.15
[*]CC([*])c1ccc(C(=O)Cc2ccccc2)cc1,351.15
[*]CC([*])c1ccc(C(=O)N(C)C)cc1,398.15
[*]CC([*])c1ccc(C(=O)N(CC)CC)cc1,375.15
[*]CC([*])c1ccc(C(=O)N2CCCCC2)cc1,387.15
[*]CC([*])c1ccc(C(=O)N2CCOCC2)cc1,400.15
[*]CC([*])c1ccc(C(=O)OC(C)C)cc1,368.15
[*]CC([*])c1ccc(C(=O)OCC(C)C)cc1,363.15
[*]CC([*])c1ccc(C(=O)OCC)cc1,367.15
[*]CC([*])c1ccc(C(=O)OCCC)cc1,365.15
[*]CC([*])c1ccc(C(=O)OCCCC)cc1,349.15
[*]CC([*])c1ccc(C(=O)OCCCCCC)cc1,339.15
[*]CC([*])c1ccc(C(=O)OCCN(C)C)cc1,364.15
[*]CC([*])c1ccc(C(=O)OCCN(CC)CC)cc1,347.15
[*]CC([*])c1ccc(C(=O)c2ccc(OC)cc2)cc1,376.15
[*]CC([*])c1ccc(C(=O)c2ccccc2)cc1,371.15
[*]CC([*])c1ccc(C(C)(C)O)cc1,443.15
[*]CC([*])c1ccc(C(C)(O)CC)cc1,463.15
[*]CC([*])c1ccc(C(C)(O)CCC)cc1,408.15
[*]CC([*])c1ccc(C(C)(O)CCCC)cc1,363.15
[*]CC([*])c1ccc(C(C)(O)CCCCC)cc1,373.15
[*]CC([*])c1ccc(C(C)=O)cc1,388.65
[*]CC([*])c1ccc(C(C)C)cc1,335.55
[*]CC([*])c1ccc(C(F)(F)C(F)(F)C(F)(F)C(F)(F)C(F)(F)C(F)(F)C(F)(F)F)cc1,315.15
[*]CC([*])c1ccc(C(O)C(F)(F)F)cc1,383.15
[*]CC([*])c1ccc(C(O)CCN(C)C)cc1,316.15
[*]CC([*])c1ccc(C(O)CCN2CCCCC2)cc1,327.15
[*]CC([*])c1ccc(C(O)CCN2CCOCC2)cc1,323.15
[*]CC([*])c1ccc(C([Si](C)(C)C)[Si](C)(C)C)cc1,429.15
[*]CC([*])c1ccc(C([Sn](C)(C)C)[Sn](C)(C)C)cc1,413.15
[*]CC([*])c1ccc(C)nc1,409.15
[*]CC([*])c1ccc(CC)cc1,344.55
[*]CC([*])c1ccc(CCC(F)(F)C(F)(F)C(F)(F)C(F)(F)F)cc1,296.15
[*]CC([*])c1ccc(CCC)cc1,319.9
[*]CC([*])c1ccc(CCCCCC)cc1,246.15
[*]CC([*])c1ccc(CCCCCCCC)cc1,228.15
[*]CC([*])c1ccc(CCCCCCCCC)cc1,220.15
[*]CC([*])c1ccc(CCCCCCCCCC)cc1,208.15
[*]CC([*])c1ccc(CCCCCCCCCCCC)cc1,221.15
[*]CC([*])c1ccc(CCCCCCCCCCCCCC)cc1,237.15
[*]CC([*])c1ccc(CCCCCCCCCCCCCCCC)cc1,277.65
[*]CC([*])c1ccc(CCCCCCCCCCCCCCCCCC)cc1,305.15
[*]CC([*])c1ccc(CCl)cc1,386.65
[*]CC([*])c1ccc(COC(C)CC)cc1,313.15
[*]CC([*])c1ccc(COCC(CC)CCCC)cc1,250.15
[*]CC([*])c1ccc(COCC(F)(F)C(F)(F)C(F)(F)C(F)(F)F)cc1,296.15
[*]CC([*])c1ccc(COCCC(F)(F)C(F)(F)C(F)(F)C(F)(F)C(F)(F)C(F)(F)C(F)(F)C(F)(F)F)cc1,328.15
[*]CC([*])c1ccc(COCCC(F)(F)C(F)(F)C(F)(F)C(F)(F)C(F)(F)C(F)(F)F)cc1,291.15
[*]CC([*])c1ccc(COCCC(F)(F)C(F)(F)C(F)(F)C(F)(F)F)cc1,286.15
[*]CC([*])c1ccc(COCCCC)cc1,283.15
[*]CC([*])c1ccc(COCCCCCC)cc1,253.15
[*]CC([*])c1ccc(COCCCCO)cc1,293.15
[*]CC([*])c1ccc(COCCO)cc1,319.15
[*]CC([*])c1ccc(COCCOCC)cc1,273.15
[*]CC([*])c1ccc(COCCOCCCC)cc1,235.15
[*]CC([*])c1ccc(COCCOCCCCCCCC)cc1,231.15
[*]CC([*])c1ccc(COc2ccc(-c3ccc(-c4ccc(-c5ccc(CCCCCC)s5)s4)c4nsnc34)cc2)cc1,395.15
[*]CC([*])c1ccc(COc2ccc(-c3ccc(-c4ccc(C)cc4)c4nsnc34)cc2)cc1,390.15
[*]CC([*])c1ccc(COc2ccc(-c3ccc(-c4ccc(C)s4)c4nsnc34)cc2)cc1,403.15
[*]CC([*])c1ccc(COc2ccc(-c3ccc(C#N)cc3)cc2)cc1,405.15
[*]CC([*])c1ccc(C[Si](C)(C)C)cc1,355.15
[*]CC([*])c1ccc(Cl)c(C)c1,387.15
[*]CC([*])c1ccc(Cl)c(Cl)c1,401.15
[*]CC([*])c1ccc(Cl)c([N+](=O)[O-])c1,406.05
[*]CC([*])c1ccc(Cl)cc1C,418.15
[*]CC([*])c1ccc(Cn2c3ccccc3c3ccccc32)cc1,439.15
[*]CC([*])c1ccc(I)cc1,431.15
[*]CC([*])c1ccc(N(c2ccccc2)c2ccccc2)cc1,396.65
[*]CC([*])c1ccc(O)c(OC)c1,415.15
[*]CC([*])c1ccc(OC(C)=O)c(OC)c1,388.15
[*]CC([*])c1ccc(OCC)cc1,359.15
[*]CC([*])c1ccc(OCCC(C)C)cc1,330.15
[*]CC([*])c1ccc(OCCOCCOC(C)=O)cc1,270.15
[*]CC([*])c1ccc(OP2(OCCOCCOCCOC)=NP(OCCOCCOCCOC)(OCCOCCOCCOC)=NP(OCCOCCOCCOC)(OCCOCCOCCOC)=N2)cc1,227.15
[*]CC([*])c1ccc(Oc2ccccc2)cc1,358.15
[*]CC([*])c1ccc(S(=O)(=O)OCCC)cc1,490.15
[*]CC([*])c1ccc([SiH](C)C)cc1,378.15
[*]CC([*])c1ccc([Si](C)(C)C)cc1,409.15
[*]CC([*])c1ccc([Si](C)(C)O)cc1,420.15
[*]CC([*])c1ccc([Si](C)(C)OC(C)C)cc1,453.15
[*]CC([*])c1ccc([Si](C)(C)O[Si](C)(C)C)cc1,308.65
[*]CC([*])c1ccc([Si](C)(C)O[Si](C)(C)O[Si](C)(C)C)cc1,246.15
[*]CC([*])c1ccc([Si](C)(O[Si](C)(C)C)O[Si](C)(C)C)cc1,327.15
[*]CC([*])c1ccc([Si](O[Si](C)(C)C)(O[Si](C)(C)C)O[Si](C)(C)C)cc1,387.15
[*]CC([*])c1ccc2c(c1)OCO2,411.15
[*]CC([*])c1ccc2ccccc2c1,419.65
[*]CC([*])c1cccc(B(O[Si](C)(C)C)O[Si](C)(C)C)c1,308.15
[*]CC([*])c1cccc(Br)c1,375.15
[*]CC([*])c1cccc(C)n1,365.15
[*]CC([*])c1cccc(Cl)c1,363.15
[*]CC([*])c1cccc(F)c1,359.15
[*]CC([*])c1cccc(N(c2ccc(C)cc2)c2ccc(C)cc2)c1,399.65
[*]CC([*])c1cccc(NC(C)=O)c1,436.15
[*]CC([*])c1cccc(O)c1,442.15
[*]CC([*])c1cccc(OC(C)=O)c1,349.15
[*]CC([*])c1cccc2c1OCO2,392.15
[*]CC([*])c1cccc2ccccc12,433.15
[*]CC([*])c1ccccc1Br,422.15
[*]CC([*])c1ccccc1C,404.15
[*]CC([*])c1ccccc1C(=O)N(C)C,463.15
[*]CC([*])c1ccccc1C(=O)NC,462.15
[*]CC([*])c1ccccc1C(=O)Nc1ccccc1,464.15
[*]CC([*])c1ccccc1C(=O)O,450.15
[*]CC([*])c1ccccc1C(=O)OC,403.15
[*]CC([*])c1ccccc1C(=O)OC(C)C,419.15
[*]CC([*])c1ccccc1C(=O)OCC,391.15
[*]CC([*])c1ccccc1C(=O)OCC(C)C,400.15
[*]CC([*])c1ccccc1C(=O)OCCC,381.15
[*]CC([*])c1ccccc1C(=O)OCCC(C)C,341.15
[*]CC([*])c1ccccc1C(=O)OCCCC,339.15
[*]CC([*])c1ccccc1C(=O)OCCCCC,365.15
[*]CC([*])c1ccccc1C(=O)OCCCCCC,318.15
[*]CC([*])c1ccccc1C(=O)OCCN(C)C,342.15
[*]CC([*])c1ccccc1C(=O)Oc1ccccc1,397.15
[*]CC([*])c1ccccc1C(F)(F)F,438.15
[*]CC([*])c1ccccc1COC,362.15
[*]CC([*])c1ccccc1COC(C)C,361.15
[*]CC([*])c1ccccc1COCC,347.15
[*]CC([*])c1ccccc1COCCC,370.15
[*]CC([*])c1ccccc1COCCC(C)C,351.15
[*]CC([*])c1ccccc1COCCCC,340.15
[*]CC([*])c1ccccc1COCCCCC,320.15
[*]CC([*])c1ccccc1COCCCCCCCC,286.15
[*]CC([*])c1ccccc1COCCc1ccccc1,336.15
[*]CC([*])c1ccccc1COCc1ccccc1,345.15
[*]CC([*])c1ccccc1F,433.65
[*]CC([*])c1ccccc1O,445.15
[*]CC([*])c1ccccc1OC(C)=O,391.15
[*]CC([*])c1cccs1,344.15
[*]CC([*])c1nc(C)nc(C)n1,343.15
[*]CC([*])c1nnn[nH]1,345.15
[*]CC([*])n1c2ccccc2c2c3ccccc3ccc21,564.65
[*]CC([*])n1c2ccccc2c2cc3ccccc3cc21,526.15
[*]CC([*])n1cc2ccccc2n1,314.65
[*]CC([*])n1ccc2ccccc21,292.15
[*]CC([*])n1ccnc1,448.15
[*]CC([*])n1cncn1,438.15
[*]CC(c1ccccc1)C1C(=O)N(C(C)(C)C)C(=O)C1[*],451.15
[*]CC(c1ccccc1)C1C(=O)N(C)C(=O)C1[*],478.15
[*]CC(c1ccccc1)C1C(=O)N(CCCCCCCCCCCC)C(=O)C1[*],343.15
[*]CC(c1ccccc1)C1C(=O)N(CCCCNC(=O)C(F)(F)C(F)(F)C(F)(F)C(F)(F)C(F)(F)C(F)(F)C(F)(F)F)C(=O)C1[*],386.15
[*]CC(c1ccccc1)C1C(=O)N(CCCN(CC)c2ccc(/N=N/c3ccc([N+](=O)[O-])cc3)c(C)c2)C(=O)C1[*],410.15
[*]CC(c1ccccc1)C1C(=O)N(CCCN(CC)c2ccc(/N=N/c3ccc([N+](=O)[O-])cc3Cl)c(C)c2)C(=O)C1[*],422.15
[*]CC(c1ccccc1)C1C(=O)N(CCCOc2ccc(-c3ccc(C#N)cc3)cc2)C(=O)C1[*],403.15
[*]CC(c1ccccc1)C1C(=O)N(CCN(CC)c2ccc(/N=N/c3ccc([N+](=O)[O-])cc3)cc2)C(=O)C1[*],445.15
[*]CC(c1ccccc1)C1C(=O)N(c2ccc(C(C)(C)C)cc2)C(=O)C1[*],510.15
[*]CC(c1ccccc1)C1C(=O)N(c2ccc(NC(=O)OCC3CCCN3c3ccc([N+](=O)[O-])cc3)cc2)C(=O)C1[*],481.15
[*]CC(c1ccccc1)C1C(=O)N(c2ccc(Oc3ccccc3)cc2)C(=O)C1[*],467.15
[*]CC(c1ccccc1)C1C(=O)N(c2ccccc2)C(=O)C1[*],494.15
[*]CC/C=C/CCC(=O)OCCCCCCCCCCCCCCCCOC([*])=O,255.15
[*]CC/C=C/CCC(=O)OCCCCCCCCCCOC([*])=O,258.15
[*]CC1(C)C(=O)OC(=O)C1(C)C([*])OC,533.15
[*]CC1(C)C(=O)OC(=O)C1(C)C([*])OCC,517.15
[*]CC1(C)C(=O)OC(=O)C1(C)C([*])OCC(C)C,492.15
[*]CC1(C)C(=O)OC(=O)C1(C)C([*])OCCCC,470.15
[*]CC1(C)CC([*])(C)C(=O)OC1=O,417.15
[*]CC1([*])CC(=O)N(c2ccccc2)C1=O,509.15
[*]CC1([*])CCCCC1,373.15
[*]CC1([*])OCC(c2ccccc2)O1,348.15
[*]CC1=CCC(C([*])(C)C)CC1,350.15
[*]CC1C(=O)N(C2CCCCC2)C(=O)C1C([*])(C)C,465.15
[*]CC1C(=O)N(CCCCCCCCCCCC)C(=O)C1C([*])CCCCCCCCCCCCCCCC,303.15
[*]CC1C(=O)N(CCCCNC(=O)C(F)(F)C(F)(F)C(F)(F)C(F)(F)C(F)(F)C(F)(F)C(F)(F)F)C(=O)C1C([*])CCCCCCCCCCCCCCCC,336.15
[*]CC1C(=O)N(c2ccc(N(C)C)cc2)C(=O)C1C([*])OC,494.15
[*]CC1C(=O)N(c2ccccc2)C(=O)C1C([*])(C)C,461.15
[*]CC1C(=O)OC(=O)C1C([*])(C)C,414.15
[*]CC1C(=O)OC(=O)C1C([*])(C)N=C=O,373.15
[*]CC1C(=O)OC(=O)C1C([*])OC,426.65
[*]CC1C(=O)OC(=O)C1C([*])OC(C)C,415.15
[*]CC1C(=O)OC(=O)C1C([*])OCC,419.15
[*]CC1C(=O)OC(=O)C1C([*])OCC(C)C,418.15
[*]CC1C(=O)OC(=O)C1C([*])OCCCC,391.15
[*]CC1CC(C[*])C2C3CCC(C3)C12,437.15
[*]CC1CC([*])C(=O)OC1=O,413.15
[*]CC1CC([*])C(OC(=O)CCCCCCCCCCOc2ccc(-c3ccc(C#N)cc3)cc2)C1OC(=O)CCCCCCCCCCOc1ccc(-c2ccc(C#N)cc2)cc1,287.65
[*]CC1CC([*])CC1OC(=O)CCCCCCCCCCOc1ccc(-c2ccc(C#N)cc2)cc1,303.65
[*]CC1CC2CC1C1CCC(Cn3c(=O)c4cc5c(=O)n([*])c(=O)c5cc4c3=O)C21,538.15
[*]CC1CCC(N2C(=O)C3C4C=CC(C5C(=O)N(C6CCC([*])CC6C)C(=O)C45)C3C2=O)C(C)C1,514.15
[*]CC1CCC(N2C(=O)c3ccc(-c4ccc5c(c4)C(=O)N(C4CCC([*])CC4C)C5=O)cc3C2=O)C(C)C1,533.15
[*]CC1CCC(N2C(=O)c3ccc(C(=O)c4ccc5c(c4)C(=O)N(C4CCC([*])CC4C)C5=O)cc3C2=O)C(C)C1,513.15
[*]CC1CCC(N2C(=O)c3ccc(C(c4ccc5c(c4)C(=O)N(C4CCC([*])CC4C)C5=O)(C(F)(F)F)C(F)(F)F)cc3C2=O)C(C)C1,498.15
[*]CC1CCC(N2C(=O)c3ccc(Oc4ccc5c(c4)C(=O)N(C4CCC([*])CC4C)C5=O)cc3C2=O)C(C)C1,523.15
[*]CC1CCC(NC(=O)CCCCC(=O)NC([*])(C)C)CC1,353.15
[*]CC1CCCC(Cn2c(=O)c3cc4c(=O)n([*])c(=O)c4cc3c2=O)C1,536.15
[*]CC1COC(CC(=O)NCCCCCCNC([*])=O)CO1,346.15
[*]CC=CCC([*])(C(=O)OC12CC3CC(CC(C3)C1)C2)C(=O)OC12CC3CC(CC(C3)C1)C2,307.15
[*]CC=CCC([*])c1ccccc1,287.15
[*]CC=CCC[Si]([*])(C)c1ccccc1,258.25
[*]CC=CCS([*])(=O)=O,359.15
[*]CC=CC[Si]([*])(C)C,215.65
[*]CC=CC[Si]([*])(C)CCCOc1ccc(-c2ccccc2)cc1,283.15
[*]CC=CC[Si]([*])(C)CCCOc1ccc2ccccc2c1,272.15
[*]CC=CC[Si]([*])(C)CCCOc1ccccc1,243.15
[*]CC=CC[Si]([*])(C)c1ccccc1,272.15
[*]CC=CC[Si]([*])(C=C)C=C,208.15
[*]CC=CC[Si]([*])(CCCOc1ccccc1)c1ccccc1,268.15
[*]CC=CC[Si]([*])(c1ccccc1)c1ccccc1,308.05
[*]CCC#CC#CCCC(=O)OCCN(CCOC([*])=O)c1ccc([N+](=O)[O-])cc1,303.15
[*]CCC(=O)NCCCCCCCCCCCCNC(=O)CCP([*])(C)=O,317.15
[*]CCC(=O)NCCCCCCCCCCNC(=O)CCP([*])(C)=O,318.65
[*]CCC(=O)NCCCCCCCCNC(=O)CCP([*])(C)=O,325.15
[*]CCC(=O)NCCCCCCNC(=O)CC([*])C,290.15
[*]CCC(=O)NCCCCCCNC(=O)CCC(C)(C)c1ccc(C([*])(C)C)cc1,366.4
[*]CCC(=O)NCCCCCCNC(=O)CCP([*])(C)=O,330.65
[*]CCC(=O)Nc1ccc(N=Nc2ccc(NC([*])=O)cc2)cc1,493.15
[*]CCC(=O)OC1COC2C(OC([*])=O)COC12,350.15
[*]CCC(=O)OCC1CCC(COC([*])=O)CC1,272.15
[*]CCC(=O)OCCCCCCCCCOC([*])=O,304.15
[*]CCC(=O)OCCCCCCOC([*])=O,223.15
[*]CCC(=O)OCCCCOC([*])=O,241.15
[*]CCC(=O)OCCCOC([*])=O,238.45
[*]CCC(=O)OCCOC(=O)c1ccc(C(=O)OCCOC([*])=O)cc1,297.15
[*]CCC(=O)OCCOCCOC([*])=O,234.95
[*]CCC(=O)Oc1ccc(C(C)(C)c2ccc(OC(=O)CC([*])C)cc2)cc1,329.15
[*]CCC(=O)Oc1ccc(C2(c3ccc(OC([*])=O)cc3)c3ccccc3-c3ccccc32)cc1,507.15
[*]CCC(=O)Oc1ccc(CCC(=O)NC(Cc2ccc(OC(=O)CC([*])C)cc2)C(=O)OCc2ccccc2)cc1,328.15
[*]CCC(=O)Oc1cccc(OC([*])=O)c1,311.35
[*]CCC(C(=O)OC)C([*])C(=O)OC,304.35
[*]CCC(C)(C)C([*])(C)C,360.15
[*]CCC(C)(C)CCCNC(=O)c1ccc(C(=O)NC([*])C)cc1,423.15
[*]CCC(C)C([*])(C)C(=O)OC,318.15
[*]CCC(C)C([*])C,247.15
[*]CCC(C)CNC(=O)c1cc(C(=O)NCC([*])C)cc(C(C)(C)C)c1,422.15
[*]CCC(C)OC(=O)CCCCCCCCC(=O)OC([*])C,207.15
[*]CCC(C)O[Si](C)(C)O[Si](C)(C)OC([*])C,190.15
[*]CCC(C)O[Si](C)(C)O[Si](C)(C)O[Si](C)(C)OC([*])C,183.15
[*]CCC(C)O[Si](C)(C)O[Si](C)(C)O[Si](C)(C)O[Si](C)(C)OC([*])C,177.15
[*]CCC(C)O[Si](C)(C)O[Si](C)(C)O[Si](C)(C)O[Si](C)(C)O[Si](C)(C)OC([*])C,167.15
[*]CCC(Cl)C([*])Cl,343.15
[*]CCC(F)(F)C(F)(F)C(F)(F)C(F)(F)C(F)(F)C(F)(F)C(F)(F)C(F)(F)C(F)(F)C(F)(F)CC[Si](C)(CCC(F)(F)F)O[Si]([*])(C)CCC(F)(F)F,262.15
[*]CCC(F)(F)C(F)(F)C(F)(F)C(F)(F)C(F)(F)C(F)(F)C(F)(F)C(F)(F)CC[Si](C)(CCC(F)(F)F)O[Si]([*])(C)CCC(F)(F)F,245.15
[*]CCC(F)(F)C(F)(F)C(F)(F)C(F)(F)C(F)(F)C(F)(F)CC[Si](C)(CCC(F)(F)F)O[Si](C)(CCC(F)(F)F)O[Si](C)(CCC(F)(F)F)O[Si]([*])(C)CCC(F)(F)F,230.15
[*]CCC(F)(F)C(F)(F)C(F)(F)C(F)(F)C(F)(F)C(F)(F)CC[Si](C)(CCC(F)(F)F)O[Si]([*])(C)CCC(F)(F)F,249.15
[*]CCC(F)(F)C(F)(F)C(F)(F)C(F)(F)CC[Si](C)(CCC(F)(F)F)O[Si]([*])(C)CCC(F)(F)F,248.15
[*]CCC(F)(F)C(F)(F)CC[Si](C)(CCC(F)(F)F)O[Si]([*])(C)CCC(F)(F)F,246.15
[*]CCC(F)(F)C([*])(F)F,165.15
[*]CCC(F)(F)CC[Si](C)(CCC(F)(F)F)O[Si]([*])(C)CCC(F)(F)F,235.15
[*]CCC([*])(C)C,261.15
[*]CCC([*])(C)c1ccccc1,366.15
[*]CCC([*])=O,288.15
[*]CCC([2H])(C)C([*])[2H],225.65
[*]CCC(c1ccccc1)C([*])c1ccccc1,377.45
[*]CCC(c1ccccc1)[Si]([*])(C)C,300.15
[*]CCC/N=C/c1cc(Cc2ccc(O)c(/C=N/CCC[Si](C)(C)O[Si]([*])(C)C)c2)ccc1O,221.525
[*]CCC/N=C1/C=C(O)/C(=N/CCC[Si](C)(C)O[Si]([*])(C)C)C=C1O,343.49
[*]CCC/N=C1/C=C/C(=N\CCC[Si](C)(C)O[Si]([*])(C)C)c2c(O)ccc(O)c21,306.05
[*]CCC/N=C1\c2ccccc2/C(=N\CCC[Si](C)(C)O[Si]([*])(C)C)c2c(O)ccc(O)c21,280.65
[*]CCC1(CCC(=O)N2CCN(C([*])=O)CC2)c2ccccc2-c2ccccc21,418.15
[*]CCC1(CCC(=O)NCCCC2(CCCNC([*])=O)c3ccccc3-c3ccccc32)c2ccccc2-c2ccccc21,438.15
[*]CCC1(CCC(=O)NCCCCCCNC([*])=O)c2ccccc2-c2ccccc21,395.15
[*]CCC1(CCC(=O)NCc2cccc(CNC([*])=O)c2)c2ccccc2-c2ccccc21,423.15
[*]CCC1C(=O)N(C)C(=O)C1[*],414.35
[*]CCC1C(=O)N(CC)C(=O)C1[*],382.35
[*]CCC1C(=O)N(CCC)C(=O)C1[*],363.55
[*]CCC1C(=O)N(CCCC)C(=O)C1[*],341.05
[*]CCC1C(=O)N(CCCCCC)C(=O)C1[*],314.65
[*]CCC1C(=O)N(CCCCCCCCCCCC)C(=O)C1[*],328.55
[*]CCC1C(=O)N(CCCCCCCCCCCCCC)C(=O)C1[*],335.55
[*]CCC1C(=O)N(CCCCCCCCCCCCCCCC)C(=O)C1[*],338.75
[*]CCC1C(=O)N(CCCCCCCCCCCCCCCCCC)C(=O)C1[*],340.25
[*]CCC1C(=O)N(CCCCNC(=O)C(F)(F)C(F)(F)C(F)(F)C(F)(F)C(F)(F)C(F)(F)C(F)(F)F)C(=O)C1[*],373.15
[*]CCC1C(=O)N(c2ccc(N(C)C)cc2)C(=O)C1[*],468.15
[*]CCC1CC(OC(=O)CCCCCCCCCCOc2ccc(-c3ccc(C#N)cc3)cc2)CC1[*],297.15
[*]CCC1CC([*])C2C1C1CC2C(C)(C(=O)OC)C1,419.15
[*]CCC1CC([*])C2C3CC(CC3CC)C12,411.15
[*]CCC1CC([*])C2C3CC(CC3c3ccc(COC(C)CC)cc3)C12,412.15
[*]CCC1CC([*])C2CCCC12,374.15
[*]CCC1CC2C(CC([*])C2OC(=O)CCCCCCCCCCOc2ccc(-c3ccc(C#N)cc3)cc2)C1OC(=O)CCCCCCCCCCOc1ccc(-c2ccc(C#N)cc2)cc1,296.65
[*]CCC1C[N+](C)(C)CC1[*],266.45
[*]CCCC(=O)Nc1ccc(NC([*])=O)cc1,408.15
[*]CCCC(=O)OCCCCCCNC([*])=O,255.15
[*]CCCC(=O)OCCCCOC([*])=O,236.65
[*]CCCC(=O)OCCCOC([*])=O,240.15
[*]CCCC(=O)OCCOCCOC([*])=O,218.15
[*]CCCC(=O)Oc1ccc(/C=N/c2ccc(/N=C/c3ccc(OC(=O)CCC[Si](C)(C)O[Si]([*])(C)C)cc3)cc2)cc1,333.15
[*]CCCC(=O)Oc1ccc(/C=N/c2ccc(Cc3ccc(/N=C/c4ccc(OC(=O)CCC[Si](C)(C)O[Si]([*])(C)C)cc4)cc3)cc2)cc1,341.15
[*]CCCC(=O)Oc1ccc(/C=N/c2ccc(Oc3ccc(/N=C/c4ccc(OC(=O)CCC[Si](C)(C)O[Si]([*])(C)C)cc4)cc3)cc2)cc1,325.15
[*]CCCC(=O)Oc1ccc(C2(c3ccc(OC([*])=O)cc3)c3ccccc3-c3ccccc32)cc1,480.15
[*]CCCC(=O)Oc1ccccc1C(=O)OC(=O)c1ccccc1OC([*])=O,323.15
[*]CCCC(C)C(=O)OC([*])C,240.15
[*]CCCC(Cl)C([*])Cl,315.15
[*]CCCC([*])(C)C,253.15
[*]CCCC([*])(C)C(=O)O,405.15
[*]CCCC([*])(C)CC,250.15
[*]CCCC([*])C,220.55
[*]CCCC1(C)CCN(C(=O)CCC(=O)N2CCC([*])(C)CC2)CC1,372.15
[*]CCCC1(C)CCN(C(=O)CCCC(=O)N2CCC([*])(C)CC2)CC1,331.15
[*]CCCC=CCCCC([*])Cl,210.15
[*]CCCCC(=O)N(CCCCCCN(CC(F)(F)C(F)(F)C(F)(F)C(F)(F)C(F)(F)C(F)(F)C(F)(F)F)C([*])=O)CC(F)(F)C(F)(F)C(F)(F)C(F)(F)C(F)(F)C(F)(F)C(F)(F)F,392.55
[*]CCCCC(=O)NC(Cc1ccccc1)C(=O)OC/C=C/COC(=O)C(Cc1ccccc1)NC([*])=O,334.15
[*]CCCCC(=O)NC(Cc1ccccc1)C(=O)OC1COC2C(OC(=O)C(Cc3ccccc3)NC([*])=O)COC12,370.65
[*]CCCCC(=O)NC1CCC(CC2CCC(NC([*])=O)CC2)CC1,458.15
[*]CCCCC(=O)NCC(=O)NCCCCCCNC([*])=O,326.55
[*]CCCCC(=O)NCC1CCC(CNC([*])=O)CC1,386.15
[*]CCCCC(=O)NCC1CCCC(CNC([*])=O)C1,380.15
[*]CCCCC(=O)NCC1COC(CNC([*])=O)CO1,366.15
[*]CCCCC(=O)NCCCC1(CCCNC([*])=O)c2ccccc2-c2ccccc21,393.15
[*]CCCCC(=O)NCCCCCC(=O)OCCCCCCCCCCOC(=O)CCCCCNC([*])=O,261.15
[*]CCCCC(=O)NCCCCCC(=O)OCCCCCCOC(=O)CCCCCNC([*])=O,266.15
[*]CCCCC(=O)NCCCCCC(=O)OCCCCOC(=O)CCCCCNC([*])=O,258.15
[*]CCCCC(=O)NCCCCCCCCCCNC([*])=O,318.15
[*]CCCCC(=O)NCCCCCCCCCNC([*])=O,341.15
[*]CCCCC(=O)NCCCCCCCCNC([*])=O,323.15
[*]CCCCC(=O)NCCCCCCCNC([*])=O,328.15
[*]CCCCC(=O)NCCCCCNC([*])=O,319.65
[*]CCCCC(=O)NCCCCNC([*])=O,331.15
[*]CCCCC(=O)NCCCOCCCNC([*])=O,307.15
[*]CCCCC(=O)NCCCP(=O)(CCCNC([*])=O)c1ccccc1,328.15
[*]CCCCC(=O)NCCCP(CCCNC([*])=O)c1ccccc1,322.15
[*]CCCCC(=O)NCCNC([*])=O,344.15
[*]CCCCC(=O)NCc1ccc(OC2COC3C(Oc4ccc(CNC([*])=O)cc4)COC23)cc1,389.15
[*]CCCCC(=O)NCc1cccc(CNC([*])=O)c1,357.15
[*]CCCCC(=O)Nc1cc(NC([*])=O)cc(-c2nnc(-c3ccccn3)o2)c1,432.15
[*]CCCCC(=O)Nc1ccc(CCNC([*])=O)cc1,388.15
[*]CCCCC(=O)Nc1ccc(NC([*])=O)cc1,406.15
[*]CCCCC(=O)Nc1ccc(OC2COC3C(Oc4ccc(NC([*])=O)cc4)COC23)cc1,423.15
[*]CCCCC(=O)Nc1ccc(Oc2ccc(NC([*])=O)cc2)cc1,503.15
[*]CCCCC(=O)Nc1ccc(S(=O)(=O)c2ccc(NC([*])=O)cc2)cc1,467.15
[*]CCCCC(=O)Nc1ccc2oc(CCCCCCCCc3nc4cc(NC([*])=O)ccc4o3)nc2c1,365.15
[*]CCCCC(=O)Nc1cccc(NC(=S)NC(=O)c2ccc(NC([*])=O)cc2)c1,540.15
[*]CCCCC(=O)Nc1cccc(NC([*])=O)c1,387.4
[*]CCCCC(=O)Nc1cccc(Oc2ccc(NC([*])=O)cc2)c1,433.15
[*]CCCCC(=O)Nc1cccc(S(=O)(=O)c2cccc(NC([*])=O)c2)c1,413.15
[*]CCCCC(=O)OC([*])C,233.15
[*]CCCCC(=O)OC1CCC(OC([*])=O)CC1,350.95
[*]CCCCC(=O)OC1COC2C(OCCCCOC3COC4C(OC([*])=O)COC34)COC12,387.15
[*]CCCCC(=O)OCC(CCCCCCOc1ccc(/N=N/c2ccc(Br)cc2)cc1)COC([*])=O,297.15
[*]CCCCC(=O)OCC(CCCCCCOc1ccc(/N=N/c2ccc(C(F)(F)F)cc2)cc1)COC([*])=O,317.15
[*]CCCCC(=O)OCC(CCCCCCOc1ccc(/N=N/c2ccc(Cl)cc2)cc1)COC([*])=O,282.15
[*]CCCCC(=O)OCC(F)(F)C(F)(F)C(F)(F)COC([*])=O,212.65
[*]CCCCC(=O)OCC(O)COc1ccc(C(=O)Oc2ccc(OCC(O)COC([*])=O)cc2)cc1,310.15
[*]CCCCC(=O)OCC(O)COc1ccc(OCC(O)COC([*])=O)cc1,292.15
[*]CCCCC(=O)OCCCCCCCCCCCOc1ccc(-c2nnc(-c3ccc(OCCCCCCCCCCCOC([*])=O)cc3)s2)cc1,342.15
[*]CCCCC(=O)OCCCCCCOC([*])=O,204.15
[*]CCCCC(=O)OCCCCCOC([*])=O,204.15
[*]CCCCC(=O)OCCCCOC(=O)c1ccc(C(=O)OCCCCOC([*])=O)cc1,253.15
[*]CCCCC(=O)OCCCOC([*])=O,218.15
[*]CCCCC(=O)OCCN(CCOC([*])=O)c1ccc(/C=N/N(c2ccccc2)c2ccccc2)cc1,327.15
[*]CCCCC(=O)OCCOC(=O)c1ccc(C(=O)OCCOC([*])=O)cc1,281.15
[*]CCCCC(=O)OCCOCCOC([*])=O,222.15
[*]CCCCC(=O)OCCOCCOCCOC([*])=O,224.15
[*]CCCCC(=O)Oc1c(-c2ccccc2)cc(Cc2cc(-c3ccccc3)c(OC([*])=O)c(-c3ccccc3)c2)cc1-c1ccccc1,388.15
[*]CCCCC(=O)Oc1ccc(/C(=C/c2ccc(-c3ccc(/C=C(\c4ccccc4)c4ccc(OC([*])=O)cc4)cc3)cc2)c2ccccc2)cc1,401.15
[*]CCCCC(=O)Oc1ccc(C2(c3ccc(OC([*])=O)cc3)c3ccccc3-c3ccccc32)cc1,439.15
[*]CCCCC(=O)Oc1ccc(Cc2ccc(OC([*])=O)cc2)cc1,333.65
[*]CCCCC(=O)Oc1ccc(OC([*])=O)cc1,363.15
[*]CCCCC(=O)Oc1ccccc1C(=O)OC(=O)c1ccccc1OC([*])=O,328.15
[*]CCCCC(C)(C)c1ccc2c(c1)C(=O)N(c1ccc(Cc3ccc(N4C(=O)c5ccc(C([*])(C)C)cc5C4=O)cc3)cc1)C2=O,443.05
[*]CCCCC(C)O[Si](C)(C)O[Si](C)(C)OC([*])C,186.15
[*]CCCCC(C)O[Si](C)(C)O[Si](C)(C)O[Si](C)(C)OC([*])C,179.15
[*]CCCCC(C)O[Si](C)(C)O[Si](C)(C)O[Si](C)(C)O[Si](C)(C)OC([*])C,175.15
[*]CCCCC(C)O[Si](C)(C)O[Si](C)(C)O[Si](C)(C)O[Si](C)(C)O[Si](C)(C)OC([*])C,169.15
[*]CCCCC(c1ccc(O)cc1)C([*])c1ccc(O)cc1C,298.15
[*]CCCCCC(=O)NCCCCCCCNC([*])=O,328.15
[*]CCCCCC(=O)NCCCCCCNC([*])=O,327.15
[*]CCCCCC(=O)Nc1ccc(NC([*])=O)cc1,406.15
[*]CCCCCC(=O)Nc1ccc(Oc2ccc(NC([*])=O)cc2)cc1,453.15
[*]CCCCCC(=O)Nc1ccc(S(=O)(=O)c2ccc(NC([*])=O)cc2)cc1,436.15
[*]CCCCCC(=O)Nc1cccc(Oc2ccc(NC([*])=O)cc2)c1,403.15
[*]CCCCCC(=O)OCCCCCCS(=O)(=O)c1ccc(/N=N/c2ccc(N([*])C)cc2)cc1,333.65
[*]CCCCCC(=O)OCCOC([*])=O,227.15
[*]CCCCCC(=O)OCCOCCOC([*])=O,231.65
[*]CCCCCC(=O)OCCOCCOCCOC([*])=O,228.65
[*]CCCCCC(=O)Oc1c(-c2ccccc2)cc(Cc2cc(-c3ccccc3)c(OC([*])=O)c(-c3ccccc3)c2)cc1-c1ccccc1,384.15
[*]CCCCCC(=O)Oc1ccccc1C(=O)OC(=O)c1ccccc1OC([*])=O,313.15
[*]CCCCCC(Cl)C([*])Cl,256.15
[*]CCCCCC([*])C,207.15
[*]CCCCCC([*])CC,200.15
[*]CCCCCC([*])CCC,205.15
[*]CCCCCC([*])CCCC,204.15
[*]CCCCCC([*])CCCCCC,197.15
[*]CCCCCC([*])CCCCCCCC,201.15
[*]CCCCCC([*])CCCCCCCCCC,208.15
[*]CCCCCC(c1ccc(O)cc1)C([*])c1ccc(O)cc1C,289.15
[*]CCCCCCC(=O)NC(Cc1ccccc1)C(=O)OC1COC2C(OC(=O)C(Cc3ccccc3)NC([*])=O)COC12,364.15
[*]CCCCCCC(=O)NCCCCCCNC([*])=O,330.15
[*]CCCCCCC(=O)Nc1ccc(NC([*])=O)cc1,411.15
[*]CCCCCCC(=O)Nc1ccc(OC2COC3C(Oc4ccc(NC([*])=O)cc4)COC23)cc1,345.65
[*]CCCCCCC(=O)Nc1ccc(Oc2ccc(NC([*])=O)cc2)cc1,453.15
[*]CCCCCCC(=O)Nc1ccc2oc(CCCCCCc3nc4cc(NC([*])=O)ccc4o3)nc2c1,350.15
[*]CCCCCCC(=O)Nc1cccc(NC([*])=O)c1,388.65
[*]CCCCCCC(=O)Nc1cccc(Oc2ccc(NC([*])=O)cc2)c1,413.15
[*]CCCCCCC(=O)Nc1cccc(S(=O)(=O)c2cccc(NC([*])=O)c2)c1,398.15
[*]CCCCCCC(=O)OCC#CCOC([*])=O,235.15
[*]CCCCCCC(=O)OCCCCCCCCCCCCCCCCOC([*])=O,247.15
[*]CCCCCCC(=O)OCCCCCCCCCCOC([*])=O,251.15
[*]CCCCCCC(=O)OCCCOC([*])=O,220.65
[*]CCCCCCC(=O)OCCOC(=O)c1ccc(C(=O)OCCOC([*])=O)cc1,272.15
[*]CCCCCCC(=O)OCCOCCOC([*])=O,207.15
[*]CCCCCCC(=O)Oc1ccc(C2(c3ccc(OC([*])=O)cc3)c3ccccc3-c3ccccc32)cc1,431.15
[*]CCCCCCC(=O)Oc1ccccc1C(=O)OC(=O)c1ccccc1OC([*])=O,301.15
[*]CCCCCCC(Cl)C([*])Cl,255.15
[*]CCCCCCC(c1ccc(O)cc1)C([*])c1ccc(O)cc1C,291.15
[*]CCCCCCC=CCCCCCCC([*])Cl,216.15
[*]CCCCCCCC(=O)NCCCCCCNC(=O)CCCCCCCC1C([*])C=CC(CCCCCC)C1CCCCCCCC,270.15
[*]CCCCCCCC(=O)Nc1ccc(Cc2ccc(NC([*])=O)cc2)cc1,413.15
[*]CCCCCCCC(=O)Nc1ccc(NC([*])=O)cc1,403.15
[*]CCCCCCCC(=O)Nc1ccc(Oc2ccc(NC([*])=O)cc2)cc1,433.15
[*]CCCCCCCC(=O)Nc1ccc(S(=O)(=O)c2ccc(NC([*])=O)cc2)cc1,451.15
[*]CCCCCCCC(=O)Nc1cccc(Oc2ccc(NC([*])=O)cc2)c1,393.15
[*]CCCCCCCC(=O)Nc1cccc(S(=O)(=O)c2cccc(NC([*])=O)c2)c1,398.15
[*]CCCCCCCC(=O)OCCCCOC([*])=O,210.65
[*]CCCCCCCC(=O)OCCOC([*])=O,228.15
[*]CCCCCCCC(=O)OCCOCCOC([*])=O,202.15
[*]CCCCCCCC(=O)Oc1ccc(C2(c3ccc(OC([*])=O)cc3)c3ccccc3-c3ccccc32)cc1,423.15
[*]CCCCCCCC(=O)Oc1ccccc1C(=O)OC(=O)c1ccccc1OC([*])=O,298.15
[*]CCCCCCCC([*])C,215.15
[*]CCCCCCCC(c1ccc(O)cc1)C([*])c1ccc(O)cc1C,277.15
[*]CCCCCCCC1OCC(CCCCOC([*])=O)O1,229.15
[*]CCCCCCCC1OCC(COC([*])=O)O1,250.15
[*]CCCCCCCC1OCC(OC([*])=O)CO1,279.65
[*]CCCCCCCC1OCC2(CO1)COC(CCCCCCCC(=O)OCCOC([*])=O)OC2,273.15
[*]CCCCCCCCC(=O)N1CCCCC(NC([*])=O)C1,226.65
[*]CCCCCCCCC(=O)N1CCN(C([*])=O)CC1,355.15
[*]CCCCCCCCC(=O)NC(Cc1ccccc1)C(=O)NCCCOCCOCCOCCCNC(=O)C(Cc1ccccc1)NC([*])=O,317.15
[*]CCCCCCCCC(=O)NC(Cc1ccccc1)C(=O)OC/C=C/COC(=O)C(Cc1ccccc1)NC([*])=O,319.15
[*]CCCCCCCCC(=O)NC(Cc1ccccc1)C(=O)OC1COC2C(OC(=O)C(Cc3ccccc3)NC([*])=O)COC12,347.15
[*]CCCCCCCCC(=O)NC1CCC(CC2CCC(NC([*])=O)CC2)CC1,417.15
[*]CCCCCCCCC(=O)NC1CCC(CCC2CCC(NC([*])=O)CC2)CC1,389.15
[*]CCCCCCCCC(=O)NCC(=O)NCC(=O)OC1COC2C(OC(=O)CNC(=O)CNC([*])=O)COC12,320.15
[*]CCCCCCCCC(=O)NCC(=O)OC1COC2C(OC(=O)CNC([*])=O)COC12,339.15
[*]CCCCCCCCC(=O)NCC1CCC(CNC([*])=O)CC1,362.15
[*]CCCCCCCCC(=O)NCC1COC(CNC([*])=O)CO1,346.15
[*]CCCCCCCCC(=O)NCCCC1(CCCNC([*])=O)c2ccccc2-c2ccccc21,358.15
[*]CCCCCCCCC(=O)NCCCCCCCCCCCNC([*])=O,313.15
[*]CCCCCCCCC(=O)NCCCCCCCCCCNC([*])=O,333.15
[*]CCCCCCCCC(=O)NCCCCCCCCNC([*])=O,327.15
[*]CCCCCCCCC(=O)NCCCOCCOCCOCCCNC([*])=O,313.15
[*]CCCCCCCCC(=O)NCCc1ccc(CCNC([*])=O)cc1,378.15
[*]CCCCCCCCC(=O)NCc1ccc(CNC([*])=O)cc1,388.15
[*]CCCCCCCCC(=O)NNC(=O)OCCCCCCCCCCOC(=O)NNC([*])=O,307.15
[*]CCCCCCCCC(=O)NNC(=O)OCCCCCCCCOC(=O)NNC([*])=O,311.15
[*]CCCCCCCCC(=O)NNC(=O)OCCCCCCOC(=O)NNC([*])=O,318.15
[*]CCCCCCCCC(=O)NNC(=O)OCCCCCOC(=O)NNC([*])=O,293.15
[*]CCCCCCCCC(=O)NNC(=O)OCCCCOC(=O)NNC([*])=O,329.15
[*]CCCCCCCCC(=O)NNC(=O)OCCCOC(=O)NNC([*])=O,295.15
[*]CCCCCCCCC(=O)NNC(=O)OCCOC(=O)NNC([*])=O,336.15
[*]CCCCCCCCC(=O)Nc1cc(NC([*])=O)cc(-c2nnc(-c3ccccn3)o2)c1,358.15
[*]CCCCCCCCC(=O)Nc1ccc(C(=O)c2ccc(Oc3ccc(Oc4ccc(C(=O)c5ccc(NC([*])=O)cc5)cc4)cc3)cc2)cc1,403.15
[*]CCCCCCCCC(=O)Nc1ccc(C(=O)c2ccc(Oc3cccc(Oc4ccc(C(=O)c5ccc(NC([*])=O)cc5)cc4)c3)cc2)cc1,416.15
[*]CCCCCCCCC(=O)Nc1ccc(Cc2ccc(NC([*])=O)cc2)cc1,433.15
[*]CCCCCCCCC(=O)Nc1ccc(NC([*])=O)cc1,398.15
[*]CCCCCCCCC(=O)Nc1ccc(Oc2ccc(NC([*])=O)cc2)cc1,433.15
[*]CCCCCCCCC(=O)Nc1ccc(S(=O)(=O)c2ccc(NC([*])=O)cc2)cc1,345.49
[*]CCCCCCCCC(=O)Nc1ccc2oc(CCCCCCCCc3nc4cc(NC([*])=O)ccc4o3)nc2c1,366.15
[*]CCCCCCCCC(=O)Nc1ccc2oc(CCCCCCc3nc4cc(NC([*])=O)ccc4o3)nc2c1,359.15
[*]CCCCCCCCC(=O)Nc1cccc(C(=O)c2ccc(Oc3ccc(C(=O)c4ccc(NC([*])=O)cc4)cc3)cc2)c1,421.15
[*]CCCCCCCCC(=O)Nc1cccc(C(=O)c2ccc(Oc3ccc(C(=O)c4cccc(NC([*])=O)c4)cc3)cc2)c1,414.15
[*]CCCCCCCCC(=O)Nc1cccc(C(=O)c2ccc(Oc3ccc(Oc4ccc(C(=O)c5cccc(NC([*])=O)c5)cc4)cc3)cc2)c1,417.15
[*]CCCCCCCCC(=O)Nc1cccc(NC(=S)NC(=O)c2ccc(NC([*])=O)cc2)c1,538.15
[*]CCCCCCCCC(=O)Nc1cccc(NC([*])=O)c1,383.15
[*]CCCCCCCCC(=O)Nc1cccc(Oc2ccc(NC([*])=O)cc2)c1,398.15
[*]CCCCCCCCC(=O)Nc1cccc(S(=O)(=O)c2cccc(NC([*])=O)c2)c1,385.15
[*]CCCCCCCCC(=O)OC([*])=O,333.15
[*]CCCCCCCCC(=O)OC/C=C/COC([*])=O,232.15
[*]CCCCCCCCC(=O)OC1CCC(OC([*])=O)CC1,339.15
[*]CCCCCCCCC(=O)OC1COC2C(OC([*])=O)COC12,276.15
[*]CCCCCCCCC(=O)OCC#CC(C#CCOC([*])=O)=Cc1ccc(C#Cc2ccc(C=C(C#Cc3ccccc3)C#Cc3ccccc3)cc2)cc1,333.15
[*]CCCCCCCCC(=O)OCC#CC(C#CCOC([*])=O)=Cc1ccc(C#Cc2ccc([N+](=O)[O-])cc2)cc1,333.15
[*]CCCCCCCCC(=O)OCC#CC(C#CCOC([*])=O)=Cc1ccc(C#Cc2ccccc2)cc1,333.15
[*]CCCCCCCCC(=O)OCC#CCOC([*])=O,246.65
[*]CCCCCCCCC(=O)OCC(O)COc1ccc(C(=O)Oc2ccc(OCC(O)COC([*])=O)cc2)cc1,309.15
[*]CCCCCCCCC(=O)OCCCCCCCCCCCOc1ccc(-c2nnc(-c3ccc(OCCCCCCCCCCCOC([*])=O)cc3)s2)cc1,325.15
[*]CCCCCCCCC(=O)OCCCCCCCCCCOC([*])=O,219.15
[*]CCCCCCCCC(=O)OCCCCCCOC([*])=O,235.15
[*]CCCCCCCCC(=O)OCCCCOC([*])=O,216.15
[*]CCCCCCCCC(=O)OCCOC(=O)c1ccc(C(=O)OCCOC([*])=O)cc1,266.65
[*]CCCCCCCCC(=O)OCCOCCOC([*])=O,198.65
[*]CCCCCCCCC(=O)Oc1c(-c2ccccc2)cc(-c2cc(-c3ccccc3)c(OC([*])=O)c(-c3ccccc3)c2)cc1-c1ccccc1,371.15
[*]CCCCCCCCC(=O)Oc1c(-c2ccccc2)cc(Cc2cc(-c3ccccc3)c(OC([*])=O)c(-c3ccccc3)c2)cc1-c1ccccc1,365.15
[*]CCCCCCCCC(=O)Oc1ccc(-c2nnc(C=Cc3ccc(OC([*])=O)cc3)s2)cc1,303.15
[*]CCCCCCCCC(=O)Oc1ccc(/C(=C/c2ccc(-c3ccc(/C=C(\c4ccccc4)c4ccc(OC([*])=O)cc4)cc3)cc2)c2ccccc2)cc1,384.15
[*]CCCCCCCCC(=O)Oc1ccc(C2(c3ccc(OC([*])=O)cc3)c3ccccc3-c3ccccc32)cc1,424.15
[*]CCCCCCCCC(=O)Oc1ccc(C2(c3ccc(OC([*])=O)cc3)c3ccccc3Cc3ccccc32)cc1,407.15
[*]CCCCCCCCC(=O)Oc1ccc(OC([*])=O)cc1,325.95
[*]CCCCCCCCC(=O)Oc1cccc(-c2nnc(C=Cc3ccc(OC([*])=O)cc3)s2)c1,310.15
[*]CCCCCCCCC(=O)Oc1cccc(C=Cc2nnc(-c3ccc(OC([*])=O)cc3)s2)c1,328.15
[*]CCCCCCCCC(=O)Oc1cccc(C=Cc2nnc(-c3cccc(OC([*])=O)c3)s2)c1,314.15
[*]CCCCCCCCC(=O)Oc1ccccc1C(=O)OC(=O)c1ccccc1OC([*])=O,301.15
[*]CCCCCCCCC(C)(C)c1ccc2c(c1)C(=O)N(c1ccc(Oc3ccc(N4C(=O)c5ccc(C([*])(C)C)cc5C4=O)cc3)cc1)C2=O,396.8
[*]CCCCCCCCC(Cl)C([*])Cl,243.15
[*]CCCCCCCCC([*])Cl,240.15
[*]CCCCCCCCC(c1ccc(O)cc1)C([*])c1ccc(O)cc1C,261.15
[*]CCCCCCCCCC(=O)NCCc1ccc(CCNC([*])=O)cc1,369.15
[*]CCCCCCCCCC(=O)NCc1ccc(CNC([*])=O)cc1,383.15
[*]CCCCCCCCCC(=O)Nc1ccc(Oc2ccc(NC([*])=O)cc2)cc1,423.15
[*]CCCCCCCCCC(=O)Nc1cccc(Oc2ccc(NC([*])=O)cc2)c1,383.15
[*]CCCCCCCCCC(=O)Oc1ccc(C2(c3ccc(OC([*])=O)cc3)c3ccccc3-c3ccccc32)cc1,409.15
[*]CCCCCCCCCC(c1ccc(O)cc1)C([*])c1ccc(O)cc1C,272.15
[*]CCCCCCCCCC=CCCCCCCCCCC([*])COCCOCCOCCOCCOCCCCCC,197.15
[*]CCCCCCCCCC=CCCCCCCCCCC([*])COCCOCCOCCOCCOCc1ccc2ccc3cccc4ccc1c2c34,237.15
[*]CCCCCCCCCC=CCCCCCCCCCC([*])Cl,236.15
[*]CCCCCCCCCCC(=O)N([*])C,261.15
[*]CCCCCCCCCCC(=O)NC(Cc1ccccc1)C(=O)OC1COC2C(OC(=O)C(Cc3ccccc3)NC([*])=O)COC12,349.15
[*]CCCCCCCCCCC(=O)NC1CCC(CC2CCC(NC([*])=O)CC2)CC1,415.15
[*]CCCCCCCCCCC(=O)NC1CCC(CCC2CCC(NC([*])=O)CC2)CC1,378.15
[*]CCCCCCCCCCC(=O)NCC1CCC(CNC([*])=O)CC1,358.15
[*]CCCCCCCCCCC(=O)NCCCCCCCCCCCNC([*])=O,312.15
[*]CCCCCCCCCCC(=O)NCCCCCCCCCCNC([*])=O,322.15
[*]CCCCCCCCCCC(=O)NCCCCCCCCNC([*])=O,323.15
[*]CCCCCCCCCCC(=O)NCc1ccc(CNC([*])=O)cc1,378.15
[*]CCCCCCCCCCC(=O)Nc1ccc(Oc2ccc(NC([*])=O)cc2)cc1,423.15
[*]CCCCCCCCCCC(=O)Nc1ccc(S(=O)(=O)c2ccc(NC([*])=O)cc2)cc1,433.15
[*]CCCCCCCCCCC(=O)Nc1cccc(Oc2ccc(NC([*])=O)cc2)c1,383.15
[*]CCCCCCCCCCC(=O)Nc1cccc(S(=O)(=O)c2cccc(NC([*])=O)c2)c1,380.15
[*]CCCCCCCCCCC(=O)OCC#CCOC([*])=O,246.15
[*]CCCCCCCCCCC(=O)OCC(O)COc1ccc(OCC(O)COC([*])=O)cc1,283.15
[*]CCCCCCCCCCC(=O)OCCOC(=O)c1ccc(C(=O)OCCOC([*])=O)cc1,265.15
[*]CCCCCCCCCCC(=O)OCCOCCOC([*])=O,202.15
[*]CCCCCCCCCCC(=O)Oc1ccc(C2(c3ccc(OC([*])=O)cc3)c3ccccc3-c3ccccc32)cc1,390.15
[*]CCCCCCCCCCC(Cl)C([*])Cl,241.15
[*]CCCCCCCCCCC(c1ccc(O)cc1)C([*])c1ccc(O)cc1C,269.15
[*]CCCCCCCCCCCC(=O)N([*])C,244.15
[*]CCCCCCCCCCCC(=O)NCCCCCCCCCCCCCNC([*])=O,329.65
[*]CCCCCCCCCCCC(=O)NCc1ccc(CNC([*])=O)cc1,373.15
[*]CCCCCCCCCCCC(c1ccc(O)cc1)C([*])c1ccc(O)cc1C,277.15
[*]CCCCCCCCCCCCC(=O)NC1CCC(CC2CCC(NC([*])=O)CC2)CC1,404.15
[*]CCCCCCCCCCCCC(=O)NCCCCCCCCCCCCNC([*])=O,322.15
[*]CCCCCCCCCCCCC(=O)NCCc1ccc(CCNC([*])=O)cc1,366.15
[*]CCCCCCCCCCCCC(=O)Oc1ccc(-c2ccc(OC([*])=O)cc2)cc1,368.15
[*]CCCCCCCCCCCCC(c1ccc(O)cc1)C([*])c1ccc(O)cc1C,272.15
[*]CCCCCCCCCCCCCC(=O)NCc1ccc(CNC([*])=O)cc1,363.15
[*]CCCCCCCCCCCCCCC(=O)NCCCCCCCCCCCCNC([*])=O,319.15
[*]CCCCCCCCCCCCCCC(=O)NCCCCCCCCCCNC([*])=O,318.15
[*]CCCCCCCCCCCCCCC(=O)NCCCCCCCCNC([*])=O,325.15
[*]CCCCCCCCCCCCCCC(=O)NCCCCCCNC([*])=O,313.15
[*]CCCCCCCCCCCCCCCCC(=O)NCCCCCCCCCCCCCCCCCCNC([*])=O,323.15
[*]CCCCCCCCCCCCCCCCC(=O)NCCCCCCCCCCCCCCNC([*])=O,321.15
[*]CCCCCCCCCCCCCCCCC(=O)NCCCCCCCCCCCCNC([*])=O,319.65
[*]CCCCCCCCCCCCCCCCC(=O)NCCCCCCCCCCNC([*])=O,319.15
[*]CCCCCCCCCCCCCCCCC(=O)NCCCCCCCCNC([*])=O,309.15
[*]CCCCCCCCCCCCCCCCC(=O)NCCCCCCNC([*])=O,320.15
[*]CCCCCCCCCCCCCCCCC(=O)NCCc1ccc(CCNC([*])=O)cc1,348.15
[*]CCCCCCCCCCCCCCCCC(=O)NCc1ccc(CNC([*])=O)cc1,348.15
[*]CCCCCCCCCCCCCCCCC(=O)OCCCCCCCCCCOC([*])=O,256.15
[*]CCCCCCCCCCCCCCCCC(=O)OCCOCCOC([*])=O,205.15
[*]CCCCCCCCCCCCCCCCCCC(=O)NCCCCCCCCCCCCNC([*])=O,494.75
[*]CCCCCCCCCCCCCCCCCCC(=O)NCCCCCCCCCCCNC([*])=O,302.15
[*]CCCCCCCCCCCCCCCCCCC(=O)NCCCCCCCCCNC([*])=O,315.15
[*]CCCCCCCCCCCCCCCCCCC(=O)NCCCCCCCNC([*])=O,319.15
[*]CCCCCCCCCCCCCCCCCCC(=O)NCCCCCNC([*])=O,325.15
[*]CCCCCCCCCCCCCCCCCCC(=O)OCCCCCCN1C(=O)c2ccc(S(=O)(=O)c3ccc4c(c3)C(=O)N(CCCCCCOC([*])=O)C4=O)cc2C1=O,292.15
[*]CCCCCCCCCCCCCCCCCCCCC(=O)NCCCCCCCCNC([*])=O,321.15
[*]CCCCCCCCCCCCCCCCCCCCC(=O)Oc1ccc(N2C(=O)c3ccc(-c4ccc5c(c4)C(=O)N(c4ccc(OC([*])=O)cc4)C5=O)cc3C2=O)cc1,413.15
[*]CCCCCCCCCCCCCCCCCCCCC([*])COCCOCCOCCOCCOCc1ccc2ccc3cccc4ccc1c2c34,252.15
[*]CCCCCCCCCCCCCCCCCCCCCCCCCCCCCCCCCCC(=O)OCCCCOC([*])=O,218.15
[*]CCCCCCCCCCCCCCNC([*])=O,266.15
[*]CCCCCCCCCCCCNC([*])=O,314.15
[*]CCCCCCCCCCCCOC([*])=O,237.15
[*]CCCCCCCCCCCN1C(=O)c2ccc(C(=O)Oc3ccc(-c4ccc(OC([*])=O)cc4)cc3)cc2C1=O,333.15
[*]CCCCCCCCCCCN1C(=O)c2ccc(C(=O)Oc3ccc(C4(c5ccc(OC([*])=O)cc5)CCCCC4)cc3)cc2C1=O,369.15
[*]CCCCCCCCCCCN1C(=O)c2ccc(C(=O)Oc3ccc(C4(c5ccc(OC([*])=O)cc5)OC(=O)c5ccccc54)cc3)cc2C1=O,387.15
[*]CCCCCCCCCCCN1C(=O)c2ccc(C(=O)Oc3ccc(OC([*])=O)cc3)cc2C1=O,331.15
[*]CCCCCCCCCCCN1C(=O)c2ccc(C(=O)Oc3ccc4ccc(OC([*])=O)cc4c3)cc2C1=O,371.15
[*]CCCCCCCCCCCn1c(=O)c2cc3c(=O)n(CCCCCCCCCCCC(=O)Oc4ccc5cc(OC([*])=O)ccc5c4)c(=O)c3cc2c1=O,335.15
[*]CCCCCCCCCCN(c1ccccc1)c1ncnc(N([*])c2ccccc2)n1,328.15
[*]CCCCCCCCCCN1C(=O)C2C3C=CC(C4C(=O)N([*])C(=O)C34)C2C1=O,492.15
[*]CCCCCCCCCCN1C(=O)c2ccc(-c3ccc(-c4ccc5c(c4)C(=O)N(CCCCCCCCCCC(=O)OCCCCCN4C(=O)c6ccc(-c7ccc8c(c7)C(=O)N(CCCCCOC([*])=O)C8=O)cc6C4=O)C5=O)cc3)cc2C1=O,314.15
[*]CCCCCCCCCCN1C(=O)c2ccc(C(=O)Oc3ccc(-c4ccc(OC([*])=O)cc4)cc3)cc2C1=O,334.15
[*]CCCCCCCCCCN1C(=O)c2ccc(C(=O)c3ccc4c(c3)C(=O)N(CCCCCCCCCCC(=O)Nc3ccc(Cc5ccc(NC([*])=O)cc5)cc3)C4=O)cc2C1=O,409.15
[*]CCCCCCCCCCN1C(=O)c2ccc(C(=O)c3ccc4c(c3)C(=O)N(CCCCCCCCCCC(=O)Nc3ccc(NC([*])=O)cc3)C4=O)cc2C1=O,398.15
[*]CCCCCCCCCCN1C(=O)c2ccc(C(=O)c3ccc4c(c3)C(=O)N(CCCCCCCCCCC(=O)Nc3ccc(Oc5ccc(NC([*])=O)cc5)cc3)C4=O)cc2C1=O,405.15
[*]CCCCCCCCCCN1C(=O)c2ccc(C(=O)c3ccc4c(c3)C(=O)N(CCCCCCCCCCC(=O)Nc3ccc(Oc5ccc(Oc6ccc(NC([*])=O)cc6)cc5)cc3)C4=O)cc2C1=O,395.15
[*]CCCCCCCCCCN1C(=O)c2ccc(C(=O)c3ccc4c(c3)C(=O)N(CCCCCCCCCCC(=O)Nc3cccc(Oc5ccc(NC([*])=O)cc5)c3)C4=O)cc2C1=O,399.15
[*]CCCCCCCCCCNC(=O)CCCCCNC([*])=O,298.65
[*]CCCCCCCCCCNC([*])=O,319.15
[*]CCCCCCCCCCOC([*])=O,227.1
[*]CCCCCCCCCCSCCCCCCCCCCC(=O)NCCc1ccc(CCNC([*])=O)cc1,331.15
[*]CCCCCCCCCC[N+]([*])(C)C,339.05
[*]CCCCCCCCCCn1c(=O)c2cc3c(=O)n(CCCCCCCCCCC(=O)Oc4ccc5cc(OC([*])=O)ccc5c4)c(=O)c3cc2c1=O,339.15
[*]CCCCCCCCCn1c(=O)c2cc3c(=O)n([*])c(=O)c3cc2c1=O,383.15
[*]CCCCCCCCN(C)c1ccc(C(=O)c2ccc(N([*])C)cc2)cc1,323.15
[*]CCCCCCCCNC([*])=O,321.15
[*]CCCCCCCC[Si](C)(C)O[Si]([*])(C)C,185.15
[*]CCCCCCCNC([*])=O,310.15
[*]CCCCCCN(C(=O)C(F)(F)C(F)(F)C(F)(F)C(=O)N([*])C(C)C)C(C)C,415.65
[*]CCCCCCN(C)C(=O)CCC(=O)N([*])C,280.65
[*]CCCCCCN(C)C(=O)CCCC(=O)N([*])C,276.15
[*]CCCCCCN(C)c1ccc(C(=O)c2ccc(N([*])C)cc2)cc1,348.65
[*]CCCCCCN(C)c1nc(-c2ccccc2)nc(N([*])C)n1,330.15
[*]CCCCCCN(c1ccccc1)c1ncnc(N([*])c2ccccc2)n1,345.15
[*]CCCCCCN1C(=O)C(=O)N([*])C1=O,328.15
[*]CCCCCCN1C(=O)CC(C)(SCCOCCSC2(C)CC(=O)N(CCCCCCN3C(=O)C(C)C(SCCOCCSC4C(=O)N([*])C(=O)C4C)C3=O)C2=O)C1=O,351.15
[*]CCCCCCN1C(=O)c2ccc(C(=O)Oc3ccc(-c4ccc(OC([*])=O)cc4)cc3)cc2C1=O,380.15
[*]CCCCCCN1C(=O)c2ccc(C(=O)Oc3ccc(OC([*])=O)cc3)cc2C1=O,347.465
[*]CCCCCCNC([*])=O,325.15
[*]CCCCCCOC([*])=O,259.15
[*]CCCCCCSCCCCCCC(=O)NCc1ccc(CNC([*])=O)cc1,338.15
[*]CCCCCC[Si](C)(C)O[Si]([*])(C)C,183.15
[*]CCCCCN1C(=O)c2ccc(C(=O)Oc3ccc(-c4ccc(OC([*])=O)cc4)cc3)cc2C1=O,391.15
[*]CCCCCN1C(=O)c2ccc(C(=O)Oc3ccc(C4(c5ccc(OC([*])=O)cc5)CCCCC4)cc3)cc2C1=O,395.15
[*]CCCCCN1C(=O)c2ccc(C(=O)Oc3ccc(OC([*])=O)cc3)cc2C1=O,362.15
[*]CCCCCN1C(=O)c2ccc(C(=O)Oc3ccc4ccc(OC([*])=O)cc4c3)cc2C1=O,386.15
[*]CCCCCN1C(=O)c2ccc(C(=O)c3ccc4c(c3)C(=O)N(CCCCCC(=O)Nc3ccc(Cc5ccc(NC([*])=O)cc5)cc3)C4=O)cc2C1=O,460.15
[*]CCCCCN1C(=O)c2ccc(C(=O)c3ccc4c(c3)C(=O)N(CCCCCC(=O)Nc3ccc(NC([*])=O)cc3)C4=O)cc2C1=O,473.15
[*]CCCCCN1C(=O)c2ccc(C(=O)c3ccc4c(c3)C(=O)N(CCCCCC(=O)Nc3ccc(Oc5ccc(NC([*])=O)cc5)cc3)C4=O)cc2C1=O,468.15
[*]CCCCCN1C(=O)c2ccc(C(=O)c3ccc4c(c3)C(=O)N(CCCCCC(=O)Nc3ccc(Oc5ccc(Oc6ccc(NC([*])=O)cc6)cc5)cc3)C4=O)cc2C1=O,431.15
[*]CCCCCN1C(=O)c2ccc(C(=O)c3ccc4c(c3)C(=O)N(CCCCCC(=O)Nc3cccc(Oc5ccc(NC([*])=O)cc5)c3)C4=O)cc2C1=O,443.15
[*]CCCCCSC([*])=O,292.15
[*]CCCCCSSCCCCC[*],208.15
[*]CCCCCSSSCCCCC[*],203.15
[*]CCCCCSSSSCCCCC[*],197.15
[*]CCCCC[Si]([*])(C)c1ccccc1,262.75
[*]CCCCCn1c(=O)c2cc3c(=O)n(CCCCCC(=O)Oc4ccc(OC([*])=O)cc4-c4ccccc4)c(=O)c3cc2c1=O,355.15
[*]CCCCCn1c(=O)c2cc3c(=O)n(CCCCCC(=O)Oc4ccc(OC([*])=O)cc4Cl)c(=O)c3cc2c1=O,360.15
[*]CCCCCn1c(=O)c2cc3c(=O)n(CCCCCC(=O)Oc4ccc(Oc5ccc(OC([*])=O)cc5)cc4)c(=O)c3cc2c1=O,364.15
[*]CCCCCn1c(=O)c2cc3c(=O)n(CCCCCC(=O)Oc4ccc5ccc(OC([*])=O)cc5c4)c(=O)c3cc2c1=O,371.15
[*]CCCCN(C)S(=O)(=O)c1ccc(Oc2ccc(C(C)(C)c3ccc(Oc4ccc(S(=O)(=O)N([*])C)cc4)cc3)cc2)cc1,393.15
[*]CCCCN(c1ccccc1)c1ncnc(N([*])c2ccccc2)n1,364.15
[*]CCCCN1C(=O)C2C3C=CC(C4C(=O)N([*])C(=O)C34)C2C1=O,484.15
[*]CCCCN1C(=O)c2ccc(C(=O)Oc3ccc(-c4ccc(OC([*])=O)cc4)cc3)cc2C1=O,396.15
[*]CCCCN1C(=O)c2ccc(C(=O)Oc3ccc(OC([*])=O)cc3)cc2C1=O,362.465
[*]CCCCNC(=O)CCCCC(=O)NCCCP([*])(C)=O,332.15
[*]CCCCOC([*])=O,207.15
[*]CCCCOCCCCC(=O)NCc1ccc(CNC([*])=O)cc1,343.15
[*]CCCCSCCCCC(=O)NCc1ccc(CNC([*])=O)cc1,343.15
[*]CCCCn1c(=O)c2cc3c(=O)n(CCC([*])C)c(=O)c3cc2c1=O,408.15
[*]CCCN(C)c1ccc(C(=O)c2ccc(N([*])C)cc2)cc1,374.15
[*]CCCN([*])C,235.65
[*]CCCN([*])C(=O)C(F)(F)C(F)(F)C(F)(F)C(F)(F)C(F)(F)C(F)(F)C(F)(F)F,298.15
[*]CCCN([*])C(=O)CC,281.15
[*]CCCN([*])C(=O)CCCCC,257.15
[*]CCCN([*])C(=O)c1ccccc1,345.15
[*]CCCN([*])C(C)=O,303.15
[*]CCCN1C(=O)C2C3C=CC(C4C(=O)N([*])C(=O)C34)C2C1=O,483.15
[*]CCCN1C(=O)CC([*])CC1=O,363.15
[*]CCCN1C(=O)c2ccc(-c3ccc4c(c3)C(=O)N(CCC[Si](C)(C)O[Si]([*])(C)C)C4=O)cc2C1=O,348.15
[*]CCCN1C(=O)c2ccc(C(=O)Oc3ccc(-c4ccc(OC(=O)c5ccc6c(c5)C(=O)N(CC([*])C)C6=O)cc4)cc3)cc2C1=O,428.15
[*]CCCN1C(=O)c2ccc(C(=O)Oc3ccc(-c4ccc(OC([*])=O)cc4)cc3)cc2C1=O,405.15
[*]CCCN1C(=O)c2ccc(C(=O)Oc3ccc(OC([*])=O)cc3)cc2C1=O,405.15
[*]CCCN1C(=O)c2ccc(C(=O)Oc3ccc4cc(OC(=O)c5ccc6c(c5)C(=O)N(CC([*])C)C6=O)ccc4c3)cc2C1=O,403.15
[*]CCCN1C(=O)c2ccc(C(=O)c3ccc4c(c3)C(=O)N(CCCC(=O)Nc3ccc(Cc5ccc(NC([*])=O)cc5)cc3)C4=O)cc2C1=O,468.15
[*]CCCN1C(=O)c2ccc(C(=O)c3ccc4c(c3)C(=O)N(CCCC(=O)Nc3ccc(NC([*])=O)cc3)C4=O)cc2C1=O,482.15
[*]CCCN1C(=O)c2ccc(C(=O)c3ccc4c(c3)C(=O)N(CCCC(=O)Nc3ccc(Oc5ccc(NC([*])=O)cc5)cc3)C4=O)cc2C1=O,471.15
[*]CCCN1C(=O)c2ccc(C(=O)c3ccc4c(c3)C(=O)N(CCCC(=O)Nc3ccc(Oc5ccc(Oc6ccc(NC([*])=O)cc6)cc5)cc3)C4=O)cc2C1=O,451.15
[*]CCCN1C(=O)c2ccc(C(=O)c3ccc4c(c3)C(=O)N(CCCC(=O)Nc3cccc(Oc5ccc(NC([*])=O)cc5)c3)C4=O)cc2C1=O,461.15
[*]CCCN1C(=O)c2ccc(C(=O)c3ccc4c(c3)C(=O)N(CCC[Si](C)(C)O[Si]([*])(C)C)C4=O)cc2C1=O,341.15
[*]CCCNC(=O)C(=O)NCC([*])(C)C,382.15
[*]CCCNC(=O)C(=O)NCCC[Si](C)(C)O[Si]([*])(C)C,226.67
[*]CCCNC(=O)CCCC(=O)NCC([*])(C)C,355.15
[*]CCCNC(=O)CCCCC(=O)NCC([*])(C)C,350.15
[*]CCCNC(=O)CCCCC(=O)NCCCN([*])C,278.15
[*]CCCNC(=O)CCCCC(=O)NCCCP([*])(C)=O,306.15
[*]CCCNC(=O)CCCCC(=O)NCCCP([*])CC(C)C,344.15
[*]CCCNC(=O)CCCCC(=O)NCCCP([*])CCCCCCCC,285.15
[*]CCCNC(=O)CCCCCC(=O)NCC([*])(C)C,343.65
[*]CCCNC(=O)CCCCCCCC(=O)NCC([*])(C)C,336.15
[*]CCCNC(=O)c1ccc(C(=O)NCC([*])(C)C)cc1,430.15
[*]CCCNC(=O)c1ccc(C(=O)NCC([*])C)cc1,426.15
[*]CCCNC(=O)c1ccc(C(=O)NCCC([*])C(C)C)cc1,423.15
[*]CCCNC(=O)c1ccc(C(=O)NCCC([*])CC)cc1,408.15
[*]CCCNC(=O)c1ccc(C(=O)NCCCC([*])(C)C)cc1,425.15
[*]CCCNC(=O)c1ccc(Oc2ccc(C(=O)NCC([*])(C)C)cc2)cc1,428.15
[*]CCCNC(=O)c1cccc(C(=O)NCC([*])(C)C)c1,426.15
[*]CCCNC([*])=O,335.95
[*]CCCOC(=O)C(CCCCCCCCOc1ccc(-c2ccc(OCc3ccc(C#N)cc3)cc2)cc1)C(=O)OCCC[Sn]([*])(C)C,295.15
[*]CCCOC(=O)C(CCCCCCOc1ccc(-c2ccc(OCc3ccc([N+](=O)[O-])cc3)cc2)cc1)C(=O)OCCC[Sn]([*])(C)C,313.65
[*]CCCOC([*])=O,274.65
[*]CCCOCOCC[*],193.15
[*]CCCO[Si](C)(C)OC([*])C,192.15
[*]CCCSSCCC[*],199.15
[*]CCCSSCC[*],201.15
[*]CCC[Si]([*])(C)C,218.15
[*]CCC[Si]([*])(C)CCC[Si](C)(C)C,227.15
[*]CCC[Si]([*])(C)C[Si](C)(C)C,222.15
[*]CCC[Si]([*])(C)O[Si](C)(C)CCCOc1ccc(-c2ccc(C#N)cc2)cc1,268.55
[*]CCC[Si]([*])(C)O[Si](C)(C)CCCOc1ccc(C#N)cc1,227.65
[*]CCC[Si]([*])(C)O[Si](C)(C)CCCOc1ccc(C(=O)Oc2ccc(-c3ccc(C#N)cc3)cc2)cc1,283.25
[*]CCC[Si]([*])(C)O[Si](C)(C)CCCOc1ccc(C(=O)Oc2ccc(C#N)cc2)cc1,254.05
[*]CCC[Si]([*])(C)c1ccc(N(C)C)cc1,279.65
[*]CCC[Si]([*])(C)c1cccc(C)c1,248.15
[*]CCC[Si]([*])(C)c1ccccc1,271.65
[*]CCC[Si]([*])(C[Si](C)(C)c1ccccc1)C[Si](C)(C)c1ccccc1,237.15
[*]CCC[Si]([*])(c1ccc(C)cc1)c1ccc(C)cc1,311.15
[*]CCC[Si]([*])(c1cccc2ccccc12)C1CCCCC1,320.65
[*]CCC[Si]([*])(c1ccccc1)c1ccc(N(C)C)cc1,325.15
[*]CCCn1c(=O)c2cc3c(=O)n(CCCC([*])(C)C)c(=O)c3cc2c1=O,408.15
[*]CCN(C)C(=O)CCCCCCCCC(=O)N([*])C,273.15
[*]CCN(C)c1ccc(N2C(=O)c3ccc(C(c4ccc5c(c4)C(=O)N(c4ccc(N([*])C)cc4)C5=O)(C(F)(F)F)C(F)(F)F)cc3C2=O)cc1,500.15
[*]CCN([*])C,242.15
[*]CCN([*])C(=O)C(C)C,303.15
[*]CCN([*])C(=O)C(OC)(c1ccccc1)C(F)(F)F,362.15
[*]CCN([*])C(=O)C1(c2ccc(Cl)cc2)CCC1,385.15
[*]CCN([*])C(=O)C12CC3CC(CC(C3)C1)C2,396.15
[*]CCN([*])C(=O)C1CC1,350.15
[*]CCN([*])C(=O)CC,333.15
[*]CCN([*])C(=O)CC(C)C,303.15
[*]CCN([*])C(=O)CC12CC3CC(CC(C3)C1)C2,412.15
[*]CCN([*])C(=O)CCC,315.15
[*]CCN([*])C(=O)CCC(=O)OC,304.15
[*]CCN([*])C(=O)CCCC,286.15
[*]CCN([*])C(=O)CCCCC,280.15
[*]CCN([*])C(=O)CCCCCC,283.15
[*]CCN([*])C(=O)CCCCCCC,283.15
[*]CCN([*])C(=O)CCCCCCCCCCC,283.15
[*]CCN([*])C(=O)CCCCCCCCCCCCCCCCC,283.15
[*]CCN([*])C(=O)CSC,312.15
[*]CCN([*])C(=O)Cc1ccc(C(F)(F)F)cc1,348.15
[*]CCN([*])C(=O)c1c(F)c(F)c(F)c(F)c1F,409.15
[*]CCN([*])C(=O)c1c(F)c(F)cc(F)c1F,395.15
[*]CCN([*])C(=O)c1c(F)cc(F)c(F)c1F,395.15
[*]CCN([*])C(=O)c1c(F)cc(F)cc1F,408.15
[*]CCN([*])C(=O)c1c(F)ccc(F)c1F,397.15
[*]CCN([*])C(=O)c1c(F)cccc1F,394.65
[*]CCN([*])C(=O)c1cc(F)c(F)c(F)c1,338.15
[*]CCN([*])C(=O)c1cc(F)c(F)c(F)c1F,370.15
[*]CCN([*])C(=O)c1cc(F)c(F)cc1F,378.15
[*]CCN([*])C(=O)c1cc(F)cc(F)c1,379.15
[*]CCN([*])C(=O)c1cc(F)cc(F)c1F,383.15
[*]CCN([*])C(=O)c1cc(F)ccc1F,385.15
[*]CCN([*])C(=O)c1ccc(F)c(F)c1,374.15
[*]CCN([*])C(=O)c1ccc(F)c(F)c1F,375.15
[*]CCN([*])C(=O)c1ccc(F)cc1,377.15
[*]CCN([*])C(=O)c1ccc(F)cc1F,381.15
[*]CCN([*])C(=O)c1ccc(SC(F)(F)F)cc1,373.15
[*]CCN([*])C(=O)c1ccc2ccccc2c1,403.15
[*]CCN([*])C(=O)c1cccc(F)c1,370.15
[*]CCN([*])C(=O)c1cccc(F)c1F,383.15
[*]CCN([*])C(=O)c1ccccc1,384.15
[*]CCN([*])C(=O)c1ccccc1F,382.15
[*]CCN([*])C(C)=O,353.15
[*]CCN([*])CC,241.15
[*]CCN([*])CCOCCOC,289.15
[*]CCN([*])CC[Si](C)(C)C,208.35
[*]CCN([*])Cc1ccccc1,257.15
[*]CCN1C(=O)CC([*])C1=O,404.15
[*]CCN1C(=O)c2ccc(C(=O)c3ccc4c(c3)C(=O)N(CCC(=O)Nc3ccc(Cc5ccc(NC([*])=O)cc5)cc3)C4=O)cc2C1=O,494.15
[*]CCN1C(=O)c2ccc(C(=O)c3ccc4c(c3)C(=O)N(CCC(=O)Nc3ccc(NC([*])=O)cc3)C4=O)cc2C1=O,510.15
[*]CCN1C(=O)c2ccc(C(=O)c3ccc4c(c3)C(=O)N(CCC(=O)Nc3ccc(Oc5ccc(NC([*])=O)cc5)cc3)C4=O)cc2C1=O,505.15
[*]CCN1C(=O)c2ccc(C(=O)c3ccc4c(c3)C(=O)N(CCC(=O)Nc3ccc(Oc5ccc(Oc6ccc(NC([*])=O)cc6)cc5)cc3)C4=O)cc2C1=O,494.15
[*]CCN1C(=O)c2ccc(C(=O)c3ccc4c(c3)C(=O)N(CCC(=O)Nc3cccc(Oc5ccc(NC([*])=O)cc5)c3)C4=O)cc2C1=O,497.15
[*]CCN1C(=O)c2ccc(C(c3ccc4c(c3)C(=O)N(CCN([*])c3ccc(/C=C/C5=CC(=C(C#N)C#N)CC(C)(C)C5)cc3)C4=O)(C(F)(F)F)C(F)(F)F)cc2C1=O,497.15
[*]CCN1C(=O)c2ccc(C(c3ccc4c(c3)C(=O)N(CCN([*])c3ccc(/N=N/c5ccc(C#N)cc5)cc3)C4=O)(C(F)(F)F)C(F)(F)F)cc2C1=O,486.15
[*]CCN1C(=O)c2ccc(C(c3ccc4c(c3)C(=O)N(CCN([*])c3ccc(/N=N/c5ccc(C=O)cc5)cc3)C4=O)(C(F)(F)F)C(F)(F)F)cc2C1=O,443.15
[*]CCN1C(=O)c2ccc(C(c3ccc4c(c3)C(=O)N(CCN([*])c3ccc(/N=N/c5ccc([N+](=O)[O-])cc5C)cc3)C4=O)(C(F)(F)F)C(F)(F)F)cc2C1=O,478.15
[*]CCNC(=O)c1cc(C(=O)NCCC(C)C([*])C)cc(C(C)(C)C)c1,446.15
[*]CCNC(=O)c1ccc(C(=O)NCC(C)(C)CC([*])C)cc1,420.15
[*]CCNC(=O)c1ccc(C(=O)NCC(C)CC([*])CC)cc1,412.15
[*]CCNC(=O)c1cccc(C(=O)NCCC(C)C([*])C)c1,398.15
[*]CCOC(=O)C(CCCCCCOc1ccc(/N=C/c2ccc([N+](=O)[O-])cc2)cc1)C(=O)OC([*])C,276.15
[*]CCOC(=O)CC([*])C,201.65
[*]CCOC(=O)CCC#CC#CCCC(=O)OCCN([*])c1ccc(/N=N/c2c(C)cc(/N=N/c3ccc(C#N)cc3)cc2C)cc1,336.15
[*]CCOC(=O)CCCCC(=O)OCCC([*])C,194.55
[*]CCOC(=O)NCC1(C)CC(NC(=O)OCCN([*])c2ccc(/N=N/c3ccc(B(c4c(C)cc(C)cc4C)c4c(C)cc(C)cc4C)cc3)cc2)CC(C)(C)C1,419.15
[*]CCOC(=O)NCCCCCCNC(=O)OCCN([*])c1ccc(/N=N/c2ccc([N+](=O)[O-])cc2)c(C)c1,348.15
[*]CCOC(=O)Nc1ccc(C)c(NC(=O)OCCN([*])c2ccc(/C=C/c3cc[n+](CCCC)cc3)cc2)c1,394.15
[*]CCOC(=O)Nc1ccc(C)c(NC(=O)OCCN([*])c2ccc(/N=N/c3ccc(-c4nc5ccc([N+](=O)[O-])cc5n4CC)cc3)cc2)c1,431.15
[*]CCOC(=O)Nc1ccc(C)c(NC(=O)OCCN([*])c2ccc(/N=N/c3ccc(/C=C/c4nc5ccc([N+](=O)[O-])cc5n4CC)cc3)cc2)c1,444.15
[*]CCOC(=O)Nc1ccc(C)c(NC(=O)OCCN([*])c2ccc(/N=N/c3ccc(/N=N/c4cc(OC)c(/N=N/c5ccc([N+](=O)[O-])cc5)cc4OC)c(C)c3)cc2)c1,421.15
[*]CCOC(=O)Nc1ccc(C)c(NC(=O)OCCN([*])c2ccc(/N=N/c3ccc(B(c4c(C)cc(C)cc4C)c4c(C)cc(C)cc4C)cc3)cc2)c1,432.15
[*]CCOC(=O)Nc1ccc(C)c(NC(=O)OCCN([*])c2ccc(/N=N/c3ccc([N+](=O)[O-])cc3C)c(C)c2)c1,408.15
[*]CCOC(=O)Nc1ccc(C)c(NC(=O)OCCN([*])c2ccc(/N=N/c3ccc([N+](=O)[O-])cc3C)cc2)c1,410.15
[*]CCOC(=O)Nc1ccc(C)c(NC(=O)OCCN([*])c2ccc([N+](=O)[O-])cc2C)c1,371.15
[*]CCOC(=O)Nc1ccc(Cc2ccc(NC(=O)OCCN([*])c3ccc(/N=N/c4ccc([N+](=O)[O-])cc4)c(C)c3)cc2)cc1,388.15
[*]CCOC(=O)Nc1ccc(Cc2ccc(NC(=O)OCCN([*])c3ccc(/N=N/c4ccc([N+](=O)[O-])cc4C)c(C)c3)cc2)cc1,403.15
[*]CCOC(=O)Oc1ccc(C(C)(C)c2ccc(OC(=O)OCCN([*])c3ccc(OC)cc3)cc2)cc1,333.15
[*]CCOC(=O)c1cc(OCc2cc(OCc3ccccc3)cc(OCc3ccccc3)c2)cc(C(=O)OCCN([*])c2ccc(/C=C/c3ccc(/C=C/C4=C(C#N)C(=C(C#N)C#N)OC4(c4ccccc4)C(F)(F)F)s3)cc2)c1,403.15
[*]CCOC(=O)c1ccc(-c2ccc(C(=O)OC([*])C)cc2)cc1,365.65
[*]CCOC(=O)c1ccc(C(=O)OCCN([*])c2ccc(/N=N/c3ccc(-c4nc5ccc([N+](=O)[O-])cc5n4CC)cc3)cc2)c(OC)c1,419.15
[*]CCOC(=O)c1ccc(C(=O)OCCN([*])c2ccc(/N=N/c3ccc(-c4nc5ccc([N+](=O)[O-])cc5n4CC)cc3)cc2)cc1,422.15
[*]CCOC(=O)c1ccc(C(=O)OCCN([*])c2ccc(/N=N/c3ccc(/C=C/c4nc5ccc([N+](=O)[O-])cc5n4CC)cc3)cc2)c(OC)c1,446.15
[*]CCOC(=O)c1ccc(C(=O)OCCN([*])c2ccc(C=C(C#N)C#N)cc2)cc1,400.15
[*]CCOC(=O)c1ccc(OC2(F)C(F)(F)C(F)(F)C2(F)Oc2ccc(C(=O)OCCN([*])c3ccc(/C=C/C4=CC(=C(C#N)C#N)CC(C)(C)C4)cc3)cc2)cc1,416.15
[*]CCOC(=O)c1ccc(OCC#CC#CCOc2ccc(C(=O)OCCN([*])c3ccc(/N=N/c4ccc(/N=N/c5cc(C)c(C#N)c(C)c5)cc4)cc3)cc2)cc1,393.15
[*]CCOC(=O)c1ccc(OCC#CC#CCOc2ccc(C(=O)OCCN([*])c3ccc(/N=N/c4ccc(/N=N/c5cc(C)c([N+](=O)[O-])c(C)c5)cc4)cc3)cc2)cc1,388.15
[*]CCOC(=O)c1ccc(OCC#CC#CCOc2ccc(C(=O)OCCN([*])c3ccc(/N=N/c4ccc(C#N)cc4)cc3)cc2)cc1,394.15
[*]CCOC(=O)c1ccc2c(c1)C(=O)N(c1cccc(N3C(=O)c4ccc(C(=O)OCCN([*])c5ccc(/N=N/c6ccc(C)cc6)cc5)cc4C3=O)c1)C2=O,444.15
[*]CCOC(=O)c1cccc(C(=O)OCCN([*])c2ccc(/N=N/c3ccc(-c4nc5ccc([N+](=O)[O-])cc5n4CC)cc3)cc2)c1,420.15
[*]CCOC(=O)c1cccc(OCC#CC#CCOc2cccc(C(=O)OCCN([*])c3ccc(/N=N/c4ccc(C#N)cc4)cc3)c2)c1,323.15
[*]CCOC([*])=O,249.15
[*]CCOC([*])C,223.15
[*]CCOCCCCSSCC[*],197.15
[*]CCOCCOC([*])=O,238.15
[*]CCOCOCCCCSSCC[*],197.15
[*]CCOCOCC[*],189.15
[*]CCO[Si](C)(C)OC([*])C,185.15
[*]CCOc1ccc(-c2cc(-c3ccccc3)c3cc(Oc4ccc5nc(-c6ccc(OCCN([*])c7ccc(C(C#N)=C(C#N)C#N)cc7)cc6)cc(-c6ccccc6)c5c4)ccc3n2)cc1,448.15
[*]CCOc1ccc(-c2nc3ccc(Oc4ccc5nc(-c6ccc(OCCN(C)c7ccc(/C=C/C8=CC(=C9C(=O)c%10ccccc%10C9=C(C#N)C#N)C=C(/C=C/c9ccc(N([*])C)cc9)O8)cc7)cc6)c(-c6ccccc6)nc5c4)cc3nc2-c2ccccc2)cc1,533.15
[*]CCOc1ccc(-c2nc3ccc(Oc4ccc5nc(-c6ccc(OCCN([*])c7ccc(/C=C/c8ccc([N+](=O)[O-])cc8)cc7)cc6)c(-c6ccccc6)nc5c4)cc3nc2-c2ccccc2)cc1,474.15
[*]CCOc1ccc(-c2nc3ccc(Oc4ccc5nc(-c6ccc(OCCN([*])c7ccc(/N=N/c8ccc([N+](=O)[O-])cc8)cc7)cc6)c(-c6ccccc6)nc5c4)cc3nc2-c2ccccc2)cc1,472.15
[*]CCOc1ccc(-c2nc3ccc(Oc4ccc5nc(-c6ccc(OCCN([*])c7ccc(/N=N/c8ccc([N+](=O)[O-])cc8C)cc7)cc6)c(-c6ccccc6)nc5c4)cc3nc2-c2ccccc2)cc1,461.15
[*]CCOc1ccc(N2C(=O)c3ccc(C(c4ccc5c(c4)C(=O)N(c4ccc(OCCN([*])c6ccc(C(C#N)=C(C#N)C#N)cc6)cc4)C5=O)(C(F)(F)F)C(F)(F)F)cc3C2=O)cc1,491.15
[*]CCP(=O)(CCC(=O)NCCCCCCNC([*])=O)c1ccccc1,302.15
[*]CCP(=S)(CCC(=O)NCCCCCCNC([*])=O)c1ccccc1,316.15
[*]CCSC(=O)CCC([*])C,223.15
[*]CCSC([*])C,214.15
[*]CCSCCC(=O)NCCCCCCNC([*])=O,300.15
[*]CCSCCC(=O)OCCOC([*])=O,230.15
[*]CCSCCC(=O)OCCOCCOC([*])=O,240.15
[*]CCSCCC(=O)OCCOCCOCCOC([*])=O,238.15
[*]CCSCCC(=O)OCCOCCOCCOCCOC([*])=O,235.15
[*]CCSCCC(=O)OCCOCCOCCOCCOCCOC([*])=O,234.15
[*]CCSCCCCCCSCCC(=O)OCCCCOC([*])=O,200.15
[*]CCSC[*],219.65
[*]CCSCc1ccc(Cc2ccc(CSCCC(=O)OCCSCc3ccc(Cc4ccc(CSCCOC([*])=O)cc4)cc3)cc2)cc1,285.15
[*]CCSSCC[*],218.15
[*]CC[Si](C)(C)O[Si]([*])(C)C,185.15
[*]CC[Si](C)(C)O[Si]([*])(C)O[Si](C)(C)C,184.15
[*]CC[Si]1(O[Si]([*])(C)C)O[Si](C)(C)O[Si](C)(C)O1,209.15
[*]CCc1c(Cl)cc([*])cc1Cl,383.15
[*]CCc1cc(C)c([*])cc1C,373.15
[*]CCc1ccc(CC(=O)NCCCCCCNC([*])=O)cc1,360.15
[*]CCc1ccc(CCC(=O)NCCCCCCCCCCCCCCCCCCNC([*])=O)cc1,338.15
[*]CCc1ccc(CCC(=O)NCCCCCCCCCCCCCCNC([*])=O)cc1,358.15
[*]CCc1ccc(CCC(=O)NCCCCCCCCCCCCNC([*])=O)cc1,358.15
[*]CCc1ccc(CCC(=O)NCCCCCCNC([*])=O)cc1,358.15
[*]CCc1ccc(OC(=O)CCC(=O)Oc2ccc(CC(NC([*])=O)C(=O)OCc3ccccc3)cc2)cc1,351.15
[*]CCc1ccc(OC(=O)CCCC(=O)Oc2ccc(CC(NC([*])=O)C(=O)OCc3ccccc3)cc2)cc1,339.15
[*]CCc1ccc(OC(=O)CCCCC(=O)Oc2ccc(CC(NC([*])=O)C(=O)OCc3ccccc3)cc2)cc1,327.65
[*]CCc1ccc(OC(=O)CCCCCCC(=O)Oc2ccc(CC(NC([*])=O)C(=O)OCc3ccccc3)cc2)cc1,320.15
[*]CCc1ccc(OC(=O)CCCCCCCCC(=O)Oc2ccc(CC(NC([*])=O)C(=O)OCc3ccccc3)cc2)cc1,315.15
[*]CCc1ccc(OC(=O)COCC(=O)Oc2ccc(CC(NC([*])=O)C(=O)OCc3ccccc3)cc2)cc1,349.15
[*]CCc1ccc(OC(=O)COCCOCC(=O)Oc2ccc(CC(NC([*])=O)C(=O)OCc3ccccc3)cc2)cc1,328.15
[*]CCc1ccc(OCC(=O)NCCCCCCNC([*])=O)cc1,345.15
[*]CCc1ccc([*])c2ccccc12,433.15
[*]CCc1ccc([*])cc1Br,353.15
[*]CCc1ccc([*])cc1C#N,363.15
[*]CCc1ccc([*])cc1CC,298.15
[*]CCc1ccc([*])cc1CCCC,293.15
[*]CCc1ccc([*])cc1Cl,348.15
[*]CCc1ccc([*])o1,298.65
[*]CCc1ccc([*])s1,299.15
[*]CCc1cccc([*])c1,282.15
[*]CN(CC([*])O)c1ccc(/N=N/c2ccc(Cl)cc2)cc1,433.15
[*]CN(CC([*])O)c1ccccc1,351.65
[*]CN(Cc1cc(C23CC4CC(CC(C4)C2)C3)cc([*])c1O)c1ccccc1,382.55
[*]CN1C(=O)C2C3C=CC(C2C1=O)C1C(=O)N(C([*])C)C(=O)C31,485.15
[*]CN1C(=O)c2ccc(C(=O)Nc3ccc(C4(c5ccc(NC([*])=O)cc5)c5ccccc5-c5ccccc54)cc3)cc2C1=O,618.15
[*]CN1C(=O)c2ccc(C(=O)Nc3ccc(Cc4ccc(NC([*])=O)cc4)cc3)cc2C1=O,539.15
[*]CN1C(=O)c2ccc(C(=O)Nc3ccc(NC([*])=O)cc3)cc2C1=O,565.15
[*]CN1C(=O)c2ccc(C(=O)Nc3ccc(Oc4c(F)c(F)c(Oc5ccc(NC([*])=O)cc5)c(F)c4F)cc3)cc2C1=O,527.15
[*]CN1C(=O)c2ccc(C(=O)Nc3ccc(Oc4ccc(NC([*])=O)cc4)cc3)cc2C1=O,535.15
[*]CN1C(=O)c2ccc(C(=O)Nc3ccc(Oc4ccc(Oc5ccc(NC([*])=O)cc5)cc4)cc3)cc2C1=O,515.15
[*]CN1C(=O)c2ccc(C(=O)Nc3ccc(Oc4cccc(Oc5ccc(NC([*])=O)cc5)c4)cc3)cc2C1=O,493.15
[*]CN1C(=O)c2ccc(C(=O)Nc3ccc(S(=O)(=O)c4ccc(NC([*])=O)cc4)cc3)cc2C1=O,505.15
[*]CN1C(=O)c2ccc(C(=O)c3ccc4c(c3)C(=O)N(CC(=O)Nc3ccc(Cc5ccc(NC([*])=O)cc5)cc3)C4=O)cc2C1=O,506.15
[*]CN1C(=O)c2ccc(C(=O)c3ccc4c(c3)C(=O)N(CC(=O)Nc3ccc(NC([*])=O)cc3)C4=O)cc2C1=O,523.15
[*]CN1C(=O)c2ccc(C(=O)c3ccc4c(c3)C(=O)N(CC(=O)Nc3ccc(Oc5ccc(NC([*])=O)cc5)cc3)C4=O)cc2C1=O,508.15
[*]CN1C(=O)c2ccc(C(=O)c3ccc4c(c3)C(=O)N(CC(=O)Nc3ccc(Oc5ccc(Oc6ccc(NC([*])=O)cc6)cc5)cc3)C4=O)cc2C1=O,503.15
[*]CN1C(=O)c2ccc(C(=O)c3ccc4c(c3)C(=O)N(CC(=O)Nc3cccc(Oc5ccc(NC([*])=O)cc5)c3)C4=O)cc2C1=O,499.15
[*]CN1C(=O)c2ccc(C(c3ccc4c(c3)C(=O)N(CC(=O)Nc3ccc(-c5nnc(-c6ccc(NC([*])=O)cc6)o5)cc3)C4=O)(C(F)(F)F)C(F)(F)F)cc2C1=O,553.15
[*]CN1C(=O)c2ccc(C(c3ccc4c(c3)C(=O)N(CC(=O)Nc3ccc(Oc5ccc(-c6ccc(Oc7ccc(NC([*])=O)cc7)cc6)cc5)cc3)C4=O)(C(F)(F)F)C(F)(F)F)cc2C1=O,518.15
[*]CN1C(=O)c2ccc(C(c3ccc4c(c3)C(=O)N(CC(=O)Nc3ccc(Oc5ccc(-c6nnc(-c7ccc(Oc8ccc(NC([*])=O)cc8)cc7)o6)cc5)cc3)C4=O)(C(F)(F)F)C(F)(F)F)cc2C1=O,536.15
[*]CN1C(=O)c2ccc(C(c3ccc4c(c3)C(=O)N(CC(=O)Nc3ccc(Oc5ccc(Oc6ccc(NC([*])=O)cc6)cc5)cc3)C4=O)(C(F)(F)F)C(F)(F)F)cc2C1=O,515.15
[*]CN1C(=O)c2ccc(C(c3ccc4c(c3)C(=O)N(CC(=O)Nc3ccc(Oc5ccc(S(=O)(=O)c6ccc(Oc7ccc(NC([*])=O)cc7)cc6)cc5)cc3)C4=O)(C(F)(F)F)C(F)(F)F)cc2C1=O,514.15
[*]CN1C(=O)c2ccc(C(c3ccc4c(c3)C(=O)N(CC(=O)Nc3ccc(Oc5ccc6nc(-c7ccccc7)c(-c7ccc(-c8nc9cc(Oc%10ccc(NC([*])=O)cc%10)ccc9nc8-c8ccccc8)cc7)nc6c5)cc3)C4=O)(C(F)(F)F)C(F)(F)F)cc2C1=O,553.15
[*]CN1C(=O)c2ccc(C(c3ccc4c(c3)C(=O)N(CC(=O)Nc3ccc(Oc5ccc6nc(-c7ccccc7)c(-c7ccc(N8C(=O)c9ccc%10c%11c(ccc(c9%11)C8=O)C(=O)N(c8ccc(-c9nc%11cc(Oc%12ccc(NC([*])=O)cc%12)ccc%11nc9-c9ccccc9)cc8)C%10=O)cc7)nc6c5)cc3)C4=O)(C(F)(F)F)C(F)(F)F)cc2C1=O,579.15
[*]CN1C(=O)c2ccc(C(c3ccc4c(c3)C(=O)N(CC(=O)Nc3ccc(Oc5ccc6nc(-c7ccccc7)c(-c7ccc(Oc8ccc(-c9nc%10cc(Oc%11ccc(NC([*])=O)cc%11)ccc%10nc9-c9ccccc9)cc8)cc7)nc6c5)cc3)C4=O)(C(F)(F)F)C(F)(F)F)cc2C1=O,533.15
[*]CN1C(=O)c2ccc(C(c3ccc4c(c3)C(=O)N(CC(=O)Nc3ccc(Oc5cccc(Oc6ccc(NC([*])=O)cc6)c5)cc3)C4=O)(C(F)(F)F)C(F)(F)F)cc2C1=O,494.15
[*]CN1C(=O)c2ccc(C(c3ccc4c(c3)C(=O)N(Cc3nc5ccc(Cc6ccc7nc([*])oc(=O)c7c6)cc5c(=O)o3)C4=O)(C(F)(F)F)C(F)(F)F)cc2C1=O,491.15
[*]CNC(=O)C(Cc1ccccc1)NC(=O)CCCCCCCCC(=O)NC(Cc1ccccc1)C(=O)NCC(=O)NCCCOCCOCCOCCCNC([*])=O,309.15
[*]CNC(=O)C([*])C,369.15
[*]CNC(=O)CC(C)CCCCCC(=O)NCc1c(C)c(C)c([*])c(C)c1C,484.15
[*]CNC(=O)CCCC(=O)NCc1c(C)c(C)c([*])c(C)c1C,465.15
[*]CNC(=O)CCCCC(=O)NCCC(C)(C)CC([*])C,338.15
[*]CNC(=O)CCCCC(=O)NCc1cc(C)c([*])cc1C,343.15
[*]CNC(=O)CCCCC(=O)NCc1cc([*])cc(C(C)(C)C)c1,382.15
[*]CNC(=O)CCOCCC(=O)NCc1c(C)c(C)c([*])c(C)c1C,464.15
[*]CNC(=O)CCOCCC(=O)NCc1cc(C)c([*])cc1C,353.15
[*]CNC(=O)OCC([*])C,313.15
[*]CNC(=O)c1ccc(C(=O)NCCC(C)(C)CC([*])C)cc1,421.15
[*]CNC(=O)c1ccc(C(=O)NCc2cc(C)c([*])cc2C)cc1,498.15
[*]CNC(=O)c1cccc(C(=O)NCC2CC([*])CC(C(C)(C)C)C2)c1,482.15
[*]CNC(=O)c1cccc(C(=O)NCc2cc([*])cc(C(C)(C)C)c2)c1,461.15
[*]CNCCCCCCCCNCC(=O)c1ccc(Sc2ccc(C([*])=O)cc2)cc1,504.15
[*]CNc1ccc(Oc2ccc(NCC(=O)c3ccc(Sc4ccc(C([*])=O)cc4)cc3)cc2)cc1,481.15
[*]CNc1ccc(S(=O)(=O)c2ccc(NCC(=O)c3ccc(Oc4ccc(C([*])=O)cc4)cc3)cc2)cc1,520.15
[*]COC(=O)/C=C/C(=O)OC([*])C,259.15
[*]COC(=O)C([*])(C)C,261.15
[*]COC(=O)C([*])(C)CC,264.15
[*]COC(=O)C([*])(C)CCC,275.05
[*]COC(=O)C([*])(CC)CC,333.15
[*]COC(=O)C([*])C,248.15
[*]COC(=O)C1(C)CNC(C)(C(=O)OCC(C)(C)CSCC([*])(C)C)CN1,313.15
[*]COC(=O)C12CC3CC(C1)CC(C(=O)OC([*])COc1ccc(/N=N/c4ccc(C#N)cc4)cc1)(C3)C2,378.15
[*]COC(=O)C1CCC(C(=O)OC([*])COc2ccc(/N=N/c3ccc(C#N)cc3)cc2)CC1,379.15
[*]COC(=O)C1CCC(C(=O)OCC([*])(C)C)CC1,303.15
[*]COC(=O)CCC(=O)OCC(=O)NCCCCCCNC([*])=O,303.15
[*]COC(=O)CCC(=O)OCC([*])(C)C,255.15
[*]COC(=O)CCCCC(=O)OCC(=O)NCCCCCCNC([*])=O,292.15
[*]COC(=O)CCCCC(=O)OCC([*])(C)C,241.6
[*]COC(=O)CCCCC(=O)OCC([*])CCCCCCOc1ccc(/N=N/c2ccc(C)cc2)cc1,302.15
[*]COC(=O)CCCCC(=O)OCC([*])CCCCCCOc1ccc(/N=N/c2ccc(OC)cc2)cc1,295.15
[*]COC(=O)CCCCC(=O)OCCC(C)(C)CC([*])C,203.15
[*]COC(=O)CCCCCCC(=O)OCC(=O)NCCCCCCNC([*])=O,281.15
[*]COC(=O)CCCCCCCC1OCC([*])(C)CO1,247.15
[*]COC(=O)CCCCCCCCC(=O)OCC(=O)NCCCCCCNC([*])=O,275.15
[*]COC(=O)CCCCCCCCC(=O)OCC([*])(C)CC,204.15
[*]COC(=O)CCCCCCCCC(=O)Oc1ccc(S(=O)(=O)c2ccc(Oc3ccc(/C=C4\CC/C(=C\c5ccc(Oc6ccc(S(=O)(=O)c7ccc(OC(=O)CCCCCCCCC(=O)OC[Si](C)(C)O[Si]([*])(C)C)cc7)cc6)cc5)C4=O)cc3)cc2)cc1,346.15
[*]COC(=O)CCCCCCCCC(=O)Oc1ccc(S(=O)(=O)c2ccc(Oc3ccc(/C=C4\CCC/C(=C\c5ccc(Oc6ccc(S(=O)(=O)c7ccc(OC(=O)CCCCCCCCC(=O)OC[Si](C)(C)O[Si]([*])(C)C)cc7)cc6)cc5)C4=O)cc3)cc2)cc1,353.15
[*]COC(=O)CCCCCCCCC(=O)Oc1ccc(S(=O)(=O)c2ccc(Oc3ccc(/C=C4\CCCC/C(=C\c5ccc(Oc6ccc(S(=O)(=O)c7ccc(OC(=O)CCCCCCCCC(=O)OC[Si](C)(C)O[Si]([*])(C)C)cc7)cc6)cc5)C4=O)cc3)cc2)cc1,354.15
[*]COC(=O)CCCCCCCCCCC(=O)OCC(=O)NCCCCCCNC([*])=O,274.05
[*]COC(=O)CCCCCCCCCCCCC(=O)OCC([*])CCCCCCOc1ccc(/N=N/c2ccc(C#N)cc2)cc1,294.65
[*]COC(=O)CNC([*])=O,340.15
[*]COC(=O)Cc1ccc(C(=O)OCC([*])(C)C)cc1,306.15
[*]COC(=O)N1CCN(C(=O)OCC([*])(C)C)CC1,343.15
[*]COC(=O)NC(=O)c1cc(C(=O)NC(=O)OCC([*])(C)C)cc(C(C)(C)C)c1,417.15
[*]COC(=O)NC(=O)c1ccc(C(=O)NC(=O)OCC([*])(C)C)cc1,375.15
[*]COC(=O)NC(=O)c1ccc(C(=O)NC(=O)OCC([*])CCCCCCCCCCCC)cc1,348.15
[*]COC(=O)NC(=O)c1cccc(C(=O)NC(=O)OCC([*])(C)C)c1,339.15
[*]COC(=O)NC(=O)c1cccc(C(=O)NC(=O)OCC([*])CCCC)c1,337.15
[*]COC(=O)NC(=O)c1cccc(C(=O)NC(=O)OCC([*])CCCCCCCC)c1,338.15
[*]COC(=O)NC(=O)c1cccc(C(=O)NC(=O)OCC([*])CCCCCCCCCCCC)c1,385.15
[*]COC(=O)NCCCCCCNC(=O)OCC(C)(C)CS(=O)(=O)CC([*])(C)C,303.15
[*]COC(=O)NCCCCCCNC(=O)OCC(CC)n1c(=O)c2cc3c(=O)n(C([*])CC)c(=O)c3cc2c1=O,334.15
[*]COC(=O)NCCCCCCNC(=O)OCC([*])(C)C(=O)O,247.15
[*]COC(=O)Nc1ccc(C)c(NC(=O)OCC([*])(CC)CC)c1,213.15
[*]COC(=O)Nc1ccc(Cc2ccc(NC(=O)OCC(C)(C)CS(=O)(=O)CC([*])(C)C)cc2)cc1,363.15
[*]COC(=O)Nc1ccc(Cc2ccc(NC(=O)OCC([*])(C)C)cc2)cc1,367.15
[*]COC(=O)Nc1ccc(Cc2ccc(NC(=O)OCc3cc([*])cc(C(C)(C)C)c3)cc2)cc1,387.15
[*]COC(=O)OC([*])COC(C)(C)C,291.15
[*]COC(=O)OC([*])COCCCC,251.15
[*]COC(=O)OC([*])COCCOC,223.15
[*]COC(=O)OC1C([*])OC2OC(C)(C)OC21,401.15
[*]COC(=O)OC1COC2C(OC(=O)OCC(OC)C([*])OC)COC12,334.15
[*]COC(=O)OC1COC2C(OC(=O)OCC3OC(C)(C)OC3[*])COC12,368.65
[*]COC(=O)OCC(C)(C)CS(=O)(=O)CC([*])(C)C,323.15
[*]COC(=O)OCC(OC(=O)C(=O)OCC)C([*])OC(=O)C(=O)OCC,326.95
[*]COC(=O)OCC(OC(=O)C(CC(C)C)NC(=O)OCc1ccccc1)C([*])OC(=O)C(CC(C)C)NC(=O)OCc1ccccc1,324.05
[*]COC(=O)OCC(OC(=O)C(Cc1ccccc1)NC(=O)OC(C)(C)C)C([*])OC(=O)C(Cc1ccccc1)NC(=O)OC(C)(C)C,355.55
[*]COC(=O)OCC(OC(=O)OCC)C([*])OC(=O)OCC,322.95
[*]COC(=O)OCC(OC(=O)Oc1ccc(C(=O)OC)cc1)C([*])OC(=O)Oc1ccc(C(=O)OC)cc1,364.05
[*]COC(=O)OCC(OC(C)=O)C([*])OC(C)=O,331.75
[*]COC(=O)OCC(OC=O)C([*])OC=O,327.45
[*]COC(=O)OCC([*])(C)C,298.15
[*]COC(=O)OCC([*])(C)C(=O)OCc1ccccc1,271.15
[*]COC(=O)OCC1OC(C)(C)OC1[*],324.45
[*]COC(=O)OCC1OC(OCC)(OCC)OC1[*],283.95
[*]COC(=O)OCC1OC(OCC)OC1[*],296.65
[*]COC(=O)c1c(F)c(F)c(-c2c(F)c(F)c(C(=O)OC([*])COc3ccc(/N=N/c4ccc(C#N)cc4)cc3)c(F)c2F)c(F)c1F,385.15
[*]COC(=O)c1ccc(-c2ccc(-c3ccc(C(=O)OCC([*])(C)C)cc3)cc2)cc1,373.15
[*]COC(=O)c1ccc(-c2ccc(-c3ccc(C(=O)OCC([*])(CC)CC)cc3)cc2)cc1,253.15
[*]COC(=O)c1ccc(-c2ccc(C(=O)OC([*])COc3ccc(/N=N/c4ccc(C#N)cc4)cc3)cc2)cc1,414.15
[*]COC(=O)c1ccc(-c2ccc(C(=O)OCC([*])(C)C)cc2)cc1,374.15
[*]COC(=O)c1ccc(-c2ccc(C(=O)OCC([*])(C)CC)cc2)cc1,372.15
[*]COC(=O)c1ccc(-c2ccc(C(=O)OCC([*])(C)CCC)cc2)cc1,368.15
[*]COC(=O)c1ccc(-c2ccc(OCCC(C)Oc3ccc(-c4ccc(C(=O)OCC([*])C)cc4)cc3)cc2)cc1,357.15
[*]COC(=O)c1ccc(/C=C/c2ccc(C(=O)OCC([*])(C)C)cc2)cc1,353.15
[*]COC(=O)c1ccc(C(=O)OC(C)COC([*])C)cc1,310.15
[*]COC(=O)c1ccc(C(=O)OC([*])C)cc1,371.15
[*]COC(=O)c1ccc(C(=O)OC([*])COc2ccc(/N=N/c3ccc(C#N)cc3)cc2)c2ccccc12,390.15
[*]COC(=O)c1ccc(C(=O)OC([*])COc2ccc(/N=N/c3ccc(C#N)cc3)cc2)cc1,395.15
[*]COC(=O)c1ccc(C(=O)OC([*])COc2ccc(/N=N/c3ccc(C#N)cc3)cc2)s1,392.15
[*]COC(=O)c1ccc(C(=O)OCC(C(C)C)C([*])C(C)C)cc1,338.15
[*]COC(=O)c1ccc(C(=O)OCC(C)(C)CS(=O)(=O)CC([*])(C)C)cc1,378.15
[*]COC(=O)c1ccc(C(=O)OCC(C)C([*])C)cc1,310.65
[*]COC(=O)c1ccc(C(=O)OCC(CC)C([*])CC)cc1,305.15
[*]COC(=O)c1ccc(C(=O)OCC(CCC)C([*])CCC)cc1,303.15
[*]COC(=O)c1ccc(C(=O)OCC(CCCC)C([*])CCCC)cc1,289.15
[*]COC(=O)c1ccc(C(=O)OCC(CCCCCC)C([*])CCCCCC)cc1,257.65
[*]COC(=O)c1ccc(C(=O)OCC(CCCCCCCCCC)C([*])CCCCCCCCCC)cc1,235.15
[*]COC(=O)c1ccc(C(=O)OCC(CCCCCCCCCCCCCCCC)C([*])CCCCCCCCCCCCCCCC)cc1,247.15
[*]COC(=O)c1ccc(C(=O)OCC([*])(C)C)cc1,341.15
[*]COC(=O)c1ccc(C(=O)OCC([*])(C)CC)cc1,336.15
[*]COC(=O)c1ccc(C(=O)OCC([*])C)cc1,328.15
[*]COC(=O)c1ccc(C(=O)OCC2CC([*])CC(C(C)(C)C)C2)cc1,391.15
[*]COC(=O)c1ccc(C(=O)OCCC(C)(C)CC([*])C)cc1,264.15
[*]COC(=O)c1ccc(N2C(=O)CC(SCCCCCSC3CC(=O)N(c4ccc(C(=O)NC([*])CC)cc4)C3=O)C2=O)cc1,364.15
[*]COC(=O)c1ccc(OC(=O)c2ccc(C(=O)Oc3ccc(C(=O)OC(C)COC(C)COC([*])C)cc3)cc2)cc1,309.15
[*]COC(=O)c1ccc(Oc2ccc(C(=O)OCC([*])(C)C)cc2)cc1,346.15
[*]COC(=O)c1ccc2cc(C(=O)OC([*])COc3ccc(/N=N/c4ccc(C#N)cc4)cc3)ccc2c1,411.15
[*]COC(=O)c1cccc(-c2ccc(C(=O)OC([*])COc3ccc(/N=N/c4ccc(C#N)cc4)cc3)cc2)c1,408.15
[*]COC(=O)c1cccc(C(=O)OC([*])C)c1,350.15
[*]COC(=O)c1cccc(C(=O)OC([*])COc2ccc(/N=N/c3ccc(C#N)cc3)cc2)c1,392.15
[*]COC(=O)c1cccc(C(=O)OCC(C)(C)C[Si](C)(C)O[Si](C)(C)CC([*])(C)C)c1,221.15
[*]COC(=O)c1ccccc1-c1ccccc1C(=O)OC([*])COc1ccc(/N=N/c2ccc(C#N)cc2)cc1,393.15
[*]COC(=O)c1ccccc1C(=O)OC([*])C,368.15
[*]COC(=O)c1ccccc1C(=O)OC([*])COc1ccc(/N=N/c2ccc(C#N)cc2)cc1,378.15
[*]COC(=O)c1cccnc1C(=O)OC([*])COc1ccc(/N=N/c2ccc(C#N)cc2)cc1,403.15
[*]COC1OC([*])C(O)C(O)C1O,473.15
[*]COCC(=C)COC(=O)OCC([*])=C,343.65
[*]COCC(=O)NCCCCCCNC([*])=O,283.15
[*]COCC(=O)OCCCCOC([*])=O,250.15
[*]COCC(C)OC(=O)c1ccccc1C(=O)OC([*])C,298.15
[*]COCC([*])(C)C,223.15
[*]COCC([*])(C)CC,226.15
[*]COCC([*])(C)CO,335.15
[*]COCC([*])(C)COCC(F)(F)C(F)(F)C(F)(F)C(F)(F)C(F)(F)C(F)(F)C(F)(F)F,224.15
[*]COCC([*])(C)COCC(F)(F)C(F)(F)C(F)(F)F,228.15
[*]COCC([*])(C)COCC(F)(F)F,232.15
[*]COCC([*])(C)COCCC#N,221.15
[*]COCC([*])(C)COCCCCCCCCCCOc1ccc(-c2ccc(C#N)cc2)cc1,280.15
[*]COCC([*])(C)COCCOCCOCCOC,255.15
[*]COCC([*])(CC)CC,243.15
[*]COCC([*])(CC)CCl,293.15
[*]COCC([*])(CC)CO,605.05
[*]COCC([*])(CC)COC(=O)C(=C)C,313.15
[*]COCC([*])(CO)CO,372.15
[*]COCC([*])(CS(=O)(=O)C(C)C)CS(=O)(=O)C(C)C,364.15
[*]COCC([*])(CS(=O)(=O)CC)CS(=O)(=O)CC,357.15
[*]COCC([*])(CS(=O)(=O)CCC)CS(=O)(=O)CCC,344.15
[*]COCC([*])(CS(=O)(=O)CCCC)CS(=O)(=O)CCCC,339.15
[*]COCC([*])(CS(=O)(=O)CCCCC)CS(=O)(=O)CCCCC,329.15
[*]COCC([*])(CS(C)(=O)=O)CS(C)(=O)=O,399.15
[*]COCC([*])(CSC(C)C)CSC(C)C,264.15
[*]COCC([*])(CSC)CSC,267.15
[*]COCC([*])(CSCC)CSCC,241.15
[*]COCC([*])(CSCCCCC)CSCCCCC,240.15
[*]COCC([*])(C[N-][N+]#N)C[N-][N+]#N,243.15
[*]COCC([*])C,218.15
[*]COCC([*])C(C)(C)C,269.15
[*]COCC([*])O,290.15
[*]COCCCCCCCOc1ccc(-c2ccc(C(=O)Oc3ccc(OC([*])C)c([N+](=O)[O-])c3)cc2)cc1,323.15
[*]COCCOC([*])=O,260.55
[*]COCCOC([*])CCl,233.15
[*]COCCSSC[*],220.15
[*]COCCSSSSC[*],233.15
[*]COCOCCSSC[*],215.65
[*]COCOC[*],209.15
[*]COCc1ccc([*])cc1,490.15
[*]COOC([*])c1ccc(Br)cc1,282.75
[*]COOC([*])c1ccc(C(C)(C)C)cc1,293.05
[*]COOC([*])c1ccc(C)cc1,277.75
[*]COc1c(Cl)cc(C(C)(C)c2cc(Cl)c(OCC([*])OC(C)=O)c(Cl)c2)cc1Cl,373.15
[*]COc1ccc(C(C)(C)c2ccc(OCC([*])OC(=O)CC)cc2)cc1,333.15
[*]COc1ccc(C(C)(C)c2ccc(OCC([*])OC(C)=O)cc2)cc1,333.15
[*]COc1ccc(C(C)(c2ccccc2)c2ccc(OCC([*])OC(C)=O)cc2)cc1,383.15
[*]COc1ccc(C(c2ccc(OCC([*])(CO)CCl)cc2)(C(F)(F)F)C(F)(F)F)cc1,380.15
[*]COc1ccc(CC(=O)NCCCCCCNC([*])=O)cc1,342.65
[*]COc1ccc(Cc2ccc(OCC([*])O)cc2)cc1,416.35
[*]COc1ccc(N2C(=O)c3ccc(C(=O)c4ccc5c(c4)C(=O)N(c4ccc(OCC([*])(C)C)cc4)C5=O)cc3C2=O)cc1,507.15
[*]COc1ccc(N2C(=O)c3ccc(C(c4ccc5c(c4)C(=O)N(c4ccc(OC([*])C)cc4)C5=O)(C(F)(F)F)C(F)(F)F)cc3C2=O)cc1,507.15
[*]COc1ccc(N2C(=O)c3ccc(C(c4ccc5c(c4)C(=O)N(c4ccc(OC([*])CCC)cc4)C5=O)(C(F)(F)F)C(F)(F)F)cc3C2=O)cc1,477.15
[*]COc1ccc(N2C(=O)c3ccc(C(c4ccc5c(c4)C(=O)N(c4ccc(OC([*])CCCCCC)cc4)C5=O)(C(F)(F)F)C(F)(F)F)cc3C2=O)cc1,455.15
[*]COc1ccc(OCC(=O)NCCCCCCNC([*])=O)cc1,340.15
[*]COc1ccc(OCC(=O)OC([*])=O)cc1,343.15
[*]COc1ccc(OCC([*])O)cc1,333.15
[*]COc1ccc(OCC([*])OC(C)=O)cc1,322.15
[*]COc1ccc(OCCCCCCCCCCCCOc2ccc(OCc3ccc([*])cc3)cc2)cc1,297.15
[*]COc1ccc(S(=O)(=O)c2ccc(OCC([*])OC(C)=O)cc2)cc1,403.15
[*]COc1ccc2ccccc2c1Sc1c(OCC(=O)Nc2ccc(Cc3ccc(NC([*])=O)cc3)cc2)ccc2ccccc12,514.15
[*]COc1ccc2ccccc2c1Sc1c(OCC(=O)Nc2ccc(NC([*])=O)cc2)ccc2ccccc12,541.15
[*]COc1ccc2ccccc2c1Sc1c(OCC(=O)Nc2ccc(Oc3ccc(NC([*])=O)cc3)cc2)ccc2ccccc12,518.15
[*]COc1ccc2ccccc2c1Sc1c(OCC(=O)Nc2cccc(NC([*])=O)c2)ccc2ccccc12,527.15
[*]COc1ccc2ccccc2c1Sc1c(OCC(=O)Nc2cccc3c(NC([*])=O)cccc23)ccc2ccccc12,537.15
[*]COc1cccc(OCC([*])O)c1,338.15
[*]CS(=O)(=O)CC([*])(C)C,381.65
[*]CSCC(=O)NCCCCCCNC([*])=O,266.15
[*]CSCC([*])(C)C,223.85
[*]CSCC([*])(C)CC,223.15
[*]CSCC([*])(CC)CC,236.9
[*]CSCc1ccc(Cc2ccc(CSCC(=O)OCCSCc3ccc(Cc4ccc(CSCCOC([*])=O)cc4)cc3)cc2)cc1,287.15
[*]CSSC([*])c1ccccc1,277.95
[*]CSSC[*],246.15
[*]CSSCc1ccc([*])cc1,296.15
[*]CSSCc1ccccc1[*],312.15
[*]CSSSCc1ccc([*])cc1,281.15
[*]CSSSSC[*],249.15
[*]CSSSSCc1ccc([*])cc1,276.15
[*]CSc1nnc(SCC(=O)N/N=C/c2ccc(OCCCCCCCCCCOc3ccc(/C=N/NC([*])=O)cc3)cc2)s1,390.15
[*]C[Si](C)(C)[Si](C)(C)[Si](C)(C)[Si]([*])(C)C,205.15
[*]C[Si]([*])(C)C,183.15
[*]C[Si]([*])(C)CCCCCC,195.55
[*]C[Si]([*])(C)CCCN(CC)CC,241.4
[*]C[Si]([*])(C)CCCOCCOCCOC,199.85
[*]C[Si]([*])(C)CCCn1c2ccccc2c2ccccc21,344.35
[*]C[Si]([*])(C)c1ccccc1,301.15
[*]C[Si]([*])(CCC)CCC,232.15
[*]C[Si]([*])(CCCC)CCCC,243.15
[*]C[Si]([*])(CCCCC)CCCCC,218.15
[*]C[Si]([*])(CCCCCC)CCCCCC,217.15
[*]C[n+]1ccc(-c2cc[n+](Cc3ccc([*])cc3)cc2)cc1,368.15
[*]C[n+]1ccc(-c2cc[n+](Cc3cccc([*])c3)cc2)cc1,401.15
[*]C[n+]1ccc(-c2cc[n+](Cc3ccccc3[*])cc2)cc1,343.65
[*]Cc1cc(C(C)(C)C)cc([*])c1O,323.15
[*]Cc1cc(C(C)C)c(N2C(=O)c3ccc(C(=O)c4ccc5c(c4)C(=O)N(c4c(C(C)C)cc([*])cc4C(C)C)C5=O)cc3C2=O)c(C(C)C)c1,536.15
[*]Cc1cc(C(C)C)c(N2C(=O)c3ccc(C(c4ccc5c(c4)C(=O)N(c4c(C(C)C)cc([*])cc4C(C)C)C5=O)(C(F)(F)F)C(F)(F)F)cc3C2=O)c(C(C)C)c1,551.65
[*]Cc1cc(C)c(N2C(=O)c3ccc(C(=O)Nc4cc(NC(=O)c5ccc6c(c5)C(=O)N(c5c(C)cc([*])cc5C)C6=O)ccc4/N=N/c4ccc([N+](=O)[O-])cc4)cc3C2=O)c(C)c1,537.15
[*]Cc1cc(C)c(N2C(=O)c3ccc(C(=O)OCCN(CCOC(=O)c4ccc5c(c4)C(=O)N(c4c(C)cc([*])cc4C)C5=O)c4ccc(/N=N/c5ccc([N+](=O)[O-])cc5)cc4)cc3C2=O)c(C)c1,452.15
[*]Cc1cc(C)c(N2C(=O)c3ccc(C(=O)OCCN(CCOC(=O)c4ccc5c(c4)C(=O)N(c4c(C)cc([*])cc4C)C5=O)c4ccc(/N=N/c5ccc([N+](=O)[O-])cc5C#N)cc4)cc3C2=O)c(C)c1,489.15
[*]Cc1cc(C)c(N2C(=O)c3ccc(C(=O)OCCN(CCOC(=O)c4ccc5c(c4)C(=O)N(c4c(C)cc([*])cc4C)C5=O)c4ccc(/N=N/c5ccc([N+](=O)[O-])cc5[N+](=O)[O-])cc4)cc3C2=O)c(C)c1,449.15
[*]Cc1cc(C)c(N2C(=O)c3ccc(C(=O)OCCN(CCOC(=O)c4ccc5c(c4)C(=O)N(c4c(C)cc([*])cc4C)C5=O)c4ccccc4)cc3C2=O)c(C)c1,450.15
[*]Cc1cc(C)c(N2C(=O)c3ccc(C(c4ccc5c(c4)C(=O)N(c4c(C)cc([*])cc4C)C5=O)(C(F)(F)F)C(F)(F)F)cc3C2=O)c(C)c1,580.65
[*]Cc1cc(C)c(N2C(=O)c3ccc(Oc4cc5ccccc5cc4Oc4ccc5c(c4)C(=O)N(c4c(C)cc([*])cc4C)C5=O)cc3C2=O)c(C)c1,538.15
[*]Cc1cc(C)c(N2C(=O)c3ccc(Oc4ccc(C(C)(C)c5ccc(Oc6ccc7c(c6)C(=O)N(c6c(C)cc([*])cc6C)C7=O)cc5)cc4)cc3C2=O)c(C)c1,520.15
[*]Cc1cc(C)c(N2C(=O)c3ccc(Oc4ccc5ccc(Oc6ccc7c(c6)C(=O)N(c6c(C)cc([*])cc6C)C7=O)cc5c4)cc3C2=O)c(C)c1,545.15
[*]Cc1cc(C)c(N2C(=O)c3ccc(Oc4cccc5c(Oc6ccc7c(c6)C(=O)N(c6c(C)cc([*])cc6C)C7=O)cccc45)cc3C2=O)c(C)c1,554.15
[*]Cc1cc(C)c(N2C(=O)c3cccc(Oc4ccc(C(C)(C)c5ccc(Oc6cccc7c6C(=O)N(c6c(C)cc([*])cc6C)C7=O)cc5)cc4)c3C2=O)c(C)c1,496.15
[*]Cc1cc(C)c(NC(=O)c2ccc3c(c2)C(=O)N(c2ccc(/N=N/c4ccc(F)cc4)c(N4C(=O)c5ccc(C(=O)Nc6c(C)cc([*])cc6C)cc5C4=O)c2)C3=O)c(C)c1,552.15
[*]Cc1cc(C)c(NC(=O)c2ccc3c(c2)C(=O)N(c2ccc(/N=N/c4ccc(OC(F)(F)F)cc4)c(N4C(=O)c5ccc(C(=O)Nc6c(C)cc([*])cc6C)cc5C4=O)c2)C3=O)c(C)c1,551.15
[*]Cc1cc(C)c(NC(=O)c2ccc3c(c2)C(=O)N(c2ccc(/N=N/c4ccc([N+](=O)[O-])cc4)c(N4C(=O)c5ccc(C(=O)Nc6c(C)cc([*])cc6C)cc5C4=O)c2)C3=O)c(C)c1,553.15
[*]Cc1cc(C)c(Oc2ccc(-n3c(=O)c4cc5c(=O)n(-c6ccc(Oc7c(C)cc([*])cc7C)cc6)c(=O)c5cc4c3=O)cc2)c(C)c1,572.65
[*]Cc1cc(C)c(Oc2ccc(N3C(=O)c4ccc(-c5ccc6c(c5)C(=O)N(c5ccc(Oc7c(C)cc([*])cc7C)cc5)C6=O)cc4C3=O)cc2)c(C)c1,583.15
[*]Cc1cc(C)c(Oc2ccc(N3C(=O)c4ccc(C(=O)c5ccc6c(c5)C(=O)N(c5ccc(Oc7c(C)cc([*])cc7C)cc5)C6=O)cc4C3=O)cc2)c(C)c1,576.15
[*]Cc1cc(C)c(Oc2ccc(N3C(=O)c4ccc(C(c5ccc6c(c5)C(=O)N(c5ccc(Oc7c(C)cc([*])cc7C)cc5)C6=O)(C(F)(F)F)C(F)(F)F)cc4C3=O)cc2)c(C)c1,571.15
[*]Cc1cc(C)c(Oc2ccc(S(=O)(=O)c3ccc(Oc4c(C)cc([*])cc4C)cc3)cc2)c(C)c1,505.15
[*]Cc1cc(C)c(Oc2ccc3c(c2)C(=O)N(c2c(C)cc(-c4cc(C)c(N5C(=O)c6ccc(Oc7c(C)cc([*])cc7C)cc6C5=O)c(C)c4)cc2C)C3=O)c(C)c1,693.15
[*]Cc1cc(C)c(Oc2ccc3c(c2)C(=O)N(c2c(C)cc(Cc4cc(C)c(N5C(=O)c6ccc(Oc7c(C)cc([*])cc7C)cc6C5=O)c(C)c4)cc2C)C3=O)c(C)c1,537.15
[*]Cc1cc(C)c(Oc2ccc3c(c2)C(=O)N(c2ccc(Oc4ccc(-c5ccc(Oc6ccc(N7C(=O)c8ccc(Oc9c(C)cc([*])cc9C)cc8C7=O)cc6)cc5)cc4)cc2)C3=O)c(C)c1,521.15
[*]Cc1cc(C)c(Oc2ccc3c(c2)C(=O)N(c2ccc(Oc4ccc(N5C(=O)c6ccc(Oc7c(C)cc([*])cc7C)cc6C5=O)cc4)cc2)C3=O)c(C)c1,539.15
[*]Cc1cc(C)c(Oc2ccc3c(c2)C(=O)N(c2cccc(N4C(=O)c5ccc(Oc6c(C)cc([*])cc6C)cc5C4=O)c2)C3=O)c(C)c1,518.15
[*]Cc1cc(C)c(Oc2cccc3c2C(=O)N(c2c(C)cc(-c4cc(C)c(N5C(=O)c6cccc(Oc7c(C)cc([*])cc7C)c6C5=O)c(C)c4)cc2C)C3=O)c(C)c1,549.15
[*]Cc1cc(C)c(Oc2cccc3c2C(=O)N(c2c(C)cc(C)c(N4C(=O)c5cccc(Oc6c(C)cc([*])cc6C)c5C4=O)c2C)C3=O)c(C)c1,560.15
[*]Cc1cc(C)c(Oc2cccc3c2C(=O)N(c2c(C)cc(Cc4cc(C)c(N5C(=O)c6cccc(Oc7c(C)cc([*])cc7C)c6C5=O)c(C)c4)cc2C)C3=O)c(C)c1,516.15
[*]Cc1cc(C)c(Oc2cccc3c2C(=O)N(c2ccc(Oc4ccc(-c5ccc(Oc6ccc(N7C(=O)c8cccc(Oc9c(C)cc([*])cc9C)c8C7=O)cc6)cc5)cc4)cc2)C3=O)c(C)c1,532.15
[*]Cc1cc(C)c(Oc2cccc3c2C(=O)N(c2ccc(Oc4ccc(N5C(=O)c6cccc(Oc7c(C)cc([*])cc7C)c6C5=O)cc4)cc2)C3=O)c(C)c1,543.15
[*]Cc1cc(C)c(Oc2cccc3c2C(=O)N(c2cccc(N4C(=O)c5cccc(Oc6c(C)cc([*])cc6C)c5C4=O)c2)C3=O)c(C)c1,542.15
[*]Cc1cc(C23CC4CC(CC(C4)C2)C3)cc(CN([*])C)c1O,461.95
[*]Cc1cc(CC)c(N2C(=O)c3ccc(C(c4ccc5c(c4)C(=O)N(c4c(CC)cc([*])cc4CC)C5=O)(C(F)(F)F)C(F)(F)F)cc3C2=O)c(CC)c1,539.15
[*]Cc1cc(CC)c(NC(=O)c2ccc3c(c2)C(=O)N(c2ccc(/N=N/c4ccc(C)cc4)c(N4C(=O)c5ccc(C(=O)Nc6c(CC)cc([*])cc6CC)cc5C4=O)c2)C3=O)c(CC)c1,542.15
[*]Cc1cc2cc(C(=O)Nc3ccc(-c4ccc(NC(=O)c5cc6cc([*])c(OC(=O)COc7ccc8ccc(=O)oc8c7)cc6oc5=O)cc4)cc3)c(=O)oc2cc1OC(=O)COc1ccc2ccc(=O)oc2c1,521.15
[*]Cc1cc2cc(C(=O)Nc3ccc(C(c4ccc(NC(=O)c5cc6cc([*])c(OC(=O)COc7ccc8ccc(=O)oc8c7)cc6oc5=O)cc4)(C(F)(F)F)C(F)(F)F)cc3)c(=O)oc2cc1OC(=O)COc1ccc2ccc(=O)oc2c1,530.15
[*]Cc1cc2cc(C(=O)Nc3ccc(Cc4ccc(NC(=O)c5cc6cc([*])c(OC(=O)COc7ccc8ccc(=O)oc8c7)cc6oc5=O)cc4)cc3)c(=O)oc2cc1OC(=O)COc1ccc2ccc(=O)oc2c1,494.15
[*]Cc1cc2cc(C(=O)Nc3ccc(NC(=O)c4cc5cc([*])c(OC(=O)COc6ccc7ccc(=O)oc7c6)cc5oc4=O)cc3)c(=O)oc2cc1OC(=O)COc1ccc2ccc(=O)oc2c1,525.15
[*]Cc1cc2cc(C(=O)Nc3ccc(Oc4ccc(NC(=O)c5cc6cc([*])c(OC(=O)COc7ccc8ccc(=O)oc8c7)cc6oc5=O)cc4)cc3)c(=O)oc2cc1OC(=O)COc1ccc2ccc(=O)oc2c1,499.15
[*]Cc1cc2cc(C(=O)Nc3ccc(S(=O)(=O)c4ccc(NC(=O)c5cc6cc([*])c(OC(=O)COc7ccc8ccc(=O)oc8c7)cc6oc5=O)cc4)cc3)c(=O)oc2cc1OC(=O)COc1ccc2ccc(=O)oc2c1,506.15
[*]Cc1cc2cc(C(=O)Nc3cccc(NC(=O)c4cc5cc([*])c(OC(=O)COc6ccc7ccc(=O)oc7c6)cc5oc4=O)c3)c(=O)oc2cc1OC(=O)COc1ccc2ccc(=O)oc2c1,513.15
[*]Cc1ccc(-c2ccc(OCCCCCCCCCCCCOc3ccc(C([*])C)cc3)cc2)cc1,313.15
[*]Cc1ccc(-c2sc(-c3ccc(CC(=O)Nc4ccc(-c5ccc(NC([*])=O)cc5)cc4)cc3)c(-c3ccccc3)c2-c2ccccc2)cc1,545.15
[*]Cc1ccc(-c2sc(-c3ccc(CC(=O)Nc4ccc(-c5sc(-c6ccc(NC([*])=O)cc6)c(-c6ccccc6)c5-c5ccccc5)cc4)cc3)c(-c3ccccc3)c2-c2ccccc2)cc1,546.15
[*]Cc1ccc(-c2sc(-c3ccc(CC(=O)Nc4ccc(Cc5ccc(NC([*])=O)cc5)cc4)cc3)c(-c3ccccc3)c2-c2ccccc2)cc1,500.15
[*]Cc1ccc(-c2sc(-c3ccc(CC(=O)Nc4ccc(NC([*])=O)cc4)cc3)c(-c3ccccc3)c2-c2ccccc2)cc1,524.15
[*]Cc1ccc(-c2sc(-c3ccc(CC(=O)Nc4ccc(Oc5ccc(NC([*])=O)cc5)cc4)cc3)c(-c3ccccc3)c2-c2ccccc2)cc1,499.15
[*]Cc1ccc(-c2sc(-c3ccc(CC(=O)Nc4ccc(S(=O)(=O)c5ccc(NC([*])=O)cc5)cc4)cc3)c(-c3ccccc3)c2-c2ccccc2)cc1,525.15
[*]Cc1ccc(-c2sc(-c3ccc(CC(=O)Nc4cccc(NC([*])=O)c4)cc3)c(-c3ccccc3)c2-c2ccccc2)cc1,501.15
[*]Cc1ccc(-c2sc(-c3ccc(CC(=O)Nc4cccc5c(NC([*])=O)cccc45)cc3)c(-c3ccccc3)c2-c2ccccc2)cc1,528.15
[*]Cc1ccc(-n2c(=O)c3cc4c(=O)n(-c5ccc([*])cc5C(C)(C)C)c(=O)c4cc3c2=O)c(C(C)(C)C)c1,490.15
[*]Cc1ccc(-n2c(=O)c3cc4c(=O)n(-c5ccc([*])cc5C)c(=O)c4cc3c2=O)c(C)c1,547.15
[*]Cc1ccc(-n2c(=O)c3ccc4c(=O)n(-c5ccc([*])cc5C)c(=O)c4c3c2=O)c(C)c1,627.15
[*]Cc1ccc(C(=O)NCCCCCCNC([*])=O)cc1,377.15
[*]Cc1ccc(C(=O)NCCCCCNC([*])=O)cc1,376.15
[*]Cc1ccc(C(=O)NCCCCNC([*])=O)cc1,357.15
[*]Cc1ccc(C(=O)NCCCNC([*])=O)cc1,382.15
[*]Cc1ccc(C(=O)OCCOC([*])=O)cc1,297.15
[*]Cc1ccc(C(=O)OCc2ccc(COC([*])=O)cc2)cc1,320.15
[*]Cc1ccc(C)c(N2C(=O)c3cccc(Sc4cccc5c4C(=O)N(c4ccc([*])cc4C)C5=O)c3C2=O)c1,547.15
[*]Cc1ccc(CC(=O)NCCCCCCCCCCCCCCCCCCNC([*])=O)cc1,351.15
[*]Cc1ccc(CC(=O)NCCCCCCCCNC([*])=O)cc1,383.15
[*]Cc1ccc(CC(=O)NCCCCCCNC([*])=O)cc1,368.15
[*]Cc1ccc(CC(=O)OC([*])=O)cc1,338.15
[*]Cc1ccc(N2C(=O)C3CCC4C(=O)N(c5ccc([*])cc5C)C(=O)C4C3C2=O)c(C)c1,613.15
[*]Cc1ccc(N2C(=O)c3ccc(-c4ccc5c(c4)C(=O)N(c4ccc([*])cc4C(C)(C)C)C5=O)cc3C2=O)c(C(C)(C)C)c1,597.15
[*]Cc1ccc(N2C(=O)c3ccc(C(=O)c4ccc5c(c4)C(=O)N(c4ccc([*])cc4C(C)(C)C)C5=O)cc3C2=O)c(C(C)(C)C)c1,486.15
[*]Cc1ccc(N2C(=O)c3ccc(C(c4ccc5c(c4)C(=O)N(c4ccc([*])cc4C(C)(C)C)C5=O)(C(F)(F)F)C(F)(F)F)cc3C2=O)c(C(C)(C)C)c1,547.15
[*]Cc1ccc(N2C(=O)c3ccc(Oc4ccc(Oc5ccc6c(c5)C(=O)N(c5ccc([*])cc5OC)C6=O)cc4)cc3C2=O)c(OC)c1,542.15
[*]Cc1ccc(N2C(=O)c3ccc(Oc4ccc5c(c4)C(=O)N(c4ccc([*])cc4C(C)(C)C)C5=O)cc3C2=O)c(C(C)(C)C)c1,489.15
[*]Cc1ccc(N2C(=O)c3ccc(S(=O)(=O)c4ccc5c(c4)C(=O)N(c4ccc([*])cc4C(C)(C)C)C5=O)cc3C2=O)c(C(C)(C)C)c1,609.15
[*]Cc1ccc(N2C(=O)c3ccc(Sc4ccc5c(c4)C(=O)N(c4ccc([*])cc4C(C)(C)C)C5=O)cc3C2=O)c(C(C)(C)C)c1,573.65
[*]Cc1ccc(N2C(=O)c3cccc4c(N5CCC(CCCC6CCN(c7ccc8c9c(cccc79)C(=O)N(c7ccc([*])cc7C(C)(C)C)C8=O)CC6)CC5)ccc(c34)C2=O)c(C(C)(C)C)c1,475.85
[*]Cc1ccc(NC(=O)CCC(=O)NC([*])(C)C)cc1,431.15
[*]Cc1ccc(NC(=O)CCCCC(=O)NC([*])(C)C)cc1,403.15
[*]Cc1ccc(NC(=O)CCCCCCCCC(=O)NC([*])(C)C)cc1,365.15
[*]Cc1ccc(NC(=O)c2ccc(C(=O)NC([*])(C)C)cc2)cc1,448.15
[*]Cc1ccc(OC(=O)CC(C)CCC(=O)Oc2ccc(CCC(=O)NC([*])C(=O)OC)cc2)cc1,326.15
[*]Cc1ccc(OC(=O)CCC(=O)Oc2ccc(CC(=O)NC([*])C(=O)OCC)cc2)cc1,348.65
[*]Cc1ccc(OC(=O)CCC(=O)Oc2ccc(CC(=O)NC([*])C(=O)OCCCCCC)cc2)cc1,332.15
[*]Cc1ccc(OC(=O)CCC(=O)Oc2ccc(CC(=O)NC([*])C(=O)OCCCCCCCC)cc2)cc1,324.15
[*]Cc1ccc(OC(=O)CCC(=O)Oc2ccc(CCC(=O)NC([*])C(=O)OC(C)C)cc2)cc1,355.15
[*]Cc1ccc(OC(=O)CCC(=O)Oc2ccc(CCC(=O)NC([*])C(=O)OC(C)CC)cc2)cc1,348.15
[*]Cc1ccc(OC(=O)CCC(=O)Oc2ccc(CCC(=O)NC([*])C(=O)OC)cc2)cc1,364.65
[*]Cc1ccc(OC(=O)CCC(=O)Oc2ccc(CCC(=O)NC([*])C(=O)OCC(C)C)cc2)cc1,348.15
[*]Cc1ccc(OC(=O)CCC(=O)Oc2ccc(CCC(=O)NC([*])C(=O)OCC)cc2)cc1,351.15
[*]Cc1ccc(OC(=O)CCC(=O)Oc2ccc(CCC(=O)NC([*])C(=O)OCCCC)cc2)cc1,340.15
[*]Cc1ccc(OC(=O)CCC(=O)Oc2ccc(CCC(=O)NC([*])C(=O)OCCCCCC)cc2)cc1,326.15
[*]Cc1ccc(OC(=O)CCC(=O)Oc2ccc(CCC(=O)NC([*])C(=O)OCCCCCCCC)cc2)cc1,321.15
[*]Cc1ccc(OC(=O)CCC(=O)Oc2ccc(CCC(=O)NC([*])C(=O)OCCCCCCCCCCCC)cc2)cc1,313.15
[*]Cc1ccc(OC(=O)CCC(=O)Oc2ccc(CCC(=O)NC([*])C(=O)OCCOCCOCC)cc2)cc1,307.15
[*]Cc1ccc(OC(=O)CCC(C)CC(=O)Oc2ccc(CC(=O)NC([*])C(=O)OCC)cc2)cc1,336.15
[*]Cc1ccc(OC(=O)CCC(C)CC(=O)Oc2ccc(CC(=O)NC([*])C(=O)OCCCCCC)cc2)cc1,311.15
[*]Cc1ccc(OC(=O)CCC(C)CC(=O)Oc2ccc(CC(=O)NC([*])C(=O)OCCCCCCCC)cc2)cc1,303.15
[*]Cc1ccc(OC(=O)CCC(C)CC(=O)Oc2ccc(CCC(=O)NC([*])C(=O)OC(C)CC)cc2)cc1,318.15
[*]Cc1ccc(OC(=O)CCC(C)CC(=O)Oc2ccc(CCC(=O)NC([*])C(=O)OCCCC)cc2)cc1,308.15
[*]Cc1ccc(OC(=O)CCCC(=O)Oc2ccc(CC(=O)NC([*])C(=O)OCC)cc2)cc1,338.15
[*]Cc1ccc(OC(=O)CCCC(=O)Oc2ccc(CC(=O)NC([*])C(=O)OCCCCCC)cc2)cc1,315.15
[*]Cc1ccc(OC(=O)CCCC(=O)Oc2ccc(CC(=O)NC([*])C(=O)OCCCCCCCC)cc2)cc1,311.15
[*]Cc1ccc(OC(=O)CCCC(=O)Oc2ccc(CCC(=O)NC([*])C(=O)OC(C)C)cc2)cc1,341.15
[*]Cc1ccc(OC(=O)CCCC(=O)Oc2ccc(CCC(=O)NC([*])C(=O)OC(C)CC)cc2)cc1,325.15
[*]Cc1ccc(OC(=O)CCCC(=O)Oc2ccc(CCC(=O)NC([*])C(=O)OC)cc2)cc1,349.15
[*]Cc1ccc(OC(=O)CCCC(=O)Oc2ccc(CCC(=O)NC([*])C(=O)OCC(C)C)cc2)cc1,335.15
[*]Cc1ccc(OC(=O)CCCC(=O)Oc2ccc(CCC(=O)NC([*])C(=O)OCC)cc2)cc1,343.15
[*]Cc1ccc(OC(=O)CCCC(=O)Oc2ccc(CCC(=O)NC([*])C(=O)OCCCC)cc2)cc1,329.15
[*]Cc1ccc(OC(=O)CCCC(=O)Oc2ccc(CCC(=O)NC([*])C(=O)OCCCCCC)cc2)cc1,316.15
[*]Cc1ccc(OC(=O)CCCC(=O)Oc2ccc(CCC(=O)NC([*])C(=O)OCCCCCCCC)cc2)cc1,305.65
[*]Cc1ccc(OC(=O)CCCC(=O)Oc2ccc(CCC(=O)NC([*])C(=O)OCCCCCCCCCCCC)cc2)cc1,300.65
[*]Cc1ccc(OC(=O)CCCC(=O)Oc2ccc(CCC(=O)NC([*])C(=O)OCCOCCOCC)cc2)cc1,294.15
[*]Cc1ccc(OC(=O)CCCCC(=O)Oc2ccc(CC(=O)NC([*])C(=O)OCC)cc2)cc1,336.15
[*]Cc1ccc(OC(=O)CCCCC(=O)Oc2ccc(CC(=O)NC([*])C(=O)OCCCCCC)cc2)cc1,309.15
[*]Cc1ccc(OC(=O)CCCCC(=O)Oc2ccc(CC(=O)NC([*])C(=O)OCCCCCCCC)cc2)cc1,301.15
[*]Cc1ccc(OC(=O)CCCCC(=O)Oc2ccc(CCC(=O)NC([*])C(=O)OC(C)C)cc2)cc1,329.65
[*]Cc1ccc(OC(=O)CCCCC(=O)Oc2ccc(CCC(=O)NC([*])C(=O)OC(C)CC)cc2)cc1,323.15
[*]Cc1ccc(OC(=O)CCCCC(=O)Oc2ccc(CCC(=O)NC([*])C(=O)OC)cc2)cc1,343.15
[*]Cc1ccc(OC(=O)CCCCC(=O)Oc2ccc(CCC(=O)NC([*])C(=O)OCC(C)C)cc2)cc1,329.15
[*]Cc1ccc(OC(=O)CCCCC(=O)Oc2ccc(CCC(=O)NC([*])C(=O)OCC)cc2)cc1,334.15
[*]Cc1ccc(OC(=O)CCCCC(=O)Oc2ccc(CCC(=O)NC([*])C(=O)OCCCC)cc2)cc1,319.15
[*]Cc1ccc(OC(=O)CCCCC(=O)Oc2ccc(CCC(=O)NC([*])C(=O)OCCCCCC)cc2)cc1,310.875
[*]Cc1ccc(OC(=O)CCCCC(=O)Oc2ccc(CCC(=O)NC([*])C(=O)OCCCCCCCC)cc2)cc1,301.15
[*]Cc1ccc(OC(=O)CCCCC(=O)Oc2ccc(CCC(=O)NC([*])C(=O)OCCCCCCCCCCCC)cc2)cc1,295.15
[*]Cc1ccc(OC(=O)CCCCC(=O)Oc2ccc(CCC(=O)NC([*])C(=O)OCCOCCOCC)cc2)cc1,288.15
[*]Cc1ccc(OC(=O)CCCCCCC(=O)Oc2ccc(CC(=O)NC([*])C(=O)OCC)cc2)cc1,327.15
[*]Cc1ccc(OC(=O)CCCCCCC(=O)Oc2ccc(CC(=O)NC([*])C(=O)OCCCCCC)cc2)cc1,300.15
[*]Cc1ccc(OC(=O)CCCCCCC(=O)Oc2ccc(CC(=O)NC([*])C(=O)OCCCCCCCC)cc2)cc1,295.15
[*]Cc1ccc(OC(=O)CCCCCCC(=O)Oc2ccc(CCC(=O)NC([*])C(=O)OC(C)C)cc2)cc1,319.15
[*]Cc1ccc(OC(=O)CCCCCCC(=O)Oc2ccc(CCC(=O)NC([*])C(=O)OC(C)CC)cc2)cc1,319.15
[*]Cc1ccc(OC(=O)CCCCCCC(=O)Oc2ccc(CCC(=O)NC([*])C(=O)OC)cc2)cc1,328.65
[*]Cc1ccc(OC(=O)CCCCCCC(=O)Oc2ccc(CCC(=O)NC([*])C(=O)OCC(C)C)cc2)cc1,315.15
[*]Cc1ccc(OC(=O)CCCCCCC(=O)Oc2ccc(CCC(=O)NC([*])C(=O)OCC)cc2)cc1,323.15
[*]Cc1ccc(OC(=O)CCCCCCC(=O)Oc2ccc(CCC(=O)NC([*])C(=O)OCCCC)cc2)cc1,310.15
[*]Cc1ccc(OC(=O)CCCCCCC(=O)Oc2ccc(CCC(=O)NC([*])C(=O)OCCCCCC)cc2)cc1,300.15
[*]Cc1ccc(OC(=O)CCCCCCC(=O)Oc2ccc(CCC(=O)NC([*])C(=O)OCCCCCCCC)cc2)cc1,295.15
[*]Cc1ccc(OC(=O)CCCCCCC(=O)Oc2ccc(CCC(=O)NC([*])C(=O)OCCCCCCCCCCCC)cc2)cc1,288.15
[*]Cc1ccc(OC(=O)CCCCCCC(=O)Oc2ccc(CCC(=O)NC([*])C(=O)OCCOCCOCC)cc2)cc1,279.15
[*]Cc1ccc(OC(=O)CCCCCCCCC(=O)Oc2ccc(CC(=O)NC([*])C(=O)OCC)cc2)cc1,316.15
[*]Cc1ccc(OC(=O)CCCCCCCCC(=O)Oc2ccc(CC(=O)NC([*])C(=O)OCCCCCC)cc2)cc1,296.15
[*]Cc1ccc(OC(=O)CCCCCCCCC(=O)Oc2ccc(CC(=O)NC([*])C(=O)OCCCCCCCC)cc2)cc1,289.15
[*]Cc1ccc(OC(=O)CCCCCCCCC(=O)Oc2ccc(CCC(=O)NC([*])C(=O)OC(C)C)cc2)cc1,317.15
[*]Cc1ccc(OC(=O)CCCCCCCCC(=O)Oc2ccc(CCC(=O)NC([*])C(=O)OC(C)CC)cc2)cc1,309.15
[*]Cc1ccc(OC(=O)CCCCCCCCC(=O)Oc2ccc(CCC(=O)NC([*])C(=O)OC)cc2)cc1,320.15
[*]Cc1ccc(OC(=O)CCCCCCCCC(=O)Oc2ccc(CCC(=O)NC([*])C(=O)OCC(C)C)cc2)cc1,306.15
[*]Cc1ccc(OC(=O)CCCCCCCCC(=O)Oc2ccc(CCC(=O)NC([*])C(=O)OCC)cc2)cc1,317.15
[*]Cc1ccc(OC(=O)CCCCCCCCC(=O)Oc2ccc(CCC(=O)NC([*])C(=O)OCCCC)cc2)cc1,303.15
[*]Cc1ccc(OC(=O)CCCCCCCCC(=O)Oc2ccc(CCC(=O)NC([*])C(=O)OCCCCCC)cc2)cc1,295.15
[*]Cc1ccc(OC(=O)CCCCCCCCC(=O)Oc2ccc(CCC(=O)NC([*])C(=O)OCCCCCCCC)cc2)cc1,288.65
[*]Cc1ccc(OC(=O)CCCCCCCCC(=O)Oc2ccc(CCC(=O)NC([*])C(=O)OCCCCCCCCCCCC)cc2)cc1,285.65
[*]Cc1ccc(OC(=O)CCCCCCCCC(=O)Oc2ccc(CCC(=O)NC([*])C(=O)OCCOCCOCC)cc2)cc1,275.15
[*]Cc1ccc(OC(=O)COCC(=O)Oc2ccc(CC(=O)NC([*])C(=O)OCC)cc2)cc1,339.15
[*]Cc1ccc(OC(=O)COCC(=O)Oc2ccc(CC(=O)NC([*])C(=O)OCCCCCC)cc2)cc1,319.15
[*]Cc1ccc(OC(=O)COCC(=O)Oc2ccc(CC(=O)NC([*])C(=O)OCCCCCCCC)cc2)cc1,324.15
[*]Cc1ccc(OC(=O)COCC(=O)Oc2ccc(CCC(=O)NC([*])C(=O)OC(C)C)cc2)cc1,353.15
[*]Cc1ccc(OC(=O)COCC(=O)Oc2ccc(CCC(=O)NC([*])C(=O)OC(C)CC)cc2)cc1,341.15
[*]Cc1ccc(OC(=O)COCC(=O)Oc2ccc(CCC(=O)NC([*])C(=O)OC)cc2)cc1,355.15
[*]Cc1ccc(OC(=O)COCC(=O)Oc2ccc(CCC(=O)NC([*])C(=O)OCC(C)C)cc2)cc1,345.15
[*]Cc1ccc(OC(=O)COCC(=O)Oc2ccc(CCC(=O)NC([*])C(=O)OCC)cc2)cc1,352.15
[*]Cc1ccc(OC(=O)COCC(=O)Oc2ccc(CCC(=O)NC([*])C(=O)OCCCC)cc2)cc1,337.15
[*]Cc1ccc(OC(=O)COCC(=O)Oc2ccc(CCC(=O)NC([*])C(=O)OCCCCCC)cc2)cc1,318.15
[*]Cc1ccc(OC(=O)COCC(=O)Oc2ccc(CCC(=O)NC([*])C(=O)OCCCCCCCC)cc2)cc1,313.15
[*]Cc1ccc(OC(=O)COCC(=O)Oc2ccc(CCC(=O)NC([*])C(=O)OCCCCCCCCCCCC)cc2)cc1,309.15
[*]Cc1ccc(OC(=O)COCC(=O)Oc2ccc(CCC(=O)NC([*])C(=O)OCCOCCOCC)cc2)cc1,300.15
[*]Cc1ccc(OC(=O)COCCOCC(=O)Oc2ccc(CC(=O)NC([*])C(=O)OCC)cc2)cc1,323.15
[*]Cc1ccc(OC(=O)COCCOCC(=O)Oc2ccc(CC(=O)NC([*])C(=O)OCCCCCC)cc2)cc1,304.15
[*]Cc1ccc(OC(=O)COCCOCC(=O)Oc2ccc(CC(=O)NC([*])C(=O)OCCCCCCCC)cc2)cc1,296.15
[*]Cc1ccc(OC(=O)COCCOCC(=O)Oc2ccc(CCC(=O)NC([*])C(=O)OC(C)C)cc2)cc1,331.15
[*]Cc1ccc(OC(=O)COCCOCC(=O)Oc2ccc(CCC(=O)NC([*])C(=O)OC(C)CC)cc2)cc1,317.15
[*]Cc1ccc(OC(=O)COCCOCC(=O)Oc2ccc(CCC(=O)NC([*])C(=O)OC)cc2)cc1,336.15
[*]Cc1ccc(OC(=O)COCCOCC(=O)Oc2ccc(CCC(=O)NC([*])C(=O)OCC(C)C)cc2)cc1,323.15
[*]Cc1ccc(OC(=O)COCCOCC(=O)Oc2ccc(CCC(=O)NC([*])C(=O)OCC)cc2)cc1,326.15
[*]Cc1ccc(OC(=O)COCCOCC(=O)Oc2ccc(CCC(=O)NC([*])C(=O)OCCCC)cc2)cc1,318.15
[*]Cc1ccc(OC(=O)COCCOCC(=O)Oc2ccc(CCC(=O)NC([*])C(=O)OCCCCCC)cc2)cc1,301.15
[*]Cc1ccc(OC(=O)COCCOCC(=O)Oc2ccc(CCC(=O)NC([*])C(=O)OCCCCCCCC)cc2)cc1,289.15
[*]Cc1ccc(OC(=O)COCCOCC(=O)Oc2ccc(CCC(=O)NC([*])C(=O)OCCCCCCCCCCCC)cc2)cc1,290.15
[*]Cc1ccc(OC(=O)COCCOCC(=O)Oc2ccc(CCC(=O)NC([*])C(=O)OCCOCCOCC)cc2)cc1,291.15
[*]Cc1ccc(OC(=O)Oc2ccc(CCC(=O)NC([*])C(=O)OCC)cc2)cc1,369.15
[*]Cc1ccc(OC(=O)Oc2ccc(CCC(=O)NC([*])C(=O)OCCCC)cc2)cc1,340.15
[*]Cc1ccc(OC(=O)Oc2ccc(CCC(=O)NC([*])C(=O)OCCCCCC)cc2)cc1,324.65
[*]Cc1ccc(OC(=O)Oc2ccc([*])cc2C)c(C)c1,324.15
[*]Cc1ccc(OC([*])=O)cc1,390.15
[*]Cc1ccc(Oc2c(F)c(F)c(-c3c(F)c(F)c(Oc4ccc([*])cc4C=O)c(F)c3F)c(F)c2F)c(C=O)c1,471.15
[*]Cc1ccc(Oc2ccc(CC([*])(C#N)C#N)cc2)cc1,420.15
[*]Cc1ccc(Oc2ccc(CC([*])(C#N)c3ccccc3)cc2)cc1,416.15
[*]Cc1ccc(Oc2ccc(CC([*])(C(=O)OCC)C(=O)OCC)cc2)cc1,327.15
[*]Cc1ccc(Oc2ccc(CC3([*])c4ccccc4-c4ccccc43)cc2)cc1,411.15
[*]Cc1cccc(CN(CC)c2ccc(/C=C/c3ccc(C=C(C#N)C(=O)NC4CCCCC4NC(=O)/C(C#N)=C/c4ccc(/C=C/c5ccc(N([*])CC)cc5)s4)s3)cc2)c1,430.15
[*]Cc1ccccc1CN(CC)c1ccc(/C=C(\C#N)C(=O)Nc2cccc(NC(=O)/C(C#N)=C/c3ccc(N([*])CC)cc3)c2)cc1,461.15
[*]Cc1ccccc1CN(CC)c1ccc(/C=C(\C#N)S(=O)(=O)C(C#N)=Cc2ccc(N([*])CC)cc2)cc1,463.15
[*]Cc1ccccc1CN(CC)c1ccc(/C=C/c2ccc(/C=C(\C#N)C(=O)NC3CCCCC3NC(=O)/C(C#N)=C/c3ccc(/C=C/c4ccc(N([*])CC)cc4)cc3)cc2)cc1,474.15
[*]Cc1ccccc1CN(CC)c1ccc(/C=C/c2ccc(/C=C(\C#N)C(=O)NC3CCCCC3NC(=O)C(C#N)=Cc3ccc(/C=C/c4ccc(N([*])CC)cc4)s3)s2)cc1,468.15
[*]Cc1ccccc1CN(CC)c1ccc(/C=C/c2ccc(/C=C(\C#N)S(=O)(=O)/C(C#N)=C/c3ccc(C=Cc4ccc(N([*])CC)cc4)s3)s2)cc1,451.15
[*]Cc1ccccc1CN(CC)c1ccc(/C=C/c2ccc(/C=C(\C#N)c3cccc(C(C#N)=Cc4ccc(/C=C/c5ccc(N([*])CC)cc5)s4)c3)s2)cc1,451.15
[*]Cc1ccccc1C[Si]([*])(C)C,348.15
[*]Cc1ccccc1[Si]([*])(C)C,321.15
[*]Cc1ccccc1[Si]([*])(C)c1ccccc1,366.95
[*]Cc1ccccc1[Si]([*])(c1ccccc1)c1ccccc1,395.15
[*]Cc1cocc1C[Ge]([*])(C)C,245.15
[*]Cn1c(=O)c2cc3c(=O)n(CC(=O)Nc4ccc(C5(c6ccc(NC([*])=O)cc6)c6ccccc6-c6ccccc65)cc4)c(=O)c3cc2c1=O,623.15
[*]N(C)[Si](C)(C)N(C)[Si]([*])(C)C=C,231.15
[*]N(C)[Si](C)(C)N(C)[Si]([*])(C)CC,253.15
[*]N(C)[Si]([*])(C)C,253.15
[*]N(C)[Si]([*])(C)C=C,253.15
[*]N(CCC)[Si](C)(C)C[Si]([*])(C)C,253.15
[*]N1CCOC1([*])CC,328.15
[*]N=CNc1ccc(CCc2ccc([*])cc2)cc1,398.15
[*]N=CNc1ccc(Cc2ccc([*])cc2)cc1,368.65
[*]N=Cc1ccc(-c2ccc(-c3ccc(/C=N/c4cccc([*])c4)cc3)s2)cc1,423.15
[*]N=Nc1ccc(-c2ccc(/N=N/P(=O)(OC)OCC3CCC(COP([*])(=O)OC)CC3)cc2)cc1,331.15
[*]N=Nc1ccc(-c2ccc(/N=N/P(=O)(OC)OCCCCCCOP([*])(=O)OC)cc2)cc1,310.15
[*]N=Nc1ccc(-c2ccc(/N=N/P(=O)(OC)OCCOCCOP([*])(=O)OC)cc2)cc1,295.15
[*]N=Nc1ccc(-c2ccc(/N=N/P(=O)(OC)OCc3ccc(COP([*])(=O)OC)cc3)cc2)cc1,321.15
[*]N=Nc1ccc(-c2ccc(/N=N/P(=O)(OCC)OCCOP([*])(=O)OCC)cc2)cc1,316.15
[*]N=Nc1ccc(C(=O)c2ccc(/N=N/P(=O)(OC)OCC3CCC(COP([*])(=O)OC)CC3)cc2)cc1,325.15
[*]N=Nc1ccc(C(=O)c2ccc(/N=N/P(=O)(OC)OCCCCCCOP([*])(=O)OC)cc2)cc1,304.15
[*]N=Nc1ccc(C(=O)c2ccc(/N=N/P(=O)(OC)OCCOCCOP([*])(=O)OC)cc2)cc1,306.15
[*]N=Nc1ccc(C(=O)c2ccc(/N=N/P(=O)(OC)OCc3ccc(COP([*])(=O)OC)cc3)cc2)cc1,321.15
[*]N=Nc1ccc(C(=O)c2ccc(/N=N/P(=O)(OCC)OCCOP([*])(=O)OCC)cc2)cc1,306.15
[*]N=Nc1ccc(CCOC(=O)c2cc(C(=O)OCCc3ccc(/N=N/P(=O)(OC)OCCCCCCOP([*])(=O)OC)cc3)cc(C(C)(C)C)c2)cc1,320.15
[*]N=Nc1ccc(CCOC(=O)c2cc(C(=O)OCCc3ccc(/N=N/P(=O)(OC)OCCOP([*])(=O)OC)cc3)cc(C(C)(C)C)c2)cc1,357.15
[*]N=Nc1ccc(COC(=O)c2cc(C(=O)OCc3ccc(/N=N/P(=O)(OC)OCCCCCCOP([*])(=O)OC)cc3)cc(C(C)(C)C)c2)cc1,335.15
[*]N=Nc1ccc(COC(=O)c2cc(C(=O)OCc3ccc(/N=N/P(=O)(OC)OCCOP([*])(=O)OC)cc3)cc(C(C)(C)C)c2)cc1,378.15
[*]N=Nc1ccc(OC(=O)c2ccc(C(=O)Oc3ccc(/N=N/c4c(C)cc(Cc5cc(C)c([*])c(C)c5[N+](=O)[O-])c([N+](=O)[O-])c4C)cc3)cc2)cc1,476.15
[*]N=Nc1ccc(Oc2ccc(/N=N/P(=O)(OC)OCC3CCC(COP([*])(=O)OC)CC3)cc2)cc1,323.15
[*]N=Nc1ccc(Oc2ccc(/N=N/P(=O)(OC)OCCCCCCOP([*])(=O)OC)cc2)cc1,298.15
[*]N=Nc1ccc(Oc2ccc(/N=N/P(=O)(OC)OCCOCCOP([*])(=O)OC)cc2)cc1,305.15
[*]N=Nc1ccc(Oc2ccc(/N=N/P(=O)(OC)OCc3ccc(COP([*])(=O)OC)cc3)cc2)cc1,323.15
[*]N=Nc1ccc(Oc2ccc(/N=N/P(=O)(OCC)OCCOP([*])(=O)OCC)cc2)cc1,295.15
[*]N=Nc1ccc([N+](=O)[O-])cc1OCCOC(=O)Nc1cc(NC(=O)OCCn2cc([*])c3cc(-c4ccc5c(c4)c4ccccc4n5CCCC)ccc32)ccc1C,433.15
[*]N=P([*])(C)C,231.15
[*]N=P([*])(C)CCCC,222.15
[*]N=P([*])(C)CCCCCC,204.15
[*]N=P([*])(C)c1ccccc1,310.15
[*]N=P([*])(CC)c1ccccc1,293.15
[*]N=P([*])(CC1COCCOCCOCCO1)OCC1COCCOCCOCCO1,233.15
[*]N=P([*])(CCC)CCC,283.15
[*]N=P([*])(Cl)Cl,210.15
[*]N=P([*])(Cl)Oc1ccc(C)cc1,268.15
[*]N=P([*])(N(C)C)N(C)C,269.15
[*]N=P([*])(N1CCCCC1)N1CCCCC1,292.15
[*]N=P([*])(NC(C)C(=O)OCC)NC(C)C(=O)OCC,256.4
[*]N=P([*])(NCC)NCC,303.15
[*]N=P([*])(NCCC)NCCC,258.65
[*]N=P([*])(NCCCC)NCCCC,300.15
[*]N=P([*])(Nc1ccccc1)Nc1ccccc1,376.6
[*]N=P([*])(OC)OC,206.35
[*]N=P([*])(OC/C=C/c1ccccc1)OC/C=C/c1ccccc1,274.15
[*]N=P([*])(OC1COCCOCCOCCOCCOC1)OC1COCCOCCOCCOCCOC1,269.3
[*]N=P([*])(OCC(COC)OC)OCC(COC)OC,194.15
[*]N=P([*])(OCC(COCCOC(C)C)OCCOC(C)C)OCC(COCCOC(C)C)OCCOC(C)C,196.15
[*]N=P([*])(OCC(COCCOC)OCCOC)OCC(COCCOC)OCCOC,192.15
[*]N=P([*])(OCC(COCCOCCCC)OCCOCCCC)OCC(COCCOCCCC)OCCOCCCC,187.15
[*]N=P([*])(OCC(COCCOCCOC)OCCOCCOC)OCC(COCCOCCOC)OCCOCCOC,192.15
[*]N=P([*])(OCC(F)(F)C(F)(F)C(F)(F)C(F)(F)C(F)(F)C(F)(F)C(F)(F)F)OCC(F)(F)C(F)(F)C(F)(F)C(F)(F)C(F)(F)C(F)(F)C(F)(F)F,233.15
[*]N=P([*])(OCC(F)(F)C(F)(F)F)OCC(F)(F)C(F)(F)F,220.65
[*]N=P([*])(OCC(F)(F)F)OCC(F)(F)F,207.15
[*]N=P([*])(OCC)OCC,189.15
[*]N=P([*])(OCC1COCCOCCOCCOCCO1)OCC1COCCOCCOCCOCCO1,233.15
[*]N=P([*])(OCC1COCCOCCOCCOCCOCCO1)OCC1COCCOCCOCCOCCOCCO1,233.15
[*]N=P([*])(OCCC)OCCC,189.15
[*]N=P([*])(OCCC)OCCCCC,173.15
[*]N=P([*])(OCCCC)OCCCC,168.15
[*]N=P([*])(OCCCCC)OCCCCC,169.15
[*]N=P([*])(OCCCCCC)OCCCCCC,169.15
[*]N=P([*])(OCCCCCCC)OCCCCCCC,179.15
[*]N=P([*])(OCCCCCCCC)OCCCCCCCC,189.15
[*]N=P([*])(OCCCCCCCCC)OCCCCCCCCC,217.15
[*]N=P([*])(OCCCCCCCCCC)OCCCCCCCCCC,229.15
[*]N=P([*])(OCCCCCCOC1COCCOCCOCCOCCOC1)OCCCCCCOC1COCCOCCOCCOCCOC1,247.05
[*]N=P([*])(OCCCOC1COCCOCCOCCOCCOC1)OCCCOC1COCCOCCOCCOCCOC1,253.55
[*]N=P([*])(OCCCc1ccccc1)OCCCc1ccccc1,226.15
[*]N=P([*])(OCCOC)OCCOC,195.15
[*]N=P([*])(OCCOCCOC)OCCOCCOC,192.15
[*]N=P([*])(OCCOCCOCC)OCCOCCOCC,195.15
[*]N=P([*])(OCCOCCOCCCC)OCCOCCOCCCC,189.15
[*]N=P([*])(OCCOCCOCCOC)OCCOCCOCCOC,265.15
[*]N=P([*])(OCCOCCOCCOCCOC)OCCOCCOCCOCCOC,193.15
[*]N=P([*])(OCCOCCOCCOCCOCCCCCCCCCCCC)OCCOCCOCCOCCOCCCCCCCCCCCC,219.55
[*]N=P([*])(OCCOCCOCCOCCOCCOC)OCCOCCOCCOCCOCCOC,194.15
[*]N=P([*])(OCCOCCOCCOCCOCCOCCOC)OCCOCCOCCOCCOCCOCCOC,197.15
[*]N=P([*])(OCCOCCOCCOCCOCCOCCOCCOCCOC)OCCOCCOCCOCCOCCOCCOCCOCCOC,198.15
[*]N=P([*])(OCCOCCOCCOP1(OCCOCCOC)=NP(OCCOCCOC)(OCCOCCOC)=NP(OCCOCCOC)(OCCOCCOC)=N1)OCCOCCOCCOP1(OCCOCCOC)=NP(OCCOCCOC)(OCCOCCOC)=NP(OCCOCCOC)(OCCOCCOC)=N1,235.15
[*]N=P([*])(OCCOCCOc1ccc(CCCCCCCC)cc1)OCCOCCOc1ccc(CCCCCCCC)cc1,259.85
[*]N=P([*])(OCCOc1ccc(-c2ccc(Br)cc2)cc1)OCCOc1ccc(-c2ccc(Br)cc2)cc1,362.85
[*]N=P([*])(OCCOc1ccc(-c2ccc(I)cc2)cc1)OCCOc1ccc(-c2ccc(I)cc2)cc1,384.55
[*]N=P([*])(OCCOc1ccc(-c2ccccc2)cc1)OCCOc1ccc(-c2ccccc2)cc1,329.35
[*]N=P([*])(OCCOc1ccc(-c2ccccc2)cc1I)OCCOc1ccc(-c2ccccc2)cc1I,342.65
[*]N=P([*])(OCCOc1ccc(/N=N/c2ccc(CCCC)cc2)cc1)OCCOc1ccc(/N=N/c2ccc(CCCC)cc2)cc1,353.15
[*]N=P([*])(OCCOc1ccc2cc(Br)ccc2c1)OCCOc1ccc2cc(Br)ccc2c1,316.65
[*]N=P([*])(OCCOc1ccc2cc(I)ccc2c1)OCCOc1ccc2cc(I)ccc2c1,337.95
[*]N=P([*])(OCCOc1ccc2ccccc2c1)OCCOc1ccc2ccccc2c1,303.75
[*]N=P([*])(OCCc1ccccc1)OCCc1ccccc1,240.45
[*]N=P([*])(OCc1ccc(-c2ccccc2)cc1)OCc1ccc(-c2ccccc2)cc1,333.15
[*]N=P([*])(OCc1ccc(Br)cc1)OCc1ccc(Br)cc1,272.35
[*]N=P([*])(OCc1ccccc1)OCc1ccccc1,241.75
[*]N=P([*])(Oc1ccc(-c2ccccc2)cc1)Oc1ccc(-c2ccccc2)cc1,358.15
[*]N=P([*])(Oc1ccc(Br)cc1)Oc1ccc(Br)cc1,293.8
[*]N=P([*])(Oc1ccc(C(=O)OC)cc1)Oc1ccc(C(=O)OC)cc1,240.15
[*]N=P([*])(Oc1ccc(C(C)(C)C)cc1)Oc1ccc(C(C)(C)C)cc1,330.15
[*]N=P([*])(Oc1ccc(C(C)C)cc1)Oc1ccc(C(C)C)cc1,273.15
[*]N=P([*])(Oc1ccc(C(C)CC)cc1)Oc1ccc(C(C)CC)cc1,261.65
[*]N=P([*])(Oc1ccc(C)c(C)c1)Oc1ccc(C)c(C)c1,271.65
[*]N=P([*])(Oc1ccc(C)cc1)Oc1ccc(C)cc1,278.15
[*]N=P([*])(Oc1ccc(C)cc1)n1cncn1,346.4
[*]N=P([*])(Oc1ccc(CC)cc1)Oc1ccc(CC)cc1,260.65
[*]N=P([*])(Oc1ccc(Cc2ccccc2)cc1)Oc1ccc(Cc2ccccc2)cc1,286.45
[*]N=P([*])(Oc1ccc(Cl)cc1)Oc1ccc(Cl)cc1,277.15
[*]N=P([*])(Oc1ccc(Cl)cc1Cl)Oc1ccc(Cl)cc1Cl,275.15
[*]N=P([*])(Oc1ccc(F)cc1)Oc1ccc(F)cc1,269.15
[*]N=P([*])(Oc1ccc(I)cc1)Oc1ccc(I)cc1,316.25
[*]N=P([*])(Oc1ccc(OC)cc1)Oc1ccc(OC)cc1,284.45
[*]N=P([*])(Oc1ccc2cc(I)ccc2c1)Oc1ccc2cc(I)ccc2c1,363.45
[*]N=P([*])(Oc1ccc2ccccc2c1)Oc1ccc2ccccc2c1,320.15
[*]N=P([*])(Oc1cccc(Br)c1)Oc1cccc(Br)c1,270.65
[*]N=P([*])(Oc1cccc(C(F)(F)F)c1)Oc1cccc(C(F)(F)F)c1,238.15
[*]N=P([*])(Oc1cccc(C)c1)Oc1cccc(C)c1,248.15
[*]N=P([*])(Oc1cccc(Cl)c1)Oc1cccc(Cl)c1,249.15
[*]N=P([*])(Oc1cccc(F)c1)Oc1cccc(F)c1,235.15
[*]N=P([*])(Oc1ccccc1)Oc1ccccc1,265.15
[*]N=P1([*])Oc2ccc3ccccc3c2-c2c(ccc3ccccc23)O1,564.15
[*]N=P1([*])Oc2ccccc2-c2ccccc2O1,433.15
[*]NC(=O)C(=O)Nc1cc([*])ccc1C,218.5
[*]NC(=O)C(C)OC(=O)C([*])C,330.8
[*]NC(=O)C(Cc1ccccc1)NC(=O)CCCCCCCCC(=O)NC(Cc1ccccc1)C(=O)NC(C(=O)NCC(=O)NCCCOCCOCCOCCCNC(=O)CNC(=O)C([*])C(C)C)C(C)C,331.15
[*]NC(=O)C(Cc1ccccc1)NC(=O)CCCCCCCCC(=O)NC(Cc1ccccc1)C(=O)NC(C(=O)NCCCOCCOCCOCCCNC(=O)C([*])C(C)C)C(C)C,339.15
[*]NC(=O)CCCCC(=O)NC(C(=O)OC1COC2C(OC(=O)C([*])C(C)CC)COC12)C(C)CC,375.15
[*]NC(=O)CCCCC(=O)NC(C)C(=O)OC1COC2C(OC(=O)C([*])C)COC12,329.15
[*]NC(=O)CCCCC(=O)NC(CC(C)C)C(=O)OC1COC2C(OC(=O)C([*])CC(C)C)COC12,364.15
[*]NC(=O)CCCCC(=O)NC(CCSC)C(=O)OC1COC2C(OC(=O)C([*])CCSC)COC12,344.15
[*]NC(=O)CCCCC(=O)NCC1(C)CC([*])CC(C)(C)C1,423.95
[*]NC(=O)CCCCC(=O)Nc1cc([N+](=O)[O-])c([*])cc1/C=C/c1ccc(N(C)C)cc1,479.15
[*]NC(=O)CCCCCC(=O)NC(C)C(=O)OC1COC2C(OC(=O)C([*])C)COC12,318.15
[*]NC(=O)CCCCCCC(=O)NC(C)C(=O)OC1COC2C(OC(=O)C([*])C)COC12,330.15
[*]NC(=O)CCCCCCC(=O)Nc1cc([N+](=O)[O-])c([*])cc1/C=C/c1ccc(N(C)C)cc1,453.15
[*]NC(=O)CCCCCCCC(=O)NC(C)C(=O)OC1COC2C(OC(=O)C([*])C)COC12,319.15
[*]NC(=O)CCCCCCCCC(=O)NC(C(=O)OC1COC2C(OC(=O)C([*])C(C)CC)COC12)C(C)CC,364.15
[*]NC(=O)CCCCCCCCC(=O)NC(C)C(=O)OC1COC2C(OC(=O)C([*])C)COC12,330.15
[*]NC(=O)CCCCCCCCC(=O)NC(CC(C)C)C(=O)OC1COC2C(OC(=O)C([*])CC(C)C)COC12,362.15
[*]NC(=O)CCCCCCCCC(=O)NC(CCSC)C(=O)OC1COC2C(OC(=O)C([*])CCSC)COC12,334.15
[*]NC(=O)CCCCCCCCC(=O)Nc1cc([N+](=O)[O-])c([*])cc1/C=C/c1ccc(N(C)C)cc1,432.15
[*]NC(=O)CCCCCCCCCCC(=O)NC(C)C(=O)OC1COC2C(OC(=O)C([*])C)COC12,301.15
[*]NC(=O)CCCCCCCCCCC(=O)Nc1cc([N+](=O)[O-])c([*])cc1/C=C/c1ccc(N(C)C)cc1,417.15
[*]NC(=O)CCCCCCCCCCCCC(=O)Nc1cc([N+](=O)[O-])c([*])cc1/C=C/c1ccc(N(C)C)cc1,398.15
[*]NC(=O)COC(=O)C([*])C,327.75
[*]NC(=O)Nc1ccc(CCc2ccccc2NC(=O)Nc2cc([*])ccc2C)cc1,500.15
[*]NC(=O)Nc1ccc(Oc2ccc(NC(=O)NCC3(C)CC([*])CC(C)(C)C3)cc2)cc1,547.15
[*]NC(=O)Nc1ccc(Oc2ccc(NC(=O)NCC3(C)CC([*])CC(C)(C)C3)cc2-c2ccc(Oc3ccccc3)cc2)c(-c2ccc(Oc3ccccc3)cc2)c1,554.15
[*]NC(=O)Nc1ccc(Oc2ccc(NC(=O)Nc3ccc(C)c([*])c3)cc2)cc1,542.15
[*]NC(=O)Nc1ccc(Oc2ccc(NC(=O)Nc3ccc(C)c([*])c3)cc2-c2ccc(Oc3ccccc3)cc2)c(-c2ccc(Oc3ccccc3)cc2)c1,552.15
[*]NC(=O)OC1CCN(c2ccc(/C=C/C3=CC(=C(C#N)C#N)C=C(/C=C/c4ccc(N5CCC(OC(=O)Nc6ccc(C)c([*])c6)CC5)s4)O3)s2)CC1,485.15
[*]NC(=O)OCC(C)(C)COC(=O)Nc1ccc(C)c([*])c1,241.15
[*]NC(=O)OCCCCCCCCCCCOc1ccc(-c2ccc(OCCCCCCCCCCCOC(=O)Nc3ccc([*])cc3C)cc2)cc1,350.15
[*]NC(=O)OCCCCCCCCCCOC(=O)Nc1cc([*])ccc1C,291.15
[*]NC(=O)OCCCCCCCCCOC(=O)Nc1ccc(C)c([*])c1,335.15
[*]NC(=O)OCCCCCCCCOC(=O)Nc1cc([*])ccc1C,337.15
[*]NC(=O)OCCCCCCCCOc1ccc(-c2ccc(OCCCCCCCCOC(=O)Nc3ccc([*])cc3C)cc2)cc1,354.15
[*]NC(=O)OCCCCCCCOC(=O)Nc1ccc(C)c([*])c1,334.15
[*]NC(=O)OCCCCCCOC(=O)Nc1cc([*])ccc1C,305.15
[*]NC(=O)OCCCCCCOc1ccc(-c2ccc(OCCCCCCOC(=O)Nc3cc([*])ccc3C)cc2)cc1,360.15
[*]NC(=O)OCCCCCCOc1ccc(-c2ccc(OCCCCCCOC(=O)Nc3ccc([*])cc3C)cc2)cc1,362.15
[*]NC(=O)OCCCCCOC(=O)Nc1ccc(C)c([*])c1,325.15
[*]NC(=O)OCCCCCOC(=O)c1ccccc1C(=O)O[Ca]OC(=O)c1ccccc1C(=O)OCCCCCOC(=O)Nc1ccc(C)c([*])c1,278.25
[*]NC(=O)OCCCCCOC(=O)c1ccccc1C(=O)O[Cd]OC(=O)c1ccccc1C(=O)OCCCCCOC(=O)Nc1ccc(C)c([*])c1,275.45
[*]NC(=O)OCCCCCOC(=O)c1ccccc1C(=O)O[Pb]OC(=O)c1ccccc1C(=O)OCCCCCOC(=O)Nc1ccc(C)c([*])c1,261.85
[*]NC(=O)OCCCCCOC(=O)c1ccccc1C(=O)O[Zn]OC(=O)c1ccccc1C(=O)OCCCCCOC(=O)Nc1ccc(C)c([*])c1,277.35
[*]NC(=O)OCCCCOC(=O)Nc1cc([*])ccc1C,315.15
[*]NC(=O)OCCCCn1c2ccccc2c2cc(/C=C(\C#N)C(=O)OCCCCCCOC(=O)/C(C#N)=C/c3ccc4c(c3)c3ccccc3n4CCCCOC(=O)Nc3cc([*])ccc3C)ccc21,390.15
[*]NC(=O)OCCCOC(=O)Nc1ccc(C)c([*])c1,279.15
[*]NC(=O)OCCN(C)c1ccc(/C=C/C2=CC(=C(C#N)C#N)C=C(C=Cc3ccc(N(C)CCOC(=O)Nc4ccc(C)c([*])c4)s3)O2)s1,456.15
[*]NC(=O)OCCN(C)c1ccc(/N=N/c2ccc(/C=C/C3=CC(=C(C#N)C#N)C=C(C=Cc4ccc(/N=N/c5ccc(N(C)CCOC(=O)Nc6ccc(C)c([*])c6)cc5)cc4)O3)cc2)cc1,469.15
[*]NC(=O)OCCN(CCCCCCOc1ccc(/C=C/c2ccc([N+](=O)[O-])cc2)cc1)CCOC(=O)Nc1ccc(C)c([*])c1,331.65
[*]NC(=O)OCCN(CCOC(=O)NC(C)(C)c1cccc(C([*])(C)C)c1)c1ccc(/N=N/c2ccc([N+](=O)[O-])cc2)cc1,376.15
[*]NC(=O)OCCN(CCOC(=O)NCC1(C)CC([*])CC(C)(C)C1)c1ccc(/N=N/c2ccc(C#N)cc2)cc1,409.15
[*]NC(=O)OCCN(CCOC(=O)NCC1(C)CC([*])CC(C)(C)C1)c1ccc(/N=N/c2ccc([N+](=O)[O-])cc2)cc1,410.15
[*]NC(=O)OCCN(CCOC(=O)NCC1(C)CC([*])CC(C)(C)C1)c1ccc(C=C(C#N)C#N)cc1,418.15
[*]NC(=O)OCCN(CCOC(=O)Nc1ccc(C)c([*])c1)c1ccc(-c2nc3ccc([N+](=O)[O-])cc3o2)cc1,429.15
[*]NC(=O)OCCN(CCOC(=O)Nc1ccc(C)c([*])c1)c1ccc(/C=C/c2ccc([N+](=O)[O-])cc2)cc1,394.15
[*]NC(=O)OCCN(CCOC(=O)Nc1ccc(C)c([*])c1)c1ccc(/C=C2/NC(=O)NC2=O)cc1,451.15
[*]NC(=O)OCCN(CCOC(=O)Nc1ccc(C)c([*])c1)c1ccc(/N=N/c2ccc(-c3nc4cc([N+](=O)[O-])ccc4[nH]3)cc2)cc1,461.15
[*]NC(=O)OCCN(CCOC(=O)Nc1ccc(C)c([*])c1)c1ccc(/N=N/c2ccc(-c3nc4ccccc4o3)cc2)cc1,425.15
[*]NC(=O)OCCN(CCOC(=O)Nc1ccc(C)c([*])c1)c1ccc(/N=N/c2ccc([N+](=O)[O-])cc2)cc1,417.15
[*]NC(=O)OCCN(CCOC(=O)Nc1ccc(C)c([*])c1)c1ccc(C(C#N)=C(C#N)C#N)cc1,398.15
[*]NC(=O)OCCN(CCOC(=O)Nc1ccc(C)c([*])c1)c1ccccc1,305.05
[*]NC(=O)OCCN(CCOC(=O)Nc1cccc([*])c1C)c1ccc(/C=C/c2ccc([N+](=O)[O-])cc2)cc1,396.15
[*]NC(=O)OCCN(CCOC(=O)Nc1cccc([*])c1C)c1ccc(/N=N/c2ccc([N+](=O)[O-])cc2)cc1,420.15
[*]NC(=O)OCCOC(=O)NCC1(C)CC([*])CC(C)(C)C1,357.15
[*]NC(=O)OCCOC(=O)Nc1cc([*])ccc1C,325.15
[*]NC(=O)OCCOc1ccc(C2(c3ccc(OCCOC(=O)Nc4cc([*])ccc4C)cc3)c3ccccc3-c3ccccc32)cc1,448.15
[*]NC(=O)OCCn1cc(/N=N/c2ccc([N+](=O)[O-])cc2OCCOC(=O)Nc2cc([*])ccc2C)c2cc(-c3ccccc3)ccc21,438.15
[*]NC(=O)OCCn1cc(/N=N/c2ccc([N+](=O)[O-])cc2OCCOC(=O)Nc2cc([*])ccc2C)c2ccccc21,423.15
[*]NC(=O)Oc1ccc(-c2[nH]c(-c3ccc(-c4nc(-c5ccc([N+](=O)[O-])cc5)c(-c5ccc([N+](=O)[O-])cc5)[nH]4)cc3)nc2-c2ccc(OC(=O)Nc3ccc(-c4ccc([*])cc4OC)c(OC)c3)cc2)cc1,496.15
[*]NC(=O)Oc1ccc(-c2[nH]c(-c3ccc([N+](=O)[O-])cc3)nc2-c2ccc(OC(=O)Nc3ccc(-c4ccc([*])cc4OC)c(OC)c3)cc2)cc1,475.15
[*]NC(=O)Oc1ccc(/N=C/C=N/c2ccc(OC(=O)NCC3(C)CC([*])CC(C)(C)C3)cc2)cc1,335.15
[*]NC(=O)Oc1ccc(/N=C/C=N/c2ccc(OC(=O)Nc3cc([*])ccc3C)cc2)cc1,349.15
[*]NC(=O)Oc1ccc(/N=C/CCC/C=N/c2ccc(OC(=O)NCC3(C)CC([*])CC(C)(C)C3)cc2)cc1,339.15
[*]NC(=O)Oc1ccc(/N=C/CCC/C=N/c2ccc(OC(=O)Nc3ccc(C)c([*])c3)cc2)cc1,342.15
[*]NC(=O)c1cc(OCCCN(C)c2ccc(/N=N/c3ccc(S(C)(=O)=O)cc3)cc2)cc(C(=O)Nc2cc([*])cc(C(=O)OCCCN(C)c3ccc(/N=N/c4ccc(S(C)(=O)=O)cc4)cc3)c2)c1,441.15
[*]NC(=O)c1cc(OCCN(C)c2ccc(C#N)cc2)cc(C(=O)Nc2cc([*])cc(C(=O)OCCN(C)c3ccc(C#N)cc3)c2)c1,440.15
[*]NC(=O)c1cc(OCCN(C)c2ccc(C#N)cc2)cc(C(=O)Nc2cc([*])cc(C(=O)OCCN(C)c3ccc(S(=O)(=O)C(F)(F)C(F)(F)C(F)(F)C(F)(F)C(F)(F)C(F)(F)C(F)(F)C(F)(F)F)cc3)c2)c1,438.15
[*]NC(=O)c1cc(OCCN(C)c2ccc(S(=O)(=O)C(F)(F)C(F)(F)C(F)(F)C(F)(F)C(F)(F)C(F)(F)C(F)(F)C(F)(F)F)cc2)cc(C(=O)Nc2cc([*])cc(C(=O)OCCN(C)c3ccc(C#N)cc3)c2)c1,430.15
[*]NC(=O)c1cc(OCCN(C)c2ccc([N+](=O)[O-])cc2)cc(C(=O)Nc2cc([*])cc(C(=O)OC)c2)c1,450.15
[*]NC(=O)c1cc(OCCN(C)c2ccc([N+](=O)[O-])cc2)cc(C(=O)Nc2cc([*])cc(C(=O)OC3CC(C)CCC3C(C)C)c2)c1,466.15
[*]NC(=O)c1ccc(-c2ccc(C(=O)Nc3cc([*])cc(C(=O)OCCOc4ccc(/C=C/C(=O)c5ccccc5)cc4)c3)cc2)cc1,527.15
[*]NC(=O)c1ccc(-n2c(=O)c3cc4c(=O)n(-c5ccc([*])c(C(=O)OCC)c5)c(=O)c4cc3c2=O)cc1,613.15
[*]NC(=O)c1ccc(C(=O)Nc2cc([*])cc(C(=O)OCCOC(=O)/C=C/c3ccc(N(C)C)cc3)c2)cc1,471.15
[*]NC(=O)c1ccc(C(=O)Nc2cc([*])cc(C(=O)OCCOc3ccc(/C=C/C(=O)c4ccccc4)cc3)c2)cc1,506.15
[*]NC(=O)c1ccc(NC(=O)CCCCCCC(=O)Nc2ccc(C(=O)Nc3ccc([*])cc3C(=O)OCCCCCCCCCCCCCCCCCC)cc2)cc1,578.15
[*]NC(=O)c1ccc(NC(=O)CCCCCCCCC(=O)Nc2ccc(C(=O)Nc3ccc([*])cc3C(=O)OCCCCCCCCCCCC)cc2)cc1,501.65
[*]NC(=O)c1ccc(NC(=O)CCCCCCCCC(=O)Nc2ccc(C(=O)Nc3ccc([*])cc3C(=O)OCCCCCCCCCCCCCC)cc2)cc1,498.15
[*]NC(=O)c1ccc(NC(=O)CCCCCCCCC(=O)Nc2ccc(C(=O)Nc3ccc([*])cc3C(=O)OCCCCCCCCCCCCCCCC)cc2)cc1,493.15
[*]NC(=O)c1ccc(NC(=O)CCCCCCCCC(=O)Nc2ccc(C(=O)Nc3ccc([*])cc3C(=O)OCCCCCCCCCCCCCCCCCC)cc2)cc1,553.15
[*]NC(=O)c1ccc(NC(=O)CCCCCCCCCCC(=O)Nc2ccc(C(=O)Nc3ccc([*])cc3C(=O)OCCCCCCCCCCCC)cc2)cc1,478.65
[*]NC(=O)c1ccc(NC(=O)CCCCCCCCCCC(=O)Nc2ccc(C(=O)Nc3ccc([*])cc3C(=O)OCCCCCCCCCCCCCC)cc2)cc1,472.65
[*]NC(=O)c1ccc(NC(=O)CCCCCCCCCCC(=O)Nc2ccc(C(=O)Nc3ccc([*])cc3C(=O)OCCCCCCCCCCCCCCCC)cc2)cc1,472.65
[*]NC(=O)c1ccc(NC(=O)CCCCCCCCCCC(=O)Nc2ccc(C(=O)Nc3ccc([*])cc3C(=O)OCCCCCCCCCCCCCCCCCC)cc2)cc1,469.65
[*]NC(=O)c1ccc(NC(=O)CCCCCCCCCCCCC(=O)Nc2ccc(C(=O)Nc3ccc([*])cc3C(=O)OCCCCCCCCCCCC)cc2)cc1,472.65
[*]NC(=O)c1ccc(NC(=O)CCCCCCCCCCCCC(=O)Nc2ccc(C(=O)Nc3ccc([*])cc3C(=O)OCCCCCCCCCCCCCC)cc2)cc1,477.65
[*]NC(=O)c1ccc(NC(=O)CCCCCCCCCCCCC(=O)Nc2ccc(C(=O)Nc3ccc([*])cc3C(=O)OCCCCCCCCCCCCCCCC)cc2)cc1,523.15
[*]NC(=O)c1ccc(NC(=O)CCCCCCCCCCCCC(=O)Nc2ccc(C(=O)Nc3ccc([*])cc3C(=O)OCCCCCCCCCCCCCCCCCC)cc2)cc1,464.15
[*]NC(=O)c1ccc(OC(=O)c2cccc(C(=O)Oc3ccc(C(=O)Nc4cc(C(c5ccc(C)c([*])c5)(C(F)(F)F)C(F)(F)F)ccc4C)cc3)c2)cc1,487.15
[*]NC(=O)c1ccc(Oc2cc(C(C)(C)C)c(Oc3ccc(C(=O)Nc4c(C)cc(Cc5cc(C)c([*])c(C(C)C)c5)cc4C(C)C)cc3)cc2C(C)(C)C)cc1,533.15
[*]NC(=O)c1ccc(Oc2ccc(C(=O)Nc3cc(SCCC#N)c([*])cc3SCCC#N)cc2)cc1,431.15
[*]NC(=O)c1ccc(Oc2ccc(C(=O)Nc3cc([*])cc(C(=O)OCCOC(=O)/C=C/c4ccc(N(C)C)cc4)c3)cc2)cc1,455.15
[*]NC(=O)c1ccc2c(c1)C(=O)N(C1CC(=O)N(c3cc(C)ccc3[*])C1=O)C2=O,510.15
[*]NC(=O)c1ccc2c(c1)C(=O)N(c1c(C)cc(C)c(N3C(=O)c4ccc(C(=O)Nc5c(C)cc(C)c([*])c5C)cc4C3=O)c1C)C2=O,561.15
[*]NC(=O)c1ccc2c(c1)C(=O)N(c1c(C)cc(C)c(N3C(=O)c4ccc(C(=O)Nc5ccc(-c6ccc([*])cc6C)c(C)c5)cc4C3=O)c1C)C2=O,532.15
[*]NC(=O)c1ccc2c(c1)C(=O)N(c1ccc(Oc3ccc(N4C(=O)c5ccc(C(=O)Nc6ccc([*])cc6OCCCCCCS(=O)(=O)c6ccc(/C=C/c7ccc(N(C)C)cc7)cc6)cc5C4=O)cc3)cc1)C2=O,465.15
[*]NC(=O)c1ccc2cc(C(=O)Nc3cc([*])cc(C(=O)OCCOc4ccc(/C=C/C(=O)c5ccccc5)cc4)c3)ccc2c1,520.15
[*]NC(=O)c1cccc(C(=O)Nc2cc([*])cc(C(=O)OCCOC(=O)/C=C/c3ccc(N(C)C)cc3)c2)c1,459.15
[*]NC(=O)c1cccc(C(=O)Nc2cc([*])cc(C(=O)OCCOc3ccc(/C=C/C(=O)c4ccccc4)cc3)c2)c1,489.15
[*]NC(=O)c1cccc(C(=O)Nc2cc([*])cc(C(=O)Oc3ccc(Oc4ccc(C#N)c(C#N)c4)cc3)c2)c1,578.15
[*]NC(=S)Nc1cccc(NC(=O)c2ccc(C(=O)Nc3ccc(C([*])=O)cc3)cc2)c1,546.15
[*]NC(=S)Nc1cccc(NC(=O)c2cccc(C(=O)Nc3ccc(C([*])=O)cc3)c2)c1,543.15
[*]NC(C)(CC)C([*])=O,347.3
[*]NC(CCC(=O)Nc1ccc(N(c2ccccc2)c2ccccc2)cc1)C([*])=O,405.15
[*]NC(CCC(=O)OC)C([*])=O,273.15
[*]NC(CCC(=O)OCC)C([*])=O,273.15
[*]NC(CCC(=O)OCCC)C([*])=O,263.15
[*]NC(CCC(=O)OCCCC)C([*])=O,258.15
[*]NC(CCC(=O)OCCCCC)C([*])=O,253.15
[*]NC(CCC(=O)OCCCCCC)C([*])=O,248.15
[*]NC(CCC(=O)OCCCCCCCC)C([*])=O,213.65
[*]NC(CCC(=O)OCCCCCCCCCC)C([*])=O,211.15
[*]NC(CCC(=O)OCc1ccc(C(F)(F)F)cc1)C([*])=O,299.72
[*]NC(CCC(=O)OCc1ccc(F)cc1)C([*])=O,320.05
[*]NC(CCC(=O)OCc1ccc([N+](=O)[O-])cc1)C([*])=O,326.3
[*]NC(CCC(=O)OCc1ccccc1)C([*])=O,290.15
[*]NC1CCC(CC2CCC(NC(=O)OC3CC4CC(OC([*])=O)CC(C3)O4)CC2)CC1,498.15
[*]NC1CCC(CC2CCC(NC(=O)OCCCCCCOc3ccc(CCc4ccc(OCCCCCCOC([*])=O)cc4)cc3)CC2)CC1,313.45
[*]NC1CCC(CC2CCC(NC(=O)OCCOc3ccc(C4(c5ccc(OCCOC([*])=O)cc5)c5ccccc5-c5ccccc54)cc3)CC2)CC1,413.15
[*]NC1CCC(CC2CCC(NC(=O)c3ccc4c(c3)C(=O)N(c3ccc(C([*])=O)cc3)C4=O)CC2)CC1,548.15
[*]NC1CCCC(C([*])=O)O1,418.15
[*]NCC(F)(F)C(F)(F)C(F)(F)C(F)(F)CNC(=O)OCC(F)(F)C(F)(F)C(F)(F)C(F)(F)COC([*])=O,293.15
[*]NCC(F)(F)C(F)(F)C(F)(F)C(F)(F)CNC(=O)OCC(F)(F)C(F)(F)C(F)(F)COC([*])=O,298.15
[*]NCC(F)(F)C(F)(F)C(F)(F)C(F)(F)CNC(=O)OCC(F)(F)C(F)(F)COC([*])=O,311.15
[*]NCC(F)(F)C(F)(F)C(F)(F)C(F)(F)CNC(=O)OCCCCCCOC([*])=O,278.15
[*]NCC(F)(F)C(F)(F)C(F)(F)C(F)(F)CNC(=O)OCCCCCOC([*])=O,306.15
[*]NCC(F)(F)C(F)(F)C(F)(F)C(F)(F)CNC(=O)OCCCCOC([*])=O,306.15
[*]NCC1CCC(CNC(=O)c2cccc(C([*])=O)c2)CC1,481.15
[*]NCC1CCCC(CNC(=O)c2cccc(C([*])=O)c2)C1,453.15
[*]NCCCC1(CCCNC(=O)c2cccc(C([*])=O)c2)c2ccccc2-c2ccccc21,448.15
[*]NCCCC1(CCCNC(=O)c2ccccc2-c2ccccc2C([*])=O)c2ccccc2-c2ccccc21,438.15
[*]NCCCCCCCCCCCCCCCCCCNC(=O)NCc1ccc(CNC([*])=O)cc1,325.15
[*]NCCCCCCCCCCCCCCCCCCNC(=O)Nc1ccc(Cc2ccc(NC([*])=O)cc2)cc1,321.15
[*]NCCCCCCCCCCCCCCNC(=O)NCCCCCCCCCCNC([*])=O,313.15
[*]NCCCCCCCCCCCCCCNC(=O)NCCCCCCNC([*])=O,320.15
[*]NCCCCCCCCCCCCCCNC(=O)NCc1ccc(CNC([*])=O)cc1,327.15
[*]NCCCCCCCCCCCCNC(=O)NCCCCCCNC([*])=O,322.15
[*]NCCCCCCCCCCCCNC(=O)Nc1ccc(Cc2ccc(NC([*])=O)cc2)cc1,324.15
[*]NCCCCCCCCCCCCNC(=O)c1ccc(-c2nc3ccccc3nc2-c2ccc(C([*])=O)cc2)cc1,427.15
[*]NCCCCCCCCCCCCNC(=O)c1ccc(C([*])=O)cc1,403.15
[*]NCCCCCCCCCCCCNC(=O)c1ccc(C([*])=O)cc1Oc1ccccc1,348.15
[*]NCCCCCCCCCCCCNC(=O)c1ccc(C([*])=O)cc1Sc1ccccc1,365.15
[*]NCCCCCCCCCCNC(=O)NCc1ccc(CNC([*])=O)cc1,328.15
[*]NCCCCCCCCCCNC(=O)Nc1ccc(Cc2ccc(NC([*])=O)cc2)cc1,319.15
[*]NCCCCCCCCCCNC(=O)OCCCCCCCCCCCCCCCCOC([*])=O,307.15
[*]NCCCCCCCCCCNC(=O)OCCCCCCCCCCCCOC([*])=O,307.15
[*]NCCCCCCCCCCNC(=O)OCCOC([*])=O,333.95
[*]NCCCCCCCCCCNC(=O)c1ccc(-c2nc3ccccc3nc2-c2ccc(C([*])=O)cc2)cc1,439.15
[*]NCCCCCCCCCCNC(=O)c1ccc(C([*])=O)cc1Oc1ccccc1,367.15
[*]NCCCCCCCCCCNC(=O)c1ccc(C([*])=O)cc1Sc1ccccc1,373.15
[*]NCCCCCCCCCCNC(=O)c1ccc(Cc2ccc(C([*])=O)cc2)cc1,413.15
[*]NCCCCCCCCCNC(=O)Nc1ccc(Cc2ccc(NC([*])=O)cc2)cc1,223.15
[*]NCCCCCCCCCNC(=O)OCCOC([*])=O,317.15
[*]NCCCCCCCCCNC(=O)c1ccc(C([*])=O)cc1,388.15
[*]NCCCCCCCCCNC([*])=O,403.15
[*]NCCCCCCCCCNC([*])=S,321.15
[*]NCCCCCCCCNC(=O)NCc1ccc(CNC([*])=O)cc1,341.15
[*]NCCCCCCCCNC(=O)Nc1ccc(Cc2ccc(NC([*])=O)cc2)cc1,323.15
[*]NCCCCCCCCNC(=O)c1ccc(-c2nc3ccccc3nc2-c2ccc(C([*])=O)cc2)cc1,458.15
[*]NCCCCCCCCNC(=O)c1ccc(C([*])=O)cc1,396.15
[*]NCCCCCCCCNC(=O)c1ccc(C([*])=O)cc1Oc1ccccc1,369.15
[*]NCCCCCCCCNC(=O)c1ccc(C([*])=O)cc1Sc1ccccc1,383.15
[*]NCCCCCCCCNC(=O)c1cccc(C([*])=O)c1,383.15
[*]NCCCCCCCNC(=O)c1ccc(C([*])=O)cc1,433.15
[*]NCCCCCCCNC([*])=O,335.15
[*]NCCCCCCCNC([*])=S,325.15
[*]NCCCCCCNC(=O)C([*])=O,523.15
[*]NCCCCCCNC(=O)NCc1ccc(CNC([*])=O)cc1,345.15
[*]NCCCCCCNC(=O)Nc1ccc(Cc2ccc(NC([*])=O)cc2)cc1,351.15
[*]NCCCCCCNC(=O)Nc1cccc(NC([*])=O)n1,443.15
[*]NCCCCCCNC(=O)Nc1ccccc1CCc1ccc(NC([*])=O)cc1,423.15
[*]NCCCCCCNC(=O)OC(COC([*])=O)c1ccco1,290.15
[*]NCCCCCCNC(=O)OC/C=C/COC([*])=O,234.15
[*]NCCCCCCNC(=O)OCC#CCOC([*])=O,228.15
[*]NCCCCCCNC(=O)OCC(F)(F)C(F)(F)C(F)(F)C(F)(F)COC([*])=O,271.15
[*]NCCCCCCNC(=O)OCC(F)(F)C(F)(F)C(F)(F)COC([*])=O,289.15
[*]NCCCCCCNC(=O)OCC(F)(F)C(F)(F)COC([*])=O,282.15
[*]NCCCCCCNC(=O)OCCCCCCCCCCCCCCCCOC([*])=O,312.15
[*]NCCCCCCNC(=O)OCCCCCCCCCCCCOC([*])=O,309.15
[*]NCCCCCCNC(=O)OCCCCCCCCCCOC([*])=O,328.15
[*]NCCCCCCNC(=O)OCCCCCCCCCOC([*])=O,331.15
[*]NCCCCCCNC(=O)OCCCCCCCCOC([*])=O,331.15
[*]NCCCCCCNC(=O)OCCCCCCCOC([*])=O,328.15
[*]NCCCCCCNC(=O)OCCCCCCOC([*])=O,441.15
[*]NCCCCCCNC(=O)OCCCCCOC(=O)c1ccccc1C(=O)O[Ca]OC(=O)c1ccccc1C(=O)OCCCCCOC([*])=O,270.75
[*]NCCCCCCNC(=O)OCCCCCOC(=O)c1ccccc1C(=O)O[Cd]OC(=O)c1ccccc1C(=O)OCCCCCOC([*])=O,266.35
[*]NCCCCCCNC(=O)OCCCCCOC(=O)c1ccccc1C(=O)O[Pb]OC(=O)c1ccccc1C(=O)OCCCCCOC([*])=O,253.95
[*]NCCCCCCNC(=O)OCCCCCOC(=O)c1ccccc1C(=O)O[Zn]OC(=O)c1ccccc1C(=O)OCCCCCOC([*])=O,268.85
[*]NCCCCCCNC(=O)OCCCCCOC([*])=O,306.15
[*]NCCCCCCNC(=O)OCCCCOC([*])=O,306.65
[*]NCCCCCCNC(=O)OCCCOC([*])=O,328.15
[*]NCCCCCCNC(=O)OCCN(CCOC([*])=O)c1ccccc1,305.05
[*]NCCCCCCNC(=O)OCCOC([*])=O,329.15
[*]NCCCCCCNC(=O)OCCOCCOC([*])=O,290.15
[*]NCCCCCCNC(=O)OCCOCCOCCOC([*])=O,266.65
[*]NCCCCCCNC(=O)OCCOCCOCCOCCOC([*])=O,256.15
[*]NCCCCCCNC(=O)OCCOCCOCCOCCOCCOCCOC([*])=O,242.15
[*]NCCCCCCNC(=O)OCCOc1ccc(C2(c3ccc(OCCOC([*])=O)cc3)c3ccccc3-c3ccccc32)cc1,334.15
[*]NCCCCCCNC(=O)OCc1ccc(COC([*])=O)o1,306.15
[*]NCCCCCCNC(=O)Oc1ccc(/N=C/C=N/c2ccc(OC([*])=O)cc2)cc1,353.15
[*]NCCCCCCNC(=O)Oc1ccc(/N=C/CCC/C=N/c2ccc(OC([*])=O)cc2)cc1,345.15
[*]NCCCCCCNC(=O)c1c(Cl)c(Cl)c(C([*])=O)c(Cl)c1Cl,555.15
[*]NCCCCCCNC(=O)c1ccc(-c2nc3ccccc3nc2-c2ccc(C([*])=O)cc2)cc1,474.15
[*]NCCCCCCNC(=O)c1ccc(C([*])=O)cc1,405.65
[*]NCCCCCCNC(=O)c1ccc(C([*])=O)cc1Oc1ccc(-c2ccccc2)cc1,385.15
[*]NCCCCCCNC(=O)c1ccc(C([*])=O)cc1Oc1ccc(Br)cc1,389.15
[*]NCCCCCCNC(=O)c1ccc(C([*])=O)cc1Oc1ccc(Cl)cc1,385.15
[*]NCCCCCCNC(=O)c1ccc(C([*])=O)cc1Oc1ccc(F)cc1,386.15
[*]NCCCCCCNC(=O)c1ccc(C([*])=O)cc1Oc1ccccc1,381.15
[*]NCCCCCCNC(=O)c1ccc(C([*])=O)cc1Sc1ccccc1,394.15
[*]NCCCCCCNC(=O)c1ccc(C([*])=O)cn1,353.15
[*]NCCCCCCNC(=O)c1ccc2c(c1)C(=O)N(c1ccc(C([*])=O)cc1)C2=O,498.15
[*]NCCCCCCNC(=O)c1ccccc1-c1ccccc1C([*])=O,395.65
[*]NCCCCCCNC(=O)c1ccccc1C(=O)NNC(=O)c1ccccc1C([*])=O,497.65
[*]NCCCCCCNS(=O)(=O)C(F)(F)C([*])=O,325.15
[*]NCCCCCCNS(=O)(=O)c1cccc(S([*])(=O)=O)c1,340.15
[*]NCCCCCCNc1nc([*])nc(-c2ccccc2)n1,368.15
[*]NCCCCCNC(=O)c1ccc(C([*])=O)cc1,450.15
[*]NCCCCCNC([*])=S,328.15
[*]NCCCCCNS(=O)(=O)c1cccc(S([*])(=O)=O)c1,347.15
[*]NCCCCCc1nc2cc(-c3ccc4[nH]c(CCCCCNc5nc([*])nc(N(CC)CC)n5)nc4c3)ccc2[nH]1,463.15
[*]NCCCCNC(=O)C([*])=O,393.15
[*]NCCCCNC(=O)OCCCCCCOC([*])=O,289.15
[*]NCCCCNC(=O)OCCCCOC([*])=O,280.15
[*]NCCCCNC(=O)c1ccc(C([*])=O)cc1Oc1ccccc1,398.15
[*]NCCCCNC(=O)c1ccc(C([*])=O)cc1Sc1ccccc1,409.15
[*]NCCCCNC(=O)c1ccc(N=Nc2ccc(C([*])=O)cc2)cc1,488.15
[*]NCCCCNC(=O)c1cccc(C([*])=O)c1,414.15
[*]NCCCCNS(=O)(=O)c1cccc(S([*])(=O)=O)c1,355.15
[*]NCCCNC(=O)c1ccc(C([*])=O)cc1,453.15
[*]NCCCNS(=O)(=O)c1cccc(S([*])(=O)=O)c1,365.15
[*]NCCCOC([*])=O,299.15
[*]NCCCOCCCNC(=O)c1ccc(C([*])=O)cc1,345.15
[*]NCCN(CCN1C(=O)c2ccc(C([*])=O)cc2C1=O)c1ccc(/C=C/c2ccc([N+](=O)[O-])cc2)cc1,415.15
[*]NCCN(CCNC(=O)c1ccc([Si](c2ccccc2)(c2ccccc2)c2ccc(C([*])=O)cc2)cc1)c1ccc(/C=C/c2ccc([N+](=O)[O-])cc2)cc1,438.15
[*]NCCN(CCNC(=O)c1ccc2c(c1)C(=O)N(c1ccc(C([*])=O)cc1)C2=O)c1ccc(/C=C/c2ccc([N+](=O)[O-])cc2)cc1,451.15
[*]NCCN(CCNC(=O)c1ccc2c(c1)C(=O)N(c1ccc(Oc3ccc(N4C(=O)c5ccc(C([*])=O)cc5C4=O)cc3)cc1)C2=O)c1ccc(/C=C/c2ccc([N+](=O)[O-])cc2)cc1,497.15
[*]NCCN(CCNC(=O)c1cccc(N2C(=O)c3ccc(C([*])=O)cc3C2=O)c1)c1ccc(/C=C/c2ccc([N+](=O)[O-])cc2)cc1,451.15
[*]NCCNC(=O)c1ccc(C([*])=O)cc1Oc1ccccc1,437.15
[*]NCCNC(=O)c1ccc(C([*])=O)cc1Sc1ccccc1,445.15
[*]NCCNC(=O)c1ccc2c(c1)C(=O)N(c1ccc(C([*])=O)cc1)C2=O,508.15
[*]NCCNS(=O)(=O)c1cccc(S([*])(=O)=O)c1,380.15
[*]NCCOCCOCCNC(=O)Nc1ccc(Cc2ccc(NC([*])=O)cc2)cc1,281.15
[*]NCCOc1ccc(C([*])=O)cc1,423.15
[*]NCCOc1cccc(C([*])=O)c1,379.15
[*]NCCOc1ccccc1C([*])=O,357.15
[*]NCCc1ccc(OC(=O)c2cccc(C(=O)Oc3ccc(CCNC(=O)c4cccc(C([*])=O)c4)cc3)c2)cc1,420.15
[*]NCCc1ccc(OC(=O)c2cccc(C([*])=O)c2)cc1,425.15
[*]NCc1ccc(CNC(=O)OC(COC([*])=O)c2ccco2)o1,303.15
[*]NCc1ccc(CNC(=O)OCCCCCCCCCCCCCCCCOC([*])=O)cc1,320.15
[*]NCc1ccc(CNC(=O)OCCCCCCCCCCCCOC([*])=O)cc1,318.15
[*]NCc1ccc(CNC(=O)OCCCCCCCCCCOC([*])=O)cc1,322.15
[*]NCc1ccc(CNC(=O)OCCCCCCOC([*])=O)cc1,329.15
[*]NCc1ccc(CNC(=O)OCc2ccc(COC([*])=O)o2)o1,348.15
[*]NCc1ccc(OC2COC3C(Oc4ccc(CNC(=O)c5ccc(C([*])=O)cc5)cc4)COC23)cc1,395.15
[*]NCc1ccc(OC2COC3C(Oc4ccc(CNC(=O)c5cccc(C([*])=O)c5)cc4)COC23)cc1,356.15
[*]NCc1cccc(CNC(=O)C2=C(C([*])=O)C3C=CC2C3)c1,564.15
[*]NCc1cccc(CNC(=O)c2cccc(C([*])=O)c2)c1,445.15
[*]NCc1cccc(CNC(=O)c2ccccc2-c2ccccc2C([*])=O)c1,432.15
[*]NNC(=O)c1ccc(C(=O)NNC(=O)c2ccc(OC(=O)c3cccc(C(=O)Oc4ccc(C([*])=O)cc4)c3)cc2)c(Oc2ccccc2)c1,433.15
[*]NNC(=O)c1ccc(C(=O)NNC(=O)c2ccc(OC(=O)c3cccc(C(=O)Oc4ccc(C([*])=O)cc4)c3)cc2)cc1,448.15
[*]NNC(=O)c1ccc(C(=O)NNC(=O)c2ccc([Si](c3ccccc3)(c3ccccc3)c3ccc(C([*])=O)cc3)cc2)c2ccccc12,543.15
[*]NNC(=O)c1ccc(C(=O)NNC(=O)c2ccc([Si](c3ccccc3)(c3ccccc3)c3ccc(C([*])=O)cc3)cc2)nc1,513.15
[*]NNC(=O)c1ccc(C(=O)NNC(=O)c2ccc([Si](c3ccccc3)(c3ccccc3)c3ccc(C([*])=O)cc3)cc2)o1,525.15
[*]NNC(=O)c1ccc(C2(c3ccc(C(=O)NNC(=O)c4ccc(C([*])=O)cc4)cc3)OC(=O)c3ccccc32)cc1,510.15
[*]NNC(=O)c1ccc(Oc2ccc(C([*])=O)cc2)cc1,536.15
[*]NNC(=O)c1cccc(C(=O)NNC(=O)c2ccc(OC(=O)c3cccc(C(=O)Oc4ccc(C([*])=O)cc4)c3)cc2)c1,453.15
[*]NNC(=O)c1ccccc1C(=O)Nc1cccc(C=C2CCC(=Cc3cccc(NC(=O)c4ccccc4C([*])=O)c3)C2=O)c1,475.25
[*]NNC(=O)c1ccccc1C(=O)Nc1cccc(C=C2CCCC(=Cc3cccc(NC(=O)c4ccccc4C([*])=O)c3)C2=O)c1,468.15
[*]NNC(=O)c1cncc(C(=O)NNC(=O)c2ccc([Si](c3ccccc3)(c3ccccc3)c3ccc(C([*])=O)cc3)cc2)c1,507.15
[*]N[Se]Nc1ccc([*])cc1,328.15
[*]N[Se]Nc1cccc2c([*])cccc12,326.15
[*]N[Se]Nc1cccc2c1C(=O)c1cccc([*])c1C2=O,325.15
[*]Nc1c(-c2ccccc2)cc(-c2ccc(-c3cc(-c4ccccc4)c(NC(=O)c4ccc(C([*])=O)cc4)c(-c4ccccc4)c3)cc2)cc1-c1ccccc1,408.15
[*]Nc1cc(C(F)(F)F)ccc1Oc1cccc2c(Oc3ccc(C(F)(F)F)cc3NC(=O)c3ccc4c(c3)C(=O)N(c3ccc(Oc5ccc(N6C(=O)c7ccc(C([*])=O)cc7C6=O)cc5-c5ccccc5)c(-c5ccccc5)c3)C4=O)cccc12,649.15
[*]Nc1cc(NC(=O)NC2CCC(CC3CCC(NC([*])=O)CC3)CC2)cc(C(=O)Nc2ccc3c(c2)C(=O)c2ccccc2C3=O)c1,421.15
[*]Nc1cc(NC(=O)NC2CCC(CC3CCC(NC([*])=O)CC3)CC2)cc(C(=O)Nc2cccc3c2C(=O)c2ccccc2C3=O)c1,429.15
[*]Nc1cc(NC(=O)Nc2cccc3c(NC([*])=O)cccc23)cc(C(=O)Nc2ccc3c(c2)C(=O)c2ccccc2C3=O)c1,451.15
[*]Nc1cc(NC(=O)Nc2cccc3c(NC([*])=O)cccc23)cc(C(=O)Nc2cccc3c2C(=O)c2ccccc2C3=O)c1,458.15
[*]Nc1cc(NC(=O)c2ccc(-c3ccc(C([*])=O)cc3)cc2)cc(-c2nnc(-c3ccccn3)o2)c1,393.15
[*]Nc1cc(NC(=O)c2ccc(C([*])=O)cc2)cc(-c2nc3ccccc3[nH]2)c1,540.65
[*]Nc1cc(NC(=O)c2ccc(C([*])=O)cc2)cc(-c2nc3ccccc3oc2=O)c1,376.15
[*]Nc1cc(NC(=O)c2ccc(C([*])=O)cc2)cc(-c2nnc(-c3ccccn3)o2)c1,503.15
[*]Nc1cc(NC(=O)c2ccc(C([*])=O)cc2)cc(C(=O)OC(c2ccccc2)c2ccccc2)c1,490.15
[*]Nc1cc(NC(=O)c2ccc(C([*])=O)cc2)cc(C(=O)Oc2ccc(-c3ccccc3)cc2)c1,451.15
[*]Nc1cc(NC(=O)c2ccc(C([*])=O)cc2)cc(C(=O)Oc2cccc3ccccc23)c1,465.15
[*]Nc1cc(NC(=O)c2ccc(C([*])=O)cc2)cc(C(=O)Oc2ccccc2)c1,473.15
[*]Nc1cc(NC(=O)c2ccc(OCCOCCOCCOCCOCCOCCOc3ccc(C([*])=O)cc3)cc2)cc(-c2nc3ccccc3[nH]2)c1,398.15
[*]Nc1cc(NC(=O)c2ccc(OCCOCCOCCOCCOCCOc3ccc(C([*])=O)cc3)cc2)cc(-c2nc3ccccc3[nH]2)c1,418.15
[*]Nc1cc(NC(=O)c2ccc(OCCOCCOCCOCCOc3ccc(C([*])=O)cc3)cc2)cc(-c2nc3ccccc3[nH]2)c1,436.15
[*]Nc1cc(NC(=O)c2ccc(OCCOCCOCCOc3ccc(C([*])=O)cc3)cc2)cc(-c2nc3ccccc3[nH]2)c1,438.15
[*]Nc1cc(NC(=O)c2ccc(OCCOCCOc3ccc(C([*])=O)cc3)cc2)cc(-c2nc3ccccc3[nH]2)c1,503.15
[*]Nc1cc(NC(=O)c2ccc(OCCOc3ccc(C([*])=O)cc3)cc2)cc(-c2nc3ccccc3[nH]2)c1,548.15
[*]Nc1cc(NC(=O)c2ccc(Oc3ccc(C([*])=O)cc3)cc2)cc(-c2nc3ccccc3[nH]2)c1,608.15
[*]Nc1cc(NC(=O)c2ccc3[nH]c(-c4cc(-c5nc6cc(C([*])=O)ccc6[nH]5)cc(N5C(=O)c6ccccc6C5=O)c4)nc3c2)cc(-c2nc3ccccc3[nH]2)c1,607.15
[*]Nc1cc(NC(=O)c2ccc3[nH]c(-c4cccc(-c5nc6cc(C([*])=O)ccc6[nH]5)c4)nc3c2)cc(-c2nc3ccccc3[nH]2)c1,588.15
[*]Nc1cc(NC(=O)c2ccc3c(c2)C(=O)N(c2cc(-c4nc5ccccc5o4)cc(N4C(=O)c5ccc(C([*])=O)cc5C4=O)c2)C3=O)cc(-c2nc3ccccc3[nH]2)c1,644.15
[*]Nc1cc(NC(=O)c2ccc3c(c2)C(=O)N(c2cc(-c4nc5ccccc5s4)cc(N4C(=O)c5ccc(C([*])=O)cc5C4=O)c2)C3=O)cc(-c2nc3ccccc3[nH]2)c1,641.15
[*]Nc1cc(NC(=O)c2ccc3c(c2)C(=O)N(c2cc(-c4nnc(-c5ccccn5)o4)cc(N4C(=O)c5ccc(C([*])=O)cc5C4=O)c2)C3=O)cc(-c2nnc(-c3ccccn3)o2)c1,437.15
[*]Nc1cc(NC(=O)c2ccc3c(c2)C(=O)N(c2cccc(N4C(=O)c5ccc(C([*])=O)cc5C4=O)c2)C3=O)cc(-c2nc3ccccc3[nH]2)c1,634.15
[*]Nc1cc(NC(=O)c2cccc(C([*])=O)c2)cc(-c2nnc(-c3ccccn3)o2)c1,428.15
[*]Nc1cc(NC(=O)c2cccc(C([*])=O)n2)cc(-c2nnc(-c3ccccn3)o2)c1,528.15
[*]Nc1cc(NC(=O)c2ccccc2C([*])=O)cc(-c2nnc(-c3ccccn3)o2)c1,363.15
[*]Nc1cc(NC(=O)c2cncc(C([*])=O)c2)cc(-c2nnc(-c3ccccn3)o2)c1,458.15
[*]Nc1ccc(-c2c(-c3ccc(-c4ccccc4)cc3)cc(-c3ccc(-c4cc(-c5ccc(-c6ccccc6)cc5)c(-c5ccc(NC(=O)c6ccc(C([*])=O)cc6)cc5)c(-c5ccc(-c6ccccc6)cc5)c4)cc3)cc2-c2ccc(-c3ccccc3)cc2)cc1,578.15
[*]Nc1ccc(-c2c(-c3ccc(-c4ccccc4)cc3)cc(-c3ccc(OCCCCCCCCCCOc4ccc(-c5cc(-c6ccc(-c7ccccc7)cc6)c(-c6ccc(NC(=O)c7ccc(C([*])=O)cc7)cc6)c(-c6ccc(-c7ccccc7)cc6)c5)cc4)cc3)cc2-c2ccc(-c3ccccc3)cc2)cc1,384.15
[*]Nc1ccc(-c2c(-c3ccc(-c4ccccc4)cc3)cc(-c3ccc(OCCCCCCOc4ccc(-c5cc(-c6ccc(-c7ccccc7)cc6)c(-c6ccc(NC(=O)c7ccc(C([*])=O)cc7)cc6)c(-c6ccc(-c7ccccc7)cc6)c5)cc4)cc3)cc2-c2ccc(-c3ccccc3)cc2)cc1,394.65
[*]Nc1ccc(-c2c(-c3ccccc3)cc(-c3ccc(-c4cc(-c5ccccc5)c(-c5ccc(NC(=O)c6ccc(C([*])=O)cc6)cc5)c(-c5ccccc5)c4)cc3)cc2-c2ccccc2)cc1,563.15
[*]Nc1ccc(-c2c(-c3ccccc3)cc(-c3ccc(OCCCCCCCCCCOc4ccc(-c5cc(-c6ccccc6)c(-c6ccc(NC(=O)c7ccc(C([*])=O)cc7)cc6)c(-c6ccccc6)c5)cc4)cc3)cc2-c2ccccc2)cc1,389.15
[*]Nc1ccc(-c2c(-c3ccccc3)cc(-c3ccc(OCCCCCCOc4ccc(-c5cc(-c6ccccc6)c(-c6ccc(NC(=O)c7ccc(C([*])=O)cc7)cc6)c(-c6ccccc6)c5)cc4)cc3)cc2-c2ccccc2)cc1,400.15
[*]Nc1ccc(-c2cc(-c3ccc(-c4ccccc4)cc3)cc(-c3ccc(NC(=O)Nc4ccc5c(c4)C(=O)N(c4ccc(-c6cc(-c7ccc(-c8ccccc8)cc7)cc(-c7ccc(N8C(=O)c9ccc(NC([*])=O)cc9C8=O)cc7)n6)cc4)C5=O)cc3)n2)cc1,545.15
[*]Nc1ccc(-c2cc(-c3ccc(-c4ccccc4)cc3)cc(-c3ccc(NC(=O)Nc4ccc5c(c4)C(=O)N(c4ccc(Oc6ccc7ccccc7c6-c6c(Oc7ccc(N8C(=O)c9ccc(NC([*])=O)cc9C8=O)cc7)ccc7ccccc67)cc4)C5=O)cc3)n2)cc1,575.15
[*]Nc1ccc(-c2cc(-c3ccccc3)cc(-c3ccc(NC(=O)c4ccc5c(c4)C(=O)N(c4ccc(Oc6cccc7c(N8C(=O)c9ccc(C([*])=O)cc9C8=O)cccc67)cc4)C5=O)cc3)n2)cc1,568.15
[*]Nc1ccc(-c2cc(-c3ccccc3)cc(-c3ccc(NC(=O)c4ccc5c(c4)C(=O)N(c4cccc(P(=O)(c6ccccc6)c6cccc(N7C(=O)c8ccc(C([*])=O)cc8C7=O)c6)c4)C5=O)cc3)n2)cc1,531.15
[*]Nc1ccc(-c2cc(Br)ccc2NC(=O)c2ccc(C([*])=O)cc2)cc1,558.15
[*]Nc1ccc(-c2cc(Br)ccc2NC(=O)c2ccc(Oc3ccc(C([*])=O)cc3)cc2)cc1,522.15
[*]Nc1ccc(-c2cc(Br)ccc2NC(=O)c2ccc(S(=O)(=O)c3ccc(C([*])=O)cc3)cc2)cc1,561.15
[*]Nc1ccc(-c2cc(Br)ccc2NC(=O)c2cccc(C([*])=O)c2)cc1,526.15
[*]Nc1ccc(-c2ccc(-n3c(=O)c4cc5c(=O)n(-c6ccc(-c7ccc(NC(=O)c8cccc(C([*])=O)c8)cc7)cc6)c(=O)c5cc4c3=O)cc2)cc1,500.15
[*]Nc1ccc(-c2ccc(N3C(=O)CC(N4C(=O)c5ccc(C([*])=O)cc5C4=O)C3=O)cc2)cc1,492.15
[*]Nc1ccc(-c2ccc(N3C(=O)c4ccc(-c5ccc6c(c5)C(=O)N(c5ccc(-c7ccc(NC(=O)c8cccc(C([*])=O)c8)cc7)cc5)C6=O)cc4C3=O)cc2)cc1,503.15
[*]Nc1ccc(-c2ccc(N3C(=O)c4ccc(C(=O)c5ccc6c(c5)C(=O)N(c5ccc(-c7ccc(NC(=O)c8cccc(C([*])=O)c8)cc7)cc5)C6=O)cc4C3=O)cc2)cc1,511.15
[*]Nc1ccc(-c2ccc(N3C(=O)c4ccc(Oc5ccc6c(c5)C(=O)N(c5ccc(-c7ccc(NC(=O)c8cccc(C([*])=O)c8)cc7)cc5)C6=O)cc4C3=O)cc2)cc1,506.15
[*]Nc1ccc(-c2ccc(NC(=O)c3cc(C([*])=O)cc(S(=O)(=O)c4ccccc4)c3)cc2)cc1,592.15
[*]Nc1ccc(-c2ccc(NC(=O)c3ccc(C([*])=O)cc3)cc2)cc1,613.15
[*]Nc1ccc(-c2ccc(NC(=O)c3ccc(Oc4ccc(C(c5ccc(Oc6ccc(C([*])=O)cc6)cc5)(C(F)(F)F)C(F)(F)F)cc4)cc3)cc2C(F)(F)F)c(C(F)(F)F)c1,513.15
[*]Nc1ccc(-c2ccc(NC(=O)c3ccc4c(c3)C(=O)N(c3ccc(Oc5ccc(N6C(=O)c7ccc(C([*])=O)cc7C6=O)cc5)cc3)C4=O)cc2)cc1,588.15
[*]Nc1ccc(-c2ccc(NC(=O)c3ccc4c(c3)C(=O)N(c3ccc(Oc5ccc(N6C(=O)c7ccc(C([*])=O)cc7C6=O)cc5-c5ccccc5)c(-c5ccccc5)c3)C4=O)cc2)cc1,631.15
[*]Nc1ccc(-c2ccc(NC(=O)c3ccc4c(c3)C(=O)N(c3ccc(Oc5cccc6c(N7C(=O)c8ccc(C([*])=O)cc8C7=O)cccc56)cc3)C4=O)cc2)cc1,574.15
[*]Nc1ccc(-c2ccc(NC(=O)c3ccc4c(c3)C(=O)N(c3ccc(S(=O)(=O)c5ccc(N6C(=O)c7ccc(C([*])=O)cc7C6=O)cc5)cc3)C4=O)cc2)cc1,643.15
[*]Nc1ccc(-c2ccc(NC(=O)c3ccc4c(c3)C(=O)N(c3cccc(P(=O)(c5ccccc5)c5cccc(N6C(=O)c7ccc(C([*])=O)cc7C6=O)c5)c3)C4=O)cc2)cc1,526.15
[*]Nc1ccc(-c2ccc(NC(=O)c3cccc(C([*])=O)c3)c(O)c2)cc1O,659.15
[*]Nc1ccc(-c2ccc(NC(=O)c3cccc(C([*])=O)c3)c(S)c2)cc1S,668.15
[*]Nc1ccc(-c2ccc(NC(=O)c3cccc(C([*])=O)c3)cc2)cc1,567.15
[*]Nc1ccc(-c2ccc(NC(=O)c3cccc(N4C(=O)c5ccc(C(c6ccc7c(c6)C(=O)N(c6cccc(C([*])=O)c6)C7=O)(C(F)(F)F)C(F)(F)F)cc5C4=O)c3)cc2)cc1,597.15
[*]Nc1ccc(-c2ccc(NC(=O)c3cccc(Oc4nc(Oc5cccc(C([*])=O)c5)nc(Sc5ccccc5)n4)c3)cc2)cc1,552.15
[*]Nc1ccc(-c2ccc(Nc3ccc4c(c3)c3cc([*])ccc3n4CC(CC)CCCC)cc2)cc1,504.15
[*]Nc1ccc(-c2ccccc2NC(=O)c2ccc(C([*])=O)cc2)cc1,548.15
[*]Nc1ccc(-c2ccccc2NC(=O)c2ccc(Oc3ccc(C([*])=O)cc3)cc2)cc1,524.15
[*]Nc1ccc(-c2ccccc2NC(=O)c2ccc(S(=O)(=O)c3ccc(C([*])=O)cc3)cc2)cc1,557.15
[*]Nc1ccc(-c2ccccc2NC(=O)c2cccc(C([*])=O)c2)cc1,521.15
[*]Nc1ccc(-c2nc(-c3ccc(-c4nc(-c5ccc([N+](=O)[O-])cc5)c(-c5ccc([N+](=O)[O-])cc5)[nH]4)cc3)[nH]c2-c2ccc(NC3CC(=O)N(c4ccc(-c5sc(-c6ccc(N7C(=O)CC([*])C7=O)cc6)c(-c6ccccc6)c5-c5ccccc5)cc4)C3=O)cc2)cc1,425.15
[*]Nc1ccc(-c2nc(-c3ccc(/C=C/c4ccc([N+](=O)[O-])cc4)cc3)[nH]c2-c2ccc(NC3CC(=O)N(c4ccc(Cc5ccc(N6C(=O)CC([*])C6=O)cc5)cc4)C3=O)cc2)cc1,523.15
[*]Nc1ccc(-c2nc(-c3ccc(/C=C/c4ccc([N+](=O)[O-])cc4)s3)[nH]c2-c2ccc(NC3CC(=O)N(c4ccc(-c5sc(-c6ccc(N7C(=O)CC([*])C7=O)cc6)c(-c6ccccc6)c5-c5ccccc5)cc4)C3=O)cc2)cc1,577.15
[*]Nc1ccc(-c2nc(-c3ccc(/N=N/c4ccc([N+](=O)[O-])cc4)cc3)[nH]c2-c2ccc(NC3CC(=O)N(c4ccc(Cc5ccc(N6C(=O)CC([*])C6=O)cc5)cc4)C3=O)cc2)cc1,531.15
[*]Nc1ccc(-c2nc3cc(-c4ccc5[nH]c(-c6ccc(Nc7nc([*])nc(N(c8ccccc8)c8ccccc8)n7)cc6)nc5c4)ccc3[nH]2)cc1,602.15
[*]Nc1ccc(-c2nc3cc(NC(=O)c4ccc(OCCOCCOCCOCCOCCOc5ccc(C([*])=O)cc5)cc4)ccc3[nH]2)cc1,398.15
[*]Nc1ccc(-c2nc3cc(NC(=O)c4ccc(OCCOCCOCCOCCOc5ccc(C([*])=O)cc5)cc4)ccc3[nH]2)cc1,413.15
[*]Nc1ccc(-c2nc3cc(NC(=O)c4ccc(OCCOCCOCCOc5ccc(C([*])=O)cc5)cc4)ccc3[nH]2)cc1,428.15
[*]Nc1ccc(-c2nc3cc(NC(=O)c4ccc(OCCOCCOc5ccc(C([*])=O)cc5)cc4)ccc3[nH]2)cc1,448.15
[*]Nc1ccc(-c2nc3cc(NC(=O)c4ccc(OCCOc5ccc(C([*])=O)cc5)cc4)ccc3[nH]2)cc1,498.15
[*]Nc1ccc(-c2nnc(-c3cc(C([*])=O)cc(N4C(=O)c5ccccc5C4=O)c3)o2)cc1,597.15
[*]Nc1ccc(-c2nnc(-c3ccc(C([*])=O)c(Oc4ccccc4)c3)o2)cc1,508.15
[*]Nc1ccc(-c2nnc(-c3ccc(NC(=O)c4cc(C([*])=O)cc(N5C(=O)c6ccccc6C5=O)c4)cc3)o2)cc1,600.15
[*]Nc1ccc(-c2nnc(-c3ccc(NC(=O)c4ccc(C([*])=O)cc4Oc4ccccc4)cc3)o2)cc1,545.15
[*]Nc1ccc(-c2sc(-c3ccc(NC(=O)c4ccc5c(c4)C(=O)N(c4ccc(-c6sc(-c7ccc(N8C(=O)c9ccc(C([*])=O)cc9C8=O)cc7)c(-c7ccccc7)c6-c6ccccc6)cc4)C5=O)cc3)c(-c3ccccc3)c2-c2ccccc2)cc1,611.15
[*]Nc1ccc(-c2sc(-c3ccc(NC(=O)c4ccc5c(c4)C(=O)N(c4ccc(Oc6ccc7ccc(Oc8ccc(N9C(=O)c%10ccc(C([*])=O)cc%10C9=O)cc8)cc7c6)cc4)C5=O)cc3)c(-c3ccccc3)c2-c2ccccc2)cc1,584.15
[*]Nc1ccc(-c2sc(-c3ccc(NC(=O)c4ccc5c(c4)C(=O)N(c4ccc(Oc6cccc7c(Oc8ccc(N9C(=O)c%10ccc(C([*])=O)cc%10C9=O)cc8)cccc67)cc4)C5=O)cc3)c(-c3ccccc3)c2-c2ccccc2)cc1,613.15
[*]Nc1ccc(-n2c(=O)c3cc4c(=O)n(-c5ccc(NC(=O)c6cccc(C([*])=O)c6)cc5)c(=O)c4cc3c2=O)cc1,569.15
[*]Nc1ccc(/C=C/c2ccc(NC(=C(C#N)C#N)c3ccc(C([*])=C(C#N)C#N)cc3)cc2)cc1,523.15
[*]Nc1ccc(/C=C/c2cccc(NC(=O)c3cccc(C([*])=O)c3)c2)cc1,545.15
[*]Nc1ccc(C#Cc2cccc(NC(=O)c3cccc(C([*])=O)c3)c2)cc1,541.15
[*]Nc1ccc(C(=O)OCCCCCCCCCCCCOC(=O)c2ccc3c(c2)C(=O)N(c2ccc(C([*])=O)cc2)C3=O)cc1,347.15
[*]Nc1ccc(C(=O)OCCCCCCCCCCOC(=O)c2ccc3c(c2)C(=O)N(c2ccc(C([*])=O)cc2)C3=O)cc1,375.15
[*]Nc1ccc(C(=O)OCCCCCCCCCOC(=O)c2ccc3c(c2)C(=O)N(c2ccc(C([*])=O)cc2)C3=O)cc1,373.15
[*]Nc1ccc(C(=O)OCCCCCCCCOC(=O)c2ccc3c(c2)C(=O)N(c2ccc(C([*])=O)cc2)C3=O)cc1,378.15
[*]Nc1ccc(C(=O)OCCCCCCCOC(=O)c2ccc3c(c2)C(=O)N(c2ccc(C([*])=O)cc2)C3=O)cc1,379.15
[*]Nc1ccc(C(=O)OCCCCCCOC(=O)c2ccc3c(c2)C(=O)N(c2ccc(C([*])=O)cc2)C3=O)cc1,380.15
[*]Nc1ccc(C(=O)OCCCCCOC(=O)c2ccc3c(c2)C(=O)N(c2ccc(C([*])=O)cc2)C3=O)cc1,402.15
[*]Nc1ccc(C(=O)OCCCCOC(=O)c2ccc3c(c2)C(=O)N(c2ccc(C([*])=O)cc2)C3=O)cc1,403.15
[*]Nc1ccc(C(=O)c2ccc(C(=O)c3ccc(Nc4ccc5c(c4)c4cc([*])ccc4n5CC(CC)CCCC)cc3)cc2)cc1,486.15
[*]Nc1ccc(C(=O)c2ccc(NC(=O)c3ccc(C([*])=O)cc3)cc2)cc1,573.15
[*]Nc1ccc(C(=O)c2ccc(NC(=O)c3ccc4c(c3)C(=O)N(c3cccc(P(=O)(c5ccccc5)c5cccc(N6C(=O)c7ccc(C([*])=O)cc7C6=O)c5)c3)C4=O)cc2)cc1,511.15
[*]Nc1ccc(C(=O)c2ccc(NC(=O)c3cccc(C([*])=O)c3)cc2)cc1,526.35
[*]Nc1ccc(C(=O)c2ccc(Nc3ccc4c(c3)c3cc([*])ccc3n4CC(CC)CCCC)cc2)cc1,509.205
[*]Nc1ccc(C(=O)c2ccc(Oc3ccc(C(=O)c4ccc(NC(=O)c5ccc(C([*])=O)cc5)cc4)cc3)cc2)cc1,460.15
[*]Nc1ccc(C(=O)c2ccc(Oc3ccc(C(=O)c4ccc(NC(=O)c5cccc(C([*])=O)c5)cc4)cc3)cc2)cc1,487.15
[*]Nc1ccc(C(=O)c2ccc(Oc3ccc(Oc4ccc(C(=O)c5ccc(NC(=O)c6ccc(C([*])=O)cc6)cc5)cc4)cc3)cc2)cc1,497.15
[*]Nc1ccc(C(=O)c2ccc(Oc3ccc(Oc4ccc(C(=O)c5ccc(NC(=O)c6cccc(C([*])=O)c6)cc5)cc4)cc3)cc2)cc1,471.15
[*]Nc1ccc(C(=O)c2ccc(Oc3cccc(Oc4ccc(C(=O)c5ccc(NC(=O)c6ccc(C([*])=O)cc6)cc5)cc4)c3)cc2)cc1,463.15
[*]Nc1ccc(C(=O)c2ccc(Oc3cccc(Oc4ccc(C(=O)c5ccc(NC(=O)c6cccc(C([*])=O)c6)cc5)cc4)c3)cc2)cc1,487.15
[*]Nc1ccc(C(c2ccc(NC(=O)c3cc(NC(=O)C45CC6CC(CC(C6)C4)C5)cc(C([*])=O)c3)cc2)(C(F)(F)F)C(F)(F)F)cc1,638.15
[*]Nc1ccc(C(c2ccc(NC(=O)c3cc4cc(Cc5ccc6oc(=O)c(C([*])=O)cc6c5)ccc4oc3=O)cc2)(C(F)(F)F)C(F)(F)F)cc1,602.15
[*]Nc1ccc(C(c2ccc(NC(=O)c3ccc(-c4ccc(C([*])=O)cc4)cc3)cc2)(P2(=O)Oc3ccccc3-c3ccccc32)P2(=O)Oc3ccccc3-c3ccccc32)cc1,524.15
[*]Nc1ccc(C(c2ccc(NC(=O)c3ccc(C([*])=O)cc3)cc2)(C(F)(F)F)C(F)(F)F)cc1,563.15
[*]Nc1ccc(C(c2ccc(NC(=O)c3ccc(C([*])=O)cc3)cc2)(P2(=O)Oc3ccccc3-c3ccccc32)P2(=O)Oc3ccccc3-c3ccccc32)cc1,518.15
[*]Nc1ccc(C(c2ccc(NC(=O)c3ccc(C(c4ccc(C([*])=O)cc4)(C(F)(F)F)C(F)(F)F)cc3)cc2)(P2(=O)Oc3ccccc3-c3ccccc32)P2(=O)Oc3ccccc3-c3ccccc32)cc1,508.15
[*]Nc1ccc(C(c2ccc(NC(=O)c3ccc(N4C(=O)c5ccc(C(c6ccc7c(c6)C(=O)N(c6ccc(C([*])=O)cc6)C7=O)(C(F)(F)F)C(F)(F)F)cc5C4=O)cc3)cc2)(C(F)(F)F)C(F)(F)F)cc1,624.15
[*]Nc1ccc(C(c2ccc(NC(=O)c3ccc(OC(=O)c4ccc(C(=O)Oc5ccc(C([*])=O)cc5)cc4)cc3)cc2)(C(F)(F)F)C(F)(F)F)cc1,539.15
[*]Nc1ccc(C(c2ccc(NC(=O)c3ccc(OC(=O)c4cccc(C(=O)Oc5ccc(C([*])=O)cc5)c4)cc3)cc2)(C(F)(F)F)C(F)(F)F)cc1,500.15
[*]Nc1ccc(C(c2ccc(NC(=O)c3ccc(Oc4ccc(C([*])=O)cc4)cc3)cc2)(P2(=O)Oc3ccccc3-c3ccccc32)P2(=O)Oc3ccccc3-c3ccccc32)cc1,516.15
[*]Nc1ccc(C(c2ccc(NC(=O)c3ccc4c(c3)C(=O)N(c3ccc(Oc5ccc6ccc(Oc7ccc(N8C(=O)c9ccc(C([*])=O)cc9C8=O)cc7)cc6c5)cc3)C4=O)cc2)(C(F)(F)F)C(F)(F)F)cc1,565.15
[*]Nc1ccc(C(c2ccc(NC(=O)c3ccc4c(c3)C(=O)N(c3ccc(Oc5cccc6c(Oc7ccc(N8C(=O)c9ccc(C([*])=O)cc9C8=O)cc7)cccc56)cc3)C4=O)cc2)(C(F)(F)F)C(F)(F)F)cc1,556.15
[*]Nc1ccc(C(c2ccc(NC(=O)c3ccc4c(c3)C(=O)N(c3cccc5c(N6C(=O)c7ccc(C([*])=O)cc7C6=O)cccc35)C4=O)cc2)(C(F)(F)F)C(F)(F)F)cc1,523.15
[*]Nc1ccc(C(c2ccc(NC(=O)c3ccc4cc(C([*])=O)ccc4c3)cc2)(P2(=O)Oc3ccccc3-c3ccccc32)P2(=O)Oc3ccccc3-c3ccccc32)cc1,514.15
[*]Nc1ccc(C(c2ccc(NC(=O)c3cccc(C([*])=O)c3)cc2)(C(F)(F)F)C(F)(F)F)cc1,545.15
[*]Nc1ccc(C(c2ccc(NC(=O)c3cccc(C([*])=O)c3)cc2)(P2(=O)Oc3ccccc3-c3ccccc32)P2(=O)Oc3ccccc3-c3ccccc32)cc1,503.15
[*]Nc1ccc(C(c2ccc(NC(=O)c3cccc(N4C(=O)c5ccc(C(c6ccc7c(c6)C(=O)N(c6cccc(C([*])=O)c6)C7=O)(C(F)(F)F)C(F)(F)F)cc5C4=O)c3)cc2)(C(F)(F)F)C(F)(F)F)cc1,546.65
[*]Nc1ccc(C2(c3ccc(N4C(=O)c5ccc(C([*])=O)cc5C4=O)cc3)CCCCC2)cc1,592.15
[*]Nc1ccc(C2(c3ccc(NC(=O)c4cc(NC(=O)C56CC7CC(CC(C7)C5)C6)cc(C([*])=O)c4)cc3)c3ccccc3-c3ccccc32)cc1,643.15
[*]Nc1ccc(C2(c3ccc(NC(=O)c4ccc(C([*])=O)cc4)cc3)c3ccccc3-c3ccccc32)cc1,592.15
[*]Nc1ccc(C2(c3ccc(NC(=O)c4ccc5c(c4)C(=O)N(c4ccc(Oc6ccc(N7C(=O)c8ccc(C([*])=O)cc8C7=O)cc6)cc4)C5=O)cc3)c3ccccc3-c3ccccc32)cc1,513.15
[*]Nc1ccc(C2(c3ccc(NC(=O)c4ccc5c(c4)C(=O)N(c4ccc(Oc6cccc(Oc7ccc(N8C(=O)c9ccc(C([*])=O)cc9C8=O)cc7)c6)cc4)C5=O)cc3)c3ccccc3-c3ccccc32)cc1,551.15
[*]Nc1ccc(C2(c3ccc(NC(=O)c4ccc5c(c4)C(=O)N(c4ccc(Sc6ccc(Oc7ccc(Sc8ccc(N9C(=O)c%10ccc(C([*])=O)cc%10C9=O)cc8)cc7)cc6)cc4)C5=O)cc3)c3ccccc3-c3ccccc32)cc1,571.15
[*]Nc1ccc(C2(c3ccc(NC(=O)c4ccc5c(c4)C(=O)N(c4cccc(N6C(=O)c7ccc(C([*])=O)cc7C6=O)c4)C5=O)cc3)c3ccccc3-c3ccccc32)cc1,482.15
[*]Nc1ccc(C2(c3ccc(NC(=O)c4cccc(C([*])=O)c4)cc3)c3ccccc3-c3ccccc32)cc1,550.15
[*]Nc1ccc(CCCCc2ccc(NC(=O)OCCOC([*])=O)cc2)cc1,378.85
[*]Nc1ccc(CCCc2ccc(NC(=O)OCCOC([*])=O)cc2)cc1,347.25
[*]Nc1ccc(CCOC(=O)c2cccc(C(=O)OCCc3ccc(NC(=O)c4cccc(C([*])=O)c4)cc3)c2)cc1,415.15
[*]Nc1ccc(CCc2ccc(NC(=O)Nc3ccccc3CCc3ccc(NC([*])=O)cc3)cc2)cc1,490.15
[*]Nc1ccc(CCc2ccc(NC(=O)Nc3ccccc3CCc3ccccc3NC([*])=O)cc2)cc1,508.15
[*]Nc1ccc(CCc2ccc(NC(=O)OCCOC([*])=O)cc2)cc1,390.05
[*]Nc1ccc(CCc2cccc(NC(=O)c3ccc(C([*])=O)cc3)c2)cc1,476.15
[*]Nc1ccc(CCc2cccc(NC(=O)c3cccc(C([*])=O)c3)c2)cc1,476.15
[*]Nc1ccc(CCc2ccccc2NC(=O)Nc2ccc(Cc3ccc(NC([*])=O)cc3)cc2)cc1,490.15
[*]Nc1ccc(CCc2ccccc2NC(=O)Nc2ccc(Oc3ccc(NC([*])=O)cc3)cc2)cc1,473.15
[*]Nc1ccc(CCc2ccccc2NC([*])=O)cc1,471.15
[*]Nc1ccc(Cc2ccc(-n3c(=O)c4cc5c(=O)n(-c6ccc(Cc7ccc(NC(=O)c8cccc(-c9nc%10cc(-c%11ccc%12[nH]c(-c%13cccc(C([*])=O)c%13)nc%12c%11)ccc%10[nH]9)c8)cc7)cc6)c(=O)c5cc4c3=O)cc2)cc1,550.15
[*]Nc1ccc(Cc2ccc(N3C(=O)CC(N4C(=O)c5ccc(C([*])=O)cc5C4=O)C3=O)cc2)cc1,396.15
[*]Nc1ccc(Cc2ccc(N3C(=O)c4ccc(C([*])=O)cc4C3=O)cc2)cc1,552.65
[*]Nc1ccc(Cc2ccc(N3C(=O)c4ccc(Oc5ccc(C([*])=O)cc5)cc4C3=O)cc2)cc1,523.15
[*]Nc1ccc(Cc2ccc(N3C(=O)c4ccc(Oc5cccc(C([*])=O)c5)cc4C3=O)cc2)cc1,516.15
[*]Nc1ccc(Cc2ccc(N3C(=O)c4ccc(S(=O)(=O)c5ccc6c(c5)C(=O)N(c5ccc(Cc7ccc(NC(=O)c8cccc(-c9nc%10cc(-c%11ccc%12[nH]c(-c%13cccc(C([*])=O)c%13)nc%12c%11)ccc%10[nH]9)c8)cc7)cc5)C6=O)cc4C3=O)cc2)cc1,543.15
[*]Nc1ccc(Cc2ccc(N3C(=O)c4cccc(Oc5ccc(C([*])=O)cc5)c4C3=O)cc2)cc1,531.15
[*]Nc1ccc(Cc2ccc(NC(=O)Nc3cc(NC([*])=O)cc(C(=O)Nc4ccc5c(c4)C(=O)c4ccccc4C5=O)c3)cc2)cc1,441.15
[*]Nc1ccc(Cc2ccc(NC(=O)Nc3cc(NC([*])=O)cc(C(=O)Nc4cccc5c4C(=O)c4ccccc4C5=O)c3)cc2)cc1,451.15
[*]Nc1ccc(Cc2ccc(NC(=O)Nc3ccc(C(=O)Nc4ccc(Oc5ccc(NC(=O)c6ccc(N7C(=O)c8ccc(C(=O)c9ccc%10c(c9)C(=O)N(c9ccc(C(=O)Nc%11ccc(Oc%12ccc(NC(=O)c%13ccc(NC([*])=O)cc%13)cc%12)cc%11)cc9)C%10=O)cc8C7=O)cc6)cc5)cc4)cc3)cc2)cc1,502.15
[*]Nc1ccc(Cc2ccc(NC(=O)Nc3cccc(NC([*])=O)n3)cc2)cc1,479.65
[*]Nc1ccc(Cc2ccc(NC(=O)OC(COC([*])=O)c3ccco3)cc2)cc1,313.15
[*]Nc1ccc(Cc2ccc(NC(=O)OC(c3ccco3)C(OC([*])=O)c3ccco3)cc2)cc1,347.15
[*]Nc1ccc(Cc2ccc(NC(=O)OC3CC4CC(OC([*])=O)CC(C3)O4)cc2)cc1,473.15
[*]Nc1ccc(Cc2ccc(NC(=O)OCC3CCC(COC([*])=O)CC3)cc2)cc1,407.15
[*]Nc1ccc(Cc2ccc(NC(=O)OCCCCCCCCCCCCCCCCOC([*])=O)cc2)cc1,313.15
[*]Nc1ccc(Cc2ccc(NC(=O)OCCCCCCCCCCCCOC([*])=O)cc2)cc1,316.15
[*]Nc1ccc(Cc2ccc(NC(=O)OCCCCCCCCCCOC([*])=O)cc2)cc1,333.15
[*]Nc1ccc(Cc2ccc(NC(=O)OCCCCCCCCCOC([*])=O)cc2)cc1,345.15
[*]Nc1ccc(Cc2ccc(NC(=O)OCCCCCCCCOC([*])=O)cc2)cc1,352.15
[*]Nc1ccc(Cc2ccc(NC(=O)OCCCCCCCOC([*])=O)cc2)cc1,357.15
[*]Nc1ccc(Cc2ccc(NC(=O)OCCCCCCOC([*])=O)cc2)cc1,344.15
[*]Nc1ccc(Cc2ccc(NC(=O)OCCCCCOC([*])=O)cc2)cc1,368.15
[*]Nc1ccc(Cc2ccc(NC(=O)OCCCCOC([*])=O)cc2)cc1,382.15
[*]Nc1ccc(Cc2ccc(NC(=O)OCCCOC([*])=O)cc2)cc1,392.15
[*]Nc1ccc(Cc2ccc(NC(=O)OCCN(CCCCCCOc3ccc(/N=N/c4ccccc4)cc3)CCOC([*])=O)cc2)cc1,317.15
[*]Nc1ccc(Cc2ccc(NC(=O)OCCN(CCCCCOc3ccc(/N=N/c4ccccc4)cc3)CCOC([*])=O)cc2)cc1,332.75
[*]Nc1ccc(Cc2ccc(NC(=O)OCCN(CCOC([*])=O)c3ccc(/N=N/c4ccc([N+](=O)[O-])cc4)cc3)cc2)cc1,409.55
[*]Nc1ccc(Cc2ccc(NC(=O)OCCN(CCOC([*])=O)c3ccccc3)cc2)cc1,305.05
[*]Nc1ccc(Cc2ccc(NC(=O)OCCOC([*])=O)cc2)cc1,412.15
[*]Nc1ccc(Cc2ccc(NC(=O)OCCOCCOCCOCCOC([*])=O)cc2)cc1,310.15
[*]Nc1ccc(Cc2ccc(NC(=O)OCCOc3ccc(C4(c5ccc(OCCOC([*])=O)cc5)c5ccccc5-c5ccccc54)cc3)cc2)cc1,425.15
[*]Nc1ccc(Cc2ccc(NC(=O)OCCOc3ccc(OCCOC([*])=O)cc3)cc2)cc1,371.15
[*]Nc1ccc(Cc2ccc(NC(=O)OCc3ccc(COC([*])=O)o3)cc2)cc1,354.15
[*]Nc1ccc(Cc2ccc(NC(=O)OCc3cccc(COC([*])=O)c3)cc2)cc1,379.15
[*]Nc1ccc(Cc2ccc(NC(=O)OCc3cocc3COC([*])=O)cc2)cc1,318.15
[*]Nc1ccc(Cc2ccc(NC(=O)Oc3ccc(/N=C/C=N/c4ccc(OC([*])=O)cc4)cc3)cc2)cc1,406.15
[*]Nc1ccc(Cc2ccc(NC(=O)Oc3ccc(/N=C/CCC/C=N/c4ccc(OC([*])=O)cc4)cc3)cc2)cc1,349.15
[*]Nc1ccc(Cc2ccc(NC(=O)Oc3ccc(C(c4ccc(OC([*])=O)cc4)(C(F)(F)F)C(F)(F)F)cc3)cc2)cc1,354.15
[*]Nc1ccc(Cc2ccc(NC(=O)c3cc(C([*])=O)cc(N4C(=O)C5C6C=CC(C6)C5C4=O)c3)cc2)cc1,576.15
[*]Nc1ccc(Cc2ccc(NC(=O)c3cc(C([*])=O)cc(N4C(=O)C5C6CCC(C6)C5C4=O)c3)cc2)cc1,566.15
[*]Nc1ccc(Cc2ccc(NC(=O)c3cc(C([*])=O)cc(N4C(=O)C5CC=CCC5C4=O)c3)cc2)cc1,559.15
[*]Nc1ccc(Cc2ccc(NC(=O)c3cc(C([*])=O)cc(N4C(=O)C=CC4=O)c3)cc2)cc1,560.15
[*]Nc1ccc(Cc2ccc(NC(=O)c3cc(C([*])=O)cc(S(=O)(=O)c4ccccc4)c3)cc2)cc1,543.15
[*]Nc1ccc(Cc2ccc(NC(=O)c3ccc(C([*])=O)cc3)cc2)cc1,567.65
[*]Nc1ccc(Cc2ccc(NC(=O)c3ccc(Oc4ccc(C(=O)c5ccc(S(=O)(=O)c6ccc(C(=O)c7ccc(Oc8ccc(C([*])=O)cc8)cc7)cc6)cc5)cc4)cc3)cc2)cc1,513.15
[*]Nc1ccc(Cc2ccc(NC(=O)c3ccc(Oc4ccc(Oc5ccc(C([*])=O)cc5)cc4)cc3)cc2)cc1,489.15
[*]Nc1ccc(Cc2ccc(NC(=O)c3ccc(Oc4ccc(Oc5ccc(C([*])=O)cc5)cc4-c4ccccc4)cc3)cc2)cc1,491.15
[*]Nc1ccc(Cc2ccc(NC(=O)c3ccc(Oc4nc(Oc5ccc(C([*])=O)cc5)nc(Sc5ccccc5)n4)cc3)cc2)cc1,575.15
[*]Nc1ccc(Cc2ccc(NC(=O)c3ccc(P(=O)(c4ccccc4)c4ccc(C([*])=O)cc4)cc3)cc2)cc1,580.15
[*]Nc1ccc(Cc2ccc(NC(=O)c3ccc4c(c3)C(=O)N(c3ccc(-c5sc(-c6ccc(N7C(=O)c8ccc(C([*])=O)cc8C7=O)cc6)c(-c6ccccc6)c5-c5ccccc5)cc3)C4=O)cc2)cc1,526.15
[*]Nc1ccc(Cc2ccc(NC(=O)c3ccc4c(c3)C(=O)N(c3ccc(C([*])=O)cc3)C4=O)cc2)cc1,495.15
[*]Nc1ccc(Cc2ccc(NC(=O)c3ccc4c(c3)C(=O)N(c3ccc(Oc5ccc(N6C(=O)c7ccc(C([*])=O)cc7C6=O)cc5)cc3)C4=O)cc2)cc1,543.15
[*]Nc1ccc(Cc2ccc(NC(=O)c3ccc4c(c3)C(=O)N(c3ccc(Oc5ccc6ccc(Oc7ccc(N8C(=O)c9ccc(C([*])=O)cc9C8=O)cc7)cc6c5)cc3)C4=O)cc2)cc1,546.15
[*]Nc1ccc(Cc2ccc(NC(=O)c3ccc4c(c3)C(=O)N(c3ccc(S(=O)(=O)c5ccc(N6C(=O)c7ccc(C([*])=O)cc7C6=O)cc5)cc3)C4=O)cc2)cc1,597.15
[*]Nc1ccc(Cc2ccc(NC(=O)c3ccc4c(c3)C(=O)N(c3cccc(P(=O)(c5ccccc5)c5cccc(N6C(=O)c7ccc(C([*])=O)cc7C6=O)c5)c3)C4=O)cc2)cc1,506.15
[*]Nc1ccc(Cc2ccc(NC(=O)c3cccc(C([*])=O)c3)cc2)cc1,538.15
[*]Nc1ccc(Cc2ccc(NC3CC(=O)N(c4ccc(Cc5ccc(N6C(=O)CC([*])C6=O)cc5)cc4)C3=O)cc2)cc1,512.15
[*]Nc1ccc(N(c2ccc(NC3CC(=O)N(c4ccc(Cc5ccc(N6C(=O)CC([*])C6=O)cc5)cc4)C3=O)cc2)c2ccc([N+](=O)[O-])cc2)cc1,549.15
[*]Nc1ccc(N(c2ccc(Nc3ccc([N+](=O)[O-])cc3)cc2)c2ccc(NC3CC(=O)N(c4ccc(Cc5ccc(N6C(=O)CC([*])C6=O)cc5)cc4)C3=O)cc2)cc1,597.15
[*]Nc1ccc(N2C(=O)CC(N3C(=O)c4ccc(C([*])=O)cc4C3=O)C2=O)cc1,393.15
[*]Nc1ccc(N2C(=O)c3ccc(-c4ccc5c(c4)C(=O)N(c4ccc(C([*])=O)cc4)C5=O)cc3C2=O)cc1,608.15
[*]Nc1ccc(N2C(=O)c3ccc(C(=O)Nc4ccc(-c5cc(-c6ccccc6)cc(-c6ccc(NC(=O)c7ccc8c(c7)C(=O)N(c7ccc(NC([*])=O)cc7)C8=O)cc6)n5)cc4)cc3C2=O)cc1,488.15
[*]Nc1ccc(N2C(=O)c3ccc(C(=O)Nc4ccc(-c5ccc(NC(=O)c6ccc7c(c6)C(=O)N(c6ccc(NC([*])=O)cc6)C7=O)cc5)cc4)cc3C2=O)cc1,506.15
[*]Nc1ccc(N2C(=O)c3ccc(C(=O)Nc4ccc(C(=O)c5ccc(NC(=O)c6ccc7c(c6)C(=O)N(c6ccc(NC([*])=O)cc6)C7=O)cc5)cc4)cc3C2=O)cc1,485.15
[*]Nc1ccc(N2C(=O)c3ccc(C(=O)Nc4ccc(Cc5ccc(NC(=O)c6ccc7c(c6)C(=O)N(c6ccc(NC([*])=O)cc6)C7=O)cc5)cc4)cc3C2=O)cc1,484.15
[*]Nc1ccc(N2C(=O)c3ccc(C(=O)Nc4ccc(NC(=O)c5ccc6c(c5)C(=O)N(c5ccc(NC([*])=O)cc5)C6=O)cc4)cc3C2=O)cc1,489.15
[*]Nc1ccc(N2C(=O)c3ccc(C(=O)Nc4ccc(Oc5ccc(NC(=O)c6ccc7c(c6)C(=O)N(c6ccc(NC([*])=O)cc6)C7=O)cc5)cc4)cc3C2=O)cc1,478.15
[*]Nc1ccc(N2C(=O)c3ccc(C(=O)Nc4ccc(S(=O)(=O)c5ccc(NC(=O)c6ccc7c(c6)C(=O)N(c6ccc(NC([*])=O)cc6)C7=O)cc5)cc4)cc3C2=O)cc1,478.15
[*]Nc1ccc(N2C(=O)c3ccc(C(=O)Nc4ccc5c(c4)Cc4cc(NC(=O)c6ccc7c(c6)C(=O)N(c6ccc(NC([*])=O)cc6)C7=O)ccc4-5)cc3C2=O)cc1,497.15
[*]Nc1ccc(N2C(=O)c3ccc(C(=O)c4ccc5c(c4)C(=O)N(c4ccc(C([*])=O)cc4)C5=O)cc3C2=O)cc1,573.15
[*]Nc1ccc(N2C(=O)c3ccc(C(=O)c4ccc5c(c4)C(=O)N(c4ccc(NC(=O)c6cccc(C([*])=O)c6)cc4)C5=O)cc3C2=O)cc1,520.15
[*]Nc1ccc(N2C(=O)c3ccc(C(=O)c4ccc5c(c4)C(=O)N(c4cccc(C([*])=O)c4)C5=O)cc3C2=O)cc1,581.15
[*]Nc1ccc(NC(=O)Nc2cc(NC([*])=O)cc(C(=O)Nc3ccc4c(c3)C(=O)c3ccccc3C4=O)c2)cc1,457.15
[*]Nc1ccc(NC(=O)Nc2cc(NC([*])=O)cc(C(=O)Nc3cccc4c3C(=O)c3ccccc3C4=O)c2)cc1,463.15
[*]Nc1ccc(NC(=O)Nc2ccc(-c3[nH]c(-c4ccc(-c5nc(-c6ccc([N+](=O)[O-])cc6)c(-c6ccc([N+](=O)[O-])cc6)[nH]5)cc4)nc3-c3ccc(NC([*])=O)cc3)cc2)cc1,545.15
[*]Nc1ccc(NC(=O)Nc2ccc(-c3[nH]c(-c4ccc([N+](=O)[O-])cc4)nc3-c3ccc(NC([*])=O)cc3)cc2)cc1,565.15
[*]Nc1ccc(NC(=O)Nc2ccc3c(c2)C(=O)N(c2ccc(-c4cc(-c5ccc(-c6ccccc6)cc5)cc(-c5ccc(N6C(=O)c7ccc(NC([*])=O)cc7C6=O)cc5)n4)cc2)C3=O)cc1,516.15
[*]Nc1ccc(NC(=O)c2cc(C([*])=O)cc(S(=O)(=O)c3ccccc3)c2)cc1,581.15
[*]Nc1ccc(NC(=O)c2cc(NC(=O)C34CC5CC(CC(C5)C3)C4)cc(C(=O)Nc3ccc(C([*])=O)cc3)c2)cc1,638.15
[*]Nc1ccc(NC(=O)c2ccc(-n3nc(-c4ccc(Oc5ccc(C([*])=O)cc5)c5ccccc45)c4ccccc4c3=O)cc2)cc1,620.65
[*]Nc1ccc(NC(=O)c2ccc(C([*])=O)cc2)cc1,568.15
[*]Nc1ccc(NC(=O)c2ccc(Oc3ccc(C(c4ccc(Oc5ccc(C([*])=O)cc5)cc4)(C(F)(F)F)C(F)(F)F)cc3)cc2)cc1,491.15
[*]Nc1ccc(NC(=O)c2ccc(Oc3ccc(C(c4ccccc4)(c4ccccc4)c4ccc(Oc5ccc(C([*])=O)cc5)cc4)cc3)cc2)cc1,527.15
[*]Nc1ccc(NC(=O)c2ccc(P(=O)(c3ccccc3)c3ccc(C(=O)Nc4ccc(C([*])=O)cc4)cc3)cc2)cc1,516.15
[*]Nc1ccc(NC(=O)c2ccc(P(=O)(c3ccccc3)c3ccc(C([*])=O)cc3)cc2)cc1,525.15
[*]Nc1ccc(NC(=O)c2ccc3[nH]c(-c4cc(-c5nc6cc(C([*])=O)ccc6[nH]5)cc(N5C(=O)c6ccccc6C5=O)c4)nc3c2)cc1,568.15
[*]Nc1ccc(NC(=O)c2ccc3[nH]c(-c4ccc(-c5nc6cc(C(=O)Nc7ccc(C([*])=O)cc7)ccc6[nH]5)cc4)nc3c2)cc1,573.15
[*]Nc1ccc(NC(=O)c2ccc3[nH]c(-c4ccc(C(=O)Nc5ccc(C([*])=O)cc5)cc4)nc3c2)cc1,568.15
[*]Nc1ccc(NC(=O)c2ccc3[nH]c(-c4cccc(-c5nc6cc(C(=O)Nc7ccc(C([*])=O)cc7)ccc6[nH]5)c4)nc3c2)cc1,595.15
[*]Nc1ccc(NC(=O)c2ccc3c(c2)C(=O)N(c2cc(-c4nc5ccccc5s4)cc(N4C(=O)c5ccc(C([*])=O)cc5C4=O)c2)C3=O)cc1,629.15
[*]Nc1ccc(NC(=O)c2ccc3c(c2)C(=O)N(c2ccc(-c4sc(-c5ccc(N6C(=O)c7ccc(C([*])=O)cc7C6=O)cc5)c(-c5ccccc5)c4-c4ccccc4)cc2)C3=O)cc1,606.15
[*]Nc1ccc(NC(=O)c2ccc3c(c2)C(=O)N(c2ccc(C([*])=O)cc2)C3=O)cc1,570.65
[*]Nc1ccc(NC(=O)c2ccc3c(c2)C(=O)N(c2ccc(NC(=O)Nc4ccc(N5C(=O)c6ccc(C(=O)Nc7ccc(NC([*])=O)cc7)cc6C5=O)cc4)cc2)C3=O)cc1,481.15
[*]Nc1ccc(NC(=O)c2ccc3c(c2)C(=O)N(c2ccc(Oc4cccc5c(N6C(=O)c7ccc(C([*])=O)cc7C6=O)cccc45)cc2)C3=O)cc1,580.15
[*]Nc1ccc(NC(=O)c2ccc3c(c2)C(=O)N(c2ccc(S(=O)(=O)c4ccc(N5C(=O)c6ccc(C([*])=O)cc6C5=O)cc4)cc2)C3=O)cc1,641.15
[*]Nc1ccc(NC(=O)c2ccc3c(c2)C(=O)N(c2cccc(N4C(=O)c5ccc(C([*])=O)cc5C4=O)c2)C3=O)cc1,614.15
[*]Nc1ccc(NC(=O)c2ccc3c(c2)C(=O)N(c2cccc(P(=O)(c4ccccc4)c4cccc(N5C(=O)c6ccc(C([*])=O)cc6C5=O)c4)c2)C3=O)cc1,477.15
[*]Nc1ccc(NC(=O)c2cccc(C(=O)c3ccc(C([*])=O)cc3)c2)cc1,530.65
[*]Nc1ccc(NC(=O)c2cccc(C([*])=O)c2)cc1,568.15
[*]Nc1ccc(NC(=O)c2cccc(N3C(=O)c4ccc(C(c5ccc6c(c5)C(=O)N(c5cccc(C(=O)Nc7ccc(C([*])=O)cc7)c5)C6=O)(C(F)(F)F)C(F)(F)F)cc4C3=O)c2)cc1,601.15
[*]Nc1ccc(NC(=O)c2cccc(N3C(=O)c4ccc(C(c5ccc6c(c5)C(=O)N(c5cccc(C([*])=O)c5)C6=O)(C(F)(F)F)C(F)(F)F)cc4C3=O)c2)cc1,584.15
[*]Nc1ccc(NC(=O)c2cccc(N3C(=O)c4cccc(-c5ccc6c(c5)C(=O)N(c5cccc(C([*])=O)c5)C6=O)c4C3=O)c2)cc1,601.15
[*]Nc1ccc(OC(=O)c2ccc([Si](c3ccccc3)(c3ccccc3)c3ccc(C([*])=O)cc3)cc2)cc1,508.15
[*]Nc1ccc(OC2COC3C(Oc4ccc(NC(=O)c5ccc(C([*])=O)cc5)cc4)COC23)cc1,330.15
[*]Nc1ccc(OC2COC3C(Oc4ccc(NC(=O)c5ccc(OC6COC7C(Oc8ccc(C([*])=O)cc8)COC67)cc5)cc4)COC23)cc1,438.15
[*]Nc1ccc(OC2COC3C(Oc4ccc(NC(=O)c5cccc(C([*])=O)c5)cc4)COC23)cc1,491.15
[*]Nc1ccc(OCCCCCCCCOc2ccc(NC(=O)c3cccc(C([*])=O)c3)cc2)cc1,401.15
[*]Nc1ccc(OCCCCCOc2ccc(NC(=O)c3cccc(C([*])=O)c3)cc2)cc1,428.15
[*]Nc1ccc(OCCOCCOCCOc2ccc(NC(=O)c3cccc(C([*])=O)c3)cc2)cc1,402.15
[*]Nc1ccc(OCCOCCOc2ccc(NC(=O)c3cccc(C([*])=O)c3)cc2)cc1,428.15
[*]Nc1ccc(OP(=O)(Oc2ccc(NC(=O)OCCCCCCOC([*])=O)cc2)c2ccccc2)cc1,270.15
[*]Nc1ccc(OP(=O)(Oc2ccc(NC(=O)Oc3ccc(-c4ccc(OC([*])=O)cc4)cc3)cc2)c2ccccc2)cc1,307.15
[*]Nc1ccc(Oc2ccc(-c3ccc(Oc4ccc(NC(=O)c5ccc(N6C(=O)c7ccc(C(c8ccc9c(c8)C(=O)N(c8ccc(C([*])=O)cc8)C9=O)(C(F)(F)F)C(F)(F)F)cc7C6=O)cc5)cc4)cc3)cc2)cc1,569.15
[*]Nc1ccc(Oc2ccc(-c3ccc(Oc4ccc(NC(=O)c5ccc(Oc6ccc(Oc7ccc(C([*])=O)cc7)cc6-c6ccccc6)cc5)cc4)cc3)cc2)cc1,505.15
[*]Nc1ccc(Oc2ccc(-c3ccc(Oc4ccc(NC(=O)c5ccc6c(c5)C(=O)N(c5ccc(Oc7ccc(N8C(=O)c9ccc(C([*])=O)cc9C8=O)cc7)cc5)C6=O)cc4)cc3)cc2)cc1,535.15
[*]Nc1ccc(Oc2ccc(-c3ccc(Oc4ccc(NC(=O)c5ccc6c(c5)C(=O)N(c5ccc(Oc7ccc(S(=O)(=O)c8ccc(Oc9ccc(N%10C(=O)c%11ccc(C([*])=O)cc%11C%10=O)cc9)cc8)cc7)cc5)C6=O)cc4)cc3)cc2)cc1,540.15
[*]Nc1ccc(Oc2ccc(-c3ccc(Oc4ccc(NC(=O)c5ccc6c(c5)C(=O)N(c5ccc(Oc7cccc8c(Oc9ccc(N%10C(=O)c%11ccc(C([*])=O)cc%11C%10=O)cc9)cccc78)cc5)C6=O)cc4)cc3)cc2)cc1,583.15
[*]Nc1ccc(Oc2ccc(-c3ccc(Oc4ccc(NC(=O)c5ccc6c(c5)C(=O)N(c5ccc(Oc7ccccc7-c7ccccc7Oc7ccc(N8C(=O)c9ccc(C([*])=O)cc9C8=O)cc7)cc5)C6=O)cc4)cc3)cc2)cc1,527.15
[*]Nc1ccc(Oc2ccc(-c3ccc(Oc4ccc(NC(=O)c5ccc6c(c5)C(=O)N(c5cccc(N7C(=O)c8ccc(C([*])=O)cc8C7=O)c5)C6=O)cc4)cc3)cc2)cc1,565.15
[*]Nc1ccc(Oc2ccc(-c3ccc(Oc4ccc(NC(=O)c5cccc(N6C(=O)c7ccc(-c8ccc9c(c8)C(=O)N(c8cccc(C([*])=O)c8)C9=O)cc7C6=O)c5)cc4)cc3)cc2)cc1,543.15
[*]Nc1ccc(Oc2ccc(-c3ccc(Oc4ccc(NC(=O)c5cccc(N6C(=O)c7ccc(-c8cccc9c8C(=O)N(c8cccc(C([*])=O)c8)C9=O)cc7C6=O)c5)cc4)cc3)cc2)cc1,548.15
[*]Nc1ccc(Oc2ccc(-c3ccc(Oc4ccc(NC(=O)c5cccc(N6C(=O)c7ccc(C(c8ccc9c(c8)C(=O)N(c8cccc(C([*])=O)c8)C9=O)(C(F)(F)F)C(F)(F)F)cc7C6=O)c5)cc4)cc3)cc2)cc1,553.15
[*]Nc1ccc(Oc2ccc(-c3nnc(-c4ccc(Oc5ccc(NC(=O)c6cc(C([*])=O)cc(N7C(=O)c8ccccc8C7=O)c6)cc5)cc4)o3)cc2)cc1,558.15
[*]Nc1ccc(Oc2ccc(-c3nnc(-c4ccc(Oc5ccc(NC(=O)c6ccc(C([*])=O)cc6Oc6ccccc6)cc5)cc4)o3)cc2)cc1,518.15
[*]Nc1ccc(Oc2ccc(-n3c(=O)c4cc5c(=O)n(-c6ccc(Oc7ccc(NC(=O)c8cccc(C([*])=O)c8)cc7)cc6)c(=O)c5cc4c3=O)cc2)cc1,555.15
[*]Nc1ccc(Oc2ccc(C(=O)c3ccc(Oc4ccc(NC(=O)c5ccc(C([*])=O)cc5)cc4)cc3)cc2)cc1,433.15
[*]Nc1ccc(Oc2ccc(C(=O)c3ccc(Oc4ccc(NC(=O)c5ccc(C([*])=O)cn5)cc4)cc3)cc2)cc1,443.15
[*]Nc1ccc(Oc2ccc(C(=O)c3ccc(Oc4ccc(NC(=O)c5cccc(C([*])=O)c5)cc4)cc3)cc2)cc1,418.15
[*]Nc1ccc(Oc2ccc(C(=O)c3ccc(Oc4cccc(NC(=O)c5ccc(C([*])=O)cc5)c4)cc3)cc2)cc1,399.15
[*]Nc1ccc(Oc2ccc(C(=O)c3ccc(Oc4cccc(NC(=O)c5cccc(C([*])=O)c5)c4)cc3)cc2)cc1,387.15
[*]Nc1ccc(Oc2ccc(C([*])=O)cc2)cc1,498.15
[*]Nc1ccc(Oc2ccc(C(c3ccc(Oc4ccc(NC(=O)c5cc(C([*])=O)cc([N+](=O)[O-])c5)cc4)cc3)(C(F)(F)F)C(F)(F)F)cc2)cc1,505.15
[*]Nc1ccc(Oc2ccc(C(c3ccc(Oc4ccc(NC(=O)c5cc6cc(Cc7ccc8oc(=O)c(C([*])=O)cc8c7)ccc6oc5=O)cc4)cc3)(C(F)(F)F)C(F)(F)F)cc2)cc1,556.15
[*]Nc1ccc(Oc2ccc(C(c3ccc(Oc4ccc(NC(=O)c5ccc(C([*])=O)cc5)cc4)cc3)(C(F)(F)F)C(F)(F)F)cc2)cc1,516.15
[*]Nc1ccc(Oc2ccc(C(c3ccc(Oc4ccc(NC(=O)c5ccc(N6C(=O)c7ccc(C(c8ccc9c(c8)C(=O)N(c8ccc(C([*])=O)cc8)C9=O)(C(F)(F)F)C(F)(F)F)cc7C6=O)cc5)cc4)cc3)(C(F)(F)F)C(F)(F)F)cc2)cc1,566.15
[*]Nc1ccc(Oc2ccc(C(c3ccc(Oc4ccc(NC(=O)c5ccc(Oc6ccc7ccc(Oc8ccc(C([*])=O)cc8)cc7c6)cc5)cc4)cc3)(C(F)(F)F)C(F)(F)F)cc2)cc1,436.15
[*]Nc1ccc(Oc2ccc(C(c3ccc(Oc4ccc(NC(=O)c5ccc(S(=O)(=O)c6ccc(C([*])=O)cc6)cc5)cc4)cc3)(C(F)(F)F)C(F)(F)F)cc2)cc1,523.15
[*]Nc1ccc(Oc2ccc(C(c3ccc(Oc4ccc(NC(=O)c5ccc6c(c5)C(=O)N(c5ccc(Oc7ccc(C8(c9ccc(Oc%10ccc(N%11C(=O)c%12ccc(C([*])=O)cc%12C%11=O)cc%10)cc9)CC9CC8C8CCCC98)cc7)cc5)C6=O)cc4)cc3)(C(F)(F)F)C(F)(F)F)cc2)cc1,527.15
[*]Nc1ccc(Oc2ccc(C(c3ccc(Oc4ccc(NC(=O)c5ccc6c(c5)C(=O)N(c5ccc(Oc7ccc8ccc(Oc9ccc(N%10C(=O)c%11ccc(C([*])=O)cc%11C%10=O)cc9)cc8c7)cc5)C6=O)cc4)cc3)(C(F)(F)F)C(F)(F)F)cc2)cc1,523.15
[*]Nc1ccc(Oc2ccc(C(c3ccc(Oc4ccc(NC(=O)c5ccc6c(c5)C(=O)N(c5ccc(Oc7cccc8c(Oc9ccc(N%10C(=O)c%11ccc(C([*])=O)cc%11C%10=O)cc9)cccc78)cc5)C6=O)cc4)cc3)(C(F)(F)F)C(F)(F)F)cc2)cc1,504.15
[*]Nc1ccc(Oc2ccc(C(c3ccc(Oc4ccc(NC(=O)c5cccc(C([*])=O)c5)cc4)cc3)(C(F)(F)F)C(F)(F)F)cc2)cc1,501.65
[*]Nc1ccc(Oc2ccc(C(c3ccc(Oc4ccc(NC(=O)c5cccc(N6C(=O)c7ccc(C(c8ccc9c(c8)C(=O)N(c8cccc(C([*])=O)c8)C9=O)(C(F)(F)F)C(F)(F)F)cc7C6=O)c5)cc4)cc3)(C(F)(F)F)C(F)(F)F)cc2)cc1,539.15
[*]Nc1ccc(Oc2ccc(C3(c4ccc(Oc5ccc(NC(=O)c6ccc(-c7ccc(C([*])=O)cc7)cc6)cc5)cc4)CC4CCC3C4)cc2)cc1,569.15
[*]Nc1ccc(Oc2ccc(C3(c4ccc(Oc5ccc(NC(=O)c6ccc(C([*])=O)c7ccccc67)cc5)cc4)C4CC5CC(C4)CC3C5)cc2)cc1,542.15
[*]Nc1ccc(Oc2ccc(C3(c4ccc(Oc5ccc(NC(=O)c6ccc(C([*])=O)cc6)cc5)cc4)C4CC5CC(C4)CC3C5)cc2)cc1,537.15
[*]Nc1ccc(Oc2ccc(C3(c4ccc(Oc5ccc(NC(=O)c6ccc(C([*])=O)cc6)cc5)cc4)CC4CCC3C4)cc2)cc1,554.15
[*]Nc1ccc(Oc2ccc(C3(c4ccc(Oc5ccc(NC(=O)c6ccc(C(c7ccc(C([*])=O)cc7)(C(F)(F)F)C(F)(F)F)cc6)cc5)cc4)C4CC5CC(C4)CC3C5)cc2)cc1,514.15
[*]Nc1ccc(Oc2ccc(C3(c4ccc(Oc5ccc(NC(=O)c6ccc(Oc7ccc(C([*])=O)cc7)cc6)cc5)cc4)C4CC5CC(C4)CC3C5)cc2)cc1,503.15
[*]Nc1ccc(Oc2ccc(C3(c4ccc(Oc5ccc(NC(=O)c6ccc(S(=O)(=O)c7ccc(C([*])=O)cc7)cc6)cc5)cc4)C4CC5CC(C4)CC3C5)cc2)cc1,525.15
[*]Nc1ccc(Oc2ccc(C3(c4ccc(Oc5ccc(NC(=O)c6ccc(S(=O)(=O)c7ccc(C([*])=O)cc7)cc6)cc5)cc4)CC4CCC3C4)cc2)cc1,560.15
[*]Nc1ccc(Oc2ccc(C3(c4ccc(Oc5ccc(NC(=O)c6ccc7c(c6)C(=O)N(c6ccc(Cc8ccc(N9C(=O)c%10ccc(C([*])=O)cc%10C9=O)cc8)cc6)C7=O)cc5)cc4)NC(=O)c4ccccc43)cc2)cc1,575.15
[*]Nc1ccc(Oc2ccc(C3(c4ccc(Oc5ccc(NC(=O)c6ccc7c(c6)C(=O)N(c6ccc(N8C(=O)c9ccc(C([*])=O)cc9C8=O)cc6)C7=O)cc5)cc4)NC(=O)c4ccccc43)cc2)cc1,595.15
[*]Nc1ccc(Oc2ccc(C3(c4ccc(Oc5ccc(NC(=O)c6ccc7c(c6)C(=O)N(c6ccc(Oc8ccc(C9(c%10ccc(Oc%11ccc(N%12C(=O)c%13ccc(C([*])=O)cc%13C%12=O)cc%11)cc%10)NC(=O)c%10ccccc%109)cc8)cc6)C7=O)cc5)cc4)NC(=O)c4ccccc43)cc2)cc1,603.15
[*]Nc1ccc(Oc2ccc(C3(c4ccc(Oc5ccc(NC(=O)c6ccc7c(c6)C(=O)N(c6ccc(Oc8ccc(N9C(=O)c%10ccc(C([*])=O)cc%10C9=O)cc8)cc6)C7=O)cc5)cc4)NC(=O)c4ccccc43)cc2)cc1,593.15
[*]Nc1ccc(Oc2ccc(C3(c4ccc(Oc5ccc(NC(=O)c6ccc7c(c6)C(=O)N(c6ccc(Oc8ccc(Oc9ccc(N%10C(=O)c%11ccc(C([*])=O)cc%11C%10=O)cc9)cc8)cc6)C7=O)cc5)cc4)NC(=O)c4ccccc43)cc2)cc1,557.15
[*]Nc1ccc(Oc2ccc(C3(c4ccc(Oc5ccc(NC(=O)c6ccc7c(c6)C(=O)N(c6ccc(Oc8ccc(S(=O)(=O)c9ccc(Oc%10ccc(N%11C(=O)c%12ccc(C([*])=O)cc%12C%11=O)cc%10)cc9)cc8)cc6)C7=O)cc5)cc4)NC(=O)c4ccccc43)cc2)cc1,556.15
[*]Nc1ccc(Oc2ccc(C3(c4ccc(Oc5ccc(NC(=O)c6ccc7c(c6)C(=O)N(c6ccc(Oc8cccc(Oc9ccc(N%10C(=O)c%11ccc(C([*])=O)cc%11C%10=O)cc9)c8)cc6)C7=O)cc5)cc4)NC(=O)c4ccccc43)cc2)cc1,540.15
[*]Nc1ccc(Oc2ccc(C3(c4ccc(Oc5ccc(NC(=O)c6ccc7c(c6)C(=O)N(c6ccc(Sc8ccc(N9C(=O)c%10ccc(C([*])=O)cc%10C9=O)cc8)cc6)C7=O)cc5)cc4)NC(=O)c4ccccc43)cc2)cc1,571.15
[*]Nc1ccc(Oc2ccc(C3(c4ccc(Oc5ccc(NC(=O)c6ccc7c(c6)C(=O)N(c6cccc(N8C(=O)c9ccc(C([*])=O)cc9C8=O)c6)C7=O)cc5)cc4)NC(=O)c4ccccc43)cc2)cc1,593.15
[*]Nc1ccc(Oc2ccc(C3(c4ccc(Oc5ccc(NC(=O)c6ccc7c(c6)C(=O)N(c6cccc(Oc8ccc(N9C(=O)c%10ccc(C([*])=O)cc%10C9=O)cc8)c6)C7=O)cc5)cc4)NC(=O)c4ccccc43)cc2)cc1,545.15
[*]Nc1ccc(Oc2ccc(C3(c4ccc(Oc5ccc(NC(=O)c6ccc7cc(C([*])=O)ccc7c6)cc5)cc4)C4CC5CC(C4)CC3C5)cc2)cc1,539.15
[*]Nc1ccc(Oc2ccc(C3(c4ccc(Oc5ccc(NC(=O)c6ccc7cc(C([*])=O)ccc7c6)cc5)cc4)CC4CCC3C4)cc2)cc1,549.15
[*]Nc1ccc(Oc2ccc(C3(c4ccc(Oc5ccc(NC(=O)c6cccc(C([*])=O)c6)cc5)cc4)C4CC5CC(C4)CC3C5)cc2)cc1,546.15
[*]Nc1ccc(Oc2ccc(C3(c4ccc(Oc5ccc(NC(=O)c6cccc(C([*])=O)c6)cc5)cc4)CC4CCC3C4)cc2)cc1,529.15
[*]Nc1ccc(Oc2ccc(C34CC5CC(CC(C5)C3)C4)c(Oc3ccc(NC(=O)c4cc(NC(=O)C56CC7CC(CC(C7)C5)C6)cc(C([*])=O)c4)cc3)c2)cc1,618.15
[*]Nc1ccc(Oc2ccc(N3C(=O)CC(N4C(=O)c5ccc(C([*])=O)cc5C4=O)C3=O)cc2)cc1,496.15
[*]Nc1ccc(Oc2ccc(N3C(=O)c4ccc(C(=O)c5ccc6c(c5)C(=O)N(c5ccc(Oc7ccc(NC(=O)c8cccc(C([*])=O)c8)cc7)cc5)C6=O)cc4C3=O)cc2)cc1,505.15
[*]Nc1ccc(Oc2ccc(N3C(=O)c4ccc(C([*])=O)cc4C3=O)cc2)cc1,568.15
[*]Nc1ccc(Oc2ccc(N3C(=O)c4ccc(Oc5ccc(C([*])=O)cc5)cc4C3=O)cc2)cc1,535.15
[*]Nc1ccc(Oc2ccc(N3C(=O)c4ccc(Oc5cccc(C([*])=O)c5)cc4C3=O)cc2)cc1,504.15
[*]Nc1ccc(Oc2ccc(N3C(=O)c4cccc(Oc5ccc(C([*])=O)cc5)c4C3=O)cc2)cc1,526.15
[*]Nc1ccc(Oc2ccc(NC(=C(C#N)C#N)c3ccc(-c4ccc(-c5ccc(C([*])=C(C#N)C#N)cc5)cc4)cc3)cc2)cc1,513.15
[*]Nc1ccc(Oc2ccc(NC(=C(C#N)C#N)c3ccc(-c4ccc(C([*])=C(C#N)C#N)cc4)cc3)cc2)cc1,493.15
[*]Nc1ccc(Oc2ccc(NC(=C(C#N)C#N)c3ccc(C([*])=C(C#N)C#N)cc3)cc2)cc1,547.15
[*]Nc1ccc(Oc2ccc(NC(=C(C#N)C#N)c3ccc4cc(C([*])=C(C#N)C#N)ccc4c3)cc2)cc1,553.15
[*]Nc1ccc(Oc2ccc(NC(=O)Nc3ccc4c(c3)C(=O)N(c3ccc(-c5cc(-c6ccc(-c7ccccc7)cc6)cc(-c6ccc(N7C(=O)c8ccc(NC([*])=O)cc8C7=O)cc6)n5)cc3)C4=O)cc2)cc1,514.15
[*]Nc1ccc(Oc2ccc(NC(=O)Nc3ccc4c(c3)C(=O)N(c3ccc(Oc5ccc6ccccc6c5-c5c(Oc6ccc(N7C(=O)c8ccc(NC([*])=O)cc8C7=O)cc6)ccc6ccccc56)cc3)C4=O)cc2)cc1,547.15
[*]Nc1ccc(Oc2ccc(NC(=O)Nc3ccccc3CCc3ccccc3NC([*])=O)cc2)cc1,505.15
[*]Nc1ccc(Oc2ccc(NC(=O)c3cc(C([*])=O)cc(C(F)(F)C(F)(F)C(F)(F)C(F)(F)C(F)(F)C(F)(F)C(F)(F)C(F)(F)F)c3)cc2)cc1,503.15
[*]Nc1ccc(Oc2ccc(NC(=O)c3cc(C([*])=O)cc(C(F)(F)C(F)(F)C(F)(F)C(F)(F)F)c3)cc2)cc1,530.15
[*]Nc1ccc(Oc2ccc(NC(=O)c3cc(C([*])=O)cc(S(=O)(=O)c4ccccc4)c3)cc2)cc1,552.15
[*]Nc1ccc(Oc2ccc(NC(=O)c3cc(NC(=O)C45CC6CC(CC(C6)C4)C5)cc(C([*])=O)c3)cc2)cc1,608.15
[*]Nc1ccc(Oc2ccc(NC(=O)c3cc4cc(Cc5ccc6oc(=O)c(C([*])=O)cc6c5)ccc4oc3=O)cc2)cc1,585.15
[*]Nc1ccc(Oc2ccc(NC(=O)c3ccc(-n4c(=O)c5cc6c(=O)n(-c7ccc(C([*])=O)cc7)c(=O)c6cc5c4=O)cc3)cc2)cc1,633.15
[*]Nc1ccc(Oc2ccc(NC(=O)c3ccc(-n4nc(-c5ccc(Oc6ccc(C([*])=O)cc6)c6ccccc56)c5ccccc5c4=O)cc3)cc2)cc1,590.65
[*]Nc1ccc(Oc2ccc(NC(=O)c3ccc(-n4nc(-c5ccc(Oc6ccc(C([*])=O)cc6)cc5)c5ccccc5c4=O)cc3)cc2)cc1,553.15
[*]Nc1ccc(Oc2ccc(NC(=O)c3ccc(C(=O)Nc4ccc(Oc5ccc(NC(=C(C#N)C#N)c6cccc(C([*])=C(C#N)C#N)c6)cc5)cc4)cc3)cc2)cc1,547.15
[*]Nc1ccc(Oc2ccc(NC(=O)c3ccc(C([*])=O)cc3)cc2)cc1,513.65
[*]Nc1ccc(Oc2ccc(NC(=O)c3ccc(N4C(=O)c5ccc(C(c6ccc7c(c6)C(=O)N(c6ccc(C([*])=O)cc6)C7=O)(C(F)(F)F)C(F)(F)F)cc5C4=O)cc3)cc2)cc1,595.15
[*]Nc1ccc(Oc2ccc(NC(=O)c3ccc(Oc4ccc(C([*])=O)cc4)cc3)cc2)cc1,547.15
[*]Nc1ccc(Oc2ccc(NC(=O)c3ccc(Oc4ccc(Oc5ccc(C([*])=O)cc5)cc4-c4ccccc4)cc3)cc2)cc1,492.15
[*]Nc1ccc(Oc2ccc(NC(=O)c3ccc(P(=O)(c4ccccc4)c4ccc(C([*])=O)cc4)cc3)cc2)cc1,527.15
[*]Nc1ccc(Oc2ccc(NC(=O)c3ccc4c(c3)C(=O)N(C3CCC(CC5CCC(N6C(=O)c7ccc(C([*])=O)cc7C6=O)CC5)CC3)C4=O)cc2)cc1,523.15
[*]Nc1ccc(Oc2ccc(NC(=O)c3ccc4c(c3)C(=O)N(c3ccc(-c5sc(-c6ccc(N7C(=O)c8ccc(C([*])=O)cc8C7=O)cc6)c(-c6ccccc6)c5-c5ccccc5)cc3)C4=O)cc2)cc1,593.15
[*]Nc1ccc(Oc2ccc(NC(=O)c3ccc4c(c3)C(=O)N(c3ccc(C([*])=O)cc3)C4=O)cc2)cc1,569.15
[*]Nc1ccc(Oc2ccc(NC(=O)c3ccc4c(c3)C(=O)N(c3ccc(Cc5ccc(N6C(=O)c7ccc(C([*])=O)cc7C6=O)cc5)cc3)C4=O)cc2)cc1,524.15
[*]Nc1ccc(Oc2ccc(NC(=O)c3ccc4c(c3)C(=O)N(c3ccc(Oc5ccc(C6(c7ccc(Oc8ccc(N9C(=O)c%10ccc(C([*])=O)cc%10C9=O)cc8)cc7)CC7CC6C6CCCC76)cc5)cc3)C4=O)cc2)cc1,523.15
[*]Nc1ccc(Oc2ccc(NC(=O)c3ccc4c(c3)C(=O)N(c3ccc(Oc5ccc(C6(c7ccc(Oc8ccc(N9C(=O)c%10ccc(C([*])=O)cc%10C9=O)cc8)cc7)NC(=O)c7ccccc76)cc5)cc3)C4=O)cc2)cc1,598.15
[*]Nc1ccc(Oc2ccc(NC(=O)c3ccc4c(c3)C(=O)N(c3ccc(Oc5ccc(N6C(=O)c7ccc(C([*])=O)cc7C6=O)cc5)cc3)C4=O)cc2)cc1,555.15
[*]Nc1ccc(Oc2ccc(NC(=O)c3ccc4c(c3)C(=O)N(c3ccc(Oc5ccc(N6C(=O)c7ccc(C([*])=O)cc7C6=O)cc5-c5ccccc5)c(-c5ccccc5)c3)C4=O)cc2)cc1,618.15
[*]Nc1ccc(Oc2ccc(NC(=O)c3ccc4c(c3)C(=O)N(c3ccc(Oc5ccc(N6C(=O)c7ccc(C([*])=O)cc7C6=O)cc5-c5ccccc5)c(-c5ccccc5)c3)C4=O)cc2-c2ccccc2)c(-c2ccccc2)c1,642.15
[*]Nc1ccc(Oc2ccc(NC(=O)c3ccc4c(c3)C(=O)N(c3ccc(Oc5cccc6c(N7C(=O)c8ccc(C([*])=O)cc8C7=O)cccc56)cc3)C4=O)cc2)cc1,551.15
[*]Nc1ccc(Oc2ccc(NC(=O)c3ccc4c(c3)C(=O)N(c3ccc(S(=O)(=O)c5ccc(N6C(=O)c7ccc(C([*])=O)cc7C6=O)cc5)cc3)C4=O)cc2)cc1,554.15
[*]Nc1ccc(Oc2ccc(NC(=O)c3ccc4c(c3)C(=O)N(c3cccc(P(=O)(c5ccccc5)c5cccc(N6C(=O)c7ccc(C([*])=O)cc7C6=O)c5)c3)C4=O)cc2)cc1,508.15
[*]Nc1ccc(Oc2ccc(NC(=O)c3cccc(C([*])=O)c3)cc2)cc1,537.15
[*]Nc1ccc(Oc2ccc(NC(=O)c3cccc(N4C(=O)c5ccc(-c6ccc7c(c6)C(=O)N(c6cccc(C([*])=O)c6)C7=O)cc5C4=O)c3)cc2)cc1,526.15
[*]Nc1ccc(Oc2ccc(NC(=O)c3cccc(N4C(=O)c5ccc(-c6cccc7c6C(=O)N(c6cccc(C([*])=O)c6)C7=O)cc5C4=O)c3)cc2)cc1,564.15
[*]Nc1ccc(Oc2ccc(NC(=O)c3cccc(N4C(=O)c5ccc(C(c6ccc7c(c6)C(=O)N(c6cccc(C([*])=O)c6)C7=O)(C(F)(F)F)C(F)(F)F)cc5C4=O)c3)cc2)cc1,571.15
[*]Nc1ccc(Oc2ccc(Nc3ccc(/N=N/c4ccc([*])cc4)cc3)cc2)cc1,442.15
[*]Nc1ccc(Oc2ccc(Nc3ccc4c(c3)c3cc([*])ccc3n4CC(CC)CCCC)cc2)cc1,493.15
[*]Nc1ccc(Oc2ccc(Oc3ccc(N4C(=O)c5ccc(C([*])=O)cc5C4=O)cc3)cc2)cc1,523.15
[*]Nc1ccc(Oc2ccc(Oc3ccc(N4C(=O)c5ccc(Oc6ccc(C([*])=O)cc6)cc5C4=O)cc3)cc2)cc1,515.15
[*]Nc1ccc(Oc2ccc(Oc3ccc(N4C(=O)c5ccc(Oc6cccc(C([*])=O)c6)cc5C4=O)cc3)cc2)cc1,486.15
[*]Nc1ccc(Oc2ccc(Oc3ccc(N4C(=O)c5cccc(Oc6ccc(C([*])=O)cc6)c5C4=O)cc3)cc2)cc1,517.15
[*]Nc1ccc(Oc2ccc(Oc3ccc(NC(=C(C#N)C#N)c4ccc(C([*])=C(C#N)C#N)cc4)cc3)cc2)cc1,528.15
[*]Nc1ccc(Oc2ccc(Oc3ccc(NC(=C(C#N)C#N)c4cccc(C([*])=C(C#N)C#N)c4)cc3)cc2)cc1,501.15
[*]Nc1ccc(Oc2ccc(Oc3ccc(NC(=O)c4cc5cc(Cc6ccc7oc(=O)c(C([*])=O)cc7c6)ccc5oc4=O)cc3)cc2)cc1,563.15
[*]Nc1ccc(Oc2ccc(Oc3ccc(NC(=O)c4ccc(-n5nc(-c6ccc(Oc7ccc(C([*])=O)cc7)c7ccccc67)c6ccccc6c5=O)cc4)cc3)cc2)cc1,562.65
[*]Nc1ccc(Oc2ccc(Oc3ccc(NC(=O)c4ccc(-n5nc(-c6ccc(Oc7ccc(C([*])=O)cc7)c7ccccc67)c6ccccc6c5=O)cc4)cc3C(F)(F)F)cc2)c(C(F)(F)F)c1,554.65
[*]Nc1ccc(Oc2ccc(Oc3ccc(NC(=O)c4ccc(N5C(=O)c6ccc(C(c7ccc8c(c7)C(=O)N(c7ccc(C([*])=O)cc7)C8=O)(C(F)(F)F)C(F)(F)F)cc6C5=O)cc4)cc3)cc2)cc1,576.15
[*]Nc1ccc(Oc2ccc(Oc3ccc(NC(=O)c4ccc(Oc5ccc(Oc6ccc(C([*])=O)cc6)cc5)cc4)cc3)cc2)cc1,509.15
[*]Nc1ccc(Oc2ccc(Oc3ccc(NC(=O)c4ccc(Oc5ccc(Oc6ccc(C([*])=O)cc6)cc5-c5ccccc5)cc4)cc3)cc2)cc1,482.15
[*]Nc1ccc(Oc2ccc(Oc3ccc(NC(=O)c4ccc(Oc5ccc(Oc6ccc(C([*])=O)cc6)cc5-c5ccccc5)cc4)cc3)cc2-c2ccccc2)cc1,473.65
[*]Nc1ccc(Oc2ccc(Oc3ccc(NC(=O)c4ccc(Oc5ccc6ccc(Oc7ccc(C([*])=O)cc7)cc6c5)cc4)cc3)cc2)cc1,464.15
[*]Nc1ccc(Oc2ccc(Oc3ccc(NC(=O)c4ccc5c(c4)C(=O)N(c4ccc(-c6sc(-c7ccc(N8C(=O)c9ccc(C([*])=O)cc9C8=O)cc7)c(-c7ccccc7)c6-c6ccccc6)cc4)C5=O)cc3)cc2)cc1,576.15
[*]Nc1ccc(Oc2ccc(Oc3ccc(NC(=O)c4ccc5c(c4)C(=O)N(c4ccc(Oc6ccc(C7(c8ccc(Oc9ccc(N%10C(=O)c%11ccc(C([*])=O)cc%11C%10=O)cc9)cc8)CC8CC7C7CCCC87)cc6)cc4)C5=O)cc3)cc2)cc1,530.15
[*]Nc1ccc(Oc2ccc(Oc3ccc(NC(=O)c4ccc5c(c4)C(=O)N(c4ccc(Oc6ccc(C7(c8ccc(Oc9ccc(N%10C(=O)c%11ccc(C([*])=O)cc%11C%10=O)cc9)cc8)NC(=O)c8ccccc87)cc6)cc4)C5=O)cc3)cc2)cc1,573.15
[*]Nc1ccc(Oc2ccc(Oc3ccc(NC(=O)c4ccc5c(c4)C(=O)N(c4ccc(Oc6ccc(N7C(=O)c8ccc(C([*])=O)cc8C7=O)cc6)cc4)C5=O)cc3)cc2)cc1,533.15
[*]Nc1ccc(Oc2ccc(Oc3ccc(NC(=O)c4ccc5c(c4)C(=O)N(c4ccc(Oc6cccc7c(Oc8ccc(N9C(=O)c%10ccc(C([*])=O)cc%10C9=O)cc8)cccc67)cc4)C5=O)cc3)cc2)cc1,558.15
[*]Nc1ccc(Oc2ccc(Oc3ccc(NC(=O)c4ccc5c(c4)C(=O)N(c4ccc(S(=O)(=O)c6ccc(N7C(=O)c8ccc(C([*])=O)cc8C7=O)cc6)cc4)C5=O)cc3)cc2)cc1,516.15
[*]Nc1ccc(Oc2ccc(Oc3ccc(NC(=O)c4cccc(N5C(=O)c6ccc(-c7ccc8c(c7)C(=O)N(c7cccc(C([*])=O)c7)C8=O)cc6C5=O)c4)cc3)cc2)cc1,517.15
[*]Nc1ccc(Oc2ccc(Oc3ccc(NC(=O)c4cccc(N5C(=O)c6ccc(-c7cccc8c7C(=O)N(c7cccc(C([*])=O)c7)C8=O)cc6C5=O)c4)cc3)cc2)cc1,541.15
[*]Nc1ccc(Oc2ccc(Oc3ccc(NC(=O)c4cccc(N5C(=O)c6ccc(C(c7ccc8c(c7)C(=O)N(c7cccc(C([*])=O)c7)C8=O)(C(F)(F)F)C(F)(F)F)cc6C5=O)c4)cc3)cc2)cc1,556.15
[*]Nc1ccc(Oc2ccc(Oc3ccc(Oc4ccc(NC(=O)c5cccc(N6C(=O)c7ccc(-c8ccc9c(c8)C(=O)N(c8cccc(C([*])=O)c8)C9=O)cc7C6=O)c5)cc4)cc3)cc2)cc1,517.15
[*]Nc1ccc(Oc2ccc(Oc3ccc(Oc4ccc(NC(=O)c5cccc(N6C(=O)c7ccc(-c8cccc9c8C(=O)N(c8cccc(C([*])=O)c8)C9=O)cc7C6=O)c5)cc4)cc3)cc2)cc1,533.15
[*]Nc1ccc(Oc2ccc(P(=O)(c3ccccc3)c3ccc(Oc4ccc(NC(=O)c5ccc(P(=O)(c6ccccc6)c6ccc(C([*])=O)cc6)cc5)cc4)cc3)cc2)cc1,498.15
[*]Nc1ccc(Oc2ccc(S(=O)(=O)c3ccc(Oc4ccc(NC(=O)c5ccc(N6C(=O)c7ccc(-c8ccc9c(c8)C(=O)N(c8ccc(C([*])=O)cc8)C9=O)cc7C6=O)cc5)cc4)cc3)cc2)cc1,531.15
[*]Nc1ccc(Oc2ccc(S(=O)(=O)c3ccc(Oc4ccc(NC(=O)c5ccc(N6C(=O)c7cccc(-c8ccc9c(c8)C(=O)N(c8ccc(C([*])=O)cc8)C9=O)c7C6=O)cc5)cc4)cc3)cc2)cc1,560.15
[*]Nc1ccc(Oc2ccc(S(=O)(=O)c3ccc(Oc4ccc(NC(=O)c5ccc(Oc6ccc(Oc7ccc(C([*])=O)cc7)cc6)cc5)cc4)cc3)cc2)cc1,493.15
[*]Nc1ccc(Oc2ccc(S(=O)(=O)c3ccc(Oc4ccc(NC(=O)c5ccc(Oc6ccc(Oc7ccc(C([*])=O)cc7)cc6-c6ccccc6)cc5)cc4)cc3)cc2)cc1,504.15
[*]Nc1ccc(Oc2ccc(S(=O)(=O)c3ccc(Oc4ccc(NC(=O)c5ccc(Oc6ccc7ccc(Oc8ccc(C([*])=O)cc8)cc7c6)cc5)cc4)cc3)cc2)cc1,500.15
[*]Nc1ccc(Oc2ccc(S(=O)(=O)c3ccc(Oc4ccc(NC(=O)c5ccc6c(c5)C(=O)N(c5ccc(Oc7ccc(C8(c9ccc(Oc%10ccc(N%11C(=O)c%12ccc(C([*])=O)cc%12C%11=O)cc%10)cc9)NC(=O)c9ccccc98)cc7)cc5)C6=O)cc4)cc3)cc2)cc1,575.15
[*]Nc1ccc(Oc2ccc(S(=O)(=O)c3ccc(Oc4ccc(NC(=O)c5ccc6c(c5)C(=O)N(c5ccc(Oc7ccc8ccc(Oc9ccc(N%10C(=O)c%11ccc(C([*])=O)cc%11C%10=O)cc9)cc8c7)cc5)C6=O)cc4)cc3)cc2)cc1,547.15
[*]Nc1ccc(Oc2ccc(S(=O)(=O)c3ccc(Oc4ccc(NC(=O)c5ccc6c(c5)C(=O)N(c5ccc(Oc7cccc8c(Oc9ccc(N%10C(=O)c%11ccc(C([*])=O)cc%11C%10=O)cc9)cccc78)cc5)C6=O)cc4)cc3)cc2)cc1,533.15
[*]Nc1ccc(Oc2ccc(S(=O)(=O)c3ccc(Oc4ccc(NC(=O)c5cccc(C([*])=O)c5)cc4)cc3)cc2)cc1,533.15
[*]Nc1ccc(Oc2ccc(S(=O)(=O)c3ccc(Oc4ccc(NC(=O)c5cccc(N6C(=O)c7ccc(-c8ccc9c(c8)C(=O)N(c8cccc(C([*])=O)c8)C9=O)cc7C6=O)c5)cc4)cc3)cc2)cc1,531.15
[*]Nc1ccc(Oc2ccc(S(=O)(=O)c3ccc(Oc4ccc(NC(=O)c5cccc(N6C(=O)c7ccc(-c8cccc9c8C(=O)N(c8cccc(C([*])=O)c8)C9=O)cc7C6=O)c5)cc4)cc3)cc2)cc1,536.15
[*]Nc1ccc(Oc2ccc3cccc(Oc4ccc(NC(=O)c5ccc(C(c6ccc(C([*])=O)cc6)(C(F)(F)F)C(F)(F)F)cc5)cc4)c3c2)cc1,525.15
[*]Nc1ccc(Oc2ccc3cccc(Oc4ccc(NC(=O)c5ccc(Oc6ccc(C([*])=O)cc6)cc5)cc4)c3c2)cc1,509.15
[*]Nc1ccc(Oc2ccc3cccc(Oc4ccc(NC(=O)c5ccc(Oc6ccc(Oc7ccc(C([*])=O)cc7)cc6)cc5)cc4)c3c2)cc1,497.15
[*]Nc1ccc(Oc2ccc3cccc(Oc4ccc(NC(=O)c5ccc(Oc6ccc(S(=O)(=O)c7ccc(Oc8ccc(C([*])=O)cc8)cc7)cc6)cc5)cc4)c3c2)cc1,491.15
[*]Nc1ccc(Oc2ccc3cccc(Oc4ccc(NC(=O)c5ccc(Oc6cccc(Oc7ccc(C([*])=O)cc7)c6)cc5)cc4)c3c2)cc1,469.15
[*]Nc1ccc(Oc2ccc3cccc(Oc4ccc(NC(=O)c5ccc(Oc6ccccc6Oc6ccc(C([*])=O)cc6)cc5)cc4)c3c2)cc1,453.15
[*]Nc1ccc(Oc2ccc3cccc(Oc4ccc(NC(=O)c5ccc(S(=O)(=O)c6ccc(C([*])=O)cc6)cc5)cc4)c3c2)cc1,532.15
[*]Nc1ccc(Oc2ccc3nc(-c4ccc([N+](=O)[O-])cc4)c(-c4ccc(Oc5ccc(-c6nc7cc(Oc8ccc(NC(=O)c9cc(C([*])=O)cc(N%10C(=O)c%11ccccc%11C%10=O)c9)cc8)ccc7nc6-c6ccc([N+](=O)[O-])cc6)cc5)cc4)nc3c2)cc1,578.15
[*]Nc1ccc(Oc2ccc3nc(-c4ccc([N+](=O)[O-])cc4)c(-c4ccc(Oc5ccc(-c6nc7cc(Oc8ccc(NC(=O)c9ccc%10c(c9)C(=O)N(c9ccc(C(c%11ccc(N%12C(=O)c%13ccc(C([*])=O)cc%13C%12=O)cc%11)(C(F)(F)F)C(F)(F)F)cc9)C%10=O)cc8)ccc7nc6-c6ccc([N+](=O)[O-])cc6)cc5)cc4)nc3c2)cc1,576.15
[*]Nc1ccc(Oc2ccc3nc(-c4ccccc4)c(-c4ccc(-c5ccc(-c6nc7cc(Oc8ccc(NC(=O)c9ccc%10c(c9)C(=O)N(c9ccc(C(c%11ccc(N%12C(=O)c%13ccc(C([*])=O)cc%13C%12=O)cc%11)(C(F)(F)F)C(F)(F)F)cc9)C%10=O)cc8)ccc7nc6-c6ccccc6)cc5)cc4)nc3c2)cc1,563.15
[*]Nc1ccc(Oc2ccc3nc(-c4ccccc4)c(-c4ccc(-c5nc6cc(Oc7ccc(NC(=O)c8cc(C([*])=O)cc(N9C(=O)c%10ccccc%10C9=O)c8)cc7)ccc6nc5-c5ccccc5)cc4)nc3c2)cc1,575.15
[*]Nc1ccc(Oc2ccc3nc(-c4ccccc4)c(-c4ccc(-c5nc6cc(Oc7ccc(NC(=O)c8ccc9c(c8)C(=O)N(c8ccc(C(c%10ccc(N%11C(=O)c%12ccc(C([*])=O)cc%12C%11=O)cc%10)(C(F)(F)F)C(F)(F)F)cc8)C9=O)cc7)ccc6nc5-c5ccccc5)cc4)nc3c2)cc1,566.15
[*]Nc1ccc(Oc2ccc3nc(-c4ccccc4)c(-c4ccc(N5C(=O)c6ccc7c8c(ccc(c68)C5=O)C(=O)N(c5ccc(-c6nc8cc(Oc9ccc(NC(=O)c%10cc(C([*])=O)cc(N%11C(=O)c%12c(Cl)c(Cl)c(Cl)c(Cl)c%12C%11=O)c%10)cc9)ccc8nc6-c6ccccc6)cc5)C7=O)cc4)nc3c2)cc1,618.15
[*]Nc1ccc(Oc2ccc3nc(-c4ccccc4)c(-c4ccc(N5C(=O)c6ccc7c8c(ccc(c68)C5=O)C(=O)N(c5ccc(-c6nc8cc(Oc9ccc(NC(=O)c%10cc(C([*])=O)cc(N%11C(=O)c%12ccccc%12C%11=O)c%10)cc9)ccc8nc6-c6ccccc6)cc5)C7=O)cc4)nc3c2)cc1,618.15
[*]Nc1ccc(Oc2ccc3nc(-c4ccccc4)c(-c4ccc(Oc5ccc(-c6nc7cc(Oc8ccc(NC(=O)c9cc(C([*])=O)cc(N%10C(=O)c%11c(Cl)c(Cl)c(Cl)c(Cl)c%11C%10=O)c9)cc8)ccc7nc6-c6ccccc6)cc5)cc4)nc3c2)cc1,568.15
[*]Nc1ccc(Oc2ccc3nc(-c4ccccc4)c(-c4ccc(Oc5ccc(-c6nc7cc(Oc8ccc(NC(=O)c9cc(C([*])=O)cc(N%10C(=O)c%11ccccc%11C%10=O)c9)cc8)ccc7nc6-c6ccccc6)cc5)cc4)nc3c2)cc1,533.15
[*]Nc1ccc(Oc2ccc3nc(-c4ccccc4)c(-c4ccc(Oc5ccc(-c6nc7cc(Oc8ccc(NC(=O)c9ccc%10c(c9)C(=O)N(c9ccc(C(c%11ccc(N%12C(=O)c%13ccc(C([*])=O)cc%13C%12=O)cc%11)(C(F)(F)F)C(F)(F)F)cc9)C%10=O)cc8)ccc7nc6-c6ccccc6)cc5)cc4)nc3c2)cc1,562.15
[*]Nc1ccc(Oc2cccc(NC(=O)c3ccc(C([*])=O)cc3)c2)cc1,553.15
[*]Nc1ccc(Oc2cccc(NC(=O)c3ccc(Oc4ccc5ccc(Oc6ccc(C([*])=O)cc6)cc5c4)cc3)c2)cc1,437.15
[*]Nc1ccc(Oc2cccc(NC(=O)c3ccc4c(c3)C(=O)N(c3ccc(-c5sc(-c6ccc(N7C(=O)c8ccc(C([*])=O)cc8C7=O)cc6)c(-c6ccccc6)c5-c5ccccc5)cc3)C4=O)c2)cc1,588.15
[*]Nc1ccc(Oc2cccc(NC(=O)c3ccc4c(c3)C(=O)N(c3ccc(Oc5ccc(C6(c7ccc(Oc8ccc(N9C(=O)c%10ccc(C([*])=O)cc%10C9=O)cc8)cc7)NC(=O)c7ccccc76)cc5)cc3)C4=O)c2)cc1,575.15
[*]Nc1ccc(Oc2cccc(NC(=O)c3ccc4c(c3)C(=O)N(c3ccc(Oc5ccc(N6C(=O)c7ccc(C([*])=O)cc7C6=O)cc5)cc3)C4=O)c2)cc1,509.15
[*]Nc1ccc(Oc2cccc(NC(=O)c3ccc4c(c3)C(=O)N(c3ccc(Oc5ccc6ccc(Oc7ccc(N8C(=O)c9ccc(C([*])=O)cc9C8=O)cc7)cc6c5)cc3)C4=O)c2)cc1,536.15
[*]Nc1ccc(Oc2cccc(NC(=O)c3ccc4c(c3)C(=O)N(c3ccc(Oc5cccc(N6C(=O)c7ccc(C([*])=O)cc7C6=O)c5)cc3)C4=O)c2)cc1,484.15
[*]Nc1ccc(Oc2cccc(Oc3ccc(NC(=O)c4ccc(N5C(=O)c6ccc(C(c7ccc8c(c7)C(=O)N(c7ccc(C([*])=O)cc7)C8=O)(C(F)(F)F)C(F)(F)F)cc6C5=O)cc4)cc3)c2)cc1,559.15
[*]Nc1ccc(Oc2cccc(Oc3ccc(NC(=O)c4ccc(Oc5cccc(Oc6ccc(C([*])=O)cc6)c5)cc4)cc3)c2)cc1,449.65
[*]Nc1ccc(Oc2cccc(Oc3ccc(NC(=O)c4ccc5c(c4)C(=O)N(c4ccc(Oc6ccc(C7(c8ccc(Oc9ccc(N%10C(=O)c%11ccc(C([*])=O)cc%11C%10=O)cc9)cc8)NC(=O)c8ccccc87)cc6)cc4)C5=O)cc3)c2)cc1,561.15
[*]Nc1ccc(Oc2cccc(Oc3ccc(NC(=O)c4ccc5c(c4)C(=O)N(c4ccc(Sc6ccc(Oc7ccc(Sc8ccc(N9C(=O)c%10ccc(C([*])=O)cc%10C9=O)cc8)cc7)cc6)cc4)C5=O)cc3)c2)cc1,452.15
[*]Nc1ccc(Oc2cccc(Oc3ccc(NC(=O)c4cccc(N5C(=O)c6ccc(-c7ccc8c(c7)C(=O)N(c7cccc(C([*])=O)c7)C8=O)cc6C5=O)c4)cc3)c2)cc1,526.15
[*]Nc1ccc(Oc2cccc(Oc3ccc(NC(=O)c4cccc(N5C(=O)c6ccc(C(c7ccc8c(c7)C(=O)N(c7cccc(C([*])=O)c7)C8=O)(C(F)(F)F)C(F)(F)F)cc6C5=O)c4)cc3)c2)cc1,537.15
[*]Nc1ccc(Oc2cccc(Oc3ccc(NC(=O)c4cccc(N5C(=O)c6cccc(-c7ccc8c(c7)C(=O)N(c7cccc(C([*])=O)c7)C8=O)c6C5=O)c4)cc3)c2)cc1,526.15
[*]Nc1ccc(Oc2cccc3c(NC(=O)c4ccc5c(c4)C(=O)N(c4ccc(Oc6cccc7c(N8C(=O)c9ccc(C([*])=O)cc9C8=O)cccc67)cc4)C5=O)cccc23)cc1,549.15
[*]Nc1ccc(Oc2cccc3ccc(Oc4ccc(NC(=O)c5cccc(C([*])=O)c5)cc4)cc23)cc1,529.15
[*]Nc1ccc(Oc2ccccc2-c2ccccc2Oc2ccc(NC(=O)Nc3ccc4c(c3)C(=O)N(c3ccc(-c5cc(-c6ccc(-c7ccccc7)cc6)cc(-c6ccc(N7C(=O)c8ccc(NC([*])=O)cc8C7=O)cc6)n5)cc3)C4=O)cc2)cc1,522.15
[*]Nc1ccc(Oc2ccccc2-c2ccccc2Oc2ccc(NC(=O)Nc3ccc4c(c3)C(=O)N(c3ccc(Oc5ccc6ccccc6c5-c5c(Oc6ccc(N7C(=O)c8ccc(NC([*])=O)cc8C7=O)cc6)ccc6ccccc56)cc3)C4=O)cc2)cc1,558.15
[*]Nc1ccc(Oc2ccccc2-c2ccccc2Oc2ccc(NC(=O)c3ccc4c(c3)C(=O)N(c3ccc(Cc5ccc(N6C(=O)c7ccc(C([*])=O)cc7C6=O)cc5)cc3)C4=O)cc2)cc1,513.15
[*]Nc1ccc(Oc2ccccc2-c2ccccc2Oc2ccc(NC(=O)c3ccc4c(c3)C(=O)N(c3ccc(N5C(=O)c6ccc(C([*])=O)cc6C5=O)cc3)C4=O)cc2)cc1,541.15
[*]Nc1ccc(Oc2ccccc2-c2ccccc2Oc2ccc(NC(=O)c3ccc4c(c3)C(=O)N(c3ccc(Oc5ccc(-c6ccc(Oc7ccc(N8C(=O)c9ccc(C([*])=O)cc9C8=O)cc7)cc6)cc5)cc3)C4=O)cc2)cc1,512.15
[*]Nc1ccc(Oc2ccccc2-c2ccccc2Oc2ccc(NC(=O)c3ccc4c(c3)C(=O)N(c3ccc(Oc5ccc(N6C(=O)c7ccc(C([*])=O)cc7C6=O)cc5)cc3)C4=O)cc2)cc1,512.15
[*]Nc1ccc(Oc2ccccc2-c2ccccc2Oc2ccc(NC(=O)c3ccc4c(c3)C(=O)N(c3ccc(Oc5ccc(Oc6ccc(N7C(=O)c8ccc(C([*])=O)cc8C7=O)cc6)cc5)cc3)C4=O)cc2)cc1,511.15
[*]Nc1ccc(Oc2ccccc2-c2ccccc2Oc2ccc(NC(=O)c3ccc4c(c3)C(=O)N(c3ccc(Oc5ccc(S(=O)(=O)c6ccc(Oc7ccc(N8C(=O)c9ccc(C([*])=O)cc9C8=O)cc7)cc6)cc5)cc3)C4=O)cc2)cc1,509.15
[*]Nc1ccc(Oc2ccccc2-c2ccccc2Oc2ccc(NC(=O)c3ccc4c(c3)C(=O)N(c3ccc(Oc5cccc(Oc6ccc(N7C(=O)c8ccc(C([*])=O)cc8C7=O)cc6)c5)cc3)C4=O)cc2)cc1,502.15
[*]Nc1ccc(Oc2ccccc2-c2ccccc2Oc2ccc(NC(=O)c3ccc4c(c3)C(=O)N(c3ccc(Oc5ccccc5-c5ccccc5Oc5ccc(N6C(=O)c7ccc(C([*])=O)cc7C6=O)cc5)cc3)C4=O)cc2)cc1,500.15
[*]Nc1ccc(Oc2ccccc2-c2ccccc2Oc2ccc(NC(=O)c3ccc4c(c3)C(=O)N(c3cccc(N5C(=O)c6ccc(C([*])=O)cc6C5=O)c3)C4=O)cc2)cc1,510.15
[*]Nc1ccc(Oc2ccccc2Oc2ccc(NC(=O)c3ccc(N4C(=O)c5ccc(C(c6ccc7c(c6)C(=O)N(c6ccc(C([*])=O)cc6)C7=O)(C(F)(F)F)C(F)(F)F)cc5C4=O)cc3)cc2)cc1,554.15
[*]Nc1ccc(Oc2ccccc2Oc2ccc(NC(=O)c3cccc(N4C(=O)c5ccc(C(c6ccc7c(c6)C(=O)N(c6cccc(C([*])=O)c6)C7=O)(C(F)(F)F)C(F)(F)F)cc5C4=O)c3)cc2)cc1,538.15
[*]Nc1ccc(S(=O)(=O)c2ccc(-n3c(=O)c4cc5c(=O)n(-c6ccc(S(=O)(=O)c7ccc(NC(=O)c8cccc(C([*])=O)c8)cc7)cc6)c(=O)c5cc4c3=O)cc2)cc1,559.15
[*]Nc1ccc(S(=O)(=O)c2ccc(N3C(=O)CC(N4C(=O)c5ccc(C([*])=O)cc5C4=O)C3=O)cc2)cc1,418.15
[*]Nc1ccc(S(=O)(=O)c2ccc(N3C(=O)c4ccc(C(=O)c5ccc6c(c5)C(=O)N(c5ccc(S(=O)(=O)c7ccc(NC(=O)c8cccc(C([*])=O)c8)cc7)cc5)C6=O)cc4C3=O)cc2)cc1,499.15
[*]Nc1ccc(S(=O)(=O)c2ccc(NC(=O)c3cc(C([*])=O)cc(S(=O)(=O)c4ccccc4)c3)cc2)cc1,580.15
[*]Nc1ccc(S(=O)(=O)c2ccc(NC(=O)c3ccc(Oc4ccc(C(=O)c5ccc(S(=O)(=O)c6ccc(C(=O)c7ccc(Oc8ccc(C([*])=O)cc8)cc7)cc6)cc5)cc4)cc3)cc2)cc1,533.15
[*]Nc1ccc(S(=O)(=O)c2ccc(NC(=O)c3ccc(Oc4nc(Oc5ccc(C([*])=O)cc5)nc(Sc5ccccc5)n4)cc3)cc2)cc1,583.15
[*]Nc1ccc(S(=O)(=O)c2ccc(NC(=O)c3ccc4[nH]c(-c5cc(-c6nc7cc(C([*])=O)ccc7[nH]6)cc(N6C(=O)c7ccccc7C6=O)c5)nc4c3)cc2)cc1,598.15
[*]Nc1ccc(S(=O)(=O)c2ccc(NC(=O)c3ccc4[nH]c(-c5cccc(-c6nc7cc(C([*])=O)ccc7[nH]6)c5)nc4c3)cc2)cc1,585.15
[*]Nc1ccc(S(=O)(=O)c2ccc(NC(=O)c3ccc4c(c3)C(=O)N(CCCCCCN3C(=O)c5ccc(C([*])=O)cc5C3=O)C4=O)cc2)cc1,471.15
[*]Nc1ccc(S(=O)(=O)c2ccc(NC(=O)c3ccc4c(c3)C(=O)N(c3cc(-c5nc6ccccc6o5)cc(N5C(=O)c6ccc(C([*])=O)cc6C5=O)c3)C4=O)cc2)cc1,640.15
[*]Nc1ccc(S(=O)(=O)c2ccc(NC(=O)c3ccc4c(c3)C(=O)N(c3cc(-c5nc6ccccc6s5)cc(N5C(=O)c6ccc(C([*])=O)cc6C5=O)c3)C4=O)cc2)cc1,630.15
[*]Nc1ccc(S(=O)(=O)c2ccc(NC(=O)c3ccc4c(c3)C(=O)N(c3ccc(-c5sc(-c6ccc(N7C(=O)c8ccc(C([*])=O)cc8C7=O)cc6)c(-c6ccccc6)c5-c5ccccc5)cc3)C4=O)cc2)cc1,613.15
[*]Nc1ccc(S(=O)(=O)c2ccc(NC(=O)c3ccc4c(c3)C(=O)N(c3ccc(C([*])=O)cc3)C4=O)cc2)cc1,525.15
[*]Nc1ccc(S(=O)(=O)c2ccc(NC(=O)c3ccc4c(c3)C(=O)N(c3ccc(Oc5ccc(N6C(=O)c7ccc(C([*])=O)cc7C6=O)cc5)cc3)C4=O)cc2)cc1,548.15
[*]Nc1ccc(S(=O)(=O)c2ccc(NC(=O)c3ccc4c(c3)C(=O)N(c3ccc(S(=O)(=O)c5ccc(N6C(=O)c7ccc(C([*])=O)cc7C6=O)cc5)cc3)C4=O)cc2)cc1,580.15
[*]Nc1ccc(S(=O)(=O)c2ccc(NC(=O)c3ccc4c(c3)C(=O)N(c3cccc(N5C(=O)c6ccc(C([*])=O)cc6C5=O)c3)C4=O)cc2)cc1,615.15
[*]Nc1ccc(S(=O)(=O)c2ccc(NC(=O)c3ccc4c(c3)C(=O)N(c3cccc(P(=O)(c5ccccc5)c5cccc(N6C(=O)c7ccc(C([*])=O)cc7C6=O)c5)c3)C4=O)cc2)cc1,514.15
[*]Nc1ccc(S(=O)(=O)c2ccc(NC(=O)c3cccc(C([*])=O)c3)cc2)cc1,351.15
[*]Nc1ccc(S(=O)(=O)c2ccc(NC(=O)c3cccc(Oc4nc(Oc5cccc(C([*])=O)c5)nc(Sc5ccccc5)n4)c3)cc2)cc1,577.15
[*]Nc1ccc(S(=O)(=O)c2cccc(NC(=O)c3ccc4c(c3)C(=O)N(CCCCCCN3C(=O)c5ccc(C([*])=O)cc5C3=O)C4=O)c2)cc1,463.15
[*]Nc1ccc(Sc2ccc(NC(=O)c3ccc4c(c3)C(=O)N(c3ccc(Oc5ccc(C6(c7ccc(Oc8ccc(N9C(=O)c%10ccc(C([*])=O)cc%10C9=O)cc8)cc7)NC(=O)c7ccccc76)cc5)cc3)C4=O)cc2)cc1,585.15
[*]Nc1ccc(Sc2ccc(NC(=O)c3ccc4c(c3)C(=O)N(c3ccc(Oc5ccc(N6C(=O)c7ccc(C([*])=O)cc7C6=O)cc5)cc3)C4=O)cc2)cc1,557.15
[*]Nc1ccc(Sc2ccc(Nc3ccc([*])cc3)cc2)cc1,387.15
[*]Nc1ccc([*])cc1,348.45
[*]Nc1ccc([*])cc1C,201.75
[*]Nc1ccc([*])cc1OC,363.15
[*]Nc1ccc([*])cc1OCCCCCCCCCC,350.15
[*]Nc1ccc([*])cc1OCCCCCCCCCCCC,360.15
[*]Nc1ccc([*])cc1OCCCCCCCCCCCCCCCC,365.15
[*]Nc1ccc([*])cc1OCCCCCCCCCCOc1ccc(C2CCC(CCCCC)CC2)cc1,337.65
[*]Nc1ccc2[nH]c(-c3cccc(NC(=O)c4ccc(OCCOCCOCCOCCOCCOc5ccc(C([*])=O)cc5)cc4)c3)nc2c1,413.15
[*]Nc1ccc2[nH]c(-c3cccc(NC(=O)c4ccc(OCCOCCOCCOCCOc5ccc(C([*])=O)cc5)cc4)c3)nc2c1,428.15
[*]Nc1ccc2[nH]c(-c3cccc(NC(=O)c4ccc(OCCOCCOCCOc5ccc(C([*])=O)cc5)cc4)c3)nc2c1,453.15
[*]Nc1ccc2[nH]c(-c3cccc(NC(=O)c4ccc(OCCOCCOc5ccc(C([*])=O)cc5)cc4)c3)nc2c1,488.15
[*]Nc1ccc2[nH]c(-c3cccc(NC(=O)c4ccc(OCCOc5ccc(C([*])=O)cc5)cc4)c3)nc2c1,523.15
[*]Nc1ccc2c(c1)-c1cc(NC(=O)c3ccc4c(c3)C(=O)N(c3cccc(P(=O)(c5ccccc5)c5cccc(N6C(=O)c7ccc(C([*])=O)cc7C6=O)c5)c3)C4=O)ccc1C2,521.15
[*]Nc1ccc2c(c1)C(=O)N(c1ccc(-c3cc(-c4ccc(-c5ccccc5)cc4)cc(-c4ccc(N5C(=O)c6ccc(NC(=O)Nc7cccc(NC([*])=O)n7)cc6C5=O)cc4)n3)cc1)C2=O,521.15
[*]Nc1ccc2c(c1)C(=O)N(c1ccc(-c3cc(-c4ccc(-c5ccccc5)cc4)cc(-c4ccc(N5C(=O)c6ccc(NC(=O)Nc7cccc8c(NC([*])=O)cccc78)cc6C5=O)cc4)n3)cc1)C2=O,527.15
[*]Nc1ccc2c(c1)C(=O)N(c1ccc(Oc3ccc4ccccc4c3-c3c(Oc4ccc(N5C(=O)c6ccc(NC(=O)Nc7cccc(NC([*])=O)n7)cc6C5=O)cc4)ccc4ccccc34)cc1)C2=O,556.15
[*]Nc1ccc2c(c1)C(=O)N(c1ccc(Oc3ccc4ccccc4c3-c3c(Oc4ccc(N5C(=O)c6ccc(NC(=O)Nc7cccc8c(NC([*])=O)cccc78)cc6C5=O)cc4)ccc4ccccc34)cc1)C2=O,570.15
[*]Nc1ccc2c(c1)C(=O)N(c1cccc(P(=O)(c3ccccc3)c3cccc(N4C(=O)c5ccc(NC(=O)OCCOc6ccc(C(c7ccc(OCCOC([*])=O)cc7)(C(F)(F)F)C(F)(F)F)cc6)cc5C4=O)c3)c1)C2=O,487.15
[*]Nc1ccc2c(c1)C(=O)N(c1cccc(P(=O)(c3ccccc3)c3cccc(N4C(=O)c5ccc(NC(=O)OCCOc6ccc(P(=O)(c7ccccc7)c7ccc(OCCOC([*])=O)cc7)cc6)cc5C4=O)c3)c1)C2=O,491.15
[*]Nc1ccc2ccccc2c1-c1c(NC(=O)c2ccc3c(c2)C(=O)N(c2ccc(Cc4ccc(N5C(=O)c6ccc(C([*])=O)cc6C5=O)cc4)cc2)C3=O)ccc2ccccc12,558.55
[*]Nc1ccc2ccccc2c1-c1c(NC(=O)c2ccc3c(c2)C(=O)N(c2ccc(Oc4ccc(N5C(=O)c6ccc(C([*])=O)cc6C5=O)cc4)cc2)C3=O)ccc2ccccc12,560.95
[*]Nc1cccc(-n2c(=O)c3cc4c(=O)n(-c5ccc(C([*])=O)cc5)c(=O)c4cc3c2=O)c1,663.15
[*]Nc1cccc(-n2c(=O)c3cc4c(=O)n(-c5cccc(NC(=O)c6cccc(C([*])=O)c6)c5)c(=O)c4cc3c2=O)c1,611.15
[*]Nc1cccc(C(=O)Nc2cccc(NC(=O)c3ccc4[nH]c(-c5ccc(-c6nc7cc(C([*])=O)ccc7[nH]6)cc5)nc4c3)c2)c1,585.15
[*]Nc1cccc(C(=O)Nc2cccc(NC(=O)c3ccc4[nH]c(-c5ccc(C([*])=O)cc5)nc4c3)c2)c1,565.15
[*]Nc1cccc(C(=O)c2ccc(NC(=O)c3cccc(C(=O)c4ccc(C([*])=O)cc4)c3)cc2)c1,488.15
[*]Nc1cccc(C(=O)c2ccc(Oc3ccc(C(=O)c4ccc(NC(=O)c5cccc(C([*])=O)c5)cc4)cc3)cc2)c1,477.15
[*]Nc1cccc(C(=O)c2ccc(Oc3ccc(C(=O)c4cccc(NC(=O)c5ccc(C([*])=O)cc5)c4)cc3)cc2)c1,462.15
[*]Nc1cccc(C(=O)c2ccc(Oc3ccc(C(=O)c4cccc(NC(=O)c5cccc(C([*])=O)c5)c4)cc3)cc2)c1,464.15
[*]Nc1cccc(C(=O)c2ccc(Oc3ccc(Oc4ccc(C(=O)c5cccc(NC(=O)c6ccc(C([*])=O)cc6)c5)cc4)cc3)cc2)c1,483.15
[*]Nc1cccc(C(=O)c2ccc(Oc3ccc(Oc4ccc(C(=O)c5cccc(NC(=O)c6cccc(C([*])=O)c6)c5)cc4)cc3)cc2)c1,475.15
[*]Nc1cccc(C(=O)c2cccc(NC(=O)c3ccc4c(c3)C(=O)N(c3ccc(-c5sc(-c6ccc(N7C(=O)c8ccc(C([*])=O)cc8C7=O)cc6)c(-c6ccccc6)c5-c5ccccc5)cc3)C4=O)c2)c1,581.15
[*]Nc1cccc(N2C(=O)CC(N3C(=O)c4ccc(C([*])=O)cc4C3=O)C2=O)c1,403.15
[*]Nc1cccc(N2C(=O)c3ccc(C(=O)c4ccc5c(c4)C(=O)N(c4ccc(C([*])=O)cc4)C5=O)cc3C2=O)c1,584.15
[*]Nc1cccc(N2C(=O)c3ccc(C(=O)c4ccc5c(c4)C(=O)N(c4cccc(C([*])=O)c4)C5=O)cc3C2=O)c1,560.15
[*]Nc1cccc(N2C(=O)c3ccc(C(=O)c4ccc5c(c4)C(=O)N(c4cccc(NC(=O)c6cccc(C([*])=O)c6)c4)C5=O)cc3C2=O)c1,477.15
[*]Nc1cccc(N2C(=O)c3ccc(C(=O)c4ccc5c(c4)C(=O)N(c4cccc(Nc6nc([*])nc(N(C)C)n6)c4)C5=O)cc3C2=O)c1,567.15
[*]Nc1cccc(NC(=C(C#N)C#N)c2cccc(C([*])=C(C#N)C#N)c2)c1,551.15
[*]Nc1cccc(NC(=O)c2cc(C([*])=O)cc(S(=O)(=O)c3ccccc3)c2)c1,550.15
[*]Nc1cccc(NC(=O)c2cc(NC(=O)C34CC5CC(CC(C5)C3)C4)cc(C([*])=O)c2)c1,638.15
[*]Nc1cccc(NC(=O)c2ccc(C([*])=O)cc2)c1,511.15
[*]Nc1cccc(NC(=O)c2ccc(Oc3ccc4ccc(Oc5ccc(C([*])=O)cc5)cc4c3)cc2)c1,441.15
[*]Nc1cccc(NC(=O)c2ccc3[nH]c(-c4cc(-c5nc6cc(C([*])=O)ccc6[nH]5)cc(N5C(=O)c6ccccc6C5=O)c4)nc3c2)c1,577.15
[*]Nc1cccc(NC(=O)c2ccc3[nH]c(-c4cc(-c5nc6cc(C([*])=O)ccc6[nH]5)cc(N5C(=O)c6ccccc6C5=O)c4)nc3c2)n1,585.15
[*]Nc1cccc(NC(=O)c2ccc3[nH]c(-c4ccc(-c5nc6cc(C([*])=O)ccc6[nH]5)cc4)nc3c2)c1,567.15
[*]Nc1cccc(NC(=O)c2ccc3[nH]c(-c4ccc(C([*])=O)cc4)nc3c2)c1,598.15
[*]Nc1cccc(NC(=O)c2ccc3[nH]c(-c4cccc(-c5nc6cc(C([*])=O)ccc6[nH]5)c4)nc3c2)c1,570.65
[*]Nc1cccc(NC(=O)c2ccc3[nH]c(-c4cccc(-c5nc6cc(C([*])=O)ccc6[nH]5)c4)nc3c2)n1,575.15
[*]Nc1cccc(NC(=O)c2ccc3c(c2)C(=O)N(c2cc(-c4nc5ccccc5o4)cc(N4C(=O)c5ccc(C([*])=O)cc5C4=O)c2)C3=O)n1,638.15
[*]Nc1cccc(NC(=O)c2ccc3c(c2)C(=O)N(c2cc(-c4nc5ccccc5s4)cc(N4C(=O)c5ccc(C([*])=O)cc5C4=O)c2)C3=O)n1,631.15
[*]Nc1cccc(NC(=O)c2ccc3c(c2)C(=O)N(c2ccc(-c4sc(-c5ccc(N6C(=O)c7ccc(C([*])=O)cc7C6=O)cc5)c(-c5ccccc5)c4-c4ccccc4)cc2)C3=O)c1,607.15
[*]Nc1cccc(NC(=O)c2ccc3c(c2)C(=O)N(c2ccc(C([*])=O)cc2)C3=O)c1,513.15
[*]Nc1cccc(NC(=O)c2ccc3c(c2)C(=O)N(c2ccc(Oc4ccc(C5(c6ccc(Oc7ccc(N8C(=O)c9ccc(C([*])=O)cc9C8=O)cc7)cc6)NC(=O)c6ccccc65)cc4)cc2)C3=O)c1,601.15
[*]Nc1cccc(NC(=O)c2ccc3c(c2)C(=O)N(c2ccc(Oc4ccc5ccc(Oc6ccc(N7C(=O)c8ccc(C([*])=O)cc8C7=O)cc6)cc5c4)cc2)C3=O)c1,559.15
[*]Nc1cccc(NC(=O)c2ccc3c(c2)C(=O)N(c2ccc(Oc4cccc5c(N6C(=O)c7ccc(C([*])=O)cc7C6=O)cccc45)cc2)C3=O)n1,566.15
[*]Nc1cccc(NC(=O)c2ccc3c(c2)C(=O)N(c2ccc(Oc4cccc5c(Oc6ccc(N7C(=O)c8ccc(C([*])=O)cc8C7=O)cc6)cccc45)cc2)C3=O)c1,536.15
[*]Nc1cccc(NC(=O)c2ccc3c(c2)C(=O)N(c2ccc(S(=O)(=O)c4ccc(N5C(=O)c6ccc(C([*])=O)cc6C5=O)cc4)cc2)C3=O)c1,584.15
[*]Nc1cccc(NC(=O)c2ccc3c(c2)C(=O)N(c2cccc(N4C(=O)c5ccc(C([*])=O)cc5C4=O)c2)C3=O)n1,612.15
[*]Nc1cccc(NC(=O)c2ccc3c(c2)C(=O)N(c2cccc(P(=O)(c4ccccc4)c4cccc(N5C(=O)c6ccc(C([*])=O)cc6C5=O)c4)c2)C3=O)n1,429.15
[*]Nc1cccc(NC(=O)c2cccc(C([*])=O)c2)c1,548.15
[*]Nc1cccc(NC(=O)c2cccc(NC(=O)c3ccc4[nH]c(-c5cccc(-c6nc7cc(C([*])=O)ccc7[nH]6)c5)nc4c3)c2)c1,604.15
[*]Nc1cccc(OCCCCCCCCOc2cccc(NC(=O)c3ccc(C([*])=O)cc3)c2)c1,395.15
[*]Nc1cccc(OCCCCCCCCOc2cccc(NC(=O)c3cccc(C([*])=O)c3)c2)c1,390.15
[*]Nc1cccc(OCCCCCOc2cccc(NC(=O)c3ccc(C([*])=O)cc3)c2)c1,408.15
[*]Nc1cccc(OCCCCCOc2cccc(NC(=O)c3cccc(C([*])=O)c3)c2)c1,404.65
[*]Nc1cccc(OCCOCCOCCOc2cccc(NC(=O)c3ccc(C([*])=O)cc3)c2)c1,389.15
[*]Nc1cccc(OCCOCCOCCOc2cccc(NC(=O)c3cccc(C([*])=O)c3)c2)c1,384.15
[*]Nc1cccc(OCCOCCOc2cccc(NC(=O)c3ccc(C([*])=O)cc3)c2)c1,413.15
[*]Nc1cccc(OCCOCCOc2cccc(NC(=O)c3cccc(C([*])=O)c3)c2)c1,401.65
[*]Nc1cccc(Oc2ccc(-c3nnc(-c4ccc(Oc5cccc(NC(=O)c6cc(C([*])=O)cc(N7C(=O)c8c(Cl)c(Cl)c(Cl)c(Cl)c8C7=O)c6)c5)cc4)o3)cc2)c1,548.15
[*]Nc1cccc(Oc2ccc(-c3nnc(-c4ccc(Oc5cccc(NC(=O)c6cc(C([*])=O)cc(N7C(=O)c8ccccc8C7=O)c6)c5)cc4)o3)cc2)c1,518.15
[*]Nc1cccc(Oc2ccc(-c3nnc(-c4ccc(Oc5cccc(NC(=O)c6ccc(C([*])=O)cc6Oc6ccccc6)c5)cc4)o3)cc2)c1,507.15
[*]Nc1cccc(Oc2ccc(C(=O)c3ccc(Oc4cccc(NC(=O)c5ccc(C([*])=O)cn5)c4)cc3)cc2)c1,427.15
[*]Nc1cccc(Oc2ccc(NC(=O)c3cc(C([*])=O)cc(C(F)(F)C(F)(F)C(F)(F)C(F)(F)C(F)(F)C(F)(F)C(F)(F)C(F)(F)F)c3)cc2)c1,483.15
[*]Nc1cccc(Oc2ccc(NC(=O)c3cc(C([*])=O)cc(C(F)(F)C(F)(F)C(F)(F)C(F)(F)F)c3)cc2)c1,503.15
[*]Nc1cccc(Oc2ccc(NC(=O)c3cccc(C(=O)c4ccc(C([*])=O)cc4)c3)cc2)c1,510.15
[*]Nc1cccc(Oc2ccc(NC(=O)c3cccc(C([*])=O)c3)cc2)c1,513.15
[*]Nc1cccc(Oc2ccc(P(=O)(c3ccccc3)c3ccc(Oc4cccc(NC(=O)c5ccc(P(=O)(c6ccccc6)c6ccc(C([*])=O)cc6)cc5)c4)cc3)cc2)c1,508.15
[*]Nc1cccc(Oc2ccc(S(=O)(=O)c3ccc(Oc4cccc(NC(=O)c5ccc(N6C(=O)c7ccc(-c8ccc9c(c8)C(=O)N(c8ccc(C([*])=O)cc8)C9=O)cc7C6=O)cc5)c4)cc3)cc2)c1,535.15
[*]Nc1cccc(Oc2ccc(S(=O)(=O)c3ccc(Oc4cccc(NC(=O)c5ccc(N6C(=O)c7cccc(-c8ccc9c(c8)C(=O)N(c8ccc(C([*])=O)cc8)C9=O)c7C6=O)cc5)c4)cc3)cc2)c1,514.15
[*]Nc1cccc(Oc2ccc(S(=O)(=O)c3ccc(Oc4cccc(NC(=O)c5ccc6c(c5)C(=O)N(c5ccc(C([*])=O)cc5)C6=O)c4)cc3)cc2)c1,508.15
[*]Nc1cccc(Oc2cccc(Oc3cccc(NC(=O)c4cccc(Oc5cccc(Oc6cccc(C([*])=O)c6)c5)c4)c3)c2)c1,410.65
[*]Nc1cccc(P(=O)(c2ccccc2)c2cccc(NC(=O)OCCCCCCOC([*])=O)c2)c1,303.15
[*]Nc1cccc(P(=O)(c2ccccc2)c2cccc(NC(=O)Oc3ccc(-c4ccc(OC([*])=O)cc4)cc3)c2)c1,345.15
[*]Nc1cccc(P(=O)(c2ccccc2)c2cccc(NC(=O)c3ccc(OCCCCOc4ccc(C([*])=O)cc4)cc3)c2)c1,464.15
[*]Nc1cccc(P(=O)(c2ccccc2)c2cccc(NC(=O)c3ccc4c(c3)C(=O)N(c3cccc(P(=O)(c5ccccc5)c5cccc(N6C(=O)c7ccc(C([*])=O)cc7C6=O)c5)c3)C4=O)c2)c1,479.15
[*]Nc1cccc(S(=O)(=O)c2cccc(NC(=O)c3ccc(N4C(=O)c5ccc(-c6ccc7c(c6)C(=O)N(c6ccc(C([*])=O)cc6)C7=O)cc5C4=O)cc3)c2)c1,529.15
[*]Nc1cccc(S(=O)(=O)c2cccc(NC(=O)c3ccc4c(c3)C(=O)N(c3cc(-c5nnc(-c6ccccn6)o5)cc(N5C(=O)c6ccc(C([*])=O)cc6C5=O)c3)C4=O)c2)c1,446.15
[*]Nc1cccc(S(=O)(=O)c2cccc(NC(=O)c3ccc4c(c3)C(=O)N(c3ccc(-c5sc(-c6ccc(N7C(=O)c8ccc(C([*])=O)cc8C7=O)cc6)c(-c6ccccc6)c5-c5ccccc5)cc3)C4=O)c2)c1,593.15
[*]Nc1cccc(S(=O)(=O)c2cccc(NC(=O)c3cccc(N4C(=O)c5ccc(-c6ccc7c(c6)C(=O)N(c6cccc(C([*])=O)c6)C7=O)cc5C4=O)c3)c2)c1,520.15
[*]Nc1cccc(S(=O)(=O)c2cccc(NC(=O)c3cccc(N4C(=O)c5ccc(-c6cccc7c6C(=O)N(c6cccc(C([*])=O)c6)C7=O)cc5C4=O)c3)c2)c1,534.15
[*]Nc1cccc2c(NC(=O)c3ccc(C([*])=O)cc3)cccc12,578.15
[*]Nc1cccc2c(NC(=O)c3ccc4c(c3)C(=O)N(c3ccc(Oc5cccc6c(N7C(=O)c8ccc(C([*])=O)cc8C7=O)cccc56)cc3)C4=O)cccc12,572.15
[*]Nc1cccc2c(NC(=O)c3cccc(C([*])=O)c3)cccc12,598.15
[*]Nc1cccc2cccc(N3C(=O)CC(N4C(=O)c5ccc(C([*])=O)cc5C4=O)C3=O)c12,466.15
[*]Nc1ccccc1NC(=O)c1ccc2c(c1)C(=O)N(c1ccc(C([*])=O)cc1)C2=O,488.15
[*]Nc1nc(NC(=O)c2ccc3c(c2)C(=O)N(c2ccc(Oc4cccc5c(N6C(=O)c7ccc(C([*])=O)cc7C6=O)cccc45)cc2)C3=O)nc(-c2ccccc2)n1,564.15
[*]Nc1ncc([*])s1,412.15
[*]OC(=O)C(C)(C)CCC(=O)Oc1cc(OC(=O)c2ccc(OCCCC)cc2)c([*])cc1OC(=O)c1ccc(OCCCC)cc1,334.15
[*]OC(=O)C(C)CCC(=O)Oc1cc(OC(=O)c2ccc(OCCCC)cc2)c([*])cc1OC(=O)c1ccc(OCCCC)cc1,328.15
[*]OC(=O)C(CC)C([*])=CCC,257.25
[*]OC(=O)C1CCC(C(=O)OC2C(C)(C)C([*])C2(C)C)CC1,442.15
[*]OC(=O)C=CC(=O)O[Sn]([*])(CCCC)CCCC,459.15
[*]OC(=O)CCCC(=O)Oc1cc(OC(=O)c2ccc(OC)cc2)c([*])cc1OC(=O)c1ccc(OC)cc1,361.15
[*]OC(=O)CCCC(=O)Oc1cc(OC(=O)c2ccc(OCC(C)CC)cc2)c([*])cc1OC(=O)c1ccc(OCC(C)CC)cc1,333.15
[*]OC(=O)CCCC(=O)Oc1cc(OC(=O)c2ccc(OCC)cc2)c([*])cc1OC(=O)c1ccc(OCC)cc1,344.15
[*]OC(=O)CCCC(=O)Oc1cc(OC(=O)c2ccc(OCCC)cc2)c([*])cc1OC(=O)c1ccc(OCCC)cc1,345.15
[*]OC(=O)CCCC(=O)Oc1cc(OC(=O)c2ccc(OCCCC)cc2)c([*])cc1OC(=O)c1ccc(OCCCC)cc1,332.15
[*]OC(=O)CCCC(=O)Oc1cc(OC(=O)c2ccc(OCCCCC)cc2)c([*])cc1OC(=O)c1ccc(OCCCCC)cc1,317.15
[*]OC(=O)CCCC(=O)Oc1cc(OC(=O)c2ccc(OCCCCCCCCCCCC)cc2)c([*])cc1OC(=O)c1ccc(OCCCCCCCCCCCC)cc1,296.15
[*]OC(=O)CCCCC(=O)O[Sn]([*])(CCCC)CCCC,383.15
[*]OC(=O)CCCCCC(=O)Oc1cc(OC(=O)c2ccc(OCCCC)cc2)c([*])cc1OC(=O)c1ccc(OCCCC)cc1,318.15
[*]OC(=O)CCCCCCCC(=O)Oc1cc(OC(=O)c2ccc(OCCCC)cc2)c([*])cc1OC(=O)c1ccc(OCCCC)cc1,311.15
[*]OC(=O)CCCCCCCCCCCCCCC(=O)Oc1cc(OC(=O)c2ccc(C)cc2)c([*])cc1OC(=O)c1ccc(C)cc1,300.15
[*]OC(=O)CCCCCCCCCCCCCCC(=O)Oc1cc(OC(=O)c2ccc(OC)cc2)c([*])cc1OC(=O)c1ccc(OC)cc1,306.15
[*]OC(=O)CCCCCCCCCCCCCCC(=O)Oc1cc(OC(=O)c2ccc(OCC)cc2)c([*])cc1OC(=O)c1ccc(OCC)cc1,304.15
[*]OC(=O)CCCCCCCCCCCCCCC(=O)Oc1cc(OC(=O)c2ccc(OCCC)cc2)c([*])cc1OC(=O)c1ccc(OCCC)cc1,291.15
[*]OC(=O)CCCCCCN1C(=O)c2ccc(C(=O)Oc3ccc([*])cc3C)cc2C1=O,330.36
[*]OC(=O)CCCCCn1c(=O)c2cc3c(=O)n(CCCCCC(=O)Oc4ccc([*])cc4C)c(=O)c3cc2c1=O,351.15
[*]OC(=O)CCCCN1C(=O)c2ccc(C(=O)Oc3ccc([*])cc3C)cc2C1=O,348.91
[*]OC(=O)COC(=O)C([*])C,316.15
[*]OC(=O)OC1C(C)(C)C([*])C1(C)C,433.15
[*]OC(=O)Oc1c(C)cc(C(C)(C)c2cc(C)c([*])c(Cl)c2)cc1Cl,427.15
[*]OC(=O)Oc1ccc(-c2ccc(OC(=O)OC3C(C)(C)C([*])C3(C)C)cc2)cc1,438.15
[*]OC(=O)Oc1ccc(C(=O)c2ccc(OC(=O)OC3C(C)(C)C([*])C3(C)C)cc2)cc1,398.15
[*]OC(=O)Oc1ccc(C(c2ccc(OC(=O)OC3C(C)(C)C([*])C3(C)C)cc2)(C(F)(F)F)C(F)(F)F)cc1,415.15
[*]OC(=O)Oc1ccc(C(c2ccccc2)(c2ccccc2)c2ccc(OC(=O)OC3C(C)(C)C([*])C3(C)C)cc2)cc1,434.15
[*]OC(=O)Oc1ccc(C(c2ccccc2)c2ccc([*])cc2C)c(C)c1,455.15
[*]OC(=O)Oc1ccc(C2(c3ccc(OC(=O)OC4C(C)(C)C([*])C4(C)C)cc3)CC3CCC2C3)cc1,457.15
[*]OC(=O)Oc1ccc(C2(c3ccc(OC(=O)OC4C(C)(C)C([*])C4(C)C)cc3)c3ccccc3-c3ccccc32)cc1,487.15
[*]OC(=O)Oc1ccc(S(=O)(=O)c2ccc(OC(=O)OC3C(C)(C)C([*])C3(C)C)cc2)cc1,435.15
[*]OC(=O)Oc1ccc(Sc2ccc(OC(=O)OC3C(C)(C)C([*])C3(C)C)cc2)cc1,380.15
[*]OC(=O)Oc1ccc2c(c1)C1(CC(C)(C)c3ccc([*])cc31)CC2(C)C,501.15
[*]OC(=O)c1cc(OCCCc2ccccc2)c(C(=O)Oc2ccc([*])cc2C)cc1OCCCc1ccccc1,364.15
[*]OC(=O)c1ccc(-c2ccc(C(=O)Oc3ccc(-c4ccc([*])cc4C(=O)OCCCCCCCCCCCOc4ccc(-c5ccc(C#N)cc5)cc4)c(C(=O)OCCCCCCCCCCCOc4ccc(-c5ccc(C#N)cc5)cc4)c3)cc2C(F)(F)F)c(C(F)(F)F)c1,323.15
[*]OC(=O)c1ccc(-c2ccc(C(=O)Oc3ccc([*])cc3C(C)(C)c3ccccc3)cc2)cc1-c1ccccc1,419.15
[*]OC(=O)c1ccc(-c2ccc(C(=O)Oc3ccc([*])cc3C)cc2)cc1-c1ccccc1,406.15
[*]OC(=O)c1ccc(C(=O)OC2C(C)(C)C([*])C2(C)C)cc1,457.15
[*]OC(=O)c1ccc(C(=O)O[Sn]([*])(CCCC)CCCC)cc1,588.15
[*]OC(=O)c1ccc(C(=O)Oc2cc(C(C)(C)c3ccccc3)c([*])cc2C(C)(C)c2ccccc2)cc1,443.15
[*]OC(=O)c1ccc(C(=O)Oc2cc(OCCOC)c([*])cc2OCCOC)cc1-c1ccccc1,365.15
[*]OC(=O)c1ccc(C(=O)Oc2cc([*])cc(C(=O)OCCN(CC)c3ccc(/N=N/c4ccc([N+](=O)[O-])cc4)cc3)c2)cc1,403.15
[*]OC(=O)c1ccc(C(=O)Oc2ccc([*])cc2C)cc1Sc1ccccc1,403.15
[*]OC(=O)c1ccc(C(=O)Oc2ccc([*])cc2CCC(C)CC)cc1,510.15
[*]OC(=O)c1ccc(C(=O)Oc2ccc3c(c2)C2(CC(C)(C)c4ccc([*])cc42)CC3(C)C)cc1,563.15
[*]OC(=O)c1ccc(C(F)(F)C(F)(F)C(F)(F)c2ccc(C([*])=O)cc2)cc1,371.15
[*]OC(=O)c1ccc(CCCCCCc2ccc(C([*])=O)cc2)cc1,293.15
[*]OC(=O)c1ccc(CCCCCc2ccc(C([*])=O)cc2)cc1,315.65
[*]OC(=O)c1ccc(CCCCc2ccc(C([*])=O)cc2)cc1,319.15
[*]OC(=O)c1ccc(Cc2ccc(C([*])=O)cc2)cc1,395.15
[*]OC(=O)c1ccc(OCCCCCCCCOc2ccc(C(=O)Oc3ccc([*])cc3C(=O)CC)cc2)cc1,343.15
[*]OC(=O)c1ccc(OCCCCCCOc2ccc(C(=O)Oc3ccc([*])cc3/N=N/c3ccc(C#N)cc3)cc2)cc1,371.15
[*]OC(=O)c1ccc(OCCCCCCOc2ccc(C([*])=O)cc2)cc1,320.15
[*]OC(=O)c1ccc(OCCCCCOc2ccc(C([*])=O)cc2)cc1,326.15
[*]OC(=O)c1ccc(OCCCCOc2ccc(C([*])=O)cc2)cc1,318.15
[*]OC(=O)c1ccc(OCCCOc2ccc(C([*])=O)cc2)cc1,368.15
[*]OC(=O)c1ccc(OCCOCCOc2ccc(C([*])=O)cc2)cc1,314.15
[*]OC(=O)c1ccc(OCCOc2ccc(C([*])=O)cc2)cc1,318.15
[*]OC(=O)c1ccc(OCOCOc2ccc(C([*])=O)cc2)cc1,330.15
[*]OC(=O)c1ccc(OCOc2ccc(C([*])=O)cc2)cc1,357.15
[*]OC(=O)c1ccc(Oc2ccc(C3(c4ccc(Oc5ccc(C(=O)Oc6ccc(-c7ccc([*])cc7C)c(C)c6)cc5)cc4)CCC(C(C)(C)C)CC3)cc2)cc1,436.15
[*]OC(=O)c1ccc(SCCCCSc2ccc(C([*])=O)cc2)cc1,335.15
[*]OC(=O)c1ccc(Sc2cccc(OC(=O)c3ccc(C(=O)Oc4cccc(Sc5ccc(C(=O)Oc6ccc([*])cc6C)cc5)c4)cc3)c2)cc1,408.15
[*]OC(=O)c1ccc2c(c1)C(=O)N(c1ccc(-c3ccc(N4C(=O)c5ccc(C(=O)Oc6ccc(-c7ccc([*])cc7C)c(C)c6)cc5C4=O)cc3C)c(C)c1)C2=O,450.15
[*]OC(=O)c1ccc2c(c1)C(=O)N(c1ccc(Cc3ccc(N4C(=O)c5ccc(C(=O)Oc6ccc([*])cc6C(C)(C)C)cc5C4=O)cc3)cc1)C2=O,433.15
[*]OC(=O)c1ccc2c(c1)C(=O)N(c1ccc(Oc3ccc(N4C(=O)c5ccc(C(=O)Oc6ccc([*])cc6C(C)(C)C)cc5C4=O)cc3)cc1)C2=O,462.15
[*]OC(=O)c1ccc2c(c1)C(=O)N(c1ccc(S(=O)(=O)c3ccc(N4C(=O)c5ccc(C(=O)Oc6ccc([*])cc6C(C)(C)C)cc5C4=O)cc3)cc1)C2=O,452.15
[*]OC(=O)c1cccc(C(=O)Oc2cc(C(C)(C)c3ccccc3)c([*])cc2C(C)(C)c2ccccc2)c1,453.15
[*]OC(=O)c1cccc(C(=O)Oc2cc([*])cc(C)c2)c1,436.15
[*]OC(=O)c1cccc(C(=O)Oc2cc([*])cc(CC)c2)c1,411.15
[*]OC(=O)c1cccc(C(=O)Oc2cc([*])cc(CCC)c2)c1,402.15
[*]OC(=O)c1cccc(C(=O)Oc2cc([*])cc(CCCC)c2)c1,370.65
[*]OC(=O)c1cccc(C(=O)Oc2cc([*])cc(CCCCCC)c2)c1,340.65
[*]OC(=O)c1cccc(C(=O)Oc2cc([*])cc(CCCCCCCC)c2)c1,323.65
[*]OC(=O)c1cccc(C(=O)Oc2cc([*])cc(CCCCCCCCC)c2)c1,314.65
[*]OC(=O)c1cccc(C(=O)Oc2cc([*])cc(CCCCCCCCCCC)c2)c1,307.65
[*]OC(=O)c1cccc(C(=O)Oc2cc([*])cc(CCCCCCCCCCCCC)c2)c1,298.65
[*]OC(=O)c1cccc(C(=O)Oc2ccc3c(c2)C2(CC(C)(C)c4ccc([*])cc42)CC3(C)C)c1,518.15
[*]OC(=O)c1cccc(C([*])=O)c1,403.15
[*]OC(=O)c1cccc(OCCCCCOc2cccc(C([*])=O)c2)c1,334.15
[*]OC(=O)c1cccc(OCCCCOc2cccc(C([*])=O)c2)c1,293.15
[*]OC(=O)c1cccc(OCCCOc2cccc(C([*])=O)c2)c1,326.15
[*]OC(=O)c1cccc(Sc2ccc(OC(=O)c3ccc(C(=O)Oc4ccc(Sc5cccc(C(=O)Oc6ccc([*])cc6C)c5)cc4)cc3)cc2)c1,379.65
[*]OC(CC)C([*])=O,288.15
[*]OC(CCl)C([*])CCl,368.15
[*]OC(CCl)COC(=O)C1=C(C(=O)OCC(CCl)OC(=O)c2ccc(C([*])=O)cc2)C2C=CC1C2,345.15
[*]OC(CCl)COc1ccc(S(=O)(=O)c2ccc(OCC(CCl)OP([*])(=O)Oc3ccc(Br)cc3)cc2)cc1,331.15
[*]OC(CCl)COc1ccc(S(=O)(=O)c2ccc(OCC(CCl)OP([*])(=O)Oc3ccccc3)cc2)cc1,321.15
[*]OC(COC(=O)C1=C(C(=O)OCC(COC(=O)C2=C(c3ccccc3)C3C=CC2C3)OC(=O)c2ccc(C([*])=O)cc2)C2C=CC1C2)COC(=O)C1=C(c2ccccc2)C2C=CC1C2,347.15
[*]OC(F)(C([*])(F)F)C(F)(F)F,200.15
[*]OC(F)(F)C(F)(Br)N([*])C(F)(F)F,276.15
[*]OC(F)(F)C(F)(Cl)N([*])C(F)(F)F,223.15
[*]OC(F)(F)C(F)(F)C(F)(F)C([*])(F)F,218.15
[*]OC(F)(F)C(F)(F)C([*])(F)F,164.15
[*]OC(F)(F)C(F)(F)N([*])C(F)(F)C(F)(F)Br,256.15
[*]OC(F)(F)C(F)(F)N([*])C(F)(F)F,227.15
[*]OC(F)(F)C(F)(N([*])C(F)(F)F)C(F)(F)F,264.15
[*]OC(F)(F)C([*])(F)F,225.15
[*]OC([*])C,253.65
[*]OC([*])CCC,232.15
[*]OC([*])CCCCCC,157.15
[*]OC1=C(O[Si](C)(C)O[Si](C)(C)O[Si](C)(C)O[Si](C)(C)O[Si](C)(C)O[Si]([*])(C)C)c2cccc3cccc1c23,180.15
[*]OC1=C(O[Si](C)(C)O[Si](C)(C)O[Si](C)(C)O[Si](C)(C)O[Si]([*])(C)C)c2cccc3cccc1c23,219.15
[*]OC1=C(O[Si](C)(C)O[Si](C)(C)O[Si](C)(C)O[Si]([*])(C)C)c2cccc3cccc1c23,230.15
[*]OC1C(CO)OC([*])C(N)C1O,467.15
[*]OC1C(CO)OC([*])C(NC(C)=O)C1O,427.75
[*]OC1C(CO)OC([*])C(O)C1O,605.15
[*]OC1C(COC(=O)Nc2ccccc2)OC([*])C(OC(=O)Nc2ccccc2)C1OC(=O)Nc1ccccc1,490.15
[*]OC1C(COC(C)=O)OC([*])C(OC(C)=O)C1O,475.15
[*]OC1C(COC(C)=O)OC([*])C(OC(C)=O)C1OC(C)=O,451.15
[*]OC1C(COCC)OC([*])C(OCC)C1OCC,404.3
[*]OC1C(COCO)OC([*])C(O)C1O,481.15
[*]OC1CC(C([*])=O)N(C(=O)OCc2ccccc2)C1,351.15
[*]OC1CC2CC(OC(=O)N3CCN(C([*])=O)CC3)CC(C1)O2,386.15
[*]OC1CC2CC(OC(=O)c3ccc(C([*])=O)cc3)CC(C1)O2,480.15
[*]OC1CC2CC(OC(=O)c3cccc(C([*])=O)c3)CC(C1)O2,386.15
[*]OC1CC2CC(OC([*])=O)CC(C1)O2,480.15
[*]OC1CCC(OC(=O)C([*])=O)CC1,412.75
[*]OC1CCC(OC(=O)c2ccc(C([*])=O)cc2)CC1,367.45
[*]OC1CCC(OC([*])=O)CC1,411.15
[*]OC1CCCCC1OC([*])=O,390.45
[*]OC1CCCCC1[*],341.65
[*]OC1COC2C(OC(=O)C3CCC(C([*])=O)CC3)COC12,394.15
[*]OC1COC2C(OC(=O)c3ccc(/N=N/c4ccc(C([*])=O)cc4)cc3)COC12,371.15
[*]OC1COC2C(OC(=O)c3ccc(C([*])=O)cc3)COC12,528.65
[*]OC1COC2C(OC(=O)c3ccc(C([*])=O)o3)COC12,465.65
[*]OC1COC2C(OC(=O)c3cccc(OCCCCCCCCCCOc4cccc(C([*])=O)c4)c3)COC12,303.15
[*]OC1COC2C(OC(=O)c3cccc(OCCCCCCCCOc4cccc(C([*])=O)c4)c3)COC12,306.15
[*]OC1COC2C(OC(=O)c3cccc(OCCCCCCOc4cccc(C([*])=O)c4)c3)COC12,316.65
[*]OC1COC2C(OC([*])=O)COC12,413.15
[*]OCC#CC#CCOC(=O)c1ccc(C([*])=O)cc1,416.15
[*]OCC(COC([*])=O)OCCCCCCCCCCCOc1ccc(/C=C/c2ccc([N+](=O)[O-])cc2)cc1,294.15
[*]OCC(COC([*])=O)OCCCCCCOc1ccc(/C=C/c2ccc([N+](=O)[O-])cc2)cc1,305.15
[*]OCC(COC([*])=O)OCCCCOc1ccc(/C=C/c2ccc([N+](=O)[O-])cc2)cc1,315.15
[*]OCC(COC([*])=O)OCCOc1ccc(/C=C/c2ccc([N+](=O)[O-])cc2)cc1,326.15
[*]OCC(COc1ccccc1)OC([*])=O,318.15
[*]OCC(F)(F)C(F)(F)C(F)(F)C(F)(F)COC([*])=O,232.15
[*]OCC(F)(F)C(F)(F)C(F)(F)COC(=O)c1cc(C([*])=O)cc(C(F)(F)C(F)(F)C(F)(F)C(F)(F)C(F)(F)C(F)(F)C(F)(F)F)c1,300.15
[*]OCC(F)(F)C(F)(F)C(F)(F)COC(=O)c1cccc(-c2cccc(C([*])=O)c2)c1,318.15
[*]OCC(F)(F)C(F)(F)C(F)(F)COC(=O)c1cccc(C(F)(F)C(F)(F)C(F)(F)C(F)(F)C(F)(F)c2cccc(C([*])=O)c2)c1,302.15
[*]OCC(F)(F)C(F)(F)C(F)(F)COC(=O)c1cccc(C(F)(F)C(F)(F)C(F)(F)c2cccc(C([*])=O)c2)c1,297.15
[*]OCC(F)(F)C(F)(F)C(F)(F)COC(=O)c1cccc(C([*])=O)c1,296.65
[*]OCC(F)(F)C(F)(F)C(F)(F)COC(=O)c1cccc(Oc2cccc(C([*])=O)c2)c1,293.15
[*]OCC(F)(F)C(F)(F)C(F)(F)COc1nc(F)c(F)c(OCC(F)(F)C(F)(F)C(F)(F)COc2c(F)c([*])nc(F)c2F)c1F,263.15
[*]OCC(F)(F)C(F)(F)C(F)(F)COc1nc(F)nc([*])c1F,273.15
[*]OCC(F)(F)OC(F)(F)COC(=O)c1cccc(C(F)(F)C(F)(F)C(F)(F)c2cccc(C([*])=O)c2)c1,303.15
[*]OCC(F)(F)OC(F)(F)COC(=O)c1cccc(C([*])=O)c1,301.15
[*]OCC(O)C(O)COC(=O)OC1COC2C(OC([*])=O)COC12,351.65
[*]OCC(O)C(O)COC([*])=O,312.75
[*]OCC(O)COc1ccc(C2(c3ccc(OCC(O)COC(=O)C4CCC(C([*])=O)CC4)cc3)c3ccccc3-c3ccccc32)cc1,383.15
[*]OCC1CCC(COC(=O)C2CCC(C([*])=O)CC2)CC1,350.15
[*]OCC1CCC(COC(=O)Oc2ccc(Cc3ccc(OC([*])=O)cc3)cc2)CC1,330.05
[*]OCC1CCC(COC(=O)c2ccc(C([*])=O)cc2)CC1,357.65
[*]OCC1CCC(COC(=O)c2cccc(C([*])=O)c2)CC1,343.15
[*]OCC1CCC(COC(C)OC(=O)c2ccc(C(=O)OC([*])C)c3ccccc23)CC1,333.15
[*]OCC1CCC(COC(C)OC(=O)c2ccc(C(=O)OC([*])C)cc2)CC1,334.15
[*]OCC1CCC(COC(C)OC(=O)c2cccc(C(=O)OC([*])C)c2)CC1,303.15
[*]OCC1CCC(COC([*])=O)CC1,311.85
[*]OCC1CCCC(COC(=O)c2ccc(C([*])=O)cc2)C1,348.15
[*]OCCCC(=O)NNC(=O)c1ccc(C(=O)NNC(=O)CCCOc2ccc([*])cc2C)cc1,412.15
[*]OCCCCC(=O)NNC(=O)c1ccc(C(=O)NNC(=O)CCCCOc2ccc([*])cc2C)cc1,423.15
[*]OCCCCCC(=O)NNC(=O)c1ccc(C(=O)NNC(=O)CCCCCOc2ccc([*])cc2C)cc1,399.15
[*]OCCCCCCCCCCCCCCCCCCCCCCOC(=O)c1ccc2c(c1)C(=O)N(c1ccc(C([*])=O)cc1)C2=O,317.15
[*]OCCCCCCCCCCCCOC(=O)OCCCCCCOc1ccc(C(=O)c2ccc(OCCCCCCOC([*])=O)cc2)cc1,265.15
[*]OCCCCCCCCCCCCOC(=O)OCCCCCCOc1ccc(Oc2ccc(OCCCCCCOC([*])=O)cc2)cc1,251.15
[*]OCCCCCCCCCCCCOC(=O)OCCCCCCn1c(=O)c2cc3c(=O)n(CCCCCCOC([*])=O)c(=O)c3cc2c1=O,264.15
[*]OCCCCCCCCCCCCOC(=O)c1ccc(-c2ccc(C([*])=O)cc2)cc1,323.65
[*]OCCCCCCCCCCCCOC(=O)c1ccc(-c2nnc(-c3ccc(C([*])=O)cc3)s2)cc1,341.15
[*]OCCCCCCCCCCCCOC(=O)c1ccc2c(c1)C(=O)N(c1ccc(C([*])=O)cc1)C2=O,320.15
[*]OCCCCCCCCCCCCOC(=O)c1ccc2c(c1)C(=O)N(c1ccc(Oc3ccc(N4C(=O)c5ccc(C([*])=O)cc5C4=O)cc3)cc1)C2=O,378.15
[*]OCCCCCCCCCCCCOC(=O)c1ccc2cc(C([*])=O)ccc2c1,318.15
[*]OCCCCCCCCCCCCOc1ccc(/C=N/N=C/c2ccc([*])cc2O)c(O)c1,362.15
[*]OCCCCCCCCCCCCOc1ccc(CCc2ccc([*])cc2C)cc1,273.15
[*]OCCCCCCCCCCCOC(=O)c1ccc(-c2ccc(C([*])=O)cc2)cc1,322.15
[*]OCCCCCCCCCCCOC(=O)c1ccc2c(c1)C(=O)N(c1ccc(C([*])=O)cc1)C2=O,322.15
[*]OCCCCCCCCCCCOC(=O)c1ccc2cc(C([*])=O)ccc2c1,316.15
[*]OCCCCCCCCCCCOc1ccc(-c2nnc(-c3ccc(OCCCCCCCCCCCOC(=O)c4ccc(C([*])=O)cc4)cc3)s2)cc1,337.15
[*]OCCCCCCCCCCCOc1ccc(-c2nnc(-c3ccc(OCCCCCCCCCCCOC(=O)c4cccc(C([*])=O)c4)cc3)s2)cc1,341.15
[*]OCCCCCCCCCCCOc1ccc(-c2nnc(-c3cccc(OCCCCCCCCCCCOC(=O)c4ccc(C([*])=O)cc4)c3)s2)cc1,308.15
[*]OCCCCCCCCCCCOc1ccc(CCc2ccc([*])cc2C)cc1,277.05
[*]OCCCCCCCCCCCOc1cccc(-c2nnc(-c3ccc(OCCCCCCCCCCCOC(=O)c4cccc(C([*])=O)c4)cc3)s2)c1,312.15
[*]OCCCCCCCCCCCOc1cccc(-c2nnc(-c3cccc(OCCCCCCCCCCCOC(=O)c4ccc(C([*])=O)cc4)c3)s2)c1,295.15
[*]OCCCCCCCCCCCOc1cccc(-c2nnc(-c3cccc(OCCCCCCCCCCCOC(=O)c4cccc(C([*])=O)c4)c3)s2)c1,288.15
[*]OCCCCCCCCCCOC(=O)OC1COC2C(OC([*])=O)COC12,279.65
[*]OCCCCCCCCCCOC(=O)OCCCCCCOc1ccc(C(=O)c2ccc(OCCCCCCOC([*])=O)cc2)cc1,260.15
[*]OCCCCCCCCCCOC(=O)OCCCCCCOc1ccc(Oc2ccc(OCCCCCCOC([*])=O)cc2)cc1,251.15
[*]OCCCCCCCCCCOC(=O)OCCCCCCn1c(=O)c2cc3c(=O)n(CCCCCCOC([*])=O)c(=O)c3cc2c1=O,271.15
[*]OCCCCCCCCCCOC(=O)c1ccc(-c2ccc(-c3ccc(C([*])=O)cc3)cc2)cc1,323.15
[*]OCCCCCCCCCCOC(=O)c1ccc(-c2ccc(C([*])=O)cc2)cc1,325.15
[*]OCCCCCCCCCCOC(=O)c1ccc(-c2nnc(-c3ccc(C([*])=O)cc3)s2)cc1,352.15
[*]OCCCCCCCCCCOC(=O)c1ccc(C([*])=O)cc1,283.65
[*]OCCCCCCCCCCOC(=O)c1ccc2c(c1)C(=O)N(c1ccc(C([*])=O)cc1)C2=O,331.15
[*]OCCCCCCCCCCOC(=O)c1ccc2cc(C([*])=O)ccc2c1,323.65
[*]OCCCCCCCCCCOC(=O)c1cccc(C([*])=O)c1,250.65
[*]OCCCCCCCCCCOC(=O)c1ccccc1C([*])=O,259.15
[*]OCCCCCCCCCCOC([*])=O,236.15
[*]OCCCCCCCCCCOc1ccc(/C=C/c2ccc(OCCCCCCCCCCOP([*])(=O)OCCCCCCCCCCOc3ccc(/N=N/c4ccc(-c5ccccc5)cc4)cc3)cc2)cc1,323.15
[*]OCCCCCCCCCCOc1ccc(/C=C/c2ccc(OCCCCCCCCCCOP([*])(=O)OCCCCCCCCCCOc3ccc(/N=N/c4ccc(C#N)cc4)cc3)cc2)cc1,333.15
[*]OCCCCCCCCCCOc1ccc(/C=C/c2ccc(OCCCCCCCCCCOP([*])(=O)OCCCCCCCCCCOc3ccc(/N=N/c4ccc(Cl)cc4)cc3)cc2)cc1,333.15
[*]OCCCCCCCCCCOc1ccc(/C=C/c2ccc(OCCCCCCCCCCOP([*])(=O)OCCCCCCCCCCOc3ccc(/N=N/c4ccc(OC)cc4)cc3)cc2)cc1,331.15
[*]OCCCCCCCCCCOc1ccc(/C=C/c2ccc(OCCCCCCCCCCOP([*])(=O)OCCCCCCCCCCOc3ccc(/N=N/c4ccc([N+](=O)[O-])cc4)cc3)cc2)cc1,323.15
[*]OCCCCCCCCCCOc1ccc(/C=C/c2ccc(OCCCCCCCCCCOP([*])(=O)OCCCCCCCCCCOc3ccc(/N=N/c4ccccc4)cc3)cc2)cc1,328.15
[*]OCCCCCCCCCCOc1ccc(/C=C2\CC/C(=C\c3ccc(OCCCCCCCCCCOC(=O)c4ccc(-c5nnc(-c6ccc(C([*])=O)cc6)o5)cc4)cc3)C2=O)cc1,331.15
[*]OCCCCCCCCCCOc1ccc(/C=C2\CC/C(=C\c3ccc(OCCCCCCCCCCOP([*])(=O)OCC)c(OC)c3)C2=O)cc1OC,320.15
[*]OCCCCCCCCCCOc1ccc(/C=C2\CCCC/C(=C\c3ccc(OCCCCCCCCCCOC(=O)c4ccc(-c5nnc(-c6ccc(C([*])=O)cc6)o5)cc4)cc3)C2=O)cc1,347.15
[*]OCCCCCCCCCCOc1ccc(/N=C/c2ccc(/C=N/c3ccc([*])cc3C)cc2)c(C)c1,350.75
[*]OCCCCCCCCCCOc1ccc(CCc2ccc([*])cc2C)cc1,270.15
[*]OCCCCCCCCCOC(=O)C(O)C(O)C([*])=O,262.15
[*]OCCCCCCCCCOC(=O)OCCCCCCOc1ccc(C(=O)c2ccc(OCCCCCCOC([*])=O)cc2)cc1,267.15
[*]OCCCCCCCCCOC(=O)OCCCCCCOc1ccc(Oc2ccc(OCCCCCCOC([*])=O)cc2)cc1,253.15
[*]OCCCCCCCCCOC(=O)c1ccc(-c2ccc(C([*])=O)cc2)cc1,323.65
[*]OCCCCCCCCCOC(=O)c1ccc(-c2nnc(-c3ccc(C([*])=O)cc3)s2)cc1,345.15
[*]OCCCCCCCCCOC(=O)c1ccc(C([*])=O)cc1,308.15
[*]OCCCCCCCCCOC(=O)c1ccc2c(c1)C(=O)N(c1ccc(C([*])=O)cc1)C2=O,335.15
[*]OCCCCCCCCCOC(=O)c1ccc2cc(C([*])=O)ccc2c1,323.15
[*]OCCCCCCCCCOc1ccc(CCc2ccc([*])cc2C)cc1,272.05
[*]OCCCCCCCCOC(=O)OC1COC2C(OC([*])=O)COC12,292.65
[*]OCCCCCCCCOC(=O)OCCCCCCOc1ccc(C(=O)c2ccc(OCCCCCCOC([*])=O)cc2)cc1,265.45
[*]OCCCCCCCCOC(=O)OCCCCCCOc1ccc(Oc2ccc(OCCCCCCOC([*])=O)cc2)cc1,256.15
[*]OCCCCCCCCOC(=O)OCCCCCCn1c(=O)c2cc3c(=O)n(CCCCCCOC([*])=O)c(=O)c3cc2c1=O,281.15
[*]OCCCCCCCCOC(=O)c1ccc(-c2ccc(C([*])=O)cc2)cc1,320.15
[*]OCCCCCCCCOC(=O)c1ccc(-c2nnc(-c3ccc(C([*])=O)cc3)s2)cc1,359.15
[*]OCCCCCCCCOC(=O)c1ccc(C([*])=O)cc1,318.15
[*]OCCCCCCCCOC(=O)c1ccc2c(c1)C(=O)N(c1ccc(C([*])=O)cc1)C2=O,338.15
[*]OCCCCCCCCOC(=O)c1ccc2cc(C([*])=O)ccc2c1,333.15
[*]OCCCCCCCCOC(=O)c1cccc(C([*])=O)c1,264.15
[*]OCCCCCCCCOc1ccc(/C=C2\CC/C(=C\c3ccc(OCCCCCCCCOC(=O)c4ccc(-c5nnc(-c6ccc(C([*])=O)cc6)o5)cc4)cc3)C2=O)cc1,372.15
[*]OCCCCCCCCOc1ccc(/C=C2\CC/C(=C\c3ccc(OCCCCCCCCOP([*])(=O)OCC)c(OC)c3)C2=O)cc1OC,335.15
[*]OCCCCCCCCOc1ccc(/C=C2\CCC/C(=C\c3ccc(OCCCCCCCCOC(=O)c4ccc(-c5nnc(-c6ccc(C([*])=O)cc6)o5)cc4)cc3)C2=O)cc1,332.15
[*]OCCCCCCCCOc1ccc(/C=C2\CCCC/C(=C\c3ccc(OCCCCCCCCOC(=O)c4ccc(-c5nnc(-c6ccc(C([*])=O)cc6)o5)cc4)cc3)C2=O)cc1,371.15
[*]OCCCCCCCCOc1ccc(/C=N/c2nc(-c3ccc(Oc4ccc(-c5csc(/N=C/c6ccc([*])cc6)n5)cc4)cc3)cs2)cc1,423.15
[*]OCCCCCCCCOc1ccc(CCc2ccc([*])cc2C)cc1,261.15
[*]OCCCCCCCOC(=O)OC1CCC(OC([*])=O)CC1,268.15
[*]OCCCCCCCOC(=O)c1ccc(-c2ccc(C([*])=O)cc2)cc1,317.15
[*]OCCCCCCCOC(=O)c1ccc(C([*])=O)cc1,272.15
[*]OCCCCCCCOC(=O)c1ccc(OC(=O)c2ccc(C(=O)Oc3ccc(C([*])=O)cc3)cc2)cc1,343.15
[*]OCCCCCCCOC(=O)c1ccc2c(c1)C(=O)N(c1ccc(C([*])=O)cc1)C2=O,350.15
[*]OCCCCCCCOC(=O)c1ccc2cc(C([*])=O)ccc2c1,325.65
[*]OCCCCCCCOc1ccc(-c2ccc([*])c3ccccc23)c2ccccc12,402.65
[*]OCCCCCCCOc1ccc(CCc2ccc([*])cc2C)cc1,279.65
[*]OCCCCCCN1C(=O)c2ccc(-c3ccc(-c4ccc5c(c4)C(=O)N(CCCCCCOC([*])=O)C5=O)cc3)cc2C1=O,346.15
[*]OCCCCCCN1C(=O)c2ccc(-c3ccc4c(c3)C(=O)N(CCCCCCOC([*])=O)C4=O)cc2C1=O,344.15
[*]OCCCCCCN1C(=O)c2ccc(C(=O)c3ccc4c(c3)C(=O)N(CCCCCCOC(=O)OCCCOC([*])=O)C4=O)cc2C1=O,334.15
[*]OCCCCCCN1C(=O)c2ccc(C(=O)c3ccc4c(c3)C(=O)N(CCCCCCOC([*])=O)C4=O)cc2C1=O,349.15
[*]OCCCCCCOC(=O)C([*])=O,339.65
[*]OCCCCCCOC(=O)OC1CCC(OC([*])=O)CC1,283.15
[*]OCCCCCCOC(=O)OC1COC2C(OC([*])=O)COC12,300.65
[*]OCCCCCCOC(=O)OCCCCCCN1C(=O)c2ccc(C(=O)c3ccc4c(c3)C(=O)N(CCCCCCOC([*])=O)C4=O)cc2C1=O,313.15
[*]OCCCCCCOC(=O)OCCCCCCOc1ccc(-c2ccc(OCCCCCCOC([*])=O)cc2)cc1,289.75
[*]OCCCCCCOC(=O)OCCCCCCOc1ccc(C(=O)c2ccc(OCCCCCCOC([*])=O)cc2)cc1,272.85
[*]OCCCCCCOC(=O)OCCCCCCOc1ccc(Oc2ccc(OCCCCCCOC([*])=O)cc2)cc1,260.15
[*]OCCCCCCOC(=O)OCCCCCCn1c(=O)c2cc3c(=O)n(CCCCCCOC([*])=O)c(=O)c3cc2c1=O,290.15
[*]OCCCCCCOC(=O)OCCCCn1c(=O)c2cc3c(=O)n(CCCCOC([*])=O)c(=O)c3cc2c1=O,310.15
[*]OCCCCCCOC(=O)OCCCN1C(=O)c2ccc(C(=O)c3ccc4c(c3)C(=O)N(CCCOC([*])=O)C4=O)cc2C1=O,343.15
[*]OCCCCCCOC(=O)OCCCn1c(=O)c2cc3c(=O)n(CCCOC([*])=O)c(=O)c3cc2c1=O,309.15
[*]OCCCCCCOC(=O)c1ccc(-c2ccc(-c3ccc(C([*])=O)cc3)cc2)cc1,333.15
[*]OCCCCCCOC(=O)c1ccc(-c2ccc(C([*])=O)cc2)cc1,324.15
[*]OCCCCCCOC(=O)c1ccc(-c2nnc(-c3ccc(C([*])=O)cc3)s2)cc1,398.15
[*]OCCCCCCOC(=O)c1ccc(C([*])=O)cc1,286.15
[*]OCCCCCCOC(=O)c1ccc(Oc2ccc(C([*])=O)cc2)cc1,288.15
[*]OCCCCCCOC(=O)c1ccc2c(c1)C(=O)N(c1ccc(C([*])=O)cc1)C2=O,353.65
[*]OCCCCCCOC(=O)c1ccc2cc(C([*])=O)ccc2c1,337.15
[*]OCCCCCCOC(=O)c1cccc(C([*])=O)c1,278.65
[*]OCCCCCCOC([*])=O,231.15
[*]OCCCCCCOc1ccc(-c2ccc(OCCCCCCOC(=O)C(CCCCCOc3ccc(/N=N/c4ccncc4)cc3)C([*])=O)cc2)cc1,326.75
[*]OCCCCCCOc1ccc(-c2ccc([*])c3ccccc23)c2ccccc12,382.15
[*]OCCCCCCOc1ccc(-n2on2-c2ccc(OCCCCCCOC(=O)C(C([*])=O)c3ccccc3)cc2)cc1,296.15
[*]OCCCCCCOc1ccc(-n2on2-c2ccc(OCCCCCCOC(=O)C(CCCCCBr)C([*])=O)cc2)cc1,280.15
[*]OCCCCCCOc1ccc(-n2on2-c2ccc(OCCCCCCOC(=O)C(CCCCCCCCCCBr)C([*])=O)cc2)cc1,289.15
[*]OCCCCCCOc1ccc(-n2on2-c2ccc(OCCCCCCOC(=O)C(CCCCCCCCCCP(=O)(O)O)C([*])=O)cc2)cc1,289.15
[*]OCCCCCCOc1ccc(-n2on2-c2ccc(OCCCCCCOC(=O)C(CCCCCCP(=O)(O)O)C([*])=O)cc2)cc1,294.15
[*]OCCCCCCOc1ccc(-n2on2-c2ccc(OCCCCCCOC(=O)C(CCCCCP(=O)(O)O)C([*])=O)cc2)cc1,290.15
[*]OCCCCCCOc1ccc(-n2on2-c2ccc(OCCCCCCOC(=O)C(CCCCP(=O)(O)O)C([*])=O)cc2)cc1,292.15
[*]OCCCCCCOc1ccc(/C=C/c2ccc([*])c3ccccc23)cc1,351.15
[*]OCCCCCCOc1ccc(/C=C/c2ccc([*])cc2)cc1,349.15
[*]OCCCCCCOc1ccc(/C=C2\CC/C(=C\c3ccc(OCCCCCCOP([*])(=O)OCC)c(OC)c3)C2=O)cc1OC,348.15
[*]OCCCCCCOc1ccc(/C=C2\CCC/C(=C\c3ccc(OCCCCCCOC(=O)c4ccc(-c5nnc(-c6ccc(C([*])=O)cc6)o5)cc4)cc3)C2=O)cc1,344.15
[*]OCCCCCCOc1ccc(/C=C2\CCCC/C(=C\c3ccc(OCCCCCCOC(=O)c4ccc(-c5nnc(-c6ccc(C([*])=O)cc6)o5)cc4)cc3)C2=O)cc1,377.15
[*]OCCCCCCOc1ccc(/C=N/c2nc(-c3ccc(Oc4ccc(-c5csc(/N=C/c6ccc([*])cc6)n5)cc4)cc3)cs2)cc1,390.15
[*]OCCCCCCOc1ccc(C(=O)c2ccc(OCCCCCCOC(=O)OCCCCCOC([*])=O)cc2)cc1,272.95
[*]OCCCCCCOc1ccc(C(=O)c2ccc(OCCCCCCOC(=O)OCCCCOC([*])=O)cc2)cc1,275.25
[*]OCCCCCCOc1ccc(C(=O)c2ccc(OCCCCCCOC(=O)OCCCOC([*])=O)cc2)cc1,289.15
[*]OCCCCCCOc1ccc(C(=O)c2ccc(OCCCCCCOC(=O)OCCOC([*])=O)cc2)cc1,288.15
[*]OCCCCCCOc1ccc(CCc2ccc([*])cc2C)cc1,291.05
[*]OCCCCCCOc1ccc(Oc2ccc(OCCCCCCOC(=O)OCCCCCOC([*])=O)cc2)cc1,262.15
[*]OCCCCCCOc1ccc(Oc2ccc(OCCCCCCOC(=O)OCCCCOC([*])=O)cc2)cc1,265.15
[*]OCCCCCCOc1ccc(Oc2ccc(OCCCCCCOC(=O)OCCCOC([*])=O)cc2)cc1,267.15
[*]OCCCCCCOc1ccc(Oc2ccc(OCCCCCCOC(=O)OCCOC([*])=O)cc2)cc1,269.15
[*]OCCCCCN1C(=O)c2ccc(-c3ccc4c(c3)C(=O)N(CCCCCOC([*])=O)C4=O)cc2C1=O,357.15
[*]OCCCCCN1C(=O)c2ccc(C(=O)c3ccc4c(c3)C(=O)N(CCCCCOC([*])=O)C4=O)cc2C1=O,350.15
[*]OCCCCCOC(=O)OC1CCC(OC([*])=O)CC1,268.15
[*]OCCCCCOC(=O)c1ccc(-c2ccc(-c3ccc(C([*])=O)cc3)cc2)cc1,313.15
[*]OCCCCCOC(=O)c1ccc(-c2ccc(C([*])=O)cc2)cc1,320.65
[*]OCCCCCOC(=O)c1ccc(/C=C/c2ccc(C([*])=O)cc2)cc1,333.15
[*]OCCCCCOC(=O)c1ccc(C([*])=O)cc1,289.15
[*]OCCCCCOC(=O)c1ccc(Oc2ccc(C([*])=O)cc2)cc1,299.15
[*]OCCCCCOC(=O)c1ccc2c(c1)C(=O)N(c1ccc(C([*])=O)cc1)C2=O,363.15
[*]OCCCCCOC(=O)c1ccc2cc(C([*])=O)ccc2c1,331.65
[*]OCCCCCOC(=O)c1cccc(C([*])=O)c1,280.15
[*]OCCCCCOC([*])=O,230.2
[*]OCCCCCOc1ccc(-c2ccc([*])c3ccccc23)c2ccccc12,424.15
[*]OCCCCCOc1ccc(CCc2ccc([*])cc2C)cc1,288.55
[*]OCCCCCc1nnc(-c2ccc(-c3nnc(CCCCCOc4ccc([*])c(C)c4)o3)cc2)o1,368.15
[*]OCCCCN1C(=O)c2ccc(-c3ccc4c(c3)C(=O)N(CCCCOC([*])=O)C4=O)cc2C1=O,377.15
[*]OCCCCOC(=O)C1CCC(C([*])=O)CC1,262.65
[*]OCCCCOC(=O)OC1CCC(OC([*])=O)CC1,303.15
[*]OCCCCOC(=O)OC1COC2C(OC([*])=O)COC12,322.15
[*]OCCCCOC(=O)OCC1CCC(COC([*])=O)CC1,286.15
[*]OCCCCOC(=O)c1ccc(-c2ccc(-c3ccc(C([*])=O)cc3)cc2)cc1,453.15
[*]OCCCCOC(=O)c1ccc(-c2ccc(C([*])=O)cc2)cc1,343.15
[*]OCCCCOC(=O)c1ccc(N/C=N/c2ccc(C([*])=O)cc2)cc1,364.15
[*]OCCCCOC(=O)c1ccc(Oc2ccc(C([*])=O)cc2)cc1,311.15
[*]OCCCCOC(=O)c1ccc2c(c1)C(=O)N(c1ccc(C([*])=O)cc1)C2=O,373.65
[*]OCCCCOC(=O)c1ccc2cc(C([*])=O)ccc2c1,339.15
[*]OCCCCOC([*])=O,246.15
[*]OCCCCOCCCCOCCCCOC(=O)c1ccc(/N=C/c2ccc(/C=N/c3ccc(C([*])=O)cc3)cc2)cc1,259.95
[*]OCCCCOCCCCOCCCCOC(=O)c1ccc(/N=C/c2ccc(C=Nc3ccc(C([*])=O)cc3)s2)cc1,298.15
[*]OCCCCOc1ccc(-c2ccc([*])c3ccccc23)c2ccccc12,403.15
[*]OCCCCOc1ccc(/C=C2\CC/C(=C\c3ccc(OCCCCOP([*])(=O)OCC)c(OC)c3)C2=O)cc1OC,352.15
[*]OCCCCOc1ccc(CCc2ccc([*])cc2C)cc1,298.05
[*]OCCCCc1nnc(-c2ccc(-c3nnc(CCCCOc4ccc([*])c(C)c4)o3)cc2)o1,402.15
[*]OCCCOC(=O)C([*])C,240.15
[*]OCCCOC(=O)C1CCC(C([*])=O)CC1,267.15
[*]OCCCOC(=O)c1ccc(Oc2ccc(C([*])=O)cc2)cc1,330.15
[*]OCCCOC(=O)c1ccc2cc(C([*])=O)ccc2c1,361.15
[*]OCCCOC(=O)c1cccc(C([*])=O)c1,309.15
[*]OCCCOC([*])=O,255.45
[*]OCCCOCCCOC(=O)c1ccc(-c2ccc(C([*])=O)cc2)cc1,291.65
[*]OCCCOc1ccc(-c2ccc([*])c3ccccc23)c2ccccc12,455.15
[*]OCCCS(=O)(=O)CCCCS(=O)(=O)CCCOC(=O)c1cccc(C([*])=O)c1,338.15
[*]OCCCS(=O)(=O)CCCCS(=O)(=O)CCCOC(=O)c1ccccc1C([*])=O,322.15
[*]OCCCS(=O)(=O)CCCCS(=O)(=O)CCCOC([*])=O,316.15
[*]OCCCS(=O)(=O)CCCS(=O)(=O)CCCOC(=O)c1cccc(C([*])=O)c1,340.15
[*]OCCCS(=O)(=O)CCCS(=O)(=O)CCCOC(=O)c1ccccc1C([*])=O,325.15
[*]OCCCSCCCCCCSCCCOC(=O)c1ccc2c(c1)C(=O)N(c1ccc(C([*])=O)cc1)C2=O,304.15
[*]OCCCSCCCCSCCCOC(=O)c1ccc2c(c1)C(=O)N(c1ccc(C([*])=O)cc1)C2=O,312.15
[*]OCCCc1nnc(-c2ccc(-c3nnc(CCCOc4ccc([*])c(C)c4)o3)cc2)o1,385.15
[*]OCCN(CCOC(=O)OCc1ccc(COC([*])=O)cc1)c1ccc(/N=N/c2ccc([N+](=O)[O-])cc2)cc1,411.95
[*]OCCN(CCOC(=O)c1cc(OC2CCN(c3ccc(S(=O)(=O)C(F)(F)C(F)(F)C(F)(F)C(F)(F)C(F)(F)C(F)(F)C(F)(F)C(F)(F)F)cc3)CC2)cc(C([*])=O)c1)c1ccc(S(=O)(=O)C(F)(F)C(F)(F)C(F)(F)C(F)(F)C(F)(F)C(F)(F)C(F)(F)C(F)(F)F)cc1,372.15
[*]OCCN(CCOC(=O)c1cc(OCCC2CCN(c3ccc(S(=O)(=O)C(F)(F)C(F)(F)C(F)(F)C(F)(F)C(F)(F)C(F)(F)C(F)(F)C(F)(F)F)cc3)CC2)cc(C([*])=O)c1)c1ccc(S(=O)(=O)C(F)(F)C(F)(F)C(F)(F)C(F)(F)C(F)(F)C(F)(F)C(F)(F)C(F)(F)F)cc1,359.15
[*]OCCN(CCOC(=O)c1ccc(C([*])=O)cc1)c1ccc(-c2nc3ccc([N+](=O)[O-])cc3o2)cc1,481.15
[*]OCCN(CCOC(=O)c1ccc(OCC#CC#CCOc2ccc(C([*])=O)cc2)cc1)c1ccc(/N=N/c2ccc([N+](=O)[O-])cc2)cc1,373.15
[*]OCCN(CCOC(=O)c1ccc(OCC#CC#CCOc2ccc(C([*])=O)cc2)cc1)c1ccc([N+](=O)[O-])cc1,373.15
[*]OCCN(CCOC(=O)c1ccc2c(c1)C(=O)N(c1cccc(N3C(=O)c4ccc(C([*])=O)cc4C3=O)c1)C2=O)c1ccc(/N=N/c2ccc(F)cc2)cc1,441.15
[*]OCCN(CCOC(=O)c1ccc2c(c1)C(=O)N(c1cccc(N3C(=O)c4ccc(C([*])=O)cc4C3=O)c1)C2=O)c1ccc(/N=N/c2ccc([N+](=O)[O-])cc2)cc1,483.15
[*]OCCN(CCOC(=O)c1cccc(C([*])=O)c1)c1ccccc1,333.15
[*]OCCN(CCOc1ccc2c(c1)C(=O)N(c1ccc(C(c3ccc(N4C(=O)c5ccc([*])cc5C4=O)cc3)(C(F)(F)F)C(F)(F)F)cc1)C2=O)c1ccc(/C=C/c2ccc([N+](=O)[O-])cc2)cc1,453.85
[*]OCCN(CCOc1ccc2c(c1)C(=O)N(c1ccc(Cc3ccc(N4C(=O)c5ccc([*])cc5C4=O)cc3)cc1)C2=O)c1ccc(/C=C/c2ccc([N+](=O)[O-])cc2)cc1,433.85
[*]OCCOC(=O)C1=C(N2CCCC2)CCCC=C1C([*])=O,625.65
[*]OCCOC(=O)C1C2C=CC(C2)C1C([*])=O,273.15
[*]OCCOC(=O)C1CCC(C([*])=O)CC1,298.15
[*]OCCOC(=O)CCCC(=O)OCCOc1nc(-c2ccc(OC)cc2)nc([*])c1-c1ccc(OC)cc1,330.15
[*]OCCOC(=O)CCCC(=O)OCCOc1nc(-c2ccc(OCCCC)cc2)nc([*])c1-c1ccc(OC)cc1,319.15
[*]OCCOC(=O)CCCC(=O)OCCOc1nc(-c2ccc(OCCCC)cc2)nc([*])c1-c1ccc(OCCCC)cc1,310.15
[*]OCCOC(=O)CCCCC(=O)OCCOc1nc(-c2ccc(OC)cc2)nc([*])c1-c1ccc(OC)cc1,321.15
[*]OCCOC(=O)CCCCC(=O)OCCOc1nc(-c2ccc(OCCCC)cc2)nc([*])c1-c1ccc(OC)cc1,307.15
[*]OCCOC(=O)N1CCN(C(=O)OCCOC(=O)c2ccc(C([*])=O)cc2)CC1,326.15
[*]OCCOC(=O)N1CCN(C([*])=O)CC1,333.15
[*]OCCOC(=O)c1cc(/N=N/c2ccc(OCC)cc2)ccc1-c1ccc(/N=N/c2ccc(OCC)cc2)cc1C(=O)OCCOc1nc(-c2ccc(OCCCC)cc2)nc([*])c1-c1ccc(OC)cc1,399.15
[*]OCCOC(=O)c1ccc(-c2ccc(-c3ccc(C([*])=O)cc3)cc2)cc1,453.15
[*]OCCOC(=O)c1ccc(-c2ccc(C([*])=O)cc2)cc1,313.15
[*]OCCOC(=O)c1ccc(C(=O)OCCOc2nc(-c3ccc(OCCCC)cc3)nc([*])c2-c2ccc(OC)cc2)cc1,367.15
[*]OCCOC(=O)c1ccc(C([*])=O)o1,362.1
[*]OCCOC(=O)c1ccc(OCCCCOc2ccc(C([*])=O)cc2)cc1,326.15
[*]OCCOC(=O)c1ccc(Oc2ccc(C([*])=O)cc2)cc1,347.15
[*]OCCOC(=O)c1ccc2c(c1)C(=O)N(c1ccc(C([*])=O)cc1)C2=O,553.15
[*]OCCOC(=O)c1ccc2ccc(C([*])=O)cc2c1,392.15
[*]OCCOC(=O)c1cccc(C(=O)OCCOc2nc(-c3ccc(OCCCC)cc3)nc([*])c2-c2ccc(OC)cc2)c1,365.15
[*]OCCOC(=O)c1cccc(C([*])=O)c1,331.15
[*]OCCOC(=O)c1cccc(N2C(=O)c3ccc(C([*])=O)cc3C2=O)c1,493.15
[*]OCCOC(=O)c1cccc2c(C([*])=O)cccc12,351.15
[*]OCCOCCOC(=O)C([*])=O,245.15
[*]OCCOCCOC(=O)C1CCC(C([*])=O)CC1,261.15
[*]OCCOCCOC(=O)OC1COC2C(OC([*])=O)COC12,319.65
[*]OCCOCCOC(=O)Oc1cccc(N(c2ccc(/N=N/c3ccc([N+](=O)[O-])cc3)cc2)c2ccc(-c3ccc(N(c4ccccc4)c4cccc(OC([*])=O)c4)cc3)cc2)c1,384.15
[*]OCCOCCOC(=O)Oc1cccc(N(c2ccccc2)c2ccc(-c3ccc(N(c4ccccc4)c4cccc(OC([*])=O)c4)cc3)cc2)c1,386.15
[*]OCCOCCOC(=O)c1ccc(-c2ccc(C([*])=O)cc2)cc1,323.15
[*]OCCOCCOC(=O)c1ccc(C([*])=O)cc1,295.05
[*]OCCOCCOC(=O)c1ccc(N/C=N/c2ccc(C([*])=O)cc2)cc1,350.15
[*]OCCOCCOC(=O)c1ccc2c(c1)C(=O)N(c1ccc(C([*])=O)cc1)C2=O,374.15
[*]OCCOCCOC(=O)c1cccc(C([*])=O)c1,289.15
[*]OCCOCCOC(=O)c1ccccc1-c1ccccc1C([*])=O,290.15
[*]OCCOCCOC(=O)c1ccccc1C([*])=O,223.15
[*]OCCOCCOC([*])=O,246.15
[*]OCCOCCOCCOC(=O)C1CCC(C([*])=O)CC1,248.15
[*]OCCOCCOCCOC(=O)OC1COC2C(OC([*])=O)COC12,290.15
[*]OCCOCCOCCOC(=O)c1ccc(-c2ccc(-c3ccc(C([*])=O)cc3)cc2)cc1,323.15
[*]OCCOCCOCCOC(=O)c1ccc(-c2ccc(C([*])=O)cc2)cc1,293.15
[*]OCCOCCOCCOC(=O)c1ccc(OC(=O)c2ccc(C(=O)Oc3ccc(C([*])=O)cc3)cc2)cc1,303.15
[*]OCCOCCOCCOC(=O)c1ccc2c(c1)C(=O)N(c1ccc(C([*])=O)cc1)C2=O,336.15
[*]OCCOCCOCCOCCOC(=O)OC1COC2C(OC([*])=O)COC12,282.65
[*]OCCOCCOCCOCCOC(=O)c1ccc(-c2ccc(-c3ccc(C([*])=O)cc3)cc2)cc1,313.15
[*]OCCOCCOCCOCCOC(=O)c1ccc(-c2ccc(C([*])=O)cc2)cc1,277.15
[*]OCCOCCOCCOCCOC(=O)c1ccc(OC(=O)c2ccc(C(=O)Oc3ccc(C([*])=O)cc3)cc2)cc1,303.15
[*]OCCOCCOCCOCCOC(=O)c1ccc2c(c1)C(=O)N(c1ccc(C([*])=O)cc1)C2=O,325.15
[*]OCCOCCOCCOCCOCCOCCOC(=O)c1cccc(C([*])=O)c1,249.65
[*]OCCOCCOCCOCCOCCOCCOCCOCCOCCOCCOC(=O)c1ccc(-c2ccc(-c3ccc(C([*])=O)cc3)cc2)cc1,313.15
[*]OCCOCCOCCOc1ccc(/C=C/c2ccc(/C=C/c3ccc([*])c4ccccc34)cc2)c2ccccc12,356.65
[*]OCCOCCOc1ccc(N/C=N/c2ccc([*])cc2)cc1,335.15
[*]OCCOc1ccc(-c2nc3ccc(Oc4ccc5nc(-c6ccc(OCCOc7cc([*])ccc7/C=C/c7ccc([N+](=O)[O-])cc7)cc6)c(-c6ccccc6)nc5c4)cc3nc2-c2ccccc2)cc1,460.15
[*]OCCOc1ccc(/C=C2\CC/C(=C\c3ccc(OCCOP([*])(=O)OCC)c(OC)c3)C2=O)cc1OC,353.15
[*]OCCOc1ccc(C([*])=O)cc1,357.15
[*]OCCOc1ccc(C2(c3ccc(OCCOC(=O)C4CCC(C([*])=O)CC4)cc3)c3ccccc3-c3ccccc32)cc1,393.2
[*]OCCOc1ccc(C2(c3ccc(OCCO[Si]([*])(c4ccccc4)c4ccccc4)cc3)c3ccccc3-c3ccccc32)cc1,370.15
[*]OCCOc1ccc(S(=O)(=O)c2ccc(OCCOP([*])(=O)Oc3ccc(Br)cc3)cc2)cc1,332.15
[*]OCCOc1ccc(S(=O)(=O)c2ccc(OCCOP([*])(=O)Oc3ccc(C)cc3)cc2)cc1,319.15
[*]OCCOc1ccc(S(=O)(=O)c2ccc(OCCOP([*])(=O)Oc3ccc(OC)cc3)cc2)cc1,325.15
[*]OCCOc1ccc(S(=O)(=O)c2ccc(OCCOP([*])(=O)Oc3ccc([N+](=O)[O-])cc3)cc2)cc1,329.15
[*]OCCOc1ccc(S(=O)(=O)c2ccc(OCCOP([*])(=O)Oc3ccccc3)cc2)cc1,322.15
[*]OCc1ccc(COC(=O)c2cccc(C([*])=O)c2)cc1,416.15
[*]ON(C(F)(F)F)C(F)(F)C([*])(F)SC(F)(F)F,225.15
[*]O[SiH](CCC(F)(F)F)O[Si](C)(C)c1ccc([Si]([*])(C)C)cc1,236.15
[*]O[SiH]([*])C,269.76
[*]O[Si](C)(C)O[Si](C)(C)O[SiH]([*])O[Si](C)(C)C=C,205.15
[*]O[Si](C)(C)O[Si](C)(C)O[Si](C)(C)c1ccc(Oc2ccc([Si](C)(C)O[Si](C)(C)O[Si]([*])(C)C)cc2)cc1,208.15
[*]O[Si](C)(C)O[Si](C)(C)O[Si](C)(C)c1ccc([Si](C)(C)O[Si](C)(C)O[Si]([*])(C)C)cc1,193.15
[*]O[Si](C)(C)O[Si](C)(C)c1ccc(Oc2ccc([Si](C)(C)O[Si](C)(C)O[Si]([*])(C)C)cc2)cc1,221.15
[*]O[Si](C)(C)O[Si](C)(C)c1ccc(Oc2ccc([Si](C)(C)O[Si]([*])(C)C)cc2)cc1,236.15
[*]O[Si](C)(C)O[Si](C)(C)c1ccc([Si](C)(C)O[Si](C)(C)O[Si]([*])(C)C)cc1,201.15
[*]O[Si](C)(C)O[Si](C)(C)c1ccc([Si](C)(C)O[Si]([*])(C)C)cc1,211.15
[*]O[Si](C)(C)O[Si](C)(C)c1cccc([Si](C)(C)O[Si](C)(C)O[Si]([*])(C)C)c1,198.15
[*]O[Si](C)(C)O[Si](C)(O[Si]([*])(C)C)c1c(F)c(F)c(F)c(F)c1F,190.15
[*]O[Si](C)(C)O[Si](C)(c1ccccc1)c1cccc([Si](C)(O[Si](C)(C)O[Si]([*])(C)C)c2ccccc2)c1,231.15
[*]O[Si](C)(C)O[Si](O[Si]([*])(C)C)(c1c(F)c(F)c(F)c(F)c1F)c1c(F)c(F)c(F)c(F)c1F,231.15
[*]O[Si](C)(C)O[Si]([*])(C)CCCCCCCCOc1ccc(C(=O)Oc2ccc(C#N)cc2C)cc1,258.15
[*]O[Si](C)(C)[Si]([*])(C)C,154.15
[*]O[Si](C)(C)c1c(F)c(F)c(F)c([Si](C)(C)O[Si]([*])(C)C)c1F,212.15
[*]O[Si](C)(C)c1c(F)c(F)c(F)c([Si]([*])(C)C)c1F,244.65
[*]O[Si](C)(C)c1cc(OCCO)c([Si]([*])(C)C)cc1OCCO,346.15
[*]O[Si](C)(C)c1cc(OCCOCc2ccccc2)c([Si]([*])(C)C)cc1OCCOCc1ccccc1,349.15
[*]O[Si](C)(C)c1ccc(-c2ccc([Si]([*])(C)C)cc2)cc1,340.15
[*]O[Si](C)(C)c1ccc([Si](C)(C)O[SiH]([*])C)cc1,208.15
[*]O[Si](C)(C)c1ccc([Si](C)(C)O[Si]([*])(C)C)cc1,210.65
[*]O[Si](C)(C)c1ccc([Si](C)(C)O[Si]([*])(C)C=C)cc1,210.15
[*]O[Si](C)(C)c1ccc([Si](C)(C)O[Si]([*])(C)CCC(F)(F)C(F)(F)C(F)(F)C(F)(F)C(F)(F)C(F)(F)F)cc1,218.15
[*]O[Si](C)(C)c1ccc([Si](C)(C)O[Si]([*])(C=C)C=C)cc1,202.15
[*]O[Si](C)(C)c1ccc([Si]([*])(C)C)c2ccccc12,333.15
[*]O[Si](C)(C)c1ccc([Si]([*])(C)C)cc1,255.15
[*]O[Si](C)(C)c1ccc2c(c1)C(=O)N(c1ccc(Cc3ccc(N4C(=O)c5ccc([Si](C)(C)O[Si]([*])(C)C)cc5C4=O)cc3)cc1)C2=O,493.15
[*]O[Si](C)(C)c1ccc2c(c1)C(=O)N(c1ccc(Cc3ccc(N4C(=O)c5ccc([Si]([*])(C)C)cc5C4=O)cc3)cc1)C2=O,505.15
[*]O[Si](C)(C)c1ccc2c(c1)C(=O)N(c1ccc(Oc3ccc(-c4nnc(-c5ccc(Oc6ccc(N7C(=O)c8ccc([Si]([*])(C)C)cc8C7=O)cc6)cc5)o4)cc3)cc1)C2=O,463.65
[*]O[Si](C)(C)c1ccc2c(c1)C(=O)N(c1cccc(Cc3cccc(N4C(=O)c5ccc([Si](C)(C)O[Si]([*])(C)C)cc5C4=O)c3)c1)C2=O,481.15
[*]O[Si](C)(C)c1ccc2c(c1)C(=O)N(c1cccc(Cc3cccc(N4C(=O)c5ccc([Si]([*])(C)C)cc5C4=O)c3)c1)C2=O,490.15
[*]O[Si](C)(C)c1ccc2c(c1)C(=O)N(c1cccc(Oc3ccc(-c4nnc(-c5ccc(Oc6cccc(N7C(=O)c8ccc([Si]([*])(C)C)cc8C7=O)c6)cc5)o4)cc3)c1)C2=O,438.15
[*]O[Si](C)(C)c1ccc2cc([Si]([*])(C)C)ccc2c1,302.15
[*]O[Si](C)(C)c1ccc2cc3cc([Si]([*])(C)C)ccc3cc2c1,391.15
[*]O[Si](C)(C)c1ccc2ccc([Si]([*])(C)C)cc2c1,299.15
[*]O[Si](C)(C)c1ccc2ccc3c([Si]([*])(C)C)ccc4ccc1c2c43,338.15
[*]O[Si](C)(C)c1cccc(C(F)(F)C(F)(F)C(F)(F)c2cccc([Si]([*])(C)C)c2)c1,265.15
[*]O[Si](C)(C)c1cccc(C(F)(F)C(F)(F)c2cccc([Si]([*])(C)C)c2)c1,271.15
[*]O[Si](C)(C)c1cccc([Si]([*])(C)C)c1,225.15
[*]O[Si](C)(C)c1cccc2c([Si]([*])(C)C)cccc12,335.15
[*]O[Si](C)(C)c1cccc2c1ccc1c([Si]([*])(C)C)cccc12,373.15
[*]O[Si](C)(C=C)O[Si](C)(C)c1ccc([Si](C)(C)O[Si]([*])(C)C=C)cc1,187.15
[*]O[Si](C)(CCCCOc1ccc(-c2ccc(C#N)cc2)cc1)O[Si]([*])(C)C,267.65
[*]O[Si](C)(O[Si]([*])(C)C)c1c(F)c(F)c(F)c(F)c1F,208.15
[*]O[Si](O[Si](C)(C)c1ccc([Si]([*])(C)C)cc1)(c1ccccc1)c1ccccc1,273.15
[*]O[Si]([*])(C([2H])([2H])[2H])C([2H])([2H])[2H],148.15
[*]O[Si]([*])(C)C1CC2CC1C1C3CC(CC3C(=O)OC(C)(C)C)C21,363.15
[*]O[Si]([*])(C)C1CC2CC1CC2OC(=O)OC(C)(C)C,333.15
[*]O[Si]([*])(C)C=C,144.15
[*]O[Si]([*])(C)CC,140.15
[*]O[Si]([*])(C)CCC,153.15
[*]O[Si]([*])(C)CCC(F)(F)C(F)(F)C(F)(F)C(F)(F)F,198.15
[*]O[Si]([*])(C)CCC(F)(F)F,204.15
[*]O[Si]([*])(C)CCCC,158.15
[*]O[Si]([*])(C)CCCC(=O)O,244.15
[*]O[Si]([*])(C)CCCC(=O)OC,201.15
[*]O[Si]([*])(C)CCCC(=O)OCC,191.15
[*]O[Si]([*])(C)CCCC(=O)OCCCC,182.15
[*]O[Si]([*])(C)CCCC(=O)OCCO,215.15
[*]O[Si]([*])(C)CCCCC,161.15
[*]O[Si]([*])(C)CCCCC(=O)OCCCCCCCCCCC(F)(F)C(F)(F)C(F)(F)C(F)(F)C(F)(F)C(F)(F)C(F)(F)C(F)(F)F,195.15
[*]O[Si]([*])(C)CCCCC1COC(=O)O1,249.7
[*]O[Si]([*])(C)CCCCCC,162.3
[*]O[Si]([*])(C)CCCCCCCC,181.15
[*]O[Si]([*])(C)CCCCCCCCCCC(=O)OCCC(F)(F)C(F)(F)C(F)(F)C(F)(F)C(F)(F)C(F)(F)C(F)(F)C(F)(F)F,195.15
[*]O[Si]([*])(C)CCCCCCCCCCC(=O)OCCC(F)(F)C(F)(F)C(F)(F)C(F)(F)C(F)(F)C(F)(F)F,204.15
[*]O[Si]([*])(C)CCCCCCCCCCC(=O)Oc1ccc(-c2ccc(OC(=O)CCCCC(=O)OC3CC(C)CCC3C(C)C)cc2)cc1,289.65
[*]O[Si]([*])(C)CCCCCCCCCCC(=O)Oc1ccc(-c2ccc(OC(=O)c3ccc(OCC(C)CC)cc3)cc2)cc1,302.35
[*]O[Si]([*])(C)CCCCCCCCCCC(=O)Oc1ccc(-c2ccc(OC(=O)c3ccc(OCC)cc3)cc2)cc1,376.55
[*]O[Si]([*])(C)CCCCCCCCCCC(=O)Oc1ccc(-c2ccc(OC(=O)c3ccc(OCCCCCCC)cc3)cc2)cc1,334.25
[*]O[Si]([*])(C)CCCCCCCCCCC(=O)Oc1ccc(C(=O)OCCOc2ccc(C(=O)OC3CCC4(C)C(=CCC5C4CCC4(C)C(C(C)CCCC(C)C)CCC54)C3)cc2)cc1,298.15
[*]O[Si]([*])(C)CCCCCCCCCCC(=O)Oc1ccc(C(=O)Oc2ccc(-c3ccc(OC(=O)CCCCC(=O)OC4CC(C)CCC4C(C)C)cc3)cc2)cc1,305.55
[*]O[Si]([*])(C)CCCCCCCCCCC(=O)Oc1ccc(C(=O)Oc2ccc(-c3ccc(OC(=O)c4ccc(OCC(C)CC)cc4)cc3)cc2)cc1,347.45
[*]O[Si]([*])(C)CCCCCCCCCCC(=O)Oc1ccc(C(=O)Oc2ccc(-c3ccc(OCC(C)CC)cc3)cc2)cc1,299.85
[*]O[Si]([*])(C)CCCCCCCCCCC(=O)Oc1ccc(C(=O)Oc2ccc(OC(=O)CCCCC(=O)OC3CC(C)CCC3C(C)C)cc2)cc1,293.85
[*]O[Si]([*])(C)CCCCCCCCCCC(=O)Oc1ccc(C(=O)Oc2ccc(OC(=O)c3ccc(OCC(C)CC)cc3)cc2)cc1,301.65
[*]O[Si]([*])(C)CCCCCCCCCCC(=O)Oc1ccc(OC(=O)c2ccc(OCC(C)CC)cc2)cc1,286.55
[*]O[Si]([*])(C)CCCCCCCCCCC(=O)Oc1ccc2cc(C(=O)OC3CCC4(C)C(=CCC5C4CCC4(C)C(C(C)CCCC(C)C)CCC54)C3)ccc2c1,300.15
[*]O[Si]([*])(C)CCCCCCCCCCC(F)(F)C(F)(F)C(F)(F)C(F)(F)C(F)(F)C(F)(F)C(F)(F)C(F)(F)F,195.15
[*]O[Si]([*])(C)CCCCCCCCCCCOC(=O)c1cc(OC(=O)c2ccc(OCCOCCOCCOCCOCCOCCOCCOCCOC)cc2)ccc1OC(=O)c1ccc(OCCOCCOCCOCCOCCOCCOCCOCCOC)cc1,217.15
[*]O[Si]([*])(C)CCCCCCCCCCCOc1ccc(-c2ccc(C(=O)Oc3ccc(C(=O)OC(C)C(=O)OC(C)C(=O)OC(C)C(=O)OCC(C)CC)cc3)cc2)cc1,288.15
[*]O[Si]([*])(C)CCCCCCCCCCCOc1ccc(-c2ccc(C(=O)Oc3ccc(C(=O)OC(C)C(=O)OC(C)C(=O)OCC(C)CC)cc3)cc2)cc1,293.15
[*]O[Si]([*])(C)CCCCCCCCCCCOc1ccc(/C=C/c2ccc(C#N)cc2)cc1,218.15
[*]O[Si]([*])(C)CCCCCCCCCCCOc1ccc(/C=C/c2ccc(OC)cc2)cc1,328.15
[*]O[Si]([*])(C)CCCCCCCCCCCOc1ccc(/C=C/c2ccc(OCCCC)cc2)cc1,240.15
[*]O[Si]([*])(C)CCCCCCCCCCCOc1ccc(C(=O)OC/C=C(\C)CCC=C(C)C)cc1,298.15
[*]O[Si]([*])(C)CCCCCCCCCCCn1c2ccccc2c2ccccc21,228.15
[*]O[Si]([*])(C)CCCCCCCCOc1ccc(C(=O)Oc2ccc(C#N)cc2C)cc1,278.65
[*]O[Si]([*])(C)CCCCCCOC(=O)c1cc(OC(=O)c2ccc(OCCOCCOCCOCCOCCOCCOC)cc2)ccc1OC(=O)c1ccc(OCCOCCOCCOCCOCCOCCOC)cc1,223.15
[*]O[Si]([*])(C)CCCCCCOc1ccc(-c2ccc(C#N)cc2)cc1,283.15
[*]O[Si]([*])(C)CCCCCCOc1ccc(C(=O)Oc2ccc(C#N)cc2)cc1,281.15
[*]O[Si]([*])(C)CCCCCCOc1ccc(C(=O)Oc2ccc(C#N)cc2C)cc1,318.15
[*]O[Si]([*])(C)CCCCCCOc1ccc(C(=O)Oc2ccc(C(=O)OCC(C)CC)cc2)cc1,264.15
[*]O[Si]([*])(C)CCCCCCOc1ccc(C(=O)Oc2ccc(C(=O)Oc3ccc(C=C(C(=O)OCCCCCCCCC)C(=O)OCCCCCCCCC)cc3)cc2)cc1,268.15
[*]O[Si]([*])(C)CCCCCCOc1ccc(C(=O)Oc2ccc(OC)cc2)cc1,271.15
[*]O[Si]([*])(C)CCCCCCOc1ccc(C(=O)Oc2ccc(OCCCCCC)cc2)cc1,285.15
[*]O[Si]([*])(C)CCCCCCn1c2ccccc2c2ccccc21,268.15
[*]O[Si]([*])(C)CCCCCOc1ccc(/C=C/c2ccc(OC)cc2)cc1,325.15
[*]O[Si]([*])(C)CCCCCn1c2ccccc2c2ccccc21,280.15
[*]O[Si]([*])(C)CCCCOc1ccc(-c2ccc(C#N)cc2)cc1,295.65
[*]O[Si]([*])(C)CCCCOc1ccc(C(=O)Oc2ccc(C#N)cc2)cc1,289.15
[*]O[Si]([*])(C)CCCOC(=O)c1cc(OC(=O)c2ccc(OCCOCCOCCOCCOC)cc2)ccc1OC(=O)c1ccc(OCCOCCOCCOCCOC)cc1,236.15
[*]O[Si]([*])(C)CCCOC(=O)c1cc(OC(=O)c2ccc(OCCOCCOCCOCCOCCOCCOC)cc2)ccc1OC(=O)c1ccc(OCCOCCOCCOCCOCCOCCOC)cc1,227.15
[*]O[Si]([*])(C)CCCOCC1COC(=O)O1,247.25
[*]O[Si]([*])(C)CCCOCCOCCOC,183.05
[*]O[Si]([*])(C)CCCOCCOCCOCCOC,208.945
[*]O[Si]([*])(C)CCCOCCOCCOc1ccc(COc2ccc3cc(C#N)ccc3c2)cc1,303.15
[*]O[Si]([*])(C)CCCOc1ccc(-c2ccc(C#N)cc2)cc1,311.15
[*]O[Si]([*])(C)CCCOc1ccc(-c2ccc(OC(=O)CCCCC(=O)OC3CC(C)CCC3C(C)C)cc2)cc1,316.45
[*]O[Si]([*])(C)CCCOc1ccc(/N=N/c2ccc(S(=O)(=O)O)cc2)cc1,282.35
[*]O[Si]([*])(C)CCCOc1ccc(C(=O)OC2CCC3(C)C(=CCC4C3CCC3(C)C(C(C)CCCC(C)C)CCC43)C2)cc1,334.25
[*]O[Si]([*])(C)CCCOc1ccc(C(=O)OC2CCC3(C)C(=CCC4C3CCC3(C)C(C(C)CCCC(C)C)CCC43)C2)cc1S(=O)(=O)O[K],385.75
[*]O[Si]([*])(C)CCCOc1ccc(C(=O)OCCOc2ccc(C(=O)OC3CCC4(C)C(=CCC5C4CCC4(C)C(C(C)CCCC(C)C)CCC54)C3)cc2)cc1,315.15
[*]O[Si]([*])(C)CCCOc1ccc(C(=O)Oc2ccc(-c3ccc(OC(=O)CCCCC(=O)OC4CC(C)CCC4C(C)C)cc3)cc2)cc1,329.95
[*]O[Si]([*])(C)CCCOc1ccc(C(=O)Oc2ccc(-c3ccc(OC(=O)c4cc(OCC(C)CC)c(OCC(C)CC)c(OCC(C)CC)c4)cc3)cc2)cc1,333.15
[*]O[Si]([*])(C)CCCOc1ccc(C(=O)Oc2ccc(-c3ccc(OC(=O)c4cc(OCC)c(OCC)c(OCC)c4)cc3)cc2)cc1,334.45
[*]O[Si]([*])(C)CCCOc1ccc(C(=O)Oc2ccc(-c3ccc(OC(=O)c4cc(OCC)cc(OCC)c4)cc3)cc2)cc1,335.95
[*]O[Si]([*])(C)CCCOc1ccc(C(=O)Oc2ccc(-c3ccc(OC(=O)c4cc(OCCCCC)c(OCCCCC)c(OCCCCC)c4)cc3)cc2)cc1,322.15
[*]O[Si]([*])(C)CCCOc1ccc(C(=O)Oc2ccc(-c3ccc(OC(=O)c4cc(OCCCCCCCCCCCC)c(OCCCCCCCCCCCC)c(OCCCCCCCCCCCC)c4)cc3)cc2)cc1,321.15
[*]O[Si]([*])(C)CCCOc1ccc(C(=O)Oc2ccc(-c3ccc(OC(=O)c4ccc(OCC)cc4)cc3)cc2)cc1,347.75
[*]O[Si]([*])(C)CCCOc1ccc(C(=O)Oc2ccc(C#N)cc2)cc1,330.15
[*]O[Si]([*])(C)CCCOc1ccc(C(=O)Oc2ccc(C(=O)Oc3ccc(OC)cc3)cc2)cc1,311.15
[*]O[Si]([*])(C)CCCOc1ccc(C(=O)Oc2ccc(OC(=O)CCCCC(=O)OC3CC(C)CCC3C(C)C)cc2)cc1,318.45
[*]O[Si]([*])(C)CCCOc1ccc(C(=O)Oc2ccc(OC)cc2)cc1,310.15
[*]O[Si]([*])(C)CCCOc1ccc(C(=O)Oc2ccc(OCCCCCC)cc2)cc1,288.15
[*]O[Si]([*])(C)CCCOc1ccc(N(c2ccc(C)cc2)c2ccc(-c3ccc(N(c4ccccc4)c4ccc(C)cc4)cc3)cc2)cc1,375.15
[*]O[Si]([*])(C)CCCOc1ccc2c(c1)c1cc(-c3ccc4c(c3)c3ccccc3n4CC(CC)CCCC)ccc1n2CC(CC)CCCC,402.15
[*]O[Si]([*])(C)CCCn1c2ccccc2c2ccccc21,328.6
[*]O[Si]([*])(C)CC[Si](C)(C)O[Si](C)(C)CCCOc1cc(OC(=O)c2ccc(OCCCC)cc2)ccc1/N=N/c1ccc(OCCCC)cc1,269.15
[*]O[Si]([*])(C)CC[Si](OCCOC)(OCCOC)OCCOC,302.05
[*]O[Si]([*])(C)CCc1cc(-c2nnc(-c3ccc(OCCCCCCCCCCCC)cc3)o2)ccc1-c1nnc(-c2ccc(OCCCCCCCCCCCC)cc2)o1,429.15
[*]O[Si]([*])(C)CCc1cc(C(=O)Oc2ccc(OC)cc2)ccc1C(=O)Oc1ccc(OC)cc1,384.15
[*]O[Si]([*])(C)CCc1cc(C(=O)Oc2ccc(OCCCC)cc2)ccc1-c1ccc(C(=O)Oc2ccc(OCCCC)cc2)cc1,369.15
[*]O[Si]([*])(C)CCc1cc(C(=O)Oc2ccc(OCCCC)cc2)ccc1C(=O)Oc1ccc(OCCCC)cc1,365.15
[*]O[Si]([*])(C)CCc1cc(C(=O)Oc2ccc(OCCCCCCCCCCCC)cc2)ccc1-c1ccc(C(=O)Oc2ccc(OCCCCCCCCCCCC)cc2)cc1,349.15
[*]O[Si]([*])(C)CCc1ccc(O)cc1,312.15
[*]O[Si]([*])(C)OCCCCCCCCCCCOc1ccc(C2COC(c3ccc(OC)cc3)OC2)cc1,317.15
[*]O[Si]([*])(C)OCCCCCCCCCCCOc1ccc(C2COC(c3ccc(OCC(C)CC)cc3)OC2)cc1,303.15
[*]O[Si]([*])(C)OCCOCCOCCOC,153.05
[*]O[Si]([*])(C)OCCOCCOCCOCCOCCOCCOCCOCCOC,195.15
[*]O[Si]([*])(C)c1c(F)c(F)c(F)c(F)c1F,248.15
[*]O[Si]([*])(C)c1ccc(C)cc1,256.15
[*]O[Si]([*])(C)c1ccccc1,245.0
[*]O[Si]([*])(CC)CC,134.15
[*]O[Si]([*])(CCC)CCC,195.65
[*]O[Si]([*])(CCC)c1ccccc1,313.75
[*]O[Si]([*])(CCCOCCOC)CCCOCCOC,218.15
[*]O[Si]([*])(CCCOCCOCCOC)CCCOCCOCCOC,209.75
[*]O[Si]([*])(CCCOCCOCCOCCOC)CCCOCCOCCOCCOC,203.95
[*]O[Si]([*])(CCCOCCOCCOCCOCCOC)CCCOCCOCCOCCOCCOC,203.35
[*]O[Si]([*])(CCCOCCOCCOCCOCCOCCOC)CCCOCCOCCOCCOCCOCCOC,203.45
[*]O[Si]([*])(CCCOCCOCCOCCOCCOCCOCCOC)CCCOCCOCCOCCOCCOCCOCCOC,204.25
[*]O[Si]([*])(CCCOCCOCCOCCOCCOCCOCCOCCOC)CCCOCCOCCOCCOCCOCCOCCOCCOC,206.75
[*]O[Si]([*])(c1ccccc1)c1ccc(OC(C)(C)C)cc1,329.15
[*]O[Si](c1ccccc1)(c1ccccc1)c1ccc(-c2ccc([Si]([*])(c3ccccc3)c3ccccc3)cc2)cc1,367.15
[*]O[Si](c1ccccc1)(c1ccccc1)c1ccc([Si]([*])(c2ccccc2)c2ccccc2)cc1,403.15
[*]Oc1c(-c2ccccc2)cc([*])cc1-c1ccc(C(C)(C)C)cc1,513.15
[*]Oc1c(-c2ccccc2)cc([*])cc1-c1ccc(C)cc1,491.15
[*]Oc1c(-c2ccccc2)cc([*])cc1-c1cccc(C)c1,492.15
[*]Oc1c(-c2ccccc2)cc([*])cc1-c1ccccc1,493.15
[*]Oc1c(-c2ccccc2)cc([*])cc1-c1ccccc1-c1ccccc1,484.15
[*]Oc1c(Br)cc(C(c2cc(Br)c(OC([*])=O)c(Br)c2)(C(F)(F)F)C(F)(F)F)cc1Br,479.15
[*]Oc1c(Br)cc(C(c2cc(Br)c(OP([*])(=O)Oc3ccc(Br)cc3)c(Br)c2)(C(F)(F)F)C(F)(F)F)cc1Br,425.15
[*]Oc1c(Br)cc(C(c2cc(Br)c(OP([*])(=O)Oc3ccc(C)cc3)c(Br)c2)(C(F)(F)F)C(F)(F)F)cc1Br,419.15
[*]Oc1c(Br)cc(C(c2cc(Br)c(OP([*])(=O)Oc3ccc(OC)cc3)c(Br)c2)(C(F)(F)F)C(F)(F)F)cc1Br,424.15
[*]Oc1c(Br)cc(C(c2cc(Br)c(OP([*])(=O)Oc3ccc([N+](=O)[O-])cc3)c(Br)c2)(C(F)(F)F)C(F)(F)F)cc1Br,427.15
[*]Oc1c(Br)cc(C(c2cc(Br)c(OP([*])(=O)Oc3ccccc3)c(Br)c2)(C(F)(F)F)C(F)(F)F)cc1Br,413.15
[*]Oc1c(Br)cc(C2(c3cc(Br)c(OC(=O)c4ccc(C([*])=O)cc4)c(Br)c3)OC(=O)c3ccccc32)cc1Br,592.15
[*]Oc1c(Br)cc(C2(c3cc(Br)c(OC([*])=O)c(Br)c3)CC3CCC2C3)cc1Br,556.15
[*]Oc1c(Br)cc(S(=O)(=O)c2cc(Br)c(OC([*])=O)c(Br)c2)cc1Br,469.15
[*]Oc1c(Br)cc([*])cc1Br,469.15
[*]Oc1c(C(C)C)cc([*])cc1C(C)C,425.55
[*]Oc1c(C)cc(C(c2cc(C)c(Oc3ccc(S(=O)(=O)c4ccc([*])cc4C(OC)(C(F)(F)F)C(F)(F)F)c(C(OC)(C(F)(F)F)C(F)(F)F)c3)c(C)c2)(C(F)(F)F)C(F)(F)F)cc1C,436.15
[*]Oc1c(C)cc(S(=O)(=O)c2cc(C)c(OP([*])(=O)Oc3ccc(C)cc3)c(C)c2)cc1C,401.15
[*]Oc1c(C)cc(S(=O)(=O)c2cc(C)c(OP([*])(=O)Oc3ccc(OC)cc3)c(C)c2)cc1C,420.15
[*]Oc1c(C)cc([*])cc1C,485.15
[*]Oc1c(C)cc([*])cc1C(C)CCC,373.15
[*]Oc1c(C)cc([*])cc1C(C)CCCC,358.15
[*]Oc1c(C)cc([*])cc1C(C)CCCCC,333.15
[*]Oc1c(C)cc([*])cc1C(C)CCCCCC,327.15
[*]Oc1c(C)cc([*])cc1C(C)CCCCCCCC,293.15
[*]Oc1c(C)cc([*])cc1C(C)CCCCCCCCCCCC,263.15
[*]Oc1c(Cl)c(Cl)c(OP([*])(=O)Oc2c(Cl)c(Cl)c(Cl)c(Cl)c2Cl)c(Cl)c1Cl,406.15
[*]Oc1c(Cl)c(Cl)c(OP([*])(=O)Oc2c(Cl)cc(Cl)cc2Cl)c(Cl)c1Cl,400.15
[*]Oc1c(Cl)c(Cl)c(OP([*])(=O)Oc2c(Cl)cccc2Cl)c(Cl)c1Cl,417.15
[*]Oc1c(Cl)c(Cl)c(OP([*])(=O)Oc2ccc(Cl)cc2)c(Cl)c1Cl,392.15
[*]Oc1c(Cl)c(Cl)c(OP([*])(=O)Oc2ccccc2)c(Cl)c1Cl,352.15
[*]Oc1c(Cl)cc(C(=C(Cl)Cl)c2cc(Cl)c(OC([*])=O)c(Cl)c2)cc1Cl,523.15
[*]Oc1c(Cl)cc(C(c2cc(Cl)c(OC([*])=O)c(Cl)c2)C(Cl)(Cl)Cl)cc1Cl,546.15
[*]Oc1c(Cl)cc(C(c2cc(Cl)c(OC([*])=O)c(Cl)c2)C2CC3CCC2C3)cc1Cl,543.15
[*]Oc1c(Cl)cc(C2(c3cc(Cl)c(OC([*])=O)c(Cl)c3)CC3CC2C2CCCC32)cc1Cl,554.15
[*]Oc1c(Cl)cc(C2(c3cc(Cl)c(OC([*])=O)c(Cl)c3)CC3CCC2C3)cc1Cl,563.15
[*]Oc1c(Cl)cc(C2(c3cc(Cl)c(OC([*])=O)c(Cl)c3)CCCCC2)cc1Cl,436.15
[*]Oc1c(Cl)cc([*])cc1Cl,449.97
[*]Oc1c(F)c(F)c(-c2c(F)c(F)c(Oc3ccc([*])cc3S(=O)(=O)O)c(F)c2F)c(F)c1F,393.15
[*]Oc1c(F)c(F)c(Oc2c(F)c(F)c3c(c2F)C(=O)N(c2c(F)c(F)c(F)c(N4C(=O)c5c(F)c([*])c(F)c(F)c5C4=O)c2F)C3=O)c(F)c1F,582.15
[*]Oc1c(F)c(F)c(Oc2c(F)c(F)c3c(c2F)C(=O)N(c2c(F)c(F)c(Oc4c(F)c(F)c(N5C(=O)c6c(F)c([*])c(F)c(F)c6C5=O)c(F)c4F)c(F)c2F)C3=O)c(F)c1F,573.15
[*]Oc1c(F)c(F)c(Oc2c(F)c(F)c3c(c2F)C(=O)N(c2c(F)c(F)c(Sc4c(F)c(F)c(N5C(=O)c6c(F)c([*])c(F)c(F)c6C5=O)c(F)c4F)c(F)c2F)C3=O)c(F)c1F,551.15
[*]Oc1c(F)c(F)c(Oc2c(F)c(F)c3c(c2F)C(=O)N(c2ccc(-c4ccc(N5C(=O)c6c(F)c([*])c(F)c(F)c6C5=O)cc4C(F)(F)F)c(C(F)(F)F)c2)C3=O)c(F)c1F,585.15
[*]Oc1c(OC)cc([*])cc1OC,447.25
[*]Oc1c(O[Si](C)(C)O[Si](C)(C)O[Si](C)(C)O[Si](C)(C)O[Si](C)(C)O[Si]([*])(C)C)c2ccccc2c2ccccc12,205.15
[*]Oc1c(O[Si](C)(C)O[Si](C)(C)O[Si](C)(C)O[Si](C)(C)O[Si]([*])(C)C)c2ccccc2c2ccccc12,235.15
[*]Oc1c(O[Si](C)(C)O[Si](C)(C)O[Si](C)(C)O[Si]([*])(C)C)c2ccccc2c2ccccc12,238.15
[*]Oc1cc(-c2ccccc2)c([*])c(-c2cccc(-c3ccccc3)c2-c2ccccc2)c1,485.15
[*]Oc1cc(-c2ccccc2)c([*])c(-c2cccc3ccccc23)c1,507.15
[*]Oc1cc(-c2ccccc2)c2cc(-c3ccc(-c4ccc(-c5ccc6nc([*])cc(-c7ccccc7)c6c5)cc4)cc3)ccc2n1,581.15
[*]Oc1cc(-c2ccccc2)c2cc(-c3ccc(-c4ccc5nc([*])cc(-c6ccccc6)c5c4)cc3)ccc2n1,573.15
[*]Oc1cc(-c2ccccc2)c2cc(-c3ccc(Oc4ccc(-c5ccc6nc([*])cc(-c7ccccc7)c6c5)cc4)cc3)ccc2n1,541.65
[*]Oc1cc(Br)cc(Br)c1[*],443.15
[*]Oc1cc(C)c([*])c(-c2ccccc2)c1,453.15
[*]Oc1cc(C)c([*])c(C)c1Br,553.3
[*]Oc1cc(Cl)c([*])c(Br)c1,461.65
[*]Oc1cc(Cl)cc(Cl)c1[*],438.15
[*]Oc1cc2ccccc2cc1OC(=O)c1ccc(Oc2ccc(C([*])=O)cc2)cc1,421.15
[*]Oc1cc2ccccc2cc1Oc1ccc2c(c1)C(=O)N(c1cc(N3C(=O)c4ccc([*])cc4C3=O)cc(C(F)(F)F)c1)C2=O,523.15
[*]Oc1cc2ccccc2cc1Oc1ccc2c(c1)C(=O)N(c1ccc(C(c3ccc(N4C(=O)c5ccc([*])cc5C4=O)cc3)(C(F)(F)F)C(F)(F)F)cc1)C2=O,529.15
[*]Oc1cc2ccccc2cc1Oc1ccc2c(c1)C(=O)N(c1ccc(Oc3cc4ccccc4cc3Oc3ccc(N4C(=O)c5ccc([*])cc5C4=O)cc3)cc1)C2=O,495.15
[*]Oc1cc2ccccc2cc1Oc1ccc2c(c1)C(=O)N(c1ccc(Oc3ccc(-c4ccc(Oc5ccc(N6C(=O)c7ccc([*])cc7C6=O)cc5)cc4)cc3)cc1)C2=O,495.65
[*]Oc1cc2ccccc2cc1Oc1ccc2c(c1)C(=O)N(c1ccc(Oc3ccc(N4C(=O)c5ccc([*])cc5C4=O)cc3)cc1)C2=O,493.65
[*]Oc1cc2ccccc2cc1Oc1ccc2c(c1)C(=O)N(c1ccc(Oc3ccc(Oc4ccc(N5C(=O)c6ccc([*])cc6C5=O)cc4)cc3)cc1)C2=O,497.65
[*]Oc1cc2ccccc2cc1Oc1ccc2c(c1)C(=O)N(c1ccc(Oc3cccc(Oc4ccc(N5C(=O)c6ccc([*])cc6C5=O)cc4)c3)cc1)C2=O,481.15
[*]Oc1cc2ccccc2cc1Oc1ccc2c(c1)C(=O)N(c1ccc(Oc3ccccc3Oc3ccc(N4C(=O)c5ccc([*])cc5C4=O)cc3)cc1)C2=O,477.15
[*]Oc1cc2ccccc2cc1Oc1ccc2c(c1)C(=O)N(c1cccc(N3C(=O)c4ccc([*])cc4C3=O)c1)C2=O,510.15
[*]Oc1cc2ccccc2cc1Oc1ccc2c(c1)C(=O)N(c1cccc(Oc3ccc(N4C(=O)c5ccc([*])cc5C4=O)cc3)c1)C2=O,499.15
[*]Oc1ccc(-c2cc(-c3ccccc3)c(-c3ccc(OC(=O)c4ccc(C([*])=O)cc4-c4ccccc4)cc3)c(-c3ccccc3)c2-c2ccccc2)cc1,498.15
[*]Oc1ccc(-c2ccc(-c3cc(-c4ccccc4)c(-c4ccc(-c5ccc(OC(=O)c6ccc(C([*])=O)cc6-c6ccccc6)cc5)cc4)c(-c4ccccc4)c3-c3ccccc3)cc2)cc1,533.15
[*]Oc1ccc(-c2ccc(/N=N/c3ccc(C([*])=O)cc3)cc2)cc1,420.15
[*]Oc1ccc(-c2ccc(OC(=O)c3cc(OCCCc4ccccc4)c(C([*])=O)cc3OCCCc3ccccc3)cc2)cc1,345.15
[*]Oc1ccc(-c2ccc(OC(=O)c3ccc(-c4ccc(C([*])=O)cc4)cc3-c3ccccc3)cc2)cc1,441.15
[*]Oc1ccc(-c2ccc(OC(=O)c3ccc(C(=O)c4ccc(C([*])=O)cc4)cc3)c(-c3ccccc3)c2)cc1-c1ccccc1,457.65
[*]Oc1ccc(-c2ccc(OC(=O)c3ccc(C([*])=O)cc3)c(-c3ccccc3)c2)cc1,405.15
[*]Oc1ccc(-c2ccc(OC(=O)c3ccc(C([*])=O)cc3)cc2)cc1,540.15
[*]Oc1ccc(-c2ccc(OC(=O)c3ccc(C([*])=O)cc3Sc3ccc4ccccc4c3)cc2)cc1,414.15
[*]Oc1ccc(-c2ccc(OC(=O)c3ccc4c(c3)C(=O)N(CCCCCCCCCCCN3C(=O)c5ccc(C([*])=O)cc5C3=O)C4=O)cc2)cc1,370.15
[*]Oc1ccc(-c2ccc(OC(=O)c3ccc4c(c3)C(=O)N(CCCCCCCN3C(=O)c5ccc(C([*])=O)cc5C3=O)C4=O)cc2)cc1,390.15
[*]Oc1ccc(-c2ccc(OC(=O)c3ccc4c(c3)C(=O)N(CCCCCCN3C(=O)c5ccc(C([*])=O)cc5C3=O)C4=O)cc2)cc1,406.15
[*]Oc1ccc(-c2ccc(OC(=O)c3ccc4c(c3)C(=O)N(CCCCCN3C(=O)c5ccc(C([*])=O)cc5C3=O)C4=O)cc2)cc1,420.15
[*]Oc1ccc(-c2ccc(OC(=O)c3ccc4c(c3)C(=O)N(CCCCN3C(=O)c5ccc(C([*])=O)cc5C3=O)C4=O)cc2)cc1,399.15
[*]Oc1ccc(-c2ccc(OC(=O)c3ccc4c(c3)C(=O)N(CCCOCCCCOCCCN3C(=O)c5ccc(C([*])=O)cc5C3=O)C4=O)cc2)cc1,343.15
[*]Oc1ccc(-c2ccc(OC(=O)c3ccc4c(c3)C(=O)N(CCOCCOCCN3C(=O)c5ccc(C([*])=O)cc5C3=O)C4=O)cc2)cc1,382.15
[*]Oc1ccc(-c2ccc(OC(=O)c3ccc4c(c3)C(=O)N(c3ccc(Oc5ccc(N6C(=O)c7ccc(C([*])=O)cc7C6=O)cc5)cc3)C4=O)cc2)cc1,505.15
[*]Oc1ccc(-c2ccc(OC(=O)c3cccc(C([*])=O)c3)cc2)cc1,458.65
[*]Oc1ccc(-c2ccc(OC(=O)c3cccc(Oc4ccc(Oc5ccc(Oc6cccc(C([*])=O)c6)cc5)cc4)c3)cc2)cc1,392.15
[*]Oc1ccc(-c2ccc(OC([*])(Oc3ccccc3)Oc3ccccc3)cc2)cc1,385.15
[*]Oc1ccc(-c2ccc(OC3(F)C([*])(F)C(F)(F)C3(F)F)cc2)cc1,434.15
[*]Oc1ccc(-c2ccc(OP([*])(=O)OC3CCCCC3)cc2)cc1,389.15
[*]Oc1ccc(-c2ccc(OP([*])(=O)Oc3ccccc3)cc2)cc1,385.15
[*]Oc1ccc(-c2ccc(O[Si](C)(C)O[Si]([*])(C)C)cc2)cc1,269.15
[*]Oc1ccc(-c2ccc(O[Si]([*])(c3ccccc3)c3ccccc3)cc2)cc1,405.4
[*]Oc1ccc(-c2ccc(Oc3c(F)c(F)c(COC(c4cccc(C(OCc5c(F)c(F)c([*])c(F)c5F)(C(F)(F)F)C(F)(F)F)c4)(C(F)(F)F)C(F)(F)F)c(F)c3F)cc2)cc1,383.15
[*]Oc1ccc(-c2ccc(Oc3ccc(C(=O)c4ccccc4)c(-c4cc([*])ccc4C(=O)c4ccccc4)c3)cc2)cc1,447.15
[*]Oc1ccc(-c2ccc(Oc3ccc(S(=O)(=O)c4ccc([*])cc4N)c(N)c3)cc2)cc1,515.35
[*]Oc1ccc(-c2ccc(Oc3ccc4c(c3)C(=O)N(c3ccc(Oc5ccc(-c6ccc(Oc7ccc(N8C(=O)c9ccc([*])cc9C8=O)cc7)cc6)cc5)cc3)C4=O)cc2)cc1,493.15
[*]Oc1ccc(-c2ccc(Oc3ccc4c(c3)C(=O)N(c3ccc(Oc5ccc(N6C(=O)c7ccc([*])cc7C6=O)cc5)cc3)C4=O)cc2)cc1,502.15
[*]Oc1ccc(-c2ccc(Oc3ccc4c(c3)C(=O)N(c3ccc(Oc5ccc(Oc6ccc(N7C(=O)c8ccc([*])cc8C7=O)cc6)cc5)cc3)C4=O)cc2)cc1,495.15
[*]Oc1ccc(-c2ccc(Oc3ccc4c(c3)C(=O)N(c3ccc(Oc5ccc(Oc6ccc(Oc7ccc(N8C(=O)c9ccc([*])cc9C8=O)cc7)cc6)cc5)cc3)C4=O)cc2)cc1,481.15
[*]Oc1ccc(-c2ccc(Oc3ccc4c(c3)C(=O)N(c3ccc(Oc5ccc(Sc6ccc(Oc7ccc(N8C(=O)c9ccc([*])cc9C8=O)cc7)cc6)cc5)cc3)C4=O)cc2)cc1,479.15
[*]Oc1ccc(-c2ccc(Oc3ccc4c(c3)C(=O)N(c3ccc(Oc5cccc(Oc6ccc(N7C(=O)c8ccc([*])cc8C7=O)cc6)c5)cc3)C4=O)cc2)cc1,478.15
[*]Oc1ccc(-c2ccc(Oc3ccc4c(c3)C(=O)N(c3cccc(N5C(=O)c6ccc([*])cc6C5=O)c3)C4=O)cc2)cc1,520.15
[*]Oc1ccc(-c2ccc(Oc3ccc4c(c3)C(=O)N(c3cccc(Oc5ccc(P(=O)(c6ccccc6)c6ccccc6)c(Oc6cccc(N7C(=O)c8ccc([*])cc8C7=O)c6)c5)c3)C4=O)cc2)cc1,500.15
[*]Oc1ccc(-c2ccc(Oc3ccc4ccccc4c3-c3c([*])ccc4ccccc34)c3ccccc23)c2ccccc12,574.15
[*]Oc1ccc(-c2ccc(Oc3cccc([*])c3C#N)cc2)cc1,483.15
[*]Oc1ccc(-c2ccc(Oc3cccc([*])n3)cc2)cc1,392.15
[*]Oc1ccc(-c2ccc(Oc3cccc4c3C(=O)N(c3ccc(Oc5ccc(N6C(=O)c7cccc([*])c7C6=O)cc5)cc3)C4=O)cc2)cc1,550.15
[*]Oc1ccc(-c2ccc(Oc3cccc4c3C(=O)N(c3ccc(Oc5cccc(Oc6ccc(N7C(=O)c8cccc([*])c8C7=O)cc6)c5)cc3)C4=O)cc2)cc1,497.15
[*]Oc1ccc(-c2ccc(Oc3cccc4c3C(=O)N(c3cccc(N5C(=O)c6cccc([*])c6C5=O)c3)C4=O)cc2)cc1,548.15
[*]Oc1ccc(-c2cnc3cc(-c4ccc5nc(-c6ccc(Oc7ccc(Oc8ccc([*])cc8)cc7)cc6)cnc5c4)ccc3n2)cc1,406.15
[*]Oc1ccc(-c2cnc3cc(-c4ccc5nc(-c6ccc(Oc7ccc([*])cc7)cc6)cnc5c4)ccc3n2)cc1,468.15
[*]Oc1ccc(-c2cnc3cc(-c4ccc5ncc(-c6ccc(Oc7ccc(Oc8ccc([*])cc8)cc7)cc6)nc5c4)ccc3n2)cc1,489.15
[*]Oc1ccc(-c2cnc3ccc(-c4ccc5nc(-c6ccc(Oc7ccc([*])cc7)cc6)cnc5c4)cc3n2)cc1,508.15
[*]Oc1ccc(-c2cnc3ccc(-c4ccc5ncc(-c6ccc(Oc7ccc(Oc8ccc([*])cc8)cc7)cc6)nc5c4)cc3n2)cc1,489.15
[*]Oc1ccc(-c2cnc3ccc(-c4ccc5ncc(-c6ccc(Oc7ccc([*])cc7)cc6)nc5c4)cc3n2)cc1,508.15
[*]Oc1ccc(-c2nc3ccccc3nc2-c2ccc(OC(=O)c3ccc(C([*])=O)cc3)cc2)cc1,505.15
[*]Oc1ccc(-c2nc3ccccc3nc2-c2ccc(OC(=O)c3cccc(C([*])=O)c3)cc2)cc1,518.15
[*]Oc1ccc(-n2c(=O)c3cc4c(=O)n(-c5ccc(Oc6cc(C(C)(C)C)c([*])cc6C(C)(C)C)cc5)c(=O)c4cc3c2=O)cc1,571.15
[*]Oc1ccc(-n2c(=O)c3cc4c(=O)n(-c5ccc(Oc6cc(C(C)(C)C)ccc6[*])cc5)c(=O)c4cc3c2=O)cc1,594.15
[*]Oc1ccc(-n2c(=O)c3cc4c(=O)n(-c5ccc(Oc6ccc([*])cc6C(C)(C)C)cc5)c(=O)c4cc3c2=O)cc1,587.15
[*]Oc1ccc(-n2c(=O)c3cc4c(=O)n(-c5ccc(Oc6ccc([*])cc6C)cc5)c(=O)c4cc3c2=O)cc1,583.15
[*]Oc1ccc(-n2c(=O)c3cc4c(=O)n(-c5ccc(Oc6cccc([*])c6C#N)cc5)c(=O)c4cc3c2=O)cc1,601.15
[*]Oc1ccc(/C(=C/c2ccc(-c3ccc(/C=C(\c4ccccc4)c4ccc(OC(=O)c5ccc(C([*])=O)cc5)cc4)cc3)cc2)c2ccccc2)cc1,509.15
[*]Oc1ccc(/C(=C/c2ccc(-c3ccc(/C=C(\c4ccccc4)c4ccc(OC(=O)c5cccc(C([*])=O)c5)cc4)cc3)cc2)c2ccccc2)cc1,497.15
[*]Oc1ccc(/C=C2\CC/C(=C\c3ccc(OC(=O)c4ccc(/N=C/c5ccc(/C=N/c6ccc(C([*])=O)cc6)cc5)cc4)cc3)C2=O)cc1,478.15
[*]Oc1ccc(/N=N/c2ccc(Cc3ccc(/N=N/c4ccc(OC(=O)c5ccc(/N=N/c6ccc(C([*])=O)cc6)cc5)cc4)cc3[N+](=O)[O-])c([N+](=O)[O-])c2)cc1,433.15
[*]Oc1ccc(/N=N/c2ccc(Cc3ccc(/N=N/c4ccc(OC(=O)c5ccc(C([*])=O)cc5)cc4)cc3[N+](=O)[O-])c([N+](=O)[O-])c2)cc1,471.15
[*]Oc1ccc(/N=N/c2ccc(S(=O)(=O)c3ccc(/N=N/c4ccc(OC(=O)c5ccc(/N=N/c6ccc(C([*])=O)cc6)cc5)cc4)cc3[N+](=O)[O-])c([N+](=O)[O-])c2)cc1,423.15
[*]Oc1ccc(C(=C(Cl)Cl)c2ccc(OC([*])=O)cc2)cc1,440.15
[*]Oc1ccc(C(=O)Nc2ccc(C(C)(C)c3ccc(NC(=O)c4ccc(Oc5cc(C(C)(C)C)c([*])cc5C(C)(C)C)cc4)cc3)cc2)cc1,527.15
[*]Oc1ccc(C(=O)Nc2ccc(C(c3ccc(NC(=O)c4ccc(Oc5cc(C(C)(C)C)c([*])cc5C(C)(C)C)cc4)cc3)(C(F)(F)F)C(F)(F)F)cc2)cc1,541.15
[*]Oc1ccc(C(=O)Nc2ccc(Oc3ccc(-c4ccc(Oc5ccc(NC(=O)c6ccc(Oc7ccc([*])cc7C)cc6)cc5)cc4)cc3)cc2)cc1,493.15
[*]Oc1ccc(C(=O)Nc2ccc(Oc3ccc(Oc4ccc(NC(=O)c5ccc(Oc6ccc([*])cc6C)cc5)cc4)cc3)cc2)cc1,473.15
[*]Oc1ccc(C(=O)Nc2ccc(Oc3ccc(S(=O)(=O)c4ccc(Oc5ccc(NC(=O)c6ccc(Oc7ccc([*])cc7C)cc6)cc5)cc4)cc3)cc2)cc1,490.15
[*]Oc1ccc(C(=O)O)c(C(=O)Nc2ccc(NC(=O)c3cc([*])ccc3C(=O)O)cc2)c1,439.45
[*]Oc1ccc(C(=O)OCCOCCOC(=O)c2ccc(OC([*])=O)cc2)cc1,324.15
[*]Oc1ccc(C(=O)c2ccc(-c3ccc(C(=O)c4ccc(Oc5ccc([*])cc5-c5ccc(S(=O)(=O)O)c(C)c5)cc4)cc3)cc2)cc1,455.15
[*]Oc1ccc(C(=O)c2ccc(-c3ccc(C(=O)c4ccc(Oc5ccc([*])cc5-c5cccc(C)c5)cc4)cc3)cc2)cc1,443.15
[*]Oc1ccc(C(=O)c2ccc(C(=O)c3ccc(Oc4ccc([*])cc4-c4ccc(S(=O)(=O)O)c(C)c4)cc3)cc2)cc1,440.15
[*]Oc1ccc(C(=O)c2ccc(C(=O)c3ccc(Oc4ccc([*])cc4-c4cccc(C)c4)cc3)cc2)cc1,432.15
[*]Oc1ccc(C(=O)c2ccc(Oc3c(C)cc(-c4cc(C)c([*])c(CBr)c4)cc3CBr)cc2)cc1,431.32
[*]Oc1ccc(C(=O)c2ccc(Oc3c(CBr)cc(-c4cc(C)c([*])c(CBr)c4)cc3CBr)cc2)cc1,436.82
[*]Oc1ccc(C(=O)c2ccc(Oc3cc(C(C)(C)C)c([*])cc3C(C)(C)C)cc2)cc1,479.15
[*]Oc1ccc(C(=O)c2ccc(Oc3cc(C)c(C(c4cc(C(C)C)c([*])cc4C)c4ccccc4C(=O)O)cc3C(C)C)cc2)cc1,501.15
[*]Oc1ccc(C(=O)c2ccc(Oc3ccc([*])cc3-c3cc(C)cc(C)c3)cc2)cc1,435.15
[*]Oc1ccc(C(=O)c2ccc(Oc3ccc([*])cc3C(C)(C)C)cc2)cc1,450.15
[*]Oc1ccc(C(=O)c2ccc(Oc3ccc([*])cc3C)cc2)cc1,424.15
[*]Oc1ccc(C(=O)c2ccc3nc(C(=O)c4ccc(Oc5c(C)cc(-c6cc(C)c([*])c(C)c6C)c(C)c5C)cc4)ccc3c2)cc1,523.15
[*]Oc1ccc(C(=O)c2cccc3cccc(C(=O)c4ccc(Oc5ccc([*])cc5C(C)(C)C)cc4)c23)cc1,503.15
[*]Oc1ccc(C(C)(C)c2ccc(OP3(Oc4ccc(C(=O)OC)cc4)=NP(Oc4ccc(C(=O)OC)cc4)(Oc4ccc(C(=O)OC)cc4)=NP([*])(Oc4ccc(C(=O)OC)cc4)=N3)cc2)cc1,346.15
[*]Oc1ccc(C(C)(C)c2ccc(OP3(Oc4ccc(C(=O)OCCC)cc4)=NP(Oc4ccc(C(=O)OCCC)cc4)(Oc4ccc(C(=O)OCCC)cc4)=NP([*])(Oc4ccc(C(=O)OCCC)cc4)=N3)cc2)cc1,299.15
[*]Oc1ccc(C(c2ccc(OC(=O)c3ccc(C(c4ccc(C([*])=O)cc4)(C(F)(F)F)C(F)(F)F)cc3)cc2)(C(F)(F)F)C(F)(F)F)cc1,408.15
[*]Oc1ccc(C(c2ccc(OC(=O)c3ccc(OCCCCCCCCCCOc4ccc(C([*])=O)cc4)cc3)cc2)(C(F)(F)F)C(F)(F)F)cc1,362.15
[*]Oc1ccc(C(c2ccc(OC(=O)c3ccc(Oc4ccc(C([*])=O)cc4)cc3)cc2)(C(F)(F)F)C(F)(F)F)cc1,454.15
[*]Oc1ccc(C(c2ccc(OC(=O)c3ccccc3-c3ccccc3C([*])=O)cc2)(C(F)(F)F)C(F)(F)F)cc1,435.15
[*]Oc1ccc(C(c2ccc(OC([*])=O)cc2)(C(F)(F)Cl)C(F)(F)Cl)cc1,456.65
[*]Oc1ccc(C(c2ccc(OC([*])=O)cc2)(C(F)(F)F)C(F)(F)F)cc1,449.15
[*]Oc1ccc(C(c2ccc(OC([*])=O)cc2)C(Cl)(Cl)Cl)cc1,503.15
[*]Oc1ccc(C(c2ccc(OC([*])=O)cc2)C(Cl)Cl)cc1,438.15
[*]Oc1ccc(C(c2ccc(OC([*])=O)cc2)C2C3CCC(C3)C2c2ccccc2)cc1,469.15
[*]Oc1ccc(C(c2ccc(OC([*])=O)cc2)C2CC3CC2C2C4CCC(C4)C32)cc1,526.15
[*]Oc1ccc(C(c2ccc(OC([*])=O)cc2)C2CCCCC2)cc1,463.15
[*]Oc1ccc(C(c2ccc(OC([*])=S)cc2)c2cccc3ccccc23)cc1,464.15
[*]Oc1ccc(C(c2ccc(OC3=C(Cl)C(=O)N(c4ccc(Cc5ccc(N6C(=O)C([*])=C(Cl)C6=O)cc5)cc4)C3=O)cc2)(C(F)(F)F)C(F)(F)F)cc1,462.15
[*]Oc1ccc(C(c2ccc(OC3=C(Cl)C(=O)N(c4ccc(Oc5ccc(N6C(=O)C([*])=C(Cl)C6=O)cc5)cc4)C3=O)cc2)(C(F)(F)F)C(F)(F)F)cc1,466.15
[*]Oc1ccc(C(c2ccc(OP3(Oc4ccc(C(=O)OC)cc4)=NP(Oc4ccc(C(=O)OC)cc4)(Oc4ccc(C(=O)OC)cc4)=NP([*])(Oc4ccc(C(=O)OC)cc4)=N3)cc2)(C(F)(F)F)C(F)(F)F)cc1,351.15
[*]Oc1ccc(C(c2ccc(OP3(Oc4ccc(C(=O)OCCC)cc4)=NP(Oc4ccc(C(=O)OCCC)cc4)(Oc4ccc(C(=O)OCCC)cc4)=NP([*])(Oc4ccc(C(=O)OCCC)cc4)=N3)cc2)(C(F)(F)F)C(F)(F)F)cc1,307.15
[*]Oc1ccc(C(c2ccc(Oc3c(F)c(F)c(COC(c4cccc(C(OCc5c(F)c(F)c([*])c(F)c5F)(C(F)(F)F)C(F)(F)F)c4)(C(F)(F)F)C(F)(F)F)c(F)c3F)cc2)(C(F)(F)F)C(F)(F)F)cc1,386.15
[*]Oc1ccc(C(c2ccc(Oc3ccc(C(=O)c4ccccc4)c(-c4cc([*])ccc4C(=O)c4ccccc4)c3)cc2)(C(F)(F)F)C(F)(F)F)cc1,437.15
[*]Oc1ccc(C(c2ccc(Oc3ccc(S(=O)(=O)c4ccc([*])cc4[Si](C)(C)C)c([Si](C)(C)C)c3)cc2)(C(F)(F)F)C(F)(F)F)cc1,445.15
[*]Oc1ccc(C(c2ccc(Oc3ccc4c(c3)C(=O)N(CCCCN3C(=O)c5ccc([*])cc5C3=O)C4=O)cc2)(C(F)(F)F)C(F)(F)F)cc1,453.15
[*]Oc1ccc(C(c2ccc(Oc3ccc4c(c3)C(=O)N(c3ccc(Oc5ccc(-c6ccc(Oc7ccc(N8C(=O)c9ccc([*])cc9C8=O)cc7)cc6)cc5)cc3)C4=O)cc2)(C(F)(F)F)C(F)(F)F)cc1,490.15
[*]Oc1ccc(C(c2ccc(Oc3cccc4c3C(=O)N(CCCCCCCCN3C(=O)c5cccc([*])c5C3=O)C4=O)cc2)(C(F)(F)F)C(F)(F)F)cc1,408.15
[*]Oc1ccc(C(c2ccc(Oc3cccc4c3C(=O)N(c3ccc(Oc5ccc(-c6ccc(Oc7ccc(N8C(=O)c9cccc([*])c9C8=O)cc7)cc6)cc5)cc3)C4=O)cc2)(C(F)(F)F)C(F)(F)F)cc1,507.15
[*]Oc1ccc(C(c2ccc(Oc3cccc4c3C(=O)N(c3ccc(Oc5ccc(N6C(=O)c7cccc([*])c7C6=O)cc5)cc3)C4=O)cc2)(C(F)(F)F)C(F)(F)F)cc1,499.15
[*]Oc1ccc(C(c2ccccc2)(c2ccccc2)c2ccc(OC(=O)c3ccc(C([*])=O)cc3)cc2)cc1,483.15
[*]Oc1ccc(C(c2ccccc2)(c2ccccc2)c2ccc(OC(=O)c3cccc(C([*])=O)c3)cc2)cc1,502.15
[*]Oc1ccc(C(c2ccccc2)(c2ccccc2)c2ccc(OC([*])=O)cc2)cc1,486.15
[*]Oc1ccc(C(c2ccccc2)(c2ccccc2)c2ccc(Oc3ccc4c(=O)n5c6cc(-c7ccc8c(c7)nc7c9ccc([*])c%10cccc(c(=O)n87)c%109)ccc6nc5c5cccc3c45)cc2)cc1,630.15
[*]Oc1ccc(C(c2ccccc2)c2ccc(OC([*])=O)cc2)cc1,443.15
[*]Oc1ccc(C(c2ccccc2)c2ccc(OC([*])=S)cc2)cc1,452.15
[*]Oc1ccc(C2(c3ccc(OC(=O)C45CC6CC(CC(C([*])=O)(C6)C4)C5)cc3)c3ccccc3-c3ccccc32)cc1,608.15
[*]Oc1ccc(C2(c3ccc(OC(=O)c4cc(Cl)cc(C([*])=O)c4)cc3)OC(=O)c3ccccc32)cc1,586.15
[*]Oc1ccc(C2(c3ccc(OC(=O)c4ccc(C([*])=O)cc4)cc3)CC3CC2C2CCCC32)cc1,595.15
[*]Oc1ccc(C2(c3ccc(OC(=O)c4ccc(C([*])=O)cc4)cc3)CCC3CCCCC3C2)cc1,548.15
[*]Oc1ccc(C2(c3ccc(OC(=O)c4ccc(C([*])=O)cc4)cc3)CCCCC2)cc1,548.15
[*]Oc1ccc(C2(c3ccc(OC(=O)c4ccc(C([*])=O)cc4)cc3)CCc3ccccc32)cc1,585.15
[*]Oc1ccc(C2(c3ccc(OC(=O)c4ccc(C([*])=O)cc4)cc3)OC(=O)c3ccccc32)cc1,552.15
[*]Oc1ccc(C2(c3ccc(OC(=O)c4ccc(C([*])=O)cc4)cc3)OCc3ccccc32)cc1,585.15
[*]Oc1ccc(C2(c3ccc(OC(=O)c4ccc(C([*])=O)cc4)cc3)c3ccccc3-c3ccccc32)cc1,558.15
[*]Oc1ccc(C2(c3ccc(OC(=O)c4ccc(C([*])=O)cc4)cc3)c3ccccc3C(=O)c3ccccc32)cc1,673.15
[*]Oc1ccc(C2(c3ccc(OC(=O)c4ccc(C([*])=O)cc4)cc3)c3ccccc3Cc3ccccc32)cc1,615.15
[*]Oc1ccc(C2(c3ccc(OC(=O)c4ccc(C([*])=O)cc4)cc3)c3ccccc3Oc3ccccc32)cc1,525.15
[*]Oc1ccc(C2(c3ccc(OC(=O)c4ccc([Si](c5ccccc5)(c5ccccc5)c5ccc(C([*])=O)cc5)cc4)cc3)OC(=O)c3ccccc32)cc1,523.15
[*]Oc1ccc(C2(c3ccc(OC(=O)c4cccc(C([*])=O)c4)cc3)C(=O)Nc3c(Cl)cc(Cl)cc32)cc1,543.15
[*]Oc1ccc(C2(c3ccc(OC(=O)c4cccc(C([*])=O)c4)cc3)C(=O)Nc3ccccc32)cc1,529.15
[*]Oc1ccc(C2(c3ccc(OC(=O)c4cccc(C([*])=O)c4)cc3)CCC3CCCCC3C2)cc1,521.15
[*]Oc1ccc(C2(c3ccc(OC(=O)c4cccc(C([*])=O)c4)cc3)CCCCC2)cc1,400.15
[*]Oc1ccc(C2(c3ccc(OC(=O)c4cccc(C([*])=O)c4)cc3)OC(=O)c3ccccc32)cc1,555.65
[*]Oc1ccc(C2(c3ccc(OC(=O)c4cccc(C([*])=O)c4)cc3)c3ccccc3-c3ccccc32)cc1,542.65
[*]Oc1ccc(C2(c3ccc(OC([*])=O)c(Cl)c3)CC3CCC2C3)cc1Cl,473.15
[*]Oc1ccc(C2(c3ccc(OC([*])=O)c(Cl)c3)CCCCC2)cc1Cl,452.15
[*]Oc1ccc(C2(c3ccc(OC([*])=O)cc3)CC3CC2C2C4CCC(C4)C32)cc1,540.65
[*]Oc1ccc(C2(c3ccc(OC([*])=O)cc3)CC3CC2C2CCCC32)cc1,524.65
[*]Oc1ccc(C2(c3ccc(OC([*])=O)cc3)CC3CCC2C3)cc1,508.15
[*]Oc1ccc(C2(c3ccc(OC([*])=O)cc3)CCCC2)cc1,439.15
[*]Oc1ccc(C2(c3ccc(OC([*])=O)cc3)CCCCC2)cc1,448.15
[*]Oc1ccc(C2(c3ccc(OC([*])=O)cc3)CCCCCC2)cc1,428.15
[*]Oc1ccc(C2(c3ccc(OC([*])=O)cc3)CCc3ccccc32)cc1,492.15
[*]Oc1ccc(C2(c3ccc(OC([*])=O)cc3)OC(=O)c3ccccc32)cc1,525.35
[*]Oc1ccc(C2(c3ccc(OC([*])=O)cc3)c3ccccc3-c3ccccc32)cc1,628.15
[*]Oc1ccc(C2(c3ccc(OC([*])=S)cc3)CCCC2)cc1,352.15
[*]Oc1ccc(C2(c3ccc(OC([*])=S)cc3)CCCCC2)cc1,428.15
[*]Oc1ccc(C2(c3ccc(OC4(F)C([*])(F)C(F)(F)C4(F)F)cc3)c3ccccc3-c3ccccc32)cc1,501.15
[*]Oc1ccc(C2(c3ccc(OS(=O)(=O)c4cccc(S([*])(=O)=O)c4)cc3)CCCCC2)cc1,400.15
[*]Oc1ccc(C2(c3ccc(O[Si]([*])(c4ccccc4)c4ccccc4)cc3)c3ccccc3-c3ccccc32)cc1,439.15
[*]Oc1ccc(C2(c3ccc(Oc4ccc(C(=O)c5ccccc5)c(-c5cc([*])ccc5C(=O)c5ccccc5)c4)cc3)c3ccccc3-c3ccccc32)cc1,488.15
[*]Oc1ccc(C2(c3ccc(Oc4ccc5c(c4)C(=O)N(c4ccc(Cc6ccc(N7C(=O)c8ccc([*])cc8C7=O)cc6)cc4)C5=O)cc3)CCC(c3ccccc3)CC2)cc1,505.15
[*]Oc1ccc(C2(c3ccc(Oc4ccc5c(c4)C(=O)N(c4ccc(Cc6ccc(N7C(=O)c8ccc([*])cc8C7=O)cc6)cc4)C5=O)cc3)CCCCCCCCCCC2)cc1,513.15
[*]Oc1ccc(C2(c3ccc(Oc4ccc5c(c4)C(=O)N(c4ccc(Oc6ccc(C7(c8ccc(Oc9ccc(N%10C(=O)c%11ccc([*])cc%11C%10=O)cc9)cc8)C8CC9CC(C8)CC7C9)cc6)cc4)C5=O)cc3)CCCCCCCCCCC2)cc1,535.15
[*]Oc1ccc(C2(c3ccc(Oc4ccc5c(c4)C(=O)N(c4ccc(Oc6ccc(C7(c8ccc(Oc9ccc(N%10C(=O)c%11ccc([*])cc%11C%10=O)cc9)cc8)CC8CC7C7CCCC87)cc6)cc4)C5=O)cc3)CCC(c3ccccc3)CC2)cc1,528.15
[*]Oc1ccc(C2(c3ccc(Oc4ccc5c(c4)C(=O)N(c4ccc(Oc6ccc(C7(c8ccc(Oc9ccc(N%10C(=O)c%11ccc([*])cc%11C%10=O)cc9)cc8)CC8CCC7C8)cc6)cc4)C5=O)cc3)CCC(c3ccccc3)CC2)cc1,518.15
[*]Oc1ccc(C2(c3ccc(Oc4ccc5c(c4)C(=O)N(c4ccc(Oc6ccc(C7(c8ccc(Oc9ccc(N%10C(=O)c%11ccc([*])cc%11C%10=O)cc9)cc8)CC8CCC7C8)cc6)cc4)C5=O)cc3)CCCCCCCCCCC2)cc1,532.15
[*]Oc1ccc(C2(c3ccc(Oc4ccc5c(c4)C(=O)N(c4ccc(Oc6ccc(N7C(=O)c8ccc([*])cc8C7=O)cc6)cc4)C5=O)cc3)CCC(c3ccccc3)CC2)cc1,509.15
[*]Oc1ccc(C2(c3ccc(Oc4ccc5c(c4)C(=O)N(c4ccc(Oc6ccc(N7C(=O)c8ccc([*])cc8C7=O)cc6)cc4)C5=O)cc3)CCCCCCCCCCC2)cc1,503.15
[*]Oc1ccc(C2(c3ccc(Oc4ccc5c6c4cccc6c(=O)n4c6ccc(-c7ccc8nc9c%10cccc%11c([*])ccc(c(=O)n9c8c7)c%11%10)cc6nc54)cc3)c3ccccc3-c3ccccc32)cc1,694.15
[*]Oc1ccc(C2(c3ccc(Oc4ccc5c6c4cccc6c(=O)n4c6ccc(Oc7ccc8nc9c%10cccc%11c([*])ccc(c(=O)n9c8c7)c%11%10)cc6nc54)cc3)c3ccccc3-c3ccccc32)cc1,669.15
[*]Oc1ccc(C2(c3ccc(Oc4nc([*])nc(OC)n4)cc3)CCCCC2)cc1,473.15
[*]Oc1ccc(C2=C(Cl)C(=O)N(c3ccc(Cc4ccc(N5C(=O)C([*])=C(Cl)C5=O)cc4)cc3)C2=O)cc1,465.15
[*]Oc1ccc(C=Cc2ccc(Oc3ccc(-c4nnc(-c5ccc([*])c6ccccc56)o4)c4ccccc34)c3ccccc23)cc1,514.15
[*]Oc1ccc(C=Cc2ccc(Oc3ccc(-c4nnc(-c5ccc([*])c6ccccc56)o4)c4ccccc34)cc2)cc1,511.15
[*]Oc1ccc(C=Cc2ccc3cccc(OC(=O)c4ccc(C([*])=O)cc4)c3n2)cc1,385.15
[*]Oc1ccc(Cc2ccc(Cc3ccc(OC([*])=O)cc3)cc2)cc1,352.65
[*]Oc1ccc(Cc2ccc(OC(=O)c3cccc(C([*])=O)c3)cc2)cc1,423.15
[*]Oc1ccc(Cc2ccc(OC([*])=O)cc2)cc1,406.65
[*]Oc1ccc(Cc2ccc(OC([*])=S)cc2)cc1,368.15
[*]Oc1ccc(Cc2ccc(Oc3c(F)c(F)c(COC(c4cccc(C(OCc5c(F)c(F)c([*])c(F)c5F)(C(F)(F)F)C(F)(F)F)c4)(C(F)(F)F)C(F)(F)F)c(F)c3F)cc2)cc1,367.15
[*]Oc1ccc(N2C(=O)c3ccc(-c4ccc5c(c4)C(=O)N(c4ccc(Oc6cc(C(C)(C)C)c([*])cc6C(C)(C)C)cc4)C5=O)cc3C2=O)cc1,566.15
[*]Oc1ccc(N2C(=O)c3ccc(-c4ccc5c(c4)C(=O)N(c4ccc(Oc6cc(C(C)(C)C)ccc6[*])cc4)C5=O)cc3C2=O)cc1,530.15
[*]Oc1ccc(N2C(=O)c3ccc(-c4ccc5c(c4)C(=O)N(c4ccc(Oc6ccc([*])cc6C(C)(C)C)cc4)C5=O)cc3C2=O)cc1,547.15
[*]Oc1ccc(N2C(=O)c3ccc(-c4ccc5c(c4)C(=O)N(c4ccc(Oc6ccc([*])cc6C)cc4)C5=O)cc3C2=O)cc1,538.15
[*]Oc1ccc(N2C(=O)c3ccc(-c4ccc5c(c4)C(=O)N(c4ccc(Oc6cccc([*])c6C#N)cc4)C5=O)cc3C2=O)cc1,544.15
[*]Oc1ccc(N2C(=O)c3ccc(C(=O)Nc4ccc(Oc5ccc(C6(c7ccc(Oc8ccc(NC(=O)c9ccc%10c(c9)C(=O)N(c9ccc(Oc%11ccc([*])c(C)c%11)cc9)C%10=O)cc8)cc7)NC(=O)c7ccccc76)cc5)cc4)cc3C2=O)cc1,566.15
[*]Oc1ccc(N2C(=O)c3ccc(C(=O)Nc4ccc(Oc5cccc(Oc6ccc(NC(=O)c7ccc8c(c7)C(=O)N(c7ccc(Oc9cccc([*])c9C#N)cc7)C8=O)cc6)c5)cc4)cc3C2=O)cc1,490.15
[*]Oc1ccc(N2C(=O)c3ccc(C(=O)Nc4cccc(Oc5cccc(Oc6cccc(Oc7cccc(Oc8cccc(NC(=O)c9ccc%10c(c9)C(=O)N(c9ccc(Oc%11cccc([*])c%11C#N)cc9)C%10=O)c8)c7C#N)c6)c5C#N)c4)cc3C2=O)cc1,472.15
[*]Oc1ccc(N2C(=O)c3ccc(C(=O)c4ccc5c(c4)C(=O)N(c4ccc(Oc6cc(C(C)(C)C)c([*])cc6C(C)(C)C)cc4)C5=O)cc3C2=O)cc1,561.15
[*]Oc1ccc(N2C(=O)c3ccc(C(=O)c4ccc5c(c4)C(=O)N(c4ccc(Oc6cccc([*])c6C#N)cc4)C5=O)cc3C2=O)cc1,518.15
[*]Oc1ccc(N2C(=O)c3ccc(C(c4ccc5c(c4)C(=O)N(c4ccc(Oc6cc(C(C)(C)C)c([*])cc6C(C)(C)C)cc4)C5=O)(C(F)(F)F)C(F)(F)F)cc3C2=O)cc1,550.15
[*]Oc1ccc(N2C(=O)c3ccc(C(c4ccc5c(c4)C(=O)N(c4ccc(Oc6cccc([*])c6C#N)cc4)C5=O)(C(F)(F)F)C(F)(F)F)cc3C2=O)cc1,553.15
[*]Oc1ccc(N2C(=O)c3ccc(C(c4ccc5c(c4)C(=O)N(c4ccc([*])c(OCCN(CC)c6ccc(/N=N/c7ccc([N+](=O)[O-])cc7)cc6)c4)C5=O)(C(F)(F)F)C(F)(F)F)cc3C2=O)cc1,475.15
[*]Oc1ccc(N2C(=O)c3ccc(Oc4c(C)cc(C(C)(C)c5cc(C)c(Oc6ccc7c(c6)C(=O)N(c6ccc(Oc8ccc(-c9ccc([*])cc9C)c(C)c8)cc6)C7=O)c(C)c5)cc4C)cc3C2=O)cc1,530.15
[*]Oc1ccc(N2C(=O)c3ccc(Oc4ccc(C(c5ccccc5)(c5ccccc5)c5ccc(Oc6ccc7c(c6)C(=O)N(c6ccc(Oc8ccc([*])c(C(C)(C)C)c8)cc6)C7=O)cc5)cc4)cc3C2=O)cc1,502.15
[*]Oc1ccc(N2C(=O)c3ccc(Oc4ccc(C5(c6ccc(Oc7ccc8c(c7)C(=O)N(c7ccc(Oc9ccc(-c%10ccc([*])cc%10C)c(C)c9)cc7)C8=O)cc6)CCC(C(C)(C)C)CC5)cc4)cc3C2=O)cc1,509.15
[*]Oc1ccc(N2C(=O)c3ccc(Oc4ccc(C5(c6ccc(Oc7ccc8c(c7)C(=O)N(c7ccc(Oc9ccc(-c%10ccc([*])cc%10C)c(C)c9)cc7)C8=O)cc6)CCC(c6ccccc6)CC5)cc4)cc3C2=O)cc1,499.15
[*]Oc1ccc(N2C(=O)c3ccc(Oc4ccc(C5(c6ccc(Oc7ccc8c(c7)C(=O)N(c7ccc(Oc9ccc(-c%10ccc([*])cc%10C)c(C)c9)cc7)C8=O)cc6)CCCCCCCCCCC5)cc4)cc3C2=O)cc1,530.15
[*]Oc1ccc(N2C(=O)c3ccc(Oc4ccc(C5(c6ccc(Oc7ccc8c(c7)C(=O)N(c7ccc(Oc9ccc([*])c(C(C)(C)C)c9)cc7)C8=O)cc6)CCC(c6ccccc6)CC5)cc4)cc3C2=O)cc1,509.15
[*]Oc1ccc(N2C(=O)c3ccc(Oc4ccc(C5(c6ccc(Oc7ccc8c(c7)C(=O)N(c7ccc(Oc9ccc([*])cc9C(C)(C)C)cc7)C8=O)cc6)CCC(C(C)(C)C)CC5)cc4)cc3C2=O)cc1,506.15
[*]Oc1ccc(N2C(=O)c3ccc(Oc4ccc(C5(c6ccc(Oc7ccc8c(c7)C(=O)N(c7ccc(Oc9ccc([*])cc9C(C)(C)C)cc7)C8=O)cc6)CCCCCCCCCCC5)cc4)cc3C2=O)cc1,535.15
[*]Oc1ccc(N2C(=O)c3ccc(Oc4ccc5c(c4)C(=O)N(c4ccc(Oc6cc(C(C)(C)C)c([*])cc6C(C)(C)C)cc4)C5=O)cc3C2=O)cc1,515.15
[*]Oc1ccc(N2C(=O)c3ccc(Oc4ccc5c(c4)C(=O)N(c4ccc(Oc6cc(C)c([*])c(C)c6C)cc4)C5=O)cc3C2=O)cc1,534.15
[*]Oc1ccc(N2C(=O)c3ccc(Oc4ccc5c(c4)C(=O)N(c4ccc(Oc6ccc([*])cc6C(C)(C)C)cc4)C5=O)cc3C2=O)cc1,513.15
[*]Oc1ccc(N2C(=O)c3ccc(S(=O)(=O)c4ccc5c(c4)C(=O)N(c4ccc(Oc6cc(C(C)(C)C)c([*])cc6C(C)(C)C)cc4)C5=O)cc3C2=O)cc1,536.15
[*]Oc1ccc(N2C(=O)c3ccc([*])cc3C2=O)cc1,539.15
[*]Oc1ccc(NC(=O)c2ccc(C(=O)Nc3c(C)c(C)c([*])c(C)c3C)cc2)cc1,606.15
[*]Oc1ccc(NC(=O)c2ccc(C(=O)Nc3ccc(Oc4c(C)c(C)c([*])c(C)c4C)cc3)cc2)cc1,583.15
[*]Oc1ccc(NC(=O)c2ccc(Oc3ccc(Oc4ccc(C(=O)Nc5ccc(Oc6ccc([*])cc6C)cc5)cc4)cc3C)cc2)cc1,491.65
[*]Oc1ccc(NC(=O)c2ccc3c(c2)C(=O)N(c2ccc(Oc4ccc(C5(c6ccc(Oc7ccc(N8C(=O)c9ccc(C(=O)Nc%10ccc(Oc%11cc(C(C)(C)C)c([*])cc%11C(C)(C)C)cc%10)cc9C8=O)cc7)cc6)CC6CC5C5CCCC65)cc4)cc2)C3=O)cc1,563.15
[*]Oc1ccc(NC(=O)c2ccc3c(c2)C(=O)N(c2ccc(Oc4ccc(C5(c6ccc(Oc7ccc(N8C(=O)c9ccc(C(=O)Nc%10ccc(Oc%11ccc(-c%12ccc([*])cc%12C)c(C)c%11)cc%10)cc9C8=O)cc7)cc6)CC6CC5C5CCCC65)cc4)cc2)C3=O)cc1,538.15
[*]Oc1ccc(NC(=O)c2ccc3c(c2)C(=O)N(c2ccc(Oc4ccc(C5(c6ccc(Oc7ccc(N8C(=O)c9ccc(C(=O)Nc%10ccc(Oc%11ccc([*])c(C(C)(C)C)c%11)cc%10)cc9C8=O)cc7)cc6)CC6CC5C5CCCC65)cc4)cc2)C3=O)cc1,548.15
[*]Oc1ccc(NC(=O)c2ccc3c(c2)C(=O)N(c2ccc(Oc4cccc(Oc5ccc(N6C(=O)c7ccc(C(=O)Nc8ccc(Oc9cccc([*])c9C#N)cc8)cc7C6=O)cc5)c4C#N)cc2)C3=O)cc1,493.15
[*]Oc1ccc(NC(=O)c2cccc(C(=O)Nc3ccc(Oc4ccc([*])cc4C(C)(C)C)cc3)c2)cc1,481.15
[*]Oc1ccc(N[Se]Nc2ccc([*])cc2)cc1,328.15
[*]Oc1ccc(OC(=O)c2cc(OCCCCCCCCCCC(F)(F)C(F)(F)C(F)(F)C(F)(F)C(F)(F)C(F)(F)C(F)(F)C(F)(F)C(F)(F)C(F)(F)F)cc(C([*])=O)c2)cc1,410.15
[*]Oc1ccc(OC(=O)c2cc(OCCCCCCCCCCOCC3CCCN3c3ccc([N+](=O)[O-])cc3)c(C([*])=O)cc2OCCCCCCCCCCOCC2CCCN2c2ccc([N+](=O)[O-])cc2)cc1,303.15
[*]Oc1ccc(OC(=O)c2cc(OCCCCCCCCCOCC3CCCN3c3ccc([N+](=O)[O-])cc3)c(C([*])=O)cc2OCCCCCCCCCOCC2CCCN2c2ccc([N+](=O)[O-])cc2)cc1,307.15
[*]Oc1ccc(OC(=O)c2cc(OCCCCCCCCOCC3CCCN3c3ccc([N+](=O)[O-])cc3)c(C([*])=O)cc2OCCCCCCCCOCC2CCCN2c2ccc([N+](=O)[O-])cc2)cc1,314.15
[*]Oc1ccc(OC(=O)c2cc(OCCCCCCCOCC3CCCN3c3ccc([N+](=O)[O-])cc3)c(C([*])=O)cc2OCCCCCCCOCC2CCCN2c2ccc([N+](=O)[O-])cc2)cc1,323.15
[*]Oc1ccc(OC(=O)c2cc(OCCCCCCOCC3CCCN3c3ccc([N+](=O)[O-])cc3)c(C([*])=O)cc2OCCCCCCOCC2CCCN2c2ccc([N+](=O)[O-])cc2)cc1,329.15
[*]Oc1ccc(OC(=O)c2cc(OCCCCCOCC3CCCN3c3ccc([N+](=O)[O-])cc3)c(C([*])=O)cc2OCCCCCOCC2CCCN2c2ccc([N+](=O)[O-])cc2)cc1,336.15
[*]Oc1ccc(OC(=O)c2cc(OCCCCOCC3CCCN3c3ccc([N+](=O)[O-])cc3)c(C([*])=O)cc2OCCCCOCC2CCCN2c2ccc([N+](=O)[O-])cc2)cc1,341.15
[*]Oc1ccc(OC(=O)c2ccc(-c3ccc(C([*])=O)cc3)cc2-c2ccccc2)c2ccccc12,438.15
[*]Oc1ccc(OC(=O)c2ccc(-c3ccc(C([*])=O)cc3)cc2-c2ccccc2)cc1,413.15
[*]Oc1ccc(OC(=O)c2ccc(-c3ccc(C([*])=O)cc3)cc2-c2ccccc2)cc1-c1ccccc1,421.15
[*]Oc1ccc(OC(=O)c2ccc(-c3ccc(OCCCCCCCCCC[Si](C)(C)O[Si](C)(C)CCCCCCOC(=O)C([*])C)cc3)cc2)cc1,308.15
[*]Oc1ccc(OC(=O)c2ccc(-c3ccc(OCCCCCCCCCC[Si](C)(C)O[Si](C)(C)CCCCCCOC(=O)C([*])C)cc3)cc2)cc1[N+](=O)[O-],293.15
[*]Oc1ccc(OC(=O)c2ccc(C([*])=O)cc2)c(-c2cccc(C(F)(F)F)c2)c1,428.95
[*]Oc1ccc(OC(=O)c2ccc(C([*])=O)cc2)c(C(F)(F)F)c1,432.45
[*]Oc1ccc(OC(=O)c2ccc(C([*])=O)cc2)c(C2CC3CCC2C3)c1,540.15
[*]Oc1ccc(OC(=O)c2ccc(C([*])=O)cc2)c(C2CCCCC2)c1,479.15
[*]Oc1ccc(OC(=O)c2ccc(C([*])=O)cc2)c(C2CCCCCCC2)c1,486.15
[*]Oc1ccc(OC(=O)c2ccc(C([*])=O)cc2)cc1,540.15
[*]Oc1ccc(OC(=O)c2ccc(C([*])=O)cc2Oc2ccc(-c3ccccc3)cc2)cc1,390.15
[*]Oc1ccc(OC(=O)c2ccc(C([*])=O)cc2Oc2ccc(Br)cc2)cc1,381.15
[*]Oc1ccc(OC(=O)c2ccc(C([*])=O)cc2Oc2ccc(C3CCCCC3)cc2)cc1,386.15
[*]Oc1ccc(OC(=O)c2ccc(C([*])=O)cc2Oc2ccc(Cl)cc2)cc1,380.15
[*]Oc1ccc(OC(=O)c2ccc(C([*])=O)cc2Oc2ccc(F)cc2)cc1,379.15
[*]Oc1ccc(OC(=O)c2ccc(C([*])=O)cc2Oc2ccc(Oc3ccccc3)cc2)cc1,356.15
[*]Oc1ccc(OC(=O)c2ccc(C([*])=O)cc2Oc2ccc3ccccc3c2)cc1,375.15
[*]Oc1ccc(OC(=O)c2ccc(C([*])=O)cc2Oc2ccccc2)cc1,378.15
[*]Oc1ccc(OC(=O)c2ccc(C([*])=O)cc2Sc2ccc(Cl)cc2)cc1,413.15
[*]Oc1ccc(OC(=O)c2ccc(C([*])=O)cc2Sc2ccc3ccccc3c2)cc1,421.15
[*]Oc1ccc(OC(=O)c2ccc(C([*])=O)cc2Sc2ccccc2)cc1,454.15
[*]Oc1ccc(OC(=O)c2ccc(C([*])=O)cc2Sc2ccccc2)cc1-c1ccccc1,403.15
[*]Oc1ccc(OC(=O)c2ccc(N3C(=O)CC(SCCOCCSC4CC(=O)N(c5ccc(C([*])=O)cc5)C4=O)C3=O)cc2)cc1,439.15
[*]Oc1ccc(OC(=O)c2ccc(OC(=O)OC3COC4C(OC([*])=O)COC34)cc2)cc1,388.15
[*]Oc1ccc(OC(=O)c2ccc(OC(=O)c3ccc(C(=O)Oc4ccc(C([*])=O)cc4)cc3)cc2)cc1,556.15
[*]Oc1ccc(OC(=O)c2ccc(OC([*])=O)cc2)cc1,347.15
[*]Oc1ccc(OC(=O)c2ccc(OCCCCCCCCCCCCOc3ccc(C([*])=O)cc3)cc2)c(/C=C/c2ccncc2)c1,367.45
[*]Oc1ccc(OC(=O)c2ccc(OCCCCCCCCCCCCOc3ccc(C([*])=O)cc3)cc2)c(S(=O)(=O)c2ccccc2)c1,355.85
[*]Oc1ccc(OC(=O)c2ccc(OCCCCCCCCCCOc3ccc(C([*])=O)cc3)cc2)c(S(=O)(=O)c2ccccc2)c1,361.15
[*]Oc1ccc(OC(=O)c2ccc(OCCCCCCOc3ccc(C([*])=O)cc3)cc2)c(S(=O)(=O)c2ccccc2)c1,378.65
[*]Oc1ccc(OC(=O)c2ccc(Oc3ccc(C([*])=O)cc3)cc2)c2ccccc12,439.15
[*]Oc1ccc(OC(=O)c2ccc3c(c2)C(=O)N(C2CCC(N4C(=O)c5ccc(C([*])=O)cc5C4=O)CC2)C3=O)cc1,633.15
[*]Oc1ccc(OC(=O)c2ccc3c(c2)C(=O)N(CCCOCCCCOCCCN2C(=O)c4ccc(C([*])=O)cc4C2=O)C3=O)c(-c2ccccc2)c1,344.15
[*]Oc1ccc(OC(=O)c2ccc3c(c2)C(=O)N(CCCOCCCCOCCCN2C(=O)c4ccc(C([*])=O)cc4C2=O)C3=O)cc1,329.15
[*]Oc1ccc(OC(=O)c2ccc3c(c2)C(=O)N(CCOCCOCCN2C(=O)c4ccc(C([*])=O)cc4C2=O)C3=O)c(-c2ccccc2)c1,378.15
[*]Oc1ccc(OC(=O)c2ccc3c(c2)C(=O)N(CCOCCOCCN2C(=O)c4ccc(C([*])=O)cc4C2=O)C3=O)cc1,378.15
[*]Oc1ccc(OC(=O)c2ccc3c(c2)C(=O)N(c2ccc(Oc4ccc(N5C(=O)c6ccc(C([*])=O)cc6C5=O)cc4)cc2)C3=O)c(-c2ccccc2)c1,485.15
[*]Oc1ccc(OC(=O)c2ccc3c(c2)C(=O)N(c2ccc(Oc4ccc(N5C(=O)c6ccc(C([*])=O)cc6C5=O)cc4)cc2)C3=O)cc1,543.15
[*]Oc1ccc(OC(=O)c2ccc3c(c2)C(=O)N(c2ccc(Oc4ccc(Oc5ccc(N6C(=O)c7ccc(C([*])=O)cc7C6=O)cc5)cc4)cc2)C3=O)cc1,503.15
[*]Oc1ccc(OC(=O)c2cccc(C([*])=O)c2)cc1,459.15
[*]Oc1ccc(OC(=O)c2cccc(Oc3ccc(Oc4ccc(Oc5cccc(C([*])=O)c5)cc4)cc3)c2)cc1,374.15
[*]Oc1ccc(OC(=O)c2cccc(Oc3ccc(Oc4cccc(C([*])=O)c4)cc3)c2)cc1,392.15
[*]Oc1ccc(OC(=O)c2cccc(Oc3cccc(C([*])=O)c3)c2)cc1,392.15
[*]Oc1ccc(OC2(F)C([*])(F)C(F)(F)C2(F)F)cc1,314.15
[*]Oc1ccc(OCCCCCCCCCCCCOc2ccc(OC(=O)c3ccc4c(c3)C(=O)N(c3ccc(Cc5ccc(N6C(=O)c7ccc(C([*])=O)cc7C6=O)cc5)cc3)C4=O)cc2)cc1,398.15
[*]Oc1ccc(OCCCCCCCCCCCCOc2ccc(OC(=O)c3ccc4c(c3)C(=O)N(c3ccc(S(=O)(=O)c5ccc(N6C(=O)c7ccc(C([*])=O)cc7C6=O)cc5)cc3)C4=O)cc2)cc1,413.15
[*]Oc1ccc(OCCCCCCCCCCOc2ccc(OC(=O)c3ccc(OCCOCCOCCOc4ccc(C([*])=O)cc4)cc3)cc2)cc1,337.15
[*]Oc1ccc(OCCCCCCOc2ccc(OC(=O)c3ccc(C([*])=O)cc3)cc2)cc1,326.15
[*]Oc1ccc(OCCCCCOc2ccc(OC(=O)c3ccc(C([*])=O)cc3)cc2)cc1,385.15
[*]Oc1ccc(OP([*])(=O)OC2CCCCC2)cc1,381.15
[*]Oc1ccc(OP([*])(=O)Oc2ccccc2)cc1,370.15
[*]Oc1ccc(O[Si]([*])(C)C)cc1,363.15
[*]Oc1ccc(O[Si]([*])(C)c2ccccc2)cc1,368.15
[*]Oc1ccc(Oc2cc(C(=O)c3ccccc3)c([*])cc2C(=O)c2ccccc2)cc1,410.15
[*]Oc1ccc(Oc2ccc(-c3ccc(Oc4ccc(Oc5cc([*])ccc5CCCCCC)cc4)c4ccccc34)c3ccccc23)cc1,423.15
[*]Oc1ccc(Oc2ccc(-c3ccc(Oc4ccc(Oc5cccc([*])c5C)cc4)c4ccccc34)c3ccccc23)cc1,429.15
[*]Oc1ccc(Oc2ccc(-c3ccc([*])c4ccccc34)c3ccccc23)cc1,499.15
[*]Oc1ccc(Oc2ccc(/C=N/CC/N=C/c3ccc([*])cc3)cc2)cc1,374.15
[*]Oc1ccc(Oc2ccc(/C=N/CCCC/N=C/c3ccc([*])cc3)cc2)cc1,378.15
[*]Oc1ccc(Oc2ccc(/C=N/CCCCCC/N=C/c3ccc([*])cc3)cc2)cc1,384.15
[*]Oc1ccc(Oc2ccc(/C=N/CCCCCCCCCC/N=C/c3ccc([*])cc3)cc2)cc1,381.15
[*]Oc1ccc(Oc2ccc(/C=N/CCCCCCCCCCCC/N=C/c3ccc([*])cc3)cc2)cc1,391.15
[*]Oc1ccc(Oc2ccc(/C=N/c3ccc(/N=C/c4ccc([*])cc4)cc3)cc2)cc1,390.15
[*]Oc1ccc(Oc2ccc(C(=O)c3ccccc3)c(-c3cc([*])ccc3C(=O)c3ccccc3)c2)cc1,429.15
[*]Oc1ccc(Oc2ccc(C=Nc3ccc(Oc4ccc(N=Cc5ccc([*])cc5)cc4)cc3)cc2)cc1,393.15
[*]Oc1ccc(Oc2ccc(N3C(=O)c4cccc(Oc5c(C)cc(Cc6cc(C)c(Oc7cccc8c7C(=O)N(c7ccc([*])cc7C)C8=O)c(C)c6)cc5C)c4C3=O)c(C)c2)cc1,511.15
[*]Oc1ccc(Oc2ccc(N3C(=O)c4cccc(Oc5ccc(C(C)(C)c6ccc(Oc7cccc8c7C(=O)N(c7ccc([*])cc7C)C8=O)cc6)cc5)c4C3=O)c(C)c2)cc1,495.15
[*]Oc1ccc(Oc2ccc(OC(=O)c3ccc(C(c4ccc(C([*])=O)cc4)(C(F)(F)F)C(F)(F)F)cc3)cc2)cc1,488.15
[*]Oc1ccc(Oc2ccc(OC(=O)c3cccc(C([*])=O)c3)cc2)cc1,437.65
[*]Oc1ccc(Oc2ccc(OC(=O)c3cccc(Oc4ccc(Oc5cccc(C([*])=O)c5)cc4)c3)cc2)cc1,377.15
[*]Oc1ccc(Oc2ccc(OC(=O)c3ccccc3-c3ccccc3C([*])=O)cc2)cc1,420.15
[*]Oc1ccc(Oc2ccc(OC([*])=O)cc2)cc1,391.15
[*]Oc1ccc(Oc2ccc(Oc3ccc(Oc4ccc(-c5ccc([*])c6ccccc56)c5ccccc45)cc3)cc2)cc1,420.15
[*]Oc1ccc(Oc2ccc(Oc3ccc(Oc4ccc(OC(=O)c5cccc(C([*])=O)c5)cc4)cc3)cc2)cc1,407.15
[*]Oc1ccc(Oc2ccc(Oc3ccc4c(c3)C(=O)N(c3ccc(Oc5ccc(-c6ccc(Oc7ccc(N8C(=O)c9ccc([*])cc9C8=O)cc7)cc6)cc5)cc3)C4=O)cc2)cc1,484.15
[*]Oc1ccc(Oc2ccc(Oc3ccc4c(c3)C(=O)N(c3ccc(Oc5ccc(N6C(=O)c7ccc([*])cc7C6=O)cc5)cc3)C4=O)cc2)cc1,488.15
[*]Oc1ccc(Oc2ccc(Oc3ccc4c(c3)C(=O)N(c3ccc(Oc5ccc(Oc6ccc(N7C(=O)c8ccc([*])cc8C7=O)cc6)cc5)cc3)C4=O)cc2)cc1,476.15
[*]Oc1ccc(Oc2ccc(Oc3ccc4c(c3)C(=O)N(c3ccc(Oc5ccc(Sc6ccc(Oc7ccc(N8C(=O)c9ccc([*])cc9C8=O)cc7)cc6)cc5)cc3)C4=O)cc2)cc1,467.15
[*]Oc1ccc(Oc2ccc(Oc3ccc4c(c3)C(=O)N(c3ccc(Oc5cccc(Oc6ccc(N7C(=O)c8ccc([*])cc8C7=O)cc6)c5)cc3)C4=O)cc2)cc1,457.15
[*]Oc1ccc(Oc2ccc(Oc3ccc4c(c3)C(=O)N(c3cccc(N5C(=O)c6ccc([*])cc6C5=O)c3)C4=O)cc2)cc1,500.15
[*]Oc1ccc(Oc2ccc(Oc3cccc4c3C(=O)N(CCCCCCCCN3C(=O)c5cccc([*])c5C3=O)C4=O)cc2)cc1,401.15
[*]Oc1ccc(Oc2ccc(Oc3cccc4c3C(=O)N(c3ccc(Oc5ccc(N6C(=O)c7cccc([*])c7C6=O)cc5)cc3)C4=O)cc2)cc1,512.15
[*]Oc1ccc(Oc2ccc(Oc3cccc4c3C(=O)N(c3cccc(N5C(=O)c6cccc([*])c6C5=O)c3)C4=O)cc2)cc1,511.15
[*]Oc1ccc(Oc2ccc(P(=O)(c3ccccc3)c3ccc(Oc4ccc(Oc5ccc6c(c5)C(=O)N(c5ccc(N7C(=O)c8ccc([*])cc8C7=O)cc5)C6=O)cc4)cc3)cc2)cc1,493.15
[*]Oc1ccc(Oc2ccc3c(c2)C(=O)N(c2ccc(-c4ccc(N5C(=O)c6ccc([*])cc6C5=O)cc4)cc2)C3=O)cc1,539.15
[*]Oc1ccc(Oc2ccc3c(c2)C(=O)N(c2ccc(Cc4ccc(N5C(=O)c6ccc([*])cc6C5=O)cc4)cc2)C3=O)cc1,532.15
[*]Oc1ccc(Oc2ccc3c(c2)C(=O)N(c2ccc(Oc4ccc(-c5ccc(Oc6ccc(N7C(=O)c8ccc([*])cc8C7=O)cc6)cc5)cc4)cc2)C3=O)cc1,503.15
[*]Oc1ccc(Oc2ccc3c(c2)C(=O)N(c2ccc(Oc4ccc(Oc5ccc(Oc6ccc(N7C(=O)c8ccc([*])cc8C7=O)cc6)cc5)cc4)cc2)C3=O)cc1,483.15
[*]Oc1ccc(Oc2ccc3c(c2)C(=O)N(c2ccc(Oc4ccc(S(=O)(=O)c5ccc(Oc6ccc(N7C(=O)c8ccc([*])cc8C7=O)cc6)cc5)cc4)cc2)C3=O)cc1,474.15
[*]Oc1ccc(Oc2ccc3c(c2)C(=O)N(c2ccc(Oc4ccc(Sc5ccc(Oc6ccc(N7C(=O)c8ccc([*])cc8C7=O)cc6)cc5)cc4)cc2)C3=O)cc1,474.15
[*]Oc1ccc(Oc2ccc3c(c2)C(=O)N(c2ccc(Oc4ccc5ccccc5c4-c4c(Oc5ccc(N6C(=O)c7ccc([*])cc7C6=O)cc5C(F)(F)F)ccc5ccccc45)c(C(F)(F)F)c2)C3=O)cc1,529.15
[*]Oc1ccc(Oc2ccc3c(c2)C(=O)N(c2ccc(Oc4cccc(Oc5ccc(N6C(=O)c7ccc([*])cc7C6=O)cc5)c4)cc2)C3=O)cc1,472.15
[*]Oc1ccc(Oc2ccc3c(c2)C(=O)N(c2ccc(S(=O)(=O)c4ccc(N5C(=O)c6ccc([*])cc6C5=O)cc4)cc2)C3=O)cc1,556.15
[*]Oc1ccc(Oc2ccc3c(c2)C(=O)N(c2cccc(N4C(=O)c5ccc([*])cc5C4=O)c2)C3=O)cc1,528.15
[*]Oc1ccc(Oc2cccc(Oc3ccc4c(c3)C(=O)N(c3ccc(Oc5ccc(N6C(=O)c7ccc([*])cc7C6=O)cc5)cc3)C4=O)c2)cc1,488.15
[*]Oc1ccc(Oc2cccc(Oc3ccc4c(c3)C(=O)N(c3ccc(Oc5cccc(Oc6ccc(N7C(=O)c8ccc([*])cc8C7=O)cc6)c5)cc3)C4=O)c2)cc1,457.15
[*]Oc1ccc(Oc2cccc(Oc3ccc4c(c3)C(=O)N(c3cccc(N5C(=O)c6ccc([*])cc6C5=O)c3)C4=O)c2)cc1,500.15
[*]Oc1ccc(Oc2cccc(Oc3cccc4c3C(=O)N(c3ccc(Oc5ccc(N6C(=O)c7cccc([*])c7C6=O)cc5)cc3)C4=O)c2)cc1,512.15
[*]Oc1ccc(Oc2cccc(Oc3cccc4c3C(=O)N(c3ccc(Oc5cccc(Oc6ccc(N7C(=O)c8cccc([*])c8C7=O)cc6)c5)cc3)C4=O)c2)cc1,471.15
[*]Oc1ccc(Oc2cccc([*])n2)cc1,373.15
[*]Oc1ccc(Oc2cccc3c2C(=O)N(c2ccc(Oc4cccc(Oc5ccc(N6C(=O)c7cccc([*])c7C6=O)cc5)c4)cc2)C3=O)cc1,487.15
[*]Oc1ccc(Oc2cccc3c2C(=O)N(c2cccc(N4C(=O)c5cccc([*])c5C4=O)c2)C3=O)cc1,532.15
[*]Oc1ccc(S(=O)(=O)c2ccc(OC(=O)OC3CC4CC(OC([*])=O)CC(C3)O4)cc2)cc1,457.15
[*]Oc1ccc(S(=O)(=O)c2ccc(OC(=O)c3ccc([Si](c4ccccc4)(c4ccccc4)c4ccc(C([*])=O)cc4)cc3)cc2)cc1,523.15
[*]Oc1ccc(S(=O)(=O)c2ccc(OC(=O)c3cccc(C([*])=O)c3)cc2)cc1,522.15
[*]Oc1ccc(S(=O)(=O)c2ccc(OP([*])(=O)OC3CCCCC3)cc2)cc1,393.15
[*]Oc1ccc(S(=O)(=O)c2ccc(OP([*])(=O)Oc3ccc(Br)cc3)cc2)cc1,362.15
[*]Oc1ccc(S(=O)(=O)c2ccc(OP([*])(=O)Oc3ccc(C)cc3)cc2)cc1,339.15
[*]Oc1ccc(S(=O)(=O)c2ccc(OP([*])(=O)Oc3ccc(OC)cc3)cc2)cc1,354.15
[*]Oc1ccc(S(=O)(=O)c2ccc(OP([*])(=O)Oc3ccc([N+](=O)[O-])cc3)cc2)cc1,387.15
[*]Oc1ccc(S(=O)(=O)c2ccc(OP([*])(=O)Oc3ccccc3)cc2)cc1,373.65
[*]Oc1ccc(S(=O)(=O)c2ccc(Oc3c(C)cc(-c4cc(C)c([*])c(C)c4Br)c(Br)c3C)cc2)cc1,571.35
[*]Oc1ccc(S(=O)(=O)c2ccc(Oc3c(C)cc(C(C)(C)c4cc(C)c([*])c(C)c4Br)c(Br)c3C)cc2)cc1,548.55
[*]Oc1ccc(S(=O)(=O)c2ccc(Oc3cc(C(C)(C)C)ccc3[*])cc2)cc1,453.65
[*]Oc1ccc(S(=O)(=O)c2ccc(Oc3cc(C)c(C(c4cc(C(C)C)c([*])cc4C)c4ccccc4C(=O)O)cc3C(C)C)cc2)cc1,513.15
[*]Oc1ccc(S(=O)(=O)c2ccc(Oc3cc(C)c(C4(c5cc(C(C)C)c([*])cc5C)OC(=O)c5ccccc54)cc3C(C)C)cc2)cc1,503.15
[*]Oc1ccc(S(=O)(=O)c2ccc(Oc3ccc4c(=O)n5c6cc(-c7ccc8c(c7)nc7c9ccc([*])c%10cccc(c(=O)n87)c%109)ccc6nc5c5cccc3c45)cc2)cc1,688.15
[*]Oc1ccc(S(=O)(=O)c2ccc(Oc3ccc4c(=O)n5c6cc(Oc7ccc8c(c7)nc7c9ccc([*])c%10cccc(c(=O)n87)c%109)ccc6nc5c5cccc3c45)cc2)cc1,647.15
[*]Oc1ccc(S(=O)(=O)c2ccc(Oc3ccc4c(c3)C(=O)N(c3ccc(Oc5ccc(N6C(=O)c7ccc([*])cc7C6=O)cc5)cc3)C4=O)cc2)cc1,533.15
[*]Oc1ccc(S(=O)(=O)c2ccc(Oc3ccc4c(c3)C(=O)N(c3ccc(Oc5cccc(Oc6ccc(N7C(=O)c8ccc([*])cc8C7=O)cc6)c5)cc3)C4=O)cc2)cc1,492.15
[*]Oc1ccc(S(=O)(=O)c2ccc(Oc3ccc4c(c3)C(=O)N(c3cccc(N5C(=O)c6ccc([*])cc6C5=O)c3)C4=O)cc2)cc1,538.15
[*]Oc1ccc(S(=O)(=O)c2ccc(Oc3ccc4c(c3)C(=O)N(c3cccc(S(=O)(=O)c5cccc(N6C(=O)c7ccc([*])cc7C6=O)c5)c3)C4=O)cc2)cc1,478.15
[*]Oc1ccc(S(=O)(=O)c2ccc(Oc3cccc4c3C(=O)N(c3ccc(Oc5ccc(N6C(=O)c7cccc([*])c7C6=O)cc5)cc3)C4=O)cc2)cc1,540.15
[*]Oc1ccc(S(=O)(=O)c2ccc(Oc3cccc4c3C(=O)N(c3ccc(Oc5cccc(Oc6ccc(N7C(=O)c8cccc([*])c8C7=O)cc6)c5)cc3)C4=O)cc2)cc1,503.15
[*]Oc1ccc(S(=O)(=O)c2ccc(Oc3cccc4c3C(=O)N(c3cccc(N5C(=O)c6cccc([*])c6C5=O)c3)C4=O)cc2)cc1,539.15
[*]Oc1ccc(S(=O)(=O)c2ccc3cc(S(=O)(=O)c4ccc(Oc5c(C)cc(-c6cc(C)c([*])c(C)c6C)c(C)c5C)cc4)ccc3c2)cc1,573.15
[*]Oc1ccc(S(=O)(=O)c2cccc(Oc3ccc4c(c3)C(=O)N(c3ccc(Oc5ccc(N6C(=O)c7ccc([*])cc7C6=O)cc5)cc3)C4=O)c2)cc1,533.15
[*]Oc1ccc(S(=O)(=O)c2cccc(Oc3ccc4c(c3)C(=O)N(c3ccc(Oc5cccc(Oc6ccc(N7C(=O)c8ccc([*])cc8C7=O)cc6)c5)cc3)C4=O)c2)cc1,467.15
[*]Oc1ccc(S(=O)(=O)c2cccc(Oc3cccc4c3C(=O)N(c3ccc(Oc5ccc(N6C(=O)c7cccc([*])c7C6=O)cc5)cc3)C4=O)c2)cc1,540.15
[*]Oc1ccc(S(=O)(=O)c2cccc(Oc3cccc4c3C(=O)N(c3ccc(Oc5cccc(Oc6ccc(N7C(=O)c8cccc([*])c8C7=O)cc6)c5)cc3)C4=O)c2)cc1,489.15
[*]Oc1ccc(S([*])(=O)=O)cc1,392.15
[*]Oc1ccc(Sc2ccc(OC3(F)C([*])(F)C(F)(F)C3(F)F)cc2)cc1,351.15
[*]Oc1ccc(Sc2ccc(Oc3ccc4c(=O)n5c6cc(-c7ccc8c(c7)nc7c9ccc([*])c%10cccc(c(=O)n87)c%109)ccc6nc5c5cccc3c45)cc2)cc1,659.15
[*]Oc1ccc(Sc2ccc(Oc3ccc4c(=O)n5c6cc(Oc7ccc8c(c7)nc7c9ccc([*])c%10cccc(c(=O)n87)c%109)ccc6nc5c5cccc3c45)cc2)cc1,619.15
[*]Oc1ccc(Sc2ccc(Oc3ccc4c(c3)C(=O)N(c3cc(N5C(=O)c6ccc([*])cc6C5=O)cc(C(F)(F)F)c3)C4=O)cc2)cc1,491.15
[*]Oc1ccc(Sc2ccc(Oc3ccc4c(c3)C(=O)N(c3ccc(-c5ccc(N6C(=O)c7ccc([*])cc7C6=O)cc5)cc3)C4=O)cc2)cc1,530.15
[*]Oc1ccc(Sc2ccc(Oc3ccc4c(c3)C(=O)N(c3ccc(N5C(=O)c6ccc([*])cc6C5=O)cc3)C4=O)cc2)cc1,511.15
[*]Oc1ccc(Sc2ccc(Oc3ccc4c(c3)C(=O)N(c3ccc(Oc5ccc(-c6ccc(Oc7ccc(N8C(=O)c9ccc([*])cc9C8=O)cc7)cc6)cc5)cc3)C4=O)cc2)cc1,478.15
[*]Oc1ccc(Sc2ccc(Oc3ccc4c(c3)C(=O)N(c3ccc(Oc5ccc(C(c6ccc(Oc7ccc(N8C(=O)c9ccc([*])cc9C8=O)cc7)cc6)(C(F)(F)F)C(F)(F)F)cc5)cc3)C4=O)cc2)cc1,490.65
[*]Oc1ccc(Sc2ccc(Oc3ccc4c(c3)C(=O)N(c3ccc(Oc5ccc(N6C(=O)c7ccc([*])cc7C6=O)cc5)cc3)C4=O)cc2)cc1,485.15
[*]Oc1ccc(Sc2ccc(Oc3ccc4c(c3)C(=O)N(c3ccc(Oc5ccc(Oc6ccc(N7C(=O)c8ccc([*])cc8C7=O)cc6)cc5)cc3)C4=O)cc2)cc1,474.15
[*]Oc1ccc(Sc2ccc(Oc3ccc4c(c3)C(=O)N(c3ccc(Oc5ccc(Sc6ccc(Oc7ccc(N8C(=O)c9ccc([*])cc9C8=O)cc7)cc6)cc5)cc3)C4=O)cc2)cc1,459.15
[*]Oc1ccc(Sc2ccc(Oc3ccc4c(c3)C(=O)N(c3ccc(Oc5cccc(Oc6ccc(N7C(=O)c8ccc([*])cc8C7=O)cc6)c5)cc3)C4=O)cc2)cc1,451.15
[*]Oc1ccc(Sc2ccc(Oc3ccc4c(c3)C(=O)N(c3cccc(N5C(=O)c6ccc([*])cc6C5=O)c3)C4=O)cc2)cc1,482.15
[*]Oc1ccc(Sc2ccc(Oc3ccc4c(c3)C(=O)N(c3cccc(Oc5cccc(Oc6cccc(N7C(=O)c8ccc([*])cc8C7=O)c6)c5)c3)C4=O)cc2)cc1,463.65
[*]Oc1ccc(Sc2ccc(Oc3ccc4c(c3)C(=O)N(c3cccc(S(=O)(=O)c5cccc(N6C(=O)c7ccc([*])cc7C6=O)c5)c3)C4=O)cc2)cc1,504.15
[*]Oc1ccc(Sc2ccc(Oc3cccc4c3C(=O)N(c3ccc(Oc5ccc(N6C(=O)c7cccc([*])c7C6=O)cc5)cc3)C4=O)cc2)cc1,507.15
[*]Oc1ccc(Sc2ccc(Oc3cccc4c3C(=O)N(c3ccc(Oc5cccc(Oc6ccc(N7C(=O)c8cccc([*])c8C7=O)cc6)c5)cc3)C4=O)cc2)cc1,475.15
[*]Oc1ccc(Sc2ccc(Oc3cccc4c3C(=O)N(c3cccc(N5C(=O)c6cccc([*])c6C5=O)c3)C4=O)cc2)cc1,504.15
[*]Oc1ccc(Sc2cccc(C(=O)Oc3ccc(OC(=O)c4cccc(Sc5ccc(OC(=O)c6ccc(C([*])=O)cc6)cc5)c4)c(-c4ccccc4)c3)c2)cc1,401.15
[*]Oc1ccc(Sc2cccc(Oc3ccc4c(c3)C(=O)N(c3ccc(Oc5ccc(N6C(=O)c7ccc([*])cc7C6=O)cc5)cc3)C4=O)c2)cc1,485.15
[*]Oc1ccc(Sc2cccc(Oc3ccc4c(c3)C(=O)N(c3ccc(Oc5cccc(Oc6ccc(N7C(=O)c8ccc([*])cc8C7=O)cc6)c5)cc3)C4=O)c2)cc1,492.15
[*]Oc1ccc(Sc2cccc(Oc3ccc4c(c3)C(=O)N(c3cccc(N5C(=O)c6ccc([*])cc6C5=O)c3)C4=O)c2)cc1,482.15
[*]Oc1ccc(Sc2cccc(Oc3cccc4c3C(=O)N(c3ccc(Oc5ccc(N6C(=O)c7cccc([*])c7C6=O)cc5)cc3)C4=O)c2)cc1,507.15
[*]Oc1ccc(Sc2cccc(Oc3cccc4c3C(=O)N(c3ccc(Oc5cccc(Oc6ccc(N7C(=O)c8cccc([*])c8C7=O)cc6)c5)cc3)C4=O)c2)cc1,503.15
[*]Oc1ccc([*])cc1,358.15
[*]Oc1ccc2c(-c3ccccc3)nn(-c3ccc(S(=O)(=O)c4ccc(-n5nc(-c6ccccc6)c6ccc([*])cc6c5=O)cc4)cc3)c(=O)c2c1,567.65
[*]Oc1ccc2c(OC(=O)c3ccc(Oc4ccc(C([*])=O)cc4)cc3)cccc2c1,452.15
[*]Oc1ccc2c(c1)C(=O)N(C1CCC(CC3CCC(N4C(=O)c5ccc([*])cc5C4=O)CC3)CC1)C2=O,513.15
[*]Oc1ccc2c(c1)C(=O)N(CC1CC3CC1C1CCC(CN4C(=O)c5ccc([*])cc5C4=O)C31)C2=O,474.15
[*]Oc1ccc2c(c1)C(=O)N(CC1CCCC(CN3C(=O)c4ccc([*])cc4C3=O)C1)C2=O,472.15
[*]Oc1ccc2c(c1)C(=O)N(CCCCCCCCCCCCN1C(=O)c3ccc([*])cc3C1=O)C2=O,343.15
[*]Oc1ccc2c(c1)C(=O)N(CCCCCCCCCCCN1C(=O)c3ccc([*])cc3C1=O)C2=O,347.15
[*]Oc1ccc2c(c1)C(=O)N(CCCCCCCCCCN1C(=O)c3ccc([*])cc3C1=O)C2=O,364.65
[*]Oc1ccc2c(c1)C(=O)N(CCCCCCCCCN1C(=O)c3ccc([*])cc3C1=O)C2=O,362.15
[*]Oc1ccc2c(c1)C(=O)N(CCCCCCCCN1C(=O)c3ccc([*])cc3C1=O)C2=O,418.15
[*]Oc1ccc2c(c1)C(=O)N(CCCCCCCN1C(=O)c3ccc([*])cc3C1=O)C2=O,383.15
[*]Oc1ccc2c(c1)C(=O)N(CCCCCCN1C(=O)c3ccc([*])cc3C1=O)C2=O,437.15
[*]Oc1ccc2c(c1)C(=O)N(c1cc(Br)c(Oc3c(Br)cc(N4C(=O)c5ccc([*])cc5C4=O)cc3Br)c(Br)c1)C2=O,556.15
[*]Oc1ccc2c(c1)C(=O)N(c1cc(C(c3ccc(O)c(N4C(=O)c5ccc([*])cc5C4=O)c3)(C(F)(F)F)C(F)(F)F)ccc1O)C2=O,539.15
[*]Oc1ccc2c(c1)C(=O)N(c1cc(N3C(=O)c4ccc([*])cc4C3=O)c(O)cc1O)C2=O,536.15
[*]Oc1ccc2c(c1)C(=O)N(c1cc(N3C(=O)c4ccc([*])cc4C3=O)cc(C(F)(F)F)c1)C2=O,547.15
[*]Oc1ccc2c(c1)C(=O)N(c1ccc(-c3ccc(N4C(=O)c5ccc([*])cc5C4=O)c(OCCCCCCOc4ccc(/C=C/c5ccc(F)cc5)cc4)c3)cc1OCCCCCCOc1ccc(/C=C/c3ccc(F)cc3)cc1)C2=O,397.15
[*]Oc1ccc2c(c1)C(=O)N(c1ccc(-c3ccc(N4C(=O)c5ccc([*])cc5C4=O)cc3)cc1)C2=O,559.15
[*]Oc1ccc2c(c1)C(=O)N(c1ccc(-c3ccc(N4C(=O)c5ccc([*])cc5C4=O)cc3C(F)(F)F)c(C(F)(F)F)c1)C2=O,548.15
[*]Oc1ccc2c(c1)C(=O)N(c1ccc(C(c3ccc(N4C(=O)c5ccc([*])cc5C4=O)cc3)(C(F)(F)F)C(F)(F)F)cc1)C2=O,578.15
[*]Oc1ccc2c(c1)C(=O)N(c1ccc(C(c3ccccc3)(c3ccc(N4C(=O)c5ccc([*])cc5C4=O)cc3)C(F)(F)F)cc1)C2=O,566.15
[*]Oc1ccc2c(c1)C(=O)N(c1ccc(C(c3ccccc3)c3ccc(N4C(=O)c5ccc([*])cc5C4=O)cc3)cc1)C2=O,542.15
[*]Oc1ccc2c(c1)C(=O)N(c1ccc(C3(c4ccc(N5C(=O)c6ccc([*])cc6C5=O)cc4)c4ccccc4-c4ccccc43)cc1)C2=O,646.15
[*]Oc1ccc2c(c1)C(=O)N(c1ccc(Cc3ccc(N4C(=O)c5ccc([*])cc5C4=O)cc3)cc1)C2=O,544.15
[*]Oc1ccc2c(c1)C(=O)N(c1ccc(OCCOCCOc3cccc(N4C(=O)c5ccc([*])cc5C4=O)c3)cc1)C2=O,419.65
[*]Oc1ccc2c(c1)C(=O)N(c1ccc(Oc3cc4ccccc4cc3Oc3ccc(N4C(=O)c5ccc([*])cc5C4=O)cc3)cc1)C2=O,548.65
[*]Oc1ccc2c(c1)C(=O)N(c1ccc(Oc3ccc(-c4ccc(Oc5ccc(N6C(=O)c7ccc(Oc8cc(C(C)(C)C)c([*])cc8C(C)(C)C)cc7C6=O)cc5)cc4)cc3)cc1)C2=O,535.15
[*]Oc1ccc2c(c1)C(=O)N(c1ccc(Oc3ccc(-c4ccc(Oc5ccc(N6C(=O)c7ccc([*])cc7C6=O)cc5)cc4)cc3)cc1)C2=O,518.15
[*]Oc1ccc2c(c1)C(=O)N(c1ccc(Oc3ccc(C(c4ccc(Oc5ccc(N6C(=O)c7ccc([*])cc7C6=O)cc5)cc4)(C(F)(F)F)C(F)(F)F)cc3)cc1)C2=O,537.15
[*]Oc1ccc2c(c1)C(=O)N(c1ccc(Oc3ccc(N4C(=O)c5ccc(Oc6c([*])cc(C(C)(C)C)cc6C(C)(C)C)cc5C4=O)cc3)cc1)C2=O,501.15
[*]Oc1ccc2c(c1)C(=O)N(c1ccc(Oc3ccc(N4C(=O)c5ccc([*])cc5C4=O)cc3Br)c(Br)c1)C2=O,524.15
[*]Oc1ccc2c(c1)C(=O)N(c1ccc(Oc3ccc(Oc4ccc(N5C(=O)c6ccc([*])cc6C5=O)cc4C(F)(F)F)cc3)cc1)C2=O,505.45
[*]Oc1ccc2c(c1)C(=O)N(c1ccc(Oc3cccc(-c4cc(-c5ccccc5)cc(-c5cccc(Oc6ccc(N7C(=O)c8ccc([*])cc8C7=O)cc6)c5)n4)c3)cc1)C2=O,497.15
[*]Oc1ccc2c(c1)C(=O)N(c1ccc(Oc3ccccc3Oc3ccc(N4C(=O)c5ccc([*])cc5C4=O)cc3C(F)(F)F)c(C(F)(F)F)c1)C2=O,496.15
[*]Oc1ccc2c(c1)C(=O)N(c1ccc(P(=O)(c3ccccc3)c3ccc(N4C(=O)c5ccc([*])cc5C4=O)cc3)cc1)C2=O,584.15
[*]Oc1ccc2c(c1)C(=O)N(c1ccc(Sc3ccc(N4C(=O)c5ccc([*])cc5C4=O)cc3)cc1)C2=O,542.15
[*]Oc1ccc2c(c1)C(=O)N(c1ccc(Sc3ccc(Sc4ccc(N5C(=O)c6ccc([*])cc6C5=O)cc4)s3)cc1)C2=O,491.15
[*]Oc1ccc2c(c1)C(=O)N(c1ccc(Sc3ccc(Sc4ccc(Sc5ccc(N6C(=O)c7ccc([*])cc7C6=O)cc5)cc4)cc3)cc1)C2=O,475.8
[*]Oc1ccc2c(c1)C(=O)N(c1ccc(Sc3ccc(Sc4ccc(Sc5ccc(Sc6ccc(N7C(=O)c8ccc([*])cc8C7=O)cc6)s5)s4)s3)cc1)C2=O,431.65
[*]Oc1ccc2c(c1)C(=O)N(c1cccc(C(F)(F)C(F)(F)C(F)(F)C(F)(F)C(F)(F)c3cccc(N4C(=O)c5ccc([*])cc5C4=O)c3)c1)C2=O,430.15
[*]Oc1ccc2c(c1)C(=O)N(c1cccc(C(F)(F)C(F)(F)C(F)(F)c3cccc(N4C(=O)c5ccc([*])cc5C4=O)c3)c1)C2=O,456.15
[*]Oc1ccc2c(c1)C(=O)N(c1cccc(C(O)c3cccc(N4C(=O)c5ccc([*])cc5C4=O)c3)c1)C2=O,525.15
[*]Oc1ccc2c(c1)C(=O)N(c1cccc(C(c3cccc(N4C(=O)c5ccc([*])cc5C4=O)c3)(C(F)(F)F)C(F)(F)F)c1)C2=O,497.65
[*]Oc1ccc2c(c1)C(=O)N(c1cccc(C(c3ccccc3)(c3cccc(N4C(=O)c5ccc([*])cc5C4=O)c3)C(F)(F)F)c1)C2=O,566.15
[*]Oc1ccc2c(c1)C(=O)N(c1cccc(N3C(=O)c4ccc(Oc5ccc6c(c5)C5(CC(C)(C)c7ccc([*])cc75)CC6(C)C)cc4C3=O)c1)C2=O,526.15
[*]Oc1ccc2c(c1)C(=O)N(c1cccc(OCCOCCOCCOc3ccc(N4C(=O)c5ccc([*])cc5C4=O)cc3)c1)C2=O,380.15
[*]Oc1ccc2c(c1)C(=O)N(c1cccc(OCCOc3ccc(N4C(=O)c5ccc([*])cc5C4=O)cc3)c1)C2=O,451.65
[*]Oc1ccc2c(c1)C(=O)N(c1cccc(Oc3cc(Oc4cccc(N5C(=O)c6ccc([*])cc6C5=O)c4)ccc3P(=O)(c3ccccc3)c3ccccc3)c1)C2=O,485.15
[*]Oc1ccc2c(c1)C(=O)N(c1cccc(Oc3ccc(Oc4cccc(N5C(=O)c6ccc([*])cc6C5=O)c4)cc3)c1)C2=O,477.15
[*]Oc1ccc2c(c1)C(=O)N(c1cccc(Oc3ccc(P(=O)(c4ccccc4)c4ccc(Oc5ccc(N6C(=O)c7ccc([*])cc7C6=O)cc5)cc4)cc3)c1)C2=O,513.15
[*]Oc1ccc2c(c1)C(=O)N(c1cccc(P(=O)(c3ccc(C(F)(F)F)cc3)c3cccc(N4C(=O)c5ccc([*])cc5C4=O)c3)c1)C2=O,521.15
[*]Oc1ccc2c(c1)C(=O)N(c1cccc(P(=O)(c3ccc(Oc4ccc(C56CC7CC(CC(C7)C5)C6)cc4)cc3)c3cccc(N4C(=O)c5ccc([*])cc5C4=O)c3)c1)C2=O,563.15
[*]Oc1ccc2c(c1)C(=O)N(c1cccc(P(=O)(c3cccc(N4C(=O)c5ccc([*])cc5C4=O)c3)c3cc(C(F)(F)F)cc(C(F)(F)F)c3)c1)C2=O,501.15
[*]Oc1ccc2c(c1)C(=O)N(c1cccc(P(=O)(c3ccccc3)c3cccc(N4C(=O)c5ccc([*])cc5C4=O)c3)c1)C2=O,524.15
[*]Oc1ccc2c(c1)C(=O)N(c1ccccc1Oc1ccc(N3C(=O)c4ccc([*])cc4C3=O)cc1)C2=O,537.15
[*]Oc1ccc2c(c1)C(=O)N(c1ncc(-c3ccc(Oc4ccc(N5C(=O)c6ccc([*])cc6C5=O)cc4)cc3)s1)C2=O,573.15
[*]Oc1ccc2c(c1)Oc1cc(OC(=O)c3ccc(C([*])=O)cc3)ccc1C21c2ccccc2-c2ccccc21,563.15
[*]Oc1ccc2c(c1)Oc1cc(OC(=O)c3cccc(C([*])=O)c3)ccc1C21OC(=O)c2ccccc21,549.15
[*]Oc1ccc2c(c1)Oc1cc(OC([*])=O)ccc1C21c2ccccc2-c2ccccc21,568.15
[*]Oc1ccc2cc(-c3nc4ccccc4nc3-c3ccc4cc(OC(=O)c5ccc(C([*])=O)cc5)ccc4c3)ccc2c1,409.15
[*]Oc1ccc2cc(-c3nc4ccccc4nc3-c3ccc4cc(OC(=O)c5cccc(C([*])=O)c5)ccc4c3)ccc2c1,424.15
[*]Oc1ccc2cc(C([*])=O)ccc2c1,420.15
[*]Oc1ccc2cc(OC(=O)c3ccc(-c4ccc(C([*])=O)cc4)cc3-c3ccccc3)ccc2c1,398.15
[*]Oc1ccc2cc(OC(=O)c3ccc(Oc4ccc(C([*])=O)cc4)cc3)ccc2c1,418.15
[*]Oc1ccc2cc(OC(=O)c3ccc4c(c3)C(=O)N(CCCOCCCCOCCCN3C(=O)c5ccc(C([*])=O)cc5C3=O)C4=O)ccc2c1,341.15
[*]Oc1ccc2cc(OC(=O)c3ccc4c(c3)C(=O)N(CCOCCOCCN3C(=O)c5ccc(C([*])=O)cc5C3=O)C4=O)ccc2c1,378.15
[*]Oc1ccc2cc(OC(=O)c3cccc(Oc4ccc(Oc5cccc(C([*])=O)c5)cc4)c3)ccc2c1,398.15
[*]Oc1ccc2cc(Oc3ccc4c(=O)n5c6cc(-c7ccc8c(c7)nc7c9ccc([*])c%10cccc(c(=O)n87)c%109)ccc6nc5c5cccc3c45)ccc2c1,686.15
[*]Oc1ccc2cc(Oc3ccc4c(c3)C(=O)N(c3ccc(C(c5ccc(N6C(=O)c7ccc([*])cc7C6=O)cc5)(C(F)(F)F)C(F)(F)F)cc3)C4=O)ccc2c1,491.15
[*]Oc1ccc2cc(Oc3ccc4c(c3)C(=O)N(c3ccc(Oc5ccc(-c6ccc(Oc7ccc(N8C(=O)c9ccc([*])cc9C8=O)cc7)cc6)cc5)cc3)C4=O)ccc2c1,503.15
[*]Oc1ccc2cc(Oc3ccc4c(c3)C(=O)N(c3ccc(Oc5ccc(N6C(=O)c7ccc([*])cc7C6=O)cc5)cc3)C4=O)ccc2c1,522.15
[*]Oc1ccc2cc(Oc3ccc4c(c3)C(=O)N(c3cccc(N5C(=O)c6ccc([*])cc6C5=O)c3)C4=O)ccc2c1,503.15
[*]Oc1ccc2cc(Oc3ccc4c(c3)C(=O)N(c3cccc(Oc5ccc(N6C(=O)c7ccc([*])cc7C6=O)cc5)c3)C4=O)ccc2c1,498.15
[*]Oc1ccc2ccc(OC(=O)c3ccc(N4C(=O)CC(SCCOCCSC5CC(=O)N(c6ccc(C([*])=O)cc6)C5=O)C4=O)cc3)cc2c1,433.15
[*]Oc1ccc2ccc(OC(=O)c3ccc(Oc4ccc(C([*])=O)cc4)cc3)cc2c1,415.15
[*]Oc1ccc2ccc(OC(=O)c3ccc4c(c3)C(=O)N(c3ccc(Oc5ccc(N6C(=O)c7ccc(C([*])=O)cc7C6=O)cc5)cc3)C4=O)cc2c1,519.15
[*]Oc1ccc2ccc(Oc3ccc4c(c3)C(=O)N(c3cc(N5C(=O)c6ccc([*])cc6C5=O)cc(C(F)(F)F)c3)C4=O)cc2c1,508.15
[*]Oc1ccc2ccc(Oc3ccc4c(c3)C(=O)N(c3ccc(C(c5ccc(N6C(=O)c7ccc([*])cc7C6=O)cc5)(C(F)(F)F)C(F)(F)F)cc3)C4=O)cc2c1,529.15
[*]Oc1ccc2ccc(Oc3ccc4c(c3)C(=O)N(c3ccc(Oc5ccc(-c6ccc(Oc7ccc(N8C(=O)c9ccc([*])cc9C8=O)cc7)cc6)cc5)cc3)C4=O)cc2c1,504.15
[*]Oc1ccc2ccc(Oc3ccc4c(c3)C(=O)N(c3ccc(Oc5ccc(N6C(=O)c7ccc([*])cc7C6=O)cc5)cc3)C4=O)cc2c1,518.15
[*]Oc1ccc2ccc(Oc3ccc4c(c3)C(=O)N(c3ccc(Oc5ccc(Oc6ccc(N7C(=O)c8ccc([*])cc8C7=O)cc6)cc5)cc3)C4=O)cc2c1,501.15
[*]Oc1ccc2ccc(Oc3ccc4c(c3)C(=O)N(c3ccc(Oc5cccc(N6C(=O)c7ccc([*])cc7C6=O)c5)cc3)C4=O)cc2c1,494.15
[*]Oc1ccc2ccc(Oc3ccc4c(c3)C(=O)N(c3cccc(N5C(=O)c6ccc([*])cc6C5=O)c3)C4=O)cc2c1,527.15
[*]Oc1ccc2ccccc2c1-c1c(OC(=O)c2ccc(N3C(=O)c4ccc(C(=O)Oc5ccc6ccccc6c5-c5c(OC(=O)c6ccc7c(c6)C(=O)N(c6ccc(C([*])=O)cc6)C7=O)ccc6ccccc56)cc4C3=O)cc2)ccc2ccccc12,539.65
[*]Oc1ccc2ccccc2c1-c1c(OC(=O)c2ccc(N3C(=O)c4ccc(C(=O)c5ccc6c(c5)C(=O)N(c5ccc(C([*])=O)cc5)C6=O)cc4C3=O)cc2)ccc2ccccc12,546.65
[*]Oc1ccc2ccccc2c1-c1c(OC(=O)c2ccc3c(c2)C(=O)N(c2ccc(Oc4ccc(N5C(=O)c6ccc(C([*])=O)cc6C5=O)cc4)cc2)C3=O)ccc2ccccc12,530.15
[*]Oc1ccc2ccccc2c1-c1c(Oc2ccc3c(c2)C(=O)N(c2ccc(Oc4ccc(N5C(=O)c6ccc([*])cc6C5=O)cc4)cc2)C3=O)ccc2ccccc12,547.15
[*]Oc1ccc2ccccc2c1/C=C/c1cccc(C=Cc2c(OC(=O)c3ccc(C([*])=O)cc3)ccc3ccccc23)n1,418.15
[*]Oc1ccc2nc(-c3ccc(-c4ccc(-c5nc6ccc([*])cc6c(-c6ccccc6)c5-c5ccccc5)cc4)cc3)c(-c3ccccc3)c(-c3ccccc3)c2c1,624.15
[*]Oc1ccc2nc(-c3ccc(-c4nc5cc([*])ccc5nc4-c4ccccc4)cc3)c(-c3ccccc3)nc2c1,599.15
[*]Oc1ccc2nc(-c3ccc(-c4nc5ccc([*])cc5nc4-c4ccccc4)cc3)c(-c3ccccc3)nc2c1,577.15
[*]Oc1ccc2nc(-c3ccc(Oc4ccc(-c5nc6cc([*])ccc6nc5-c5ccccc5)cc4)cc3)c(-c3ccccc3)nc2c1,516.15
[*]Oc1ccc2nc(-c3ccc(Oc4ccc(-c5nc6ccc([*])cc6c(-c6ccccc6)c5-c5ccccc5)cc4)cc3)c(-c3ccccc3)c(-c3ccccc3)c2c1,578.15
[*]Oc1ccc2nc(-c3ccc(Oc4ccc(-c5nc6ccc([*])cc6nc5-c5ccccc5)cc4)cc3)c(-c3ccccc3)nc2c1,710.15
[*]Oc1ccc2nc(-c3cccc(-c4nc5ccc([*])cc5nc4-c4ccccc4)c3)c(-c3ccccc3)nc2c1,543.15
[*]Oc1ccc2nc(-c3ccccc3)c(-c3ccc(-c4ccc(-c5nc6cc([*])ccc6nc5-c5ccccc5)cc4)cc3)nc2c1,683.15
[*]Oc1ccc2nc(-c3ccccc3)c(-c3ccc(-c4nc5cc([*])ccc5nc4-c4ccccc4)cc3)nc2c1,577.15
[*]Oc1ccc2nc(-c3ccccc3)c(-c3ccc(Oc4ccc(-c5c(-c6ccccc6)nc6ccc([*])cc6c5-c5ccccc5)cc4)cc3)c(-c3ccccc3)c2c1,525.65
[*]Oc1ccc2nc(-c3ccccc3)c(-c3ccc(Oc4ccc(-c5nc6cc([*])ccc6nc5-c5ccccc5)cc4)cc3)nc2c1,536.15
[*]Oc1ccc2nc(-c3ccccc3)c(-c3cccc(-c4nc5cc([*])ccc5nc4-c4ccccc4)c3)nc2c1,543.15
[*]Oc1cccc(C(F)(F)C(F)(F)C(F)(F)c2cccc(OC(=O)c3cccc(C(F)(F)C(F)(F)C(F)(F)c4cccc(C([*])=O)c4)c3)c2)c1,347.15
[*]Oc1cccc(C(F)(F)C(F)(F)C(F)(F)c2cccc(OC([*])=O)c2)c1,319.15
[*]Oc1cccc(C([*])=O)c1,435.15
[*]Oc1cccc(N2C(=O)c3ccc(C(=O)Nc4ccc(Oc5cccc(Oc6ccc(NC(=O)c7ccc8c(c7)C(=O)N(c7cccc(Oc9cccc([*])c9C#N)c7)C8=O)cc6)c5)cc4)cc3C2=O)c1,480.15
[*]Oc1cccc(N2C(=O)c3ccc(Oc4ccc5c(c4)C(=O)N(c4cccc(Oc6cc([*])ccc6C#N)c4)C5=O)cc3C2=O)c1,469.15
[*]Oc1cccc(N2C(=O)c3ccc(Oc4ccc5c(c4)C(=O)N(c4cccc(Oc6cccc([*])c6C#N)c4)C5=O)cc3C2=O)c1,492.15
[*]Oc1cccc(NC(=O)c2cc(Oc3ccc(C(=O)O)c(C(=O)Nc4cccc(Oc5ccc(C#N)c([*])c5)c4)c3)ccc2C(=O)O)c1,468.95
[*]Oc1cccc(NC(=O)c2cc(Oc3ccc(C(=O)O)c(C(=O)Nc4cccc(Oc5cccc([*])c5C#N)c4)c3)ccc2C(=O)O)c1,473.25
[*]Oc1cccc(NC(=O)c2ccc3c(c2)C(=O)N(c2cccc(Oc4cccc(Oc5cccc(N6C(=O)c7ccc(C(=O)Nc8cccc(Oc9cccc([*])c9C#N)c8)cc7C6=O)c5)c4C#N)c2)C3=O)c1,487.15
[*]Oc1cccc(OC(=O)c2ccc(OC(=O)c3ccc(C(=O)Oc4ccc(C([*])=O)cc4)nc3)cc2)c1,383.15
[*]Oc1cccc(OC(=O)c2ccc(OC(=O)c3cccc(C(=O)Oc4ccc(C([*])=O)cc4)c3)cc2)c1,431.15
[*]Oc1cccc(OC(=O)c2ccc(Oc3ccc(C([*])=O)cc3)cc2)c1,432.15
[*]Oc1cccc(OC(=O)c2ccc(Oc3cccc(Oc4ccc(C([*])=O)cc4)c3)cc2)c1,404.15
[*]Oc1cccc(OC(=O)c2cccc(C([*])=O)c2)c1,420.15
[*]Oc1cccc(OC2(F)C([*])(F)C(F)(F)C2(F)F)c1,305.15
[*]Oc1cccc(Oc2ccc(C(=O)O)c(C(=O)Nc3ccc(Oc4ccc(-c5ccc(Oc6ccc(NC(=O)c7cc([*])ccc7C(=O)O)cc6)cc5)cc4)cc3)c2)c1,373.15
[*]Oc1cccc(Oc2ccc(Oc3cccc(OC(=O)c4ccc(C([*])=O)cc4)c3)cc2)c1,376.15
[*]Oc1cccc(Oc2ccc(Oc3cccc4c3C(=O)N(c3cccc(N5C(=O)c6cccc([*])c6C5=O)c3)C4=O)cc2)c1,511.15
[*]Oc1cccc(Oc2ccc([*])cc2-c2ccccc2)n1,388.15
[*]Oc1cccc(Oc2ccc([*])cc2C)n1,362.15
[*]Oc1cccc(Oc2ccc3c(=O)n4c5cc(Oc6ccc7c(c6)nc6c8ccc([*])c9cccc(c(=O)n76)c98)ccc5nc4c4cccc2c34)c1,642.65
[*]Oc1cccc(Oc2ccc3c(c2)C(=O)N(c2ccc(Oc4ccc(-c5ccc(Oc6ccc(N7C(=O)c8ccc([*])cc8C7=O)cc6)cc5)cc4)cc2)C3=O)c1,473.15
[*]Oc1cccc(Oc2ccc3c(c2)C(=O)N(c2ccc(Oc4ccc(N5C(=O)c6ccc([*])cc6C5=O)cc4)cc2)C3=O)c1,482.15
[*]Oc1cccc(Oc2ccc3c(c2)C(=O)N(c2ccc(Oc4ccc(S(=O)(=O)c5ccc(Oc6ccc(N7C(=O)c8ccc([*])cc8C7=O)cc6)cc5)cc4)cc2)C3=O)c1,474.15
[*]Oc1cccc(Oc2ccc3c(c2)C(=O)N(c2ccc(Oc4cccc(Oc5ccc(N6C(=O)c7ccc([*])cc7C6=O)cc5)c4)cc2)C3=O)c1,461.15
[*]Oc1cccc(Oc2ccc3c(c2)C(=O)N(c2cccc(N4C(=O)c5ccc([*])cc5C4=O)c2)C3=O)c1,497.15
[*]Oc1cccc(Oc2ccc3c4c2cccc4c(=O)n2c4ccc(-c5ccc6nc7c8cccc9c([*])ccc(c(=O)n7c6c5)c98)cc4nc32)c1,669.65
[*]Oc1cccc(Oc2cccc(OC([*])=O)c2)c1,344.15
[*]Oc1cccc(Oc2cccc(Oc3cccc(N4C(=O)c5ccc(Oc6ccc7c(c6)C(=O)N(c6cccc(Oc8cccc([*])c8C#N)c6)C7=O)cc5C4=O)c3)c2C#N)c1,449.15
[*]Oc1cccc(Oc2cccc(Oc3cccc(NC(=O)c4ccc5c(c4)C(=O)N(c4cccc(Oc6cccc(Oc7cccc(N8C(=O)c9ccc(C(=O)Nc%10cccc(Oc%11cccc([*])c%11C#N)c%10)cc9C8=O)c7)c6C#N)c4)C5=O)c3)c2C#N)c1,466.15
[*]Oc1cccc(Oc2cccc([*])c2)n1,355.15
[*]Oc1cccc(Oc2cccc([*])c2C#N)c1,418.15
[*]Oc1cccc(Oc2cccc3c2C(=O)N(c2ccc(Oc4ccc(N5C(=O)c6cccc([*])c6C5=O)cc4)cc2)C3=O)c1,499.15
[*]Oc1cccc(Oc2cccc3c2C(=O)N(c2ccc(Oc4cccc(Oc5ccc(N6C(=O)c7cccc([*])c7C6=O)cc5)c4)cc2)C3=O)c1,466.15
[*]Oc1cccc(Oc2cccc3c2C(=O)N(c2cccc(N4C(=O)c5cccc([*])c5C4=O)c2)C3=O)c1,514.15
[*]Oc1cccc(S(=O)(=O)c2ccc(Oc3ccc4c(c3)C(=O)N(c3cccc(N5C(=O)c6ccc([*])cc6C5=O)c3)C4=O)cc2)c1,538.15
[*]Oc1cccc(S(=O)(=O)c2ccc(Oc3cccc4c3C(=O)N(c3cccc(N5C(=O)c6cccc([*])c6C5=O)c3)C4=O)cc2)c1,539.15
[*]Oc1cccc(Sc2ccc(Oc3cccc4c3C(=O)N(c3cccc(N5C(=O)c6cccc([*])c6C5=O)c3)C4=O)cc2)c1,504.15
[*]Oc1cccc([*])c1,326.15
[*]Oc1cccc([Si]([*])(c2ccccc2)c2ccccc2)c1,335.15
[*]Oc1cccc2c(OC(=O)c3ccc(Oc4ccc(C([*])=O)cc4)cc3)cccc12,444.15
[*]Oc1cccc2c(OC3(F)C([*])(F)C(F)(F)C3(F)F)cccc12,411.15
[*]Oc1cccc2c(OP([*])(=O)OC3CCCCC3)cccc12,407.15
[*]Oc1cccc2c(OP([*])(=O)Oc3ccccc3)cccc12,411.15
[*]Oc1cccc2c(Oc3ccc4c(c3)C(=O)N(c3cc(N5C(=O)c6ccc([*])cc6C5=O)cc(C(F)(F)F)c3)C4=O)cccc12,523.15
[*]Oc1cccc2c(Oc3ccc4c(c3)C(=O)N(c3ccc(C(c5ccc(N6C(=O)c7ccc([*])cc7C6=O)cc5)(C(F)(F)F)C(F)(F)F)cc3)C4=O)cccc12,549.15
[*]Oc1cccc2c(Oc3ccc4c(c3)C(=O)N(c3ccc(Oc5ccc(N6C(=O)c7ccc([*])cc7C6=O)cc5)cc3)C4=O)cccc12,513.15
[*]Oc1cccc2c(Oc3ccc4c(c3)C(=O)N(c3ccc(Oc5ccc(S(=O)(=O)c6ccc(Oc7ccc(N8C(=O)c9ccc([*])cc9C8=O)cc7)cc6)cc5)cc3)C4=O)cccc12,474.15
[*]Oc1cccc2c(Oc3ccc4c(c3)C(=O)N(c3cccc(N5C(=O)c6ccc([*])cc6C5=O)c3)C4=O)cccc12,533.15
[*]Oc1cccc2c(Oc3ccc4c(c3)C(=O)N(c3cccc(Oc5ccc(N6C(=O)c7ccc([*])cc7C6=O)cc5)c3)C4=O)cccc12,508.15
[*]Oc1cccc2c1C(=O)N(c1ccc(Oc3ccc(-c4ccc(Oc5ccc(N6C(=O)c7cccc(Oc8c([*])cc(C(C)(C)C)cc8C(C)(C)C)c7C6=O)cc5)cc4)cc3)cc1)C2=O,510.15
[*]Oc1cccc2c1C(=O)N(c1ccc(Oc3ccc(-c4ccc(Oc5ccc(N6C(=O)c7cccc(Oc8cc(C(C)(C)C)c([*])cc8C(C)(C)C)c7C6=O)cc5)cc4)cc3)cc1)C2=O,548.15
[*]Oc1cccc2c1C(=O)N(c1ccc(Oc3ccc(N4C(=O)c5ccc([*])cc5C4=O)cc3)cc1)C2=O,558.15
[*]Oc1cccc2c1C(=O)N(c1ccc(Oc3ccc(N4C(=O)c5cccc(Oc6c([*])cc(C(C)(C)C)cc6C(C)(C)C)c5C4=O)cc3)cc1)C2=O,511.15
[*]Oc1cccc2c1C(=O)N(c1ccc(Oc3ccc(Oc4ccc(N5C(=O)c6ccc([*])cc6C5=O)cc4)cc3)cc1)C2=O,522.15
[*]Oc1cccc2c1C(=O)N(c1cccc(Oc3ccc(Oc4ccc(N5C(=O)c6cccc([*])c6C5=O)cc4)cc3)c1)C2=O,536.15
[*]Oc1cccc2c1C(=O)N(c1cccc(S(=O)(=O)c3cccc(N4C(=O)c5cccc([*])c5C4=O)c3)c1)C2=O,514.15
[*]Oc1cccc2ccc(C=Cc3c(OC(=O)c4ccc(C([*])=O)cc4)ccc4ccccc34)nc12,448.15
[*]Oc1ccccc1-c1ccccc1Oc1ccc2c(=O)n3c4cc(-c5ccc6c(c5)nc5c7ccc([*])c8cccc(c(=O)n65)c87)ccc4nc3c3cccc1c23,649.15
[*]Oc1ccccc1C(=O)OC(=O)c1ccccc1OC(=O)c1ccc(C([*])=O)cc1,393.15
[*]Oc1ccccc1C(=O)OC(=O)c1ccccc1OC(=O)c1cccc(C([*])=O)c1,378.15
[*]Oc1ccccc1Oc1ccc2c(c1)C(=O)N(c1ccc(Oc3cc4ccccc4cc3Oc3ccc(N4C(=O)c5ccc([*])cc5C4=O)cc3)cc1)C2=O,489.15
[*]Oc1ccccc1Oc1ccc2c(c1)C(=O)N(c1ccc(Oc3ccc(-c4ccc(Oc5ccc(N6C(=O)c7ccc([*])cc7C6=O)cc5)cc4)cc3)cc1)C2=O,477.15
[*]Oc1ccccc1Oc1ccc2c(c1)C(=O)N(c1ccc(Oc3ccc(-c4ccc(Oc5ccc(N6C(=O)c7ccc([*])cc7C6=O)cc5C(F)(F)F)cc4)cc3)c(C(F)(F)F)c1)C2=O,481.15
[*]Oc1ccccc1Oc1ccc2c(c1)C(=O)N(c1ccc(Oc3ccc(C(c4ccc(Oc5ccc(N6C(=O)c7ccc([*])cc7C6=O)cc5C(F)(F)F)cc4)(C(F)(F)F)C(F)(F)F)cc3)c(C(F)(F)F)c1)C2=O,464.15
[*]Oc1ccccc1Oc1ccc2c(c1)C(=O)N(c1ccc(Oc3ccc(C4(c5ccc(Oc6ccc(N7C(=O)c8ccc([*])cc8C7=O)cc6C(F)(F)F)cc5)c5ccccc5-c5ccccc54)cc3)c(C(F)(F)F)c1)C2=O,514.15
[*]Oc1ccccc1Oc1ccc2c(c1)C(=O)N(c1ccc(Oc3ccc(N4C(=O)c5ccc([*])cc5C4=O)cc3)cc1)C2=O,485.15
[*]Oc1ccccc1Oc1ccc2c(c1)C(=O)N(c1ccc(Oc3ccc(Oc4ccc(N5C(=O)c6ccc([*])cc6C5=O)cc4)cc3)cc1)C2=O,475.15
[*]Oc1ccccc1Oc1ccc2c(c1)C(=O)N(c1ccc(Oc3ccc(Oc4ccc(N5C(=O)c6ccc([*])cc6C5=O)cc4C(F)(F)F)cc3)c(C(F)(F)F)c1)C2=O,470.15
[*]Oc1ccccc1Oc1ccc2c(c1)C(=O)N(c1ccc(Oc3ccccc3Oc3ccc(N4C(=O)c5ccc([*])cc5C4=O)cc3)cc1)C2=O,466.15
[*]Oc1ccccc1Oc1ccc2c(c1)C(=O)N(c1ccc(Oc3ccccc3Oc3ccc(N4C(=O)c5ccc([*])cc5C4=O)cc3C(F)(F)F)c(C(F)(F)F)c1)C2=O,458.15
[*]Oc1ccccc1Oc1ccc2c(c1)C(=O)N(c1cccc(N3C(=O)c4ccc([*])cc4C3=O)c1)C2=O,497.15
[*]SC(C)C([*])=O,285.15
[*]SC([*])(F)F,155.15
[*]SC1CCCC([*])C1,221.15
[*]SC1CCCCC1[*],230.15
[*]SCCCN(Cc1ccccc1)C([*])=O,300.15
[*]SCCN(Cc1ccccc1)C([*])=O,305.15
[*]SSc1ccc(N/C=N/c2ccc([*])cc2)cc1,371.15
[*]SSc1ccc(Oc2ccc([*])cc2)cc1,349.95
[*]Sc1c(C)cc([*])cc1C,471.15
[*]Sc1c(F)c(F)c(Oc2ccc(C(c3ccc(Oc4c(F)c(F)c([*])c(F)c4F)cc3)(C(F)(F)F)C(F)(F)F)cc2)c(F)c1F,414.65
[*]Sc1cc(C)c([*])cc1C,571.15
[*]Sc1ccc(Cc2ccc(SC([*])=O)cc2)cc1,390.15
[*]Sc1ccc(N2C(=O)C3C4C=CC(C3C2=O)C2C(=O)N(c3ccc(Sc5cc6c(cc5[*])C(=O)N(CCN(C)C)C6=O)cc3)C(=O)C42)cc1,583.15
[*]Sc1ccc(N2C(=O)C3C4C=CC(C3C2=O)C2C(=O)N(c3ccc(Sc5cc6c(cc5[*])C(=O)N(CCc5ccccc5)C6=O)cc3)C(=O)C42)cc1,531.15
[*]Sc1ccc(N2C(=O)C3C4C=CC(C3C2=O)C2C(=O)N(c3ccc(Sc5cc6c(cc5[*])C(=O)N(c5ccc(CC)cc5)C6=O)cc3)C(=O)C42)cc1,593.15
[*]Sc1ccc(N2C(=O)c3ccc(Oc4ccc5c(c4)C(=O)N(c4ccc(Sc6cc7c(cc6[*])C(=O)N(CCCCCCCCCCCCCCCC)C7=O)cc4)C5=O)cc3C2=O)cc1,429.15
[*]Sc1ccc(N2C(=O)c3ccc(Oc4ccc5c(c4)C(=O)N(c4ccc(Sc6cc7c(cc6[*])C(=O)N(CCc6ccccc6)C7=O)cc4)C5=O)cc3C2=O)cc1,491.15
[*]Sc1ccc(N2C(=O)c3ccc(Oc4ccc5c(c4)C(=O)N(c4ccc(Sc6cc7c(cc6[*])C(=O)N(c6ccc(CC)cc6)C7=O)cc4)C5=O)cc3C2=O)cc1,544.15
[*]Sc1ccc(Nc2ccc([*])cc2)cc1,418.15
[*]Sc1ccc(Oc2ccc(SC([*])=O)cc2)cc1,390.15
[*]Sc1ccc(Sc2ccc(Sc3ccc(Oc4ccc([*])cc4)cc3)cc2)cc1,357.15
[*]Sc1ccc(Sc2ccc(Sc3ccc4c(c3)C(=O)N(N3C(=O)c5ccc([*])cc5C3=O)C4=O)cc2)cc1,496.65
[*]Sc1ccc(Sc2ccc(Sc3ccc4c(c3)C(=O)N(c3ccc(Sc5ccc(Sc6ccc(N7C(=O)c8ccc([*])cc8C7=O)cc6)cc5)cc3)C4=O)cc2)cc1,463.9
[*]Sc1ccc(Sc2ccc(Sc3ccc4c(c3)C(=O)N(c3ccc(Sc5ccc(Sc6ccc(N7C(=O)c8ccc([*])cc8C7=O)cc6)s5)cc3)C4=O)cc2)cc1,458.65
[*]Sc1ccc(Sc2ccc(Sc3ccc4c(c3)C(=O)N(c3ccc(Sc5ccc(Sc6ccc(Sc7ccc(N8C(=O)c9ccc([*])cc9C8=O)cc7)cc6)cc5)cc3)C4=O)cc2)cc1,449.6
[*]Sc1ccc(Sc2ccc(Sc3ccc4c(c3)C(=O)N(c3ccc(Sc5ccc(Sc6ccc(Sc7ccc(Sc8ccc(N9C(=O)c%10ccc([*])cc%10C9=O)cc8)s7)s6)s5)cc3)C4=O)cc2)cc1,450.15
[*]Sc1ccc(Sc2ccc(Sc3cccc([*])c3)cc2)cc1,342.15
[*]Sc1ccc(Sc2ccc(Sc3cccc4c3C(=O)N(N3C(=O)c5ccc([*])cc5C3=O)C4=O)cc2)cc1,515.15
[*]Sc1ccc(Sc2ccc(Sc3cccc4c3C(=O)N(N3C(=O)c5cccc([*])c5C3=O)C4=O)cc2)cc1,539.15
[*]Sc1ccc2c(c1)C(=O)N(c1ccc(Cc3ccc(N4C(=O)c5ccc([*])cc5C4=O)cc3)cc1)C2=O,538.15
[*]Sc1ccc2c(c1)C(=O)N(c1ccc(Oc3ccc(N4C(=O)c5ccc([*])cc5C4=O)cc3)cc1)C2=O,531.15
[*]Sc1ccc2c(c1)C(=O)N(c1ccc(Oc3ccc4ccccc4c3-c3c(Oc4ccc(N5C(=O)c6ccc([*])cc6C5=O)cc4C(F)(F)F)ccc4ccccc34)c(C(F)(F)F)c1)C2=O,546.15
[*]Sc1ccc2c(c1)Sc1ccc(Sc3ccc(Sc4ccc([*])cc4)cc3)cc1S2,427.15
[*]Sc1ccc2c(c1)Sc1ccc([*])cc1S2,483.05
[*]Sc1cccc2c1C(=O)N(c1ccc(N3C(=O)c4cccc([*])c4C3=O)cc1)C2=O,603.15
[*]Sc1cccc2c1C(=O)N(c1ccc(Oc3ccc(Oc4ccc(N5C(=O)c6cccc([*])c6C5=O)cc4)cc3)cc1)C2=O,523.15
[*][Se]c1c(Cl)c(Cl)c([*])c(Cl)c1Cl,377.15
[*][Si]([*])(C)CCC(F)(F)F,270.15
[*][Si]([*])(C)CCCOCC1COC(C)(C)O1,225.15
[*][Si]([*])(C)c1ccc(COCCN(CC)c2ccc(/N=N/c3ccc([N+](=O)[O-])cc3)cc2)cc1,425.15
[*][Si]([*])(C)c1ccccc1,361.15
[*][Si]([*])(CCCC)CCCC,232.65
[*][Si]([*])(CCCC)CCCCC,247.15
[*][Si]([*])(CCCC)CCCCCC,233.15
[*][Si]([*])(CCCCCC)c1ccccc1,203.15
[*][Te]c1ccc(N=Nc2ccc([*])cc2)cc1,573.15
[*]c1[nH]c([*])c(OC)c1OC,247.15
[*]c1[nH]c2ccccc2c1[*],410.15
[*]c1c(Br)cc(OC(=O)Oc2cc(Br)c(C([*])(C)C)c(Br)c2)cc1Br,540.15
[*]c1c(C)c(C)c(N2C(=O)c3cc4c(cc3C2=O)C(c2ccccc2)(C(F)(F)F)c2cc3c(cc2O4)C(=O)N([*])C3=O)c(C)c1C,667.15
[*]c1c(C)c(C)c(N2C(=O)c3ccc(C(c4ccc5c(c4)C(=O)N([*])C5=O)(C(F)(F)F)C(F)(F)F)cc3C2=O)c(C)c1C,693.15
[*]c1c(C)cc(-c2cc(C)c(N3C(=O)c4ccc(C(=O)Nc5ccc(C(c6ccc(NC(=O)c7ccc8c(c7)C(=O)N([*])C8=O)cc6)(C(F)(F)F)C(F)(F)F)cc5)cc4C3=O)c3ccccc23)c2ccccc12,523.15
[*]c1c(C)cc(C(c2ccccc2)(c2cc(C)c(N3C(=O)c4ccc(C(c5ccc6c(c5)C(=O)N([*])C6=O)(C(F)(F)F)C(F)(F)F)cc4C3=O)c(C(C)C)c2)C(F)(F)F)cc1C(C)C,562.15
[*]c1c(C)cc(C)c(-n2c(=O)c3cc4c(=O)n([*])c(=O)c4cc3c2=O)c1C,672.9
[*]c1c(C)cc(C)c(C(=O)c2cccc(N3C(=O)c4ccc(-c5ccc6c(c5)C(=O)N([*])C6=O)cc4C3=O)c2)c1C,593.15
[*]c1c(C)cc(C)c(C(=O)c2cccc(N3C(=O)c4ccc(C(=O)c5ccc6c(c5)C(=O)N([*])C6=O)cc4C3=O)c2)c1C,573.15
[*]c1c(C)cc(C)c(C(=O)c2cccc(N3C(=O)c4ccc(C(c5ccc6c(c5)C(=O)N([*])C6=O)(C(F)(F)F)C(F)(F)F)cc4C3=O)c2)c1C,553.15
[*]c1c(C)cc(C)c(N2C(=O)c3cc(Cl)c(C(=O)c4cc5c(cc4Cl)C(=O)N([*])C5=O)cc3C2=O)c1C,644.15
[*]c1c(C)cc(C)c(N2C(=O)c3ccc(-c4ccc5c(c4)C(=O)N([*])C5=O)cc3C2=O)c1C,658.15
[*]c1c(C)cc(C)c(N2C(=O)c3ccc(C(=O)Nc4ccc(-c5ccc(NC(=O)c6ccc7c(c6)C(=O)N([*])C7=O)cc5C(F)(F)F)c(C(F)(F)F)c4)cc3C2=O)c1C,540.15
[*]c1c(C)cc(C)c(N2C(=O)c3ccc(C(=O)Nc4ccc(C(c5ccc(NC(=O)c6ccc7c(c6)C(=O)N([*])C7=O)cc5)(C(F)(F)F)C(F)(F)F)cc4)cc3C2=O)c1C,523.15
[*]c1c(C)cc(C)c(N2C(=O)c3ccc(C(=O)Nc4ccc(NC(=O)c5ccc6c(c5)C(=O)N([*])C6=O)cc4)cc3C2=O)c1C,600.15
[*]c1c(C)cc(C)c(N2C(=O)c3ccc(C(c4ccc5c(c4)C(=O)N([*])C5=O)(C(F)(F)F)C(F)(F)F)cc3C2=O)c1C,650.15
[*]c1c(C)cc(C)c(N2C(=O)c3ccc(Oc4ccc(Oc5ccc6c(c5)C(=O)N([*])C6=O)cc4)cc3C2=O)c1C,618.15
[*]c1c(C)cc(C)c(N2C(=O)c3ccc(S(=O)(=O)c4ccc5c(c4)C(=O)N([*])C5=O)cc3C2=O)c1C,691.15
[*]c1c(C)cc(C)c(N2C(=O)c3ccc(Sc4ccc5c(c4)C(=O)N([*])C5=O)cc3C2=O)c1C,651.15
[*]c1c(C)cc(C2(c3cc(C)c(N4C(=O)c5ccc(C(c6ccc7c(c6)C(=O)N([*])C7=O)(C(F)(F)F)C(F)(F)F)cc5C4=O)c(C(C)C)c3)c3ccccc3-c3ccccc32)cc1C(C)C,608.15
[*]c1c(C)cc(Cc2cc(C)c(N3C(=O)c4ccc(C(c5ccc6c(c5)C(=O)N([*])C6=O)(C(F)(F)F)C(F)(F)F)cc4C3=O)c(C(C)C)c2)cc1C(C)C,549.15
[*]c1c(C)ccc(N2C(=O)c3ccc(C(=O)c4ccc5c(c4)C(=O)N([*])C5=O)cc3C2=O)c1C,657.15
[*]c1c(CC)cc(C)c(N2C(=O)c3ccc(C(=O)c4ccc5c(c4)C(=O)N([*])C5=O)cc3C2=O)c1CC,658.15
[*]c1c(CC)cc(Cc2cc(CC)c(N3C(=O)c4ccc(C(=O)c5ccc6c(c5)C(=O)N([*])C6=O)cc4C3=O)c(CC)c2Cl)c(Cl)c1CC,573.15
[*]c1c(Cl)cc(OC(=O)Oc2cc(Cl)c(C([*])(C)C)c(Cl)c2)cc1Cl,513.15
[*]c1c(F)c(F)c(Oc2ccc(C(c3ccc(Oc4c(F)c(F)c(S([*])(=O)=O)c(F)c4F)cc3)(C(F)(F)F)C(F)(F)F)cc2)c(F)c1F,455.15
[*]c1c(F)c(F)c(Oc2ccc(C(c3ccc(Oc4c(F)c(F)c([*])c(F)c4F)cc3)(C(F)(F)F)C(F)(F)F)cc2)c(F)c1F,440.15
[*]c1c([2H])c([2H])c(Oc2c([2H])c([2H])c(S(=O)(=O)c3c([2H])c([2H])c(Oc4c([2H])c([2H])c(C([*])(C([2H])([2H])[2H])C([2H])([2H])[2H])c([2H])c4[2H])c([2H])c3[2H])c([2H])c2[2H])c([2H])c1[2H],448.15
[*]c1cc(-c2ccc(C(=C3C=C(C(C)(C)C)C(=O)C(C(C)(C)C)=C3)c3cc(C(C)(C)C)c(O)c(C(C)(C)C)c3)cc2)c([*])s1,260.55
[*]c1cc(-c2ccc(C(=C3C=C(C(C)(C)C)C(=O)C(C(C)(C)C)=C3)c3cc(C(C)(C)C)c(OC(C)=O)c(C(C)(C)C)c3)cc2)c([*])s1,268.85
[*]c1cc(-c2nc3ccc(Cc4ccc5nc([*])oc(=O)c5c4)cc3c(=O)o2)cc(N2C(=O)c3ccccc3C2=O)c1,595.15
[*]c1cc(-c2nc3ccccc3[nH]2)cc(-n2c(=O)c3cc4c(=O)n([*])c(=O)c4cc3c2=O)c1,453.15
[*]c1cc(-c2nc3ccccc3oc2=O)cc(-n2c(=O)c3cc4c(=O)n([*])c(=O)c4cc3c2=O)c1,403.15
[*]c1cc(-c2nc3ccccc3oc2=O)cc(N2C(=O)c3ccc(C(=O)c4ccc5c(c4)C(=O)N([*])C5=O)cc3C2=O)c1,368.15
[*]c1cc(-c2sc(-c3cc(CCCC)c([*])s3)cc2CCCC)c2cccccc1-2,397.15
[*]c1cc(-c2sc(-c3cc(CCCCCCC)c([*])s3)cc2CCCCCCC)c2cccccc1-2,329.15
[*]c1cc(-c2sc(-c3cc(CCCCCCCCCC)c([*])s3)cc2CCCCCCCCCC)c2cccccc1-2,295.65
[*]c1cc(-c2sc(-c3cc(CCCCCCCCCCCCCC)c([*])s3)cc2CCCCCCCCCCCCCC)c2cccccc1-2,263.15
[*]c1cc(-n2c(=O)c3cc4c(=O)n([*])c(=O)c4cc3c2=O)c(O)cc1O,635.15
[*]c1cc(-n2c(=O)c3cc4c(=O)n([*])c(=O)c4cc3c2=O)ccc1Oc1ccc(C(C)(C)c2ccccc2)cc1,613.15
[*]c1cc(-n2c(=O)c3cc4c(=O)n([*])c(=O)c4cc3c2=O)ccc1Oc1ccc(S(=O)(=O)c2ccc(C)cc2)cc1,593.15
[*]c1cc(/N=N/c2ccc(C#N)cc2)cc([*])c1O,449.15
[*]c1cc(/N=N/c2ccc(OC)cc2)cc([*])c1O,407.15
[*]c1cc(Br)c(-c2c(Br)cc(N3C(=O)c4ccc(-c5ccc6c(c5)C(=O)N([*])C6=O)cc4C3=O)cc2C(=O)OCCCC)c(C(=O)OCCCC)c1,469.15
[*]c1cc(Br)c(-c2c(Br)cc(N3C(=O)c4ccc(-c5ccc6c(c5)C(=O)N([*])C6=O)cc4C3=O)cc2C(=O)OCCCCCC)c(C(=O)OCCCCCC)c1,427.15
[*]c1cc(Br)c(-c2c(Br)cc(N3C(=O)c4ccc(-c5ccc6c(c5)C(=O)N([*])C6=O)cc4C3=O)cc2C(=O)OCCCCCCCC)c(C(=O)OCCCCCCCC)c1,408.65
[*]c1cc(Br)c(-c2c(Br)cc(N3C(=O)c4ccc(-c5ccc6c(c5)C(=O)N([*])C6=O)cc4C3=O)cc2C(=O)OCCCCCCCCCC)c(C(=O)OCCCCCCCCCC)c1,389.15
[*]c1cc(Br)c(-c2c(Br)cc(N3C(=O)c4ccc(-c5ccc6c(c5)C(=O)N([*])C6=O)cc4C3=O)cc2C(=O)OCCCCCCCCCCCC)c(C(=O)OCCCCCCCCCCCC)c1,381.15
[*]c1cc(Br)c(-c2c(Br)cc(N3C(=O)c4ccc(-c5ccc6c(c5)C(=O)N([*])C6=O)cc4C3=O)cc2C(=O)OCCCCCCCCCCCCCC)c(C(=O)OCCCCCCCCCCCCCC)c1,371.15
[*]c1cc(Br)c(-c2c(Br)cc(N3C(=O)c4ccc(-c5ccc6c(c5)C(=O)N([*])C6=O)cc4C3=O)cc2C(=O)OCCCCCCCCCCCCCCCC)c(C(=O)OCCCCCCCCCCCCCCCC)c1,365.15
[*]c1cc(Br)c(-c2c(Br)cc(N3C(=O)c4ccc(-c5ccc6c(c5)C(=O)N([*])C6=O)cc4C3=O)cc2C(=O)OCCCCCCCCCCCCCCCCCC)c(C(=O)OCCCCCCCCCCCCCCCCCC)c1,356.65
[*]c1cc(Br)c(OC(=O)Oc2c(Br)cc(C([*])(C)C)cc2Br)c(Br)c1,501.65
[*]c1cc(Br)c(OC(=O)c2ccc(OCCCCCCCCCCOc3ccc(C(=O)Oc4c(Br)cc(C([*])(C)C)cc4Br)cc3)cc2)c(Br)c1,401.15
[*]c1cc(Br)c(OC(=O)c2cccc(C(=O)Oc3c(Br)cc(C([*])(C)C)cc3Br)c2)c(Br)c1,388.15
[*]c1cc(Br)c(OCCOC(=O)Nc2ccc3c(c2)C(=O)N(c2cccc(P(=O)(c4ccccc4)c4cccc(N5C(=O)c6ccc(NC(=O)OCCOc7c(Br)cc(C([*])(C)C)cc7Br)cc6C5=O)c4)c2)C3=O)c(Br)c1,474.15
[*]c1cc(Br)c(OCCOC(=O)Nc2ccc3c(c2)C(=O)N(c2cccc(P(C)(=O)c4cccc(N5C(=O)c6ccc(NC(=O)OCCOc7c(Br)cc(C([*])(C)C)cc7Br)cc6C5=O)c4)c2)C3=O)c(Br)c1,464.15
[*]c1cc(C(=O)NCCCC)cc(N2C(=O)c3ccc(-c4ccc5c(c4)C(=O)N([*])C5=O)cc3C2=O)c1,564.15
[*]c1cc(C(=O)NCCCCCC)cc(N2C(=O)c3ccc(-c4ccc5c(c4)C(=O)N([*])C5=O)cc3C2=O)c1,530.05
[*]c1cc(C(=O)NCCCCCCCC)cc(N2C(=O)c3ccc(-c4ccc5c(c4)C(=O)N([*])C5=O)cc3C2=O)c1,518.65
[*]c1cc(C(=O)NCCCCCCCCCC)cc(N2C(=O)c3ccc(-c4ccc5c(c4)C(=O)N([*])C5=O)cc3C2=O)c1,518.25
[*]c1cc(C(=O)NCCCCCCCCCCCC)cc(N2C(=O)c3ccc(-c4ccc5c(c4)C(=O)N([*])C5=O)cc3C2=O)c1,516.25
[*]c1cc(C(=O)NCCCCCCCCCCCCCC)cc(N2C(=O)c3ccc(-c4ccc5c(c4)C(=O)N([*])C5=O)cc3C2=O)c1,520.75
[*]c1cc(C(=O)Nc2ccc(OC(=O)c3cc(OCCCCCCCCCCCC)c(OCCCCCCCCCCCC)c(OCCCCCCCCCCCC)c3)cc2)cc(-c2cccc(N3C(=O)C4CC(C5CC(=O)N(c6cccc([*])c6)C5=O)C=C(C)C4C3=O)c2)c1,543.15
[*]c1cc(C(=O)Nc2ccc(OC(=O)c3cc(OCCCCCCCCCCCC)c(OCCCCCCCCCCCC)c(OCCCCCCCCCCCC)c3)cc2)cc(-c2cccc(N3C(=O)c4ccc(S(=O)(=O)c5ccc6c(c5)C(=O)N(c5cccc([*])c5)C6=O)cc4C3=O)c2)c1,541.15
[*]c1cc(C(=O)O)cc(N2C(=O)C3CC(C4CC(=O)N([*])C4=O)c4ccccc4C3C2=O)c1,633.15
[*]c1cc(C(=O)O)cc(N2C(=O)c3cc(Cl)c(C(=O)c4cc5c(cc4Cl)C(=O)N([*])C5=O)cc3C2=O)c1,641.15
[*]c1cc(C(=O)O)cc(N2C(=O)c3ccc(C(=O)c4ccc5c(c4)C(=O)N([*])C5=O)cc3C2=O)c1,587.15
[*]c1cc(C(=O)O)cc(N2C(=O)c3ccc(C(c4ccc5c(c4)C(=O)N([*])C5=O)(C(F)(F)F)C(F)(F)F)cc3C2=O)c1,639.65
[*]c1cc(C(=O)OC)cc(N2C(=O)C3c4ccccc4CC(C4CC(=O)N([*])C4=O)C3C2=O)c1,531.15
[*]c1cc(C(=O)OC)cc(N2C(=O)c3cc(Cl)c(C(=O)c4cc5c(cc4Cl)C(=O)N([*])C5=O)cc3C2=O)c1,594.15
[*]c1cc(C(=O)OCC(F)(F)C(F)(F)C(F)(F)F)c([*])s1,402.15
[*]c1cc(C(=O)OCC)cc(N2C(=O)C3c4ccccc4CC(C4CC(=O)N([*])C4=O)C3C2=O)c1,527.15
[*]c1cc(C(=O)OCCC)cc(N2C(=O)C3c4ccccc4CC(C4CC(=O)N([*])C4=O)C3C2=O)c1,522.15
[*]c1cc(C(=O)OCCCC)cc(N2C(=O)C3c4ccccc4CC(C4CC(=O)N([*])C4=O)C3C2=O)c1,492.15
[*]c1cc(C(=O)OCCCCC)cc(N2C(=O)C3c4ccccc4CC(C4CC(=O)N([*])C4=O)C3C2=O)c1,492.15
[*]c1cc(C(=O)OCCCCCC)cc(N2C(=O)C3c4ccccc4CC(C4CC(=O)N([*])C4=O)C3C2=O)c1,460.15
[*]c1cc(C(=O)OCCCCCCCCCCOc2ccc(-c3ccc(OC(=O)c4ccc(OCC(F)CCCCCC)cc4)cc3)cc2)c([*])s1,424.15
[*]c1cc(C(=O)Oc2ccc(-c3ccc(O[Si](C)(C)C(C)(C)C)cc3)cc2)cc(N2C(=O)c3ccc(-c4ccc5c(c4)C(=O)N([*])C5=O)cc3C2=O)c1,503.15
[*]c1cc(C(=O)Oc2cccc3cccnc23)c([*])s1,427.15
[*]c1cc(C(=O)c2ccccc2)cc(N2C(=O)c3ccc(C(=O)c4ccc5c(c4)C(=O)N([*])C5=O)cc3C2=O)c1,555.15
[*]c1cc(C(C(=O)OC)C(=O)OC)c([*])s1,253.05
[*]c1cc(C(C)(C)c2ccc(O)cc2)cc([*])c1O,408.15
[*]c1cc(C(C)C)c(N2C(=O)c3ccc(C(c4ccc5c(c4)C(=O)N(c4c(C(C)C)cc(C([*])(c6ccccc6)C(F)(F)F)cc4C(C)C)C5=O)(C(F)(F)F)C(F)(F)F)cc3C2=O)c(C(C)C)c1,547.15
[*]c1cc(C(C)C)c(Oc2ccc(S(=O)(=O)c3ccc(Oc4c(C(C)C)cc(C([*])(C)C)cc4C(C)C)cc3)cc2)c(C(C)C)c1,448.15
[*]c1cc(C(c2ccc(O)c(-n3c(=O)c4cc5c(=O)n([*])c(=O)c5cc4c3=O)c2)(C(F)(F)F)C(F)(F)F)ccc1O,623.15
[*]c1cc(C)c(-c2c(C)cc(-n3c(=O)c4cc5c(=O)n([*])c(=O)c5cc4c3=O)cc2C)c(C)c1,626.15
[*]c1cc(C)c(-c2c(C)cc(N3C(=O)c4ccc(-c5ccc6c(c5)C(=O)N([*])C6=O)cc4C3=O)cc2C)c(C)c1,553.15
[*]c1cc(C)c(-c2c(C)cc(N3C(=O)c4ccc(C(c5ccc6c(c5)C(=O)N([*])C6=O)(C(F)(F)F)C(F)(F)F)cc4C3=O)cc2C)c(C)c1,619.15
[*]c1cc(C)c(-n2c(=O)c3cc4c(=O)n(-c5c(C)cc([*])cc5C)c(=O)c4cc3c2=O)c(C)c1,613.15
[*]c1cc(C)c(/N=C/c2ccc(OCc3ccc(COc4ccc(/C=N/c5cc(C)c(N6C(=O)c7ccc8c9ccc%10c%11c(ccc(c%12ccc(c7c8%12)C6=O)c%119)C(=O)N([*])C%10=O)cc5C)cc4)cc3)cc2)cc1C,403.15
[*]c1cc(C)c(/N=C/c2ccc(OCc3ccccc3COc3ccc(/C=N/c4cc(C)c(N5C(=O)c6ccc7c8ccc9c%10c(ccc(c%11ccc(c6c7%11)C5=O)c%108)C(=O)N([*])C9=O)cc4C)cc3)cc2)cc1C,401.15
[*]c1cc(C)c(C)c(NC(=O)c2ccc3c(c2)C(=O)N(c2cccc4c(N5C(=O)c6ccc(C(=O)Nc7cc(C([*])(C(F)(F)F)C(F)(F)F)cc(C)c7C)cc6C5=O)cccc24)C3=O)c1,523.15
[*]c1cc(C)c(Cc2cc(C)c(N3C(=O)c4ccc(Oc5ccc(Oc6ccc7c(c6)C(=O)N([*])C7=O)cc5)cc4C3=O)cc2C)cc1C,551.15
[*]c1cc(C)c(N2C(=O)CC(Nc3ccc(Cc4ccc(NC5CC(=O)N(c6c(C)cc(C([*])c7cccnc7)cc6C)C5=O)cc4)cc3)C2=O)c(C)c1,492.15
[*]c1cc(C)c(N2C(=O)CC(Nc3ccc(NC4CC(=O)N(c5c(C)cc(C([*])c6cccnc6)cc5C)C4=O)cc3)C2=O)c(C)c1,504.15
[*]c1cc(C)c(N2C(=O)CC(Nc3cccc(NC4CC(=O)N(c5c(C)cc(C([*])c6cccnc6)cc5C)C4=O)c3)C2=O)c(C)c1,497.15
[*]c1cc(C)c(N2C(=O)c3ccc(-c4ccc5c(c4)C(=O)N(c4c(C)cc(C([*])c6cc(C(F)(F)F)cc(C(F)(F)F)c6)cc4C)C5=O)cc3C2=O)c(C)c1,590.55
[*]c1cc(C)c(N2C(=O)c3ccc(-c4ccc5c(c4)C(=O)N(c4c(C)cc(C([*])c6cccc(C(F)(F)F)c6)cc4C)C5=O)cc3C2=O)c(C)c1,586.05
[*]c1cc(C)c(N2C(=O)c3ccc(-c4ccc5c(c4)C(=O)N(c4c(C)cc(C([*])c6cccc7ccccc67)cc4C)C5=O)cc3C2=O)c(C)c1,599.15
[*]c1cc(C)c(N2C(=O)c3ccc(-c4ccc5c(c4)C(=O)N(c4c(C)cc([*])cc4C)C5=O)cc3C2=O)c(C)c1,558.15
[*]c1cc(C)c(N2C(=O)c3ccc(C(=O)Nc4ccc(/N=N/c5ccc([N+](=O)[O-])cc5)c(NC(=O)c5ccc6c(c5)C(=O)N(c5c(C)cc([*])cc5C)C6=O)c4)cc3C2=O)c(C)c1,551.15
[*]c1cc(C)c(N2C(=O)c3ccc(C(=O)Nc4ccc(C(c5ccc(NC(=O)c6ccc7c(c6)C(=O)N(c6c(C)cc([*])cc6C)C7=O)cc5)(C(F)(F)F)C(F)(F)F)cc4)cc3C2=O)c(C)c1,591.15
[*]c1cc(C)c(N2C(=O)c3ccc(C(=O)Nc4ccc(Cc5ccc(NC(=O)c6ccc7c(c6)C(=O)N(c6c(C)cc([*])cc6C)C7=O)c(C)c5)cc4C)cc3C2=O)c(C)c1,602.15
[*]c1cc(C)c(N2C(=O)c3ccc(C(=O)Oc4ccc(C(c5ccc(OC(=O)c6ccc7c(c6)C(=O)N(c6c(C)cc([*])cc6C)C7=O)cc5)(C(F)(F)F)C(F)(F)F)cc4)cc3C2=O)c(C)c1,608.15
[*]c1cc(C)c(N2C(=O)c3ccc(C(=O)c4ccc5c(c4)C(=O)N(c4c(C)cc(C([*])c6cc(C(F)(F)F)cc(C(F)(F)F)c6)cc4C)C5=O)cc3C2=O)c(C)c1,574.25
[*]c1cc(C)c(N2C(=O)c3ccc(C(=O)c4ccc5c(c4)C(=O)N(c4c(C)cc(C([*])c6cccc(C(F)(F)F)c6)cc4C)C5=O)cc3C2=O)c(C)c1,558.15
[*]c1cc(C)c(N2C(=O)c3ccc(C(=O)c4ccc5c(c4)C(=O)N(c4c(C)cc(C([*])c6cccc7ccccc67)cc4C)C5=O)cc3C2=O)c(C)c1,591.15
[*]c1cc(C)c(N2C(=O)c3ccc(C(=O)c4ccc5c(c4)C(=O)N(c4c(C)cc([*])cc4C)C5=O)cc3C2=O)c(C)c1,583.15
[*]c1cc(C)c(N2C(=O)c3ccc(C(c4ccc5c(c4)C(=O)N(c4c(C)cc(-c6cc(C)c([*])cc6C)cc4C)C5=O)(C(F)(F)F)C(F)(F)F)cc3C2=O)c(C)c1,634.15
[*]c1cc(C)c(N2C(=O)c3ccc(C(c4ccc5c(c4)C(=O)N(c4c(C)cc(C([*])c6cc(C(F)(F)F)cc(C(F)(F)F)c6)cc4C)C5=O)(C(F)(F)F)C(F)(F)F)cc3C2=O)c(C)c1,561.15
[*]c1cc(C)c(N2C(=O)c3ccc(C(c4ccc5c(c4)C(=O)N(c4c(C)cc(C([*])c6cccc(C(F)(F)F)c6)cc4C)C5=O)(C(F)(F)F)C(F)(F)F)cc3C2=O)c(C)c1,559.25
[*]c1cc(C)c(N2C(=O)c3ccc(C(c4ccc5c(c4)C(=O)N(c4c(C)cc(C([*])c6cccc7ccccc67)cc4C)C5=O)(C(F)(F)F)C(F)(F)F)cc3C2=O)c(C)c1,587.15
[*]c1cc(C)c(N2C(=O)c3ccc(C(c4ccc5c(c4)C(=O)N(c4c(C)cc(C6([*])c7ccccc7-c7ccccc76)cc4C)C5=O)(C(F)(F)F)C(F)(F)F)cc3C2=O)c(C)c1,634.15
[*]c1cc(C)c(N2C(=O)c3ccc(C(c4ccc5c(c4)C(=O)N(c4c(C)cc([*])c6ccccc46)C5=O)(C(F)(F)F)C(F)(F)F)cc3C2=O)c2ccccc12,676.15
[*]c1cc(C)c(N2C(=O)c3ccc(C(c4ccc5c(c4)C(=O)N(c4c(C)cc([*])cc4C)C5=O)(C(F)(F)F)C(F)(F)F)cc3C2=O)c(C)c1,643.65
[*]c1cc(C)c(N2C(=O)c3ccc(Oc4cc5ccccc5cc4Oc4ccc5c(c4)C(=O)N(c4c(C)cc([*])cc4C)C5=O)cc3C2=O)c(C)c1,581.15
[*]c1cc(C)c(N2C(=O)c3ccc(Oc4ccc(C(C)(C)c5ccc(Oc6ccc7c(c6)C(=O)N(c6c(C)cc([*])cc6C)C7=O)cc5)cc4)cc3C2=O)c(C)c1,553.15
[*]c1cc(C)c(N2C(=O)c3ccc(Oc4ccc5c(c4)C(=O)N(c4c(C)cc(C([*])c6cc(C(F)(F)F)cc(C(F)(F)F)c6)cc4C)C5=O)cc3C2=O)c(C)c1,555.05
[*]c1cc(C)c(N2C(=O)c3ccc(Oc4ccc5c(c4)C(=O)N(c4c(C)cc(C([*])c6cccc(C(F)(F)F)c6)cc4C)C5=O)cc3C2=O)c(C)c1,537.25
[*]c1cc(C)c(N2C(=O)c3ccc(S(=O)(=O)c4ccc5c(c4)C(=O)N(c4c(C)cc([*])cc4C)C5=O)cc3C2=O)c(C)c1,563.15
[*]c1cc(C)c(N2C(=O)c3cccc(Oc4ccc(C(C)(C)c5ccc(Oc6cccc7c6C(=O)N(c6c(C)cc([*])cc6C)C7=O)cc5)cc4)c3C2=O)c(C)c1,538.15
[*]c1cc(C)c(NC(=O)c2ccc(Oc3cc(C(C)(C)C)c(Oc4ccc(C(=O)Nc5c(C)cc(C([*])(C)C)cc5C)cc4)cc3C(C)(C)C)cc2)c(C)c1,568.15
[*]c1cc(C)c(OC(=O)CCCCC(=O)Oc2c(C)cc(C([*])(C)C)cc2C)c(C)c1,366.15
[*]c1cc(C)c(OC(=O)CCCCC(=O)Oc2c(C)cc([*])cc2C)c(C)c1,381.15
[*]c1cc(C)c(OC(=O)CCCCCC(=O)Oc2c(C)cc(C([*])(C)C)cc2C)c(C)c1,357.15
[*]c1cc(C)c(OC(=O)CCCCCC(=O)Oc2c(C)cc([*])cc2C)c(C)c1,369.15
[*]c1cc(C)c(OC(=O)CCCCCCCCC(=O)Oc2c(C)cc(C([*])(C)C)cc2C)c(C)c1,318.15
[*]c1cc(C)c(OC(=O)CCCCCCCCC(=O)Oc2c(C)cc([*])cc2C)c(C)c1,330.15
[*]c1cc(C)c(OC(=O)Oc2c(C)cc(C([*])(C(F)(F)F)C(F)(F)F)cc2C)c(C)c1,481.15
[*]c1cc(C)c(OC(=O)Oc2c(C)cc(C([*])(C)C)cc2C)c(C)c1,466.15
[*]c1cc(C)c(OC(=O)c2ccc(C(=O)Oc3c(C)cc(C([*])(C)C)cc3C)cc2)c(C)c1,512.15
[*]c1cc(C)c(OC(=O)c2ccc(C(=O)Oc3c(C)cc(C4([*])CCC5CCCCC5C4)cc3C)cc2)c(C)c1,560.15
[*]c1cc(C)c(OC(=O)c2ccc(N3C(=O)CC(Nc4ccc(Cc5ccc(NC6CC(=O)N(c7ccc(C(=O)Oc8c(C)cc(C([*])c9cccnc9)cc8C)cc7)C6=O)cc5)cc4)C3=O)cc2)c(C)c1,459.15
[*]c1cc(C)c(OC(=O)c2ccc(N3C(=O)CC(Nc4ccc(NC5CC(=O)N(c6ccc(C(=O)Oc7c(C)cc(C([*])c8cccnc8)cc7C)cc6)C5=O)cc4)C3=O)cc2)c(C)c1,485.15
[*]c1cc(C)c(OC(=O)c2ccc(N3C(=O)CC(Nc4cccc(NC5CC(=O)N(c6ccc(C(=O)Oc7c(C)cc(C([*])c8cccnc8)cc7C)cc6)C5=O)c4)C3=O)cc2)c(C)c1,467.15
[*]c1cc(C)c(OC(=O)c2ccc(Oc3ccc(C4(c5ccc(Oc6ccc(C(=O)Oc7c(C)cc(C([*])(C)C)cc7C)cc6)cc5)CCC(C(C)(C)C)CC4)cc3)cc2)c(C)c1,449.15
[*]c1cc(C)c(OC(=O)c2ccc3c(c2)C(=O)N(c2c(C)cc(-c4cc(C)c(N5C(=O)c6ccc(C(=O)Oc7c(C)cc(C([*])(C(F)(F)F)C(F)(F)F)cc7C)cc6C5=O)c(C)c4)cc2C)C3=O)c(C)c1,600.15
[*]c1cc(C)c(OC(=O)c2cccc(C(=O)Oc3c(C)cc(C([*])(C)C)cc3C)c2)c(C)c1,460.15
[*]c1cc(C)c(OC(=O)c2cccc(C(=O)Oc3c(C)cc(C4([*])CCC5CCCCC5C4)cc3C)c2)c(C)c1,534.15
[*]c1cc(C)c(OC(=O)c2cccc(C(=O)Oc3c(C)cc(C4([*])c5ccccc5-c5ccccc54)cc3C)c2)c(C)c1,588.15
[*]c1cc(C)c(OCC(O)COc2c(C)cc(C([*])(C)C)cc2C)c(C)c1,403.15
[*]c1cc(C)c(OCC(O)COc2c(C)cc(S(=O)(=O)c3cc(C)c(OCC(O)COc4c(C)cc(C([*])(C)C)cc4C)c(C)c3)cc2C)c(C)c1,418.15
[*]c1cc(C)c(OCC(O)COc2c(C)cc(S([*])(=O)=O)cc2C)c(C)c1,425.65
[*]c1cc(C)c(OCC(O)COc2ccc(C(C)(C)c3ccc(OCC(O)COc4c(C)cc(C([*])(C)C)cc4C)cc3)cc2)c(C)c1,373.15
[*]c1cc(C)c(OCC(O)COc2ccc(C(C)(C)c3ccc(OCC(O)COc4c(C)cc(S([*])(=O)=O)cc4C)cc3)cc2)c(C)c1,410.65
[*]c1cc(C)c(OCC(O)COc2ccc(S(=O)(=O)c3ccc(OCC(O)COc4c(C)cc(C([*])(C)C)cc4C)cc3)cc2)c(C)c1,418.15
[*]c1cc(C)c(OCC(O)COc2ccc(S(=O)(=O)c3ccc(OCC(O)COc4c(C)cc(S([*])(=O)=O)cc4C)cc3)cc2)c(C)c1,418.15
[*]c1cc(C)c(ON2C(=O)c3ccc(Oc4ccc(C5(c6ccc(Oc7ccc8c(c7)C(=O)N(Oc7c(C)cc(C([*])(C)C)cc7C)C8=O)cc6)CCC(C(C)(C)C)CC5)cc4)cc3C2=O)c(C)c1,521.15
[*]c1cc(C)c(OP(=O)(Oc2ccc(Br)cc2)Oc2c(C)cc(S([*])(=O)=O)cc2C)c(C)c1,435.15
[*]c1cc(C)c(OP(=O)(Oc2ccc([N+](=O)[O-])cc2)Oc2c(C)cc(S([*])(=O)=O)cc2C)c(C)c1,446.15
[*]c1cc(C)c(OP(=O)(Oc2ccccc2)Oc2c(C)cc(S([*])(=O)=O)cc2C)c(C)c1,415.15
[*]c1cc(C)c(OS([*])(=O)=O)c(C)c1,426.15
[*]c1cc(C)c(O[Si](C)(C)CC[Si](C)(C)Oc2c(C)cc([*])cc2C)c(C)c1,328.15
[*]c1cc(C)c(O[Si](C)(C)O[Si](C)(C)O[Si](C)(C)O[Si](C)(C)Oc2c(C)cc([*])cc2C)c(C)c1,257.15
[*]c1cc(C)c(O[Si](C)(C)O[Si](C)(C)O[Si](C)(C)Oc2c(C)cc([*])cc2C)c(C)c1,287.15
[*]c1cc(C)c(O[Si](C)(C)O[Si](C)(C)Oc2c(C)cc([*])cc2C)c(C)c1,328.15
[*]c1cc(C)c(O[Si](C)(C)c2ccc([Si](C)(C)Oc3c(C)cc([*])cc3C)cc2)c(C)c1,340.15
[*]c1cc(C)c(Oc2cc(N3C(=O)c4ccc(-c5ccc6c(c5)C(=O)N(c5cc(Oc7c(C)cc([*])cc7C)cc(C(F)(F)F)c5)C6=O)cc4C3=O)cc(C(F)(F)F)c2)c(C)c1,554.25
[*]c1cc(C)c(Oc2cc(N3C(=O)c4ccc(C(=O)c5ccc6c(c5)C(=O)N(c5cc(Oc7c(C)cc([*])cc7C)cc(C(F)(F)F)c5)C6=O)cc4C3=O)cc(C(F)(F)F)c2)c(C)c1,538.55
[*]c1cc(C)c(Oc2cc(N3C(=O)c4ccc(C(c5ccc6c(c5)C(=O)N(c5cc(Oc7c(C)cc([*])cc7C)cc(C(F)(F)F)c5)C6=O)(C(F)(F)F)C(F)(F)F)cc4C3=O)cc(C(F)(F)F)c2)c(C)c1,537.95
[*]c1cc(C)c(Oc2cc(N3C(=O)c4ccc(Oc5ccc6c(c5)C(=O)N(c5cc(Oc7c(C)cc([*])cc7C)cc(C(F)(F)F)c5)C6=O)cc4C3=O)cc(C(F)(F)F)c2)c(C)c1,525.35
[*]c1cc(C)c(Oc2ccc(-n3c(=O)c4cc5c(=O)n(-c6ccc(Oc7c(C)cc(C([*])c8cccc9ccccc89)cc7C)cc6)c(=O)c5cc4c3=O)cc2)c(C)c1,588.15
[*]c1cc(C)c(Oc2ccc(C(=O)c3ccc(Oc4c(C)cc(C5([*])CCC6CCCCC6C5)cc4C)cc3)cc2)c(C)c1,524.15
[*]c1cc(C)c(Oc2ccc(C(=O)c3ccc(Oc4c(C)cc([*])cc4C)cc3)cc2)c(C)c1,519.785
[*]c1cc(C)c(Oc2ccc(C(=O)c3ccc4cc(C(=O)c5ccc(Oc6c(C)cc([*])cc6C)cc5)ccc4c3)cc2)c(C)c1,543.15
[*]c1cc(C)c(Oc2ccc(C(=O)c3ccc4nc(C(=O)c5ccc(Oc6c(C)cc([*])cc6C)cc5)ccc4c3)cc2)c(C)c1,453.15
[*]c1cc(C)c(Oc2ccc(C(=O)c3cccc(C(=O)c4ccc(Oc5c(C)cc(C6([*])CCC7CCCCC7C6)cc5C)cc4)c3)cc2)c(C)c1,497.15
[*]c1cc(C)c(Oc2ccc(C(=O)c3cccc(C(=O)c4ccc(Oc5c(C)cc(C6([*])c7ccccc7-c7ccccc76)cc5C)cc4)c3)cc2)c(C)c1,502.15
[*]c1cc(C)c(Oc2ccc(C(=O)c3ccccc3-c3ccccc3C(=O)c3ccc(Oc4c(C)cc([*])cc4C)cc3)cc2)c(C)c1,506.15
[*]c1cc(C)c(Oc2ccc(N3C(=O)CC(Nc4ccc(Cc5ccc(NC6CC(=O)N(c7ccc(Oc8c(C)cc(C([*])c9cccnc9)cc8C)cc7)C6=O)cc5)cc4)C3=O)cc2)c(C)c1,474.15
[*]c1cc(C)c(Oc2ccc(N3C(=O)CC(Nc4ccc(NC5CC(=O)N(c6ccc(Oc7c(C)cc(C([*])c8cccnc8)cc7C)cc6)C5=O)cc4)C3=O)cc2)c(C)c1,502.15
[*]c1cc(C)c(Oc2ccc(N3C(=O)CC(Nc4cccc(NC5CC(=O)N(c6ccc(Oc7c(C)cc(C([*])c8cccnc8)cc7C)cc6)C5=O)c4)C3=O)cc2)c(C)c1,490.15
[*]c1cc(C)c(Oc2ccc(N3C(=O)c4ccc(-c5ccc6c(c5)C(=O)N(c5ccc(Oc7c(C)cc(C([*])c8cccc9ccccc89)cc7C)cc5)C6=O)cc4C3=O)cc2)c(C)c1,562.65
[*]c1cc(C)c(Oc2ccc(N3C(=O)c4ccc(C(=O)c5ccc6c(c5)C(=O)N(c5ccc(Oc7c(C)cc(C([*])c8cccc9ccccc89)cc7C)cc5)C6=O)cc4C3=O)cc2)c(C)c1,545.15
[*]c1cc(C)c(Oc2ccc(N3C(=O)c4ccc(C(c5ccc6c(c5)C(=O)N(c5ccc(Oc7c(C)cc(C([*])c8cccc9ccccc89)cc7C)cc5)C6=O)(C(F)(F)F)C(F)(F)F)cc4C3=O)cc2)c(C)c1,581.15
[*]c1cc(C)c(Oc2ccc(N3C(=O)c4ccc(Oc5ccc(C6(c7ccc(Oc8ccc9c(c8)C(=O)N(c8ccc(Oc%10c(C)cc(C([*])(C)C)cc%10C)cc8)C9=O)cc7)CCC(c7ccccc7)CC6)cc5)cc4C3=O)cc2)c(C)c1,505.15
[*]c1cc(C)c(Oc2ccc(N3C(=O)c4ccc(Oc5ccccc5Oc5ccc6c(c5)C(=O)N(c5ccc(Oc7c(C)cc([*])cc7C)c(C(F)(F)F)c5)C6=O)cc4C3=O)cc2C(F)(F)F)c(C)c1,543.15
[*]c1cc(C)c(Oc2ccc(NC(=O)c3ccc4c(c3)C(=O)N(c3ccc(Oc5ccc(C6(c7ccc(Oc8ccc(N9C(=O)c%10ccc(C(=O)Nc%11ccc(Oc%12c(C)cc(C([*])(C)C)cc%12C)cc%11)cc%10C9=O)cc8)cc7)CC7CC6C6CCCC76)cc5)cc3)C4=O)cc2)c(C)c1,549.15
[*]c1cc(C)c(Oc2ccc(S(=O)(=O)c3ccc(Oc4c(C)cc(C([*])(C(F)(F)F)C(F)(F)F)cc4C)c(Br)c3)cc2Br)c(C)c1,503.95
[*]c1cc(C)c(Oc2ccc(S(=O)(=O)c3ccc(Oc4c(C)cc(C([*])(C(F)(F)F)C(F)(F)F)cc4C)cc3)cc2)c(C)c1,521.15
[*]c1cc(C)c(Oc2ccc(S(=O)(=O)c3ccc(Oc4c(C)cc(C([*])(C(F)(F)F)C(F)(F)F)cc4C)cc3C(O)(C(F)(F)F)C(F)(F)F)c(C(O)(C(F)(F)F)C(F)(F)F)c2)c(C)c1,469.15
[*]c1cc(C)c(Oc2ccc(S(=O)(=O)c3ccc(Oc4c(C)cc(C([*])(C(F)(F)F)C(F)(F)F)cc4C)cc3[Si](C)(C)C)c([Si](C)(C)C)c2)c(C)c1,470.15
[*]c1cc(C)c(Oc2ccc(S(=O)(=O)c3ccc(Oc4c(C)cc(C([*])(C)C)cc4C)cc3)cc2)c(C)c1,504.45
[*]c1cc(C)c(Oc2ccc(S(=O)(=O)c3ccc(Oc4c(C)cc(C([*])(C)C)cc4C)cc3C(O)(C(F)(F)F)C(F)(F)F)c(C(O)(C(F)(F)F)C(F)(F)F)c2)c(C)c1,460.15
[*]c1cc(C)c(Oc2ccc(S(=O)(=O)c3ccc(Oc4c(C)cc([*])cc4C)cc3)cc2)c(C)c1,553.35
[*]c1cc(C)c(Oc2ccc(S(=O)(=O)c3ccc(Oc4cc(C)c(C5([*])OC(=O)c6ccccc65)cc4C)cc3)cc2)cc1C,542.15
[*]c1cc(C)c(Oc2ccc(S(=O)(=O)c3ccc4cc(S(=O)(=O)c5ccc(Oc6c(C)cc([*])cc6C)cc5)ccc4c3)cc2)c(C)c1,553.15
[*]c1cc(C)c(Oc2ccc(S(=O)(=O)c3cccc4c(S(=O)(=O)c5ccc(Oc6c(C)cc([*])cc6C)cc5)cccc34)cc2)c(C)c1,535.15
[*]c1cc(C)c(Oc2ccc3c(c2)C(=O)N(c2c(C)cc(Cc4cc(C)c(N5C(=O)c6ccc(Oc7c(C)cc([*])cc7C)cc6C5=O)c(C)c4)cc2C)C3=O)c(C)c1,693.15
[*]c1cc(C)c(Oc2ccc3c(c2)C(=O)N(c2ccc(-c4ccc(N5C(=O)c6ccc(Oc7c(C)cc(C([*])(C)C)cc7C)cc6C5=O)cc4C(F)(F)F)c(C(F)(F)F)c2)C3=O)c(C)c1,535.15
[*]c1cc(C)c(Oc2ccc3c(c2)C(=O)N(c2ccc(Oc4ccc(C(c5ccc(Oc6ccc(N7C(=O)c8ccc(Oc9c(C)cc(C([*])(C)C)cc9C)cc8C7=O)cc6)cc5)(C(F)(F)F)C(F)(F)F)cc4)cc2)C3=O)c(C)c1,517.15
[*]c1cc(C)c(Oc2ccc3c(c2)C(=O)N(c2ccc(Oc4ccc(C5(c6ccc(Oc7ccc(N8C(=O)c9ccc(Oc%10c(C)cc(C([*])(C)C)cc%10C)cc9C8=O)cc7)cc6)C6CC7CC(C6)CC5C7)cc4)cc2)C3=O)c(C)c1,555.15
[*]c1cc(C)c(Oc2ccc3c(c2)C(=O)N(c2ccc(Oc4ccc(C5(c6ccc(Oc7ccc(N8C(=O)c9ccc(Oc%10c(C)cc(C([*])(C)C)cc%10C)cc9C8=O)cc7)cc6)CC6CC5C5CCCC65)cc4)cc2)C3=O)c(C)c1,535.15
[*]c1cc(C)c(Oc2ccc3c(c2)C(=O)N(c2ccc(Oc4ccc(C5(c6ccc(Oc7ccc(N8C(=O)c9ccc(Oc%10c(C)cc(C([*])(C)C)cc%10C)cc9C8=O)cc7)cc6)CC6CCC5C6)cc4)cc2)C3=O)c(C)c1,538.15
[*]c1cc(C)c(Oc2ccc3c(c2)C(=O)N(c2ccc(Oc4ccc(N5C(=O)c6ccc(Oc7c(C)cc([*])cc7C)cc6C5=O)cc4)cc2)C3=O)c(C)c1,572.15
[*]c1cc(C)c(Oc2ccc3c(c2)C(=O)N(c2ccc(Oc4ccc(Oc5ccc(N6C(=O)c7ccc(Oc8c(C)cc(C([*])(C)C)cc8C)cc7C6=O)cc5)cc4C(C)(C)C)cc2)C3=O)c(C)c1,517.15
[*]c1cc(C)c(Oc2ccc3c(c2)C(=O)N(c2cccc(N4C(=O)c5ccc(Oc6c(C)cc([*])cc6C)cc5C4=O)c2)C3=O)c(C)c1,568.15
[*]c1cc(C)c(Oc2cccc3c2C(=O)N(c2c(C)cc(-c4cc(C)c(N5C(=O)c6cccc(Oc7c(C)cc([*])cc7C)c6C5=O)c(C)c4)cc2C)C3=O)c(C)c1,600.15
[*]c1cc(C)c(Oc2cccc3c2C(=O)N(c2c(C)cc(C)c(N4C(=O)c5cccc(Oc6c(C)cc([*])cc6C)c5C4=O)c2C)C3=O)c(C)c1,598.15
[*]c1cc(C)c(Oc2cccc3c2C(=O)N(c2c(C)cc(Cc4cc(C)c(N5C(=O)c6cccc(Oc7c(C)cc([*])cc7C)c6C5=O)c(C)c4)cc2C)C3=O)c(C)c1,562.15
[*]c1cc(C)c(Oc2cccc3c2C(=O)N(c2ccc(Oc4ccc(-c5ccc(Oc6ccc(N7C(=O)c8cccc(Oc9c(C)cc([*])cc9C)c8C7=O)cc6)cc5)cc4)cc2)C3=O)c(C)c1,563.15
[*]c1cc(C)c(Oc2cccc3c2C(=O)N(c2ccc(Oc4ccc(N5C(=O)c6cccc(Oc7c(C)cc([*])cc7C)c6C5=O)cc4)cc2)C3=O)c(C)c1,571.15
[*]c1cc(C)c(Oc2cccc3c2C(=O)N(c2cccc(N4C(=O)c5cccc(Oc6c(C)cc([*])cc6C)c5C4=O)c2)C3=O)c(C)c1,584.15
[*]c1cc(C)c(S(=O)(=O)c2c(C)cc(C([*])(C)C)cc2C)c(C)c1,503.15
[*]c1cc(C)c([*])s1,387.35
[*]c1cc(CC(=O)OCC)c([*])s1,329.85
[*]c1cc(CC(=O)OCCCCCCOc2ccc(/N=N/c3ccc(C#N)cc3)cc2)c([*])s1,337.15
[*]c1cc(CC(=O)OCCN(CC)c2ccc(/N=N/c3ccc([N+](=O)[O-])cc3)cc2)c([*])s1,375.15
[*]c1cc(CCCCBr)c([*])s1,292.15
[*]c1cc(CCCCCCCC)c(-c2ccc(C(=O)OCC(COc3ccc(/N=N/c4ccc(C#N)cc4)cc3)OC(=O)c3ccc([*])c(F)c3F)c(F)c2F)cc1CCCCCCCC,334.15
[*]c1cc(CCCCCCOC(=O)COC)c([*])s1,310.15
[*]c1cc(CCCCCCOC(=O)COc2ccccc2)c([*])s1,323.15
[*]c1cc(CCCCCCOC(=O)Cc2ccccc2)c([*])s1,318.15
[*]c1cc(CCCCCCO[Si](C)(C)C)c([*])s1,283.15
[*]c1cc(CCOC(=O)C(C)Br)c([*])s1,322.15
[*]c1cc(CCOC(=O)NCCCC)c([*])s1,340.65
[*]c1cc(CCOCCOC)c([*])[nH]1,230.15
[*]c1cc(CCOc2ccc(/N=N/c3ccc(C#N)cc3)cc2)c([*])s1,346.15
[*]c1cc(Cl)c(OC(=O)CCCCC(=O)Oc2c(Cl)cc(C([*])(C)C)cc2Cl)c(Cl)c1,373.15
[*]c1cc(Cl)c(OC(=O)Oc2c(Cl)cc(C([*])(C)C)cc2Cl)c(Cl)c1,500.15
[*]c1cc(Cl)c(OC(=O)c2ccc(OCCCCCCCCCCOc3ccc(C(=O)Oc4c(Cl)cc(C([*])(C)C)cc4Cl)cc3)cc2)c(Cl)c1,413.15
[*]c1cc(Cl)c(OC2=C(Cl)C(=O)N(c3ccc(Cc4ccc(N5C(=O)C(Cl)=C(c6c(Cl)cc(C([*])(C)C)cc6Cl)C5=O)cc4)cc3)C2=O)c(Cl)c1,473.15
[*]c1cc(Cl)c(OCC(O)COc2c(Cl)cc(C([*])(C)C)cc2Cl)c(Cl)c1,408.15
[*]c1cc(N2C(=O)C(=O)N(c3ccc(CCc4ccccc4N4C(=O)C(=O)N([*])C4=O)cc3)C2=O)ccc1C,528.15
[*]c1cc(N2C(=O)c3cc(Cl)c(C(=O)c4cc5c(cc4Cl)C(=O)N([*])C5=O)cc3C2=O)cc(C(C)(C)C)c1,563.15
[*]c1cc(N2C(=O)c3ccc(C(=O)Nc4ccc(Cc5ccc(NC(=O)c6ccc7c(c6)C(=O)N([*])C7=O)c(C)c5)cc4C)cc3C2=O)ccc1/N=N/c1ccc(C)cc1,530.15
[*]c1cc(N2C(=O)c3ccc(C(=O)Nc4ccc(Cc5ccc(NC(=O)c6ccc7c(c6)C(=O)N([*])C7=O)cc5)cc4)cc3C2=O)ccc1/N=N/c1ccc(C)cc1,541.15
[*]c1cc(N2C(=O)c3ccc(C(=O)Nc4ccc(Oc5ccc(C6(c7ccc(Oc8ccc(NC(=O)c9ccc%10c(c9)C(=O)N([*])C%10=O)cc8)cc7)NC(=O)c7ccccc76)cc5)cc4)cc3C2=O)ccc1C,588.15
[*]c1cc(N2C(=O)c3ccc(C(=O)c4ccc5c(c4)C(=O)N([*])C5=O)cc3C2=O)c(C)cc1C,578.15
[*]c1cc(N2C(=O)c3ccc(C(=O)c4ccc5c(c4)C(=O)N([*])C5=O)cc3C2=O)ccc1CP(=O)(OCC)OCC,491.15
[*]c1cc(OC)c(OC(=O)CCCCCCCCC(=O)Oc2c(OC)cc([*])cc2OC)c(OC)c1,367.15
[*]c1cc(OC)c(OC(=O)c2cccc(C(=O)Oc3c(OC)cc([*])cc3OC)c2)c(OC)c1,525.15
[*]c1cc(OCCCC)c([*])cc1OCCCC,310.15
[*]c1cc(OCCCC)cc(N2C(=O)c3ccc(C(=O)c4ccc5c(c4)C(=O)N([*])C5=O)cc3C2=O)c1,517.15
[*]c1cc(OCCCC)cc(N2C(=O)c3ccc(C(c4ccc5c(c4)C(=O)N([*])C5=O)(C(F)(F)F)C(F)(F)F)cc3C2=O)c1,519.15
[*]c1cc(OCCCC)cc(N2C(=O)c3ccc(Oc4ccc5c(c4)C(=O)N([*])C5=O)cc3C2=O)c1,510.15
[*]c1cc(OCCCCCCCC)cc(N2C(=O)c3ccc(C(=O)c4ccc5c(c4)C(=O)N([*])C5=O)cc3C2=O)c1,468.15
[*]c1cc(OCCCCCCCC)cc(N2C(=O)c3ccc(C(c4ccc5c(c4)C(=O)N([*])C5=O)(C(F)(F)F)C(F)(F)F)cc3C2=O)c1,468.15
[*]c1cc(OCCCCCCCC)cc(N2C(=O)c3ccc(Oc4ccc5c(c4)C(=O)N([*])C5=O)cc3C2=O)c1,458.15
[*]c1cc(OCCCCCCCCCCCC)cc(N2C(=O)c3ccc(C(=O)c4ccc5c(c4)C(=O)N([*])C5=O)cc3C2=O)c1,455.15
[*]c1cc(OCCCCCCCCCCCC)cc(N2C(=O)c3ccc(C(c4ccc5c(c4)C(=O)N([*])C5=O)(C(F)(F)F)C(F)(F)F)cc3C2=O)c1,438.15
[*]c1cc(OCCCCCCCCCCCC)cc(N2C(=O)c3ccc(Oc4ccc5c(c4)C(=O)N([*])C5=O)cc3C2=O)c1,435.15
[*]c1cc(OCCCCCCCCCCCCCCCC)cc(N2C(=O)c3ccc(C(=O)c4ccc5c(c4)C(=O)N([*])C5=O)cc3C2=O)c1,452.15
[*]c1cc(OCCCCCCCCCCCCCCCC)cc(N2C(=O)c3ccc(C(c4ccc5c(c4)C(=O)N([*])C5=O)(C(F)(F)F)C(F)(F)F)cc3C2=O)c1,434.15
[*]c1cc(OCCCCCCCCCCCCCCCC)cc(N2C(=O)c3ccc(Oc4ccc5c(c4)C(=O)N([*])C5=O)cc3C2=O)c1,432.15
[*]c1cc(OCCN(CC)c2ccc(/N=N/c3ccc([N+](=O)[O-])cc3)cc2)cc(N2C(=O)c3ccc(C(c4ccc5c(c4)C(=O)N([*])C5=O)(C(F)(F)F)C(F)(F)F)cc3C2=O)c1,483.15
[*]c1cc(SCCCCCC)c([*])s1,305.15
[*]c1cc(SCCCCCCCCCCCC)c([*])s1,306.15
[*]c1cc([*])cc(-c2nc3ccccc3o2)c1,523.15
[*]c1cc2c(OCC(CC)CCCC)c3sc(-c4sc([*])c5c(F)c(C(=O)OCC(CC)CCCC)sc45)cc3c(OCC(CC)CCCC)c2s1,313.15
[*]c1cc2c(cc1-c1ccc(C(C)(C)C)cc1)C(=O)N(c1ccc(C(c3ccc(N4C(=O)c5cc([*])c(-c6ccc(C(C)(C)C)cc6)cc5C4=O)cc3)(C(F)(F)F)C(F)(F)F)cc1)C2=O,654.15
[*]c1cc2c(cc1-c1ccc(C(C)(C)C)cc1)C(=O)N(c1ccc(Cc3ccc(N4C(=O)c5cc([*])c(-c6ccc(C(C)(C)C)cc6)cc5C4=O)cc3)cc1)C2=O,633.15
[*]c1cc2c(cc1-c1ccc(C(C)(C)C)cc1)C(=O)N(c1ccc(Oc3ccc(N4C(=O)c5cc([*])c(-c6ccc(C(C)(C)C)cc6)cc5C4=O)cc3)cc1)C2=O,643.15
[*]c1cc2c(cc1-c1ccc([Si](C)(C)C)cc1)C(=O)N(c1ccc(C(c3ccc(N4C(=O)c5cc([*])c(-c6ccc([Si](C)(C)C)cc6)cc5C4=O)cc3)(C(F)(F)F)C(F)(F)F)cc1)C2=O,638.15
[*]c1cc2c(cc1-c1ccc([Si](C)(C)C)cc1)C(=O)N(c1ccc(Cc3ccc(N4C(=O)c5cc([*])c(-c6ccc([Si](C)(C)C)cc6)cc5C4=O)cc3)cc1)C2=O,621.15
[*]c1cc2c(cc1-c1ccc([Si](C)(C)C)cc1)C(=O)N(c1ccc(Oc3ccc(N4C(=O)c5cc([*])c(-c6ccc([Si](C)(C)C)cc6)cc5C4=O)cc3)cc1)C2=O,621.15
[*]c1cc2c(cc1C)-c1cc(C)c(N3C(=O)c4ccc(-c5ccc6c(c5)C(=O)N([*])C6=O)cc4C3=O)cc1S2(=O)=O,763.15
[*]c1cc2c(s1)c1sc(-c3sc(-c4ccc(-c5cc(CCCCCC)c([*])s5)c5nsnc45)cc3CCCCCC)cc1n2CC(CC)CCCC,363.15
[*]c1ccc(-c2c(-c3ccc(-c4ccccc4)cc3)cc(-c3ccc(OCCCCCCCCCCOc4ccc(-c5cc(-c6ccc(-c7ccccc7)cc6)c(-c6ccc(-n7c(=O)c8cc9c(=O)n([*])c(=O)c9cc8c7=O)cc6)c(-c6ccc(-c7ccccc7)cc6)c5)cc4)cc3)cc2-c2ccc(-c3ccccc3)cc2)cc1,394.15
[*]c1ccc(-c2c(-c3ccc(-c4ccccc4)cc3)cc(-c3ccc(OCCCCCCOc4ccc(-c5cc(-c6ccc(-c7ccccc7)cc6)c(-c6ccc(-n7c(=O)c8cc9c(=O)n([*])c(=O)c9cc8c7=O)cc6)c(-c6ccc(-c7ccccc7)cc6)c5)cc4)cc3)cc2-c2ccc(-c3ccccc3)cc2)cc1,401.65
[*]c1ccc(-c2c(-c3ccccc3)nc3ccc(-c4ccc5nc(-c6ccccc6)c([*])c(-c6ccccc6)c5c4)cc3c2-c2ccccc2)cc1,643.15
[*]c1ccc(-c2c(-c3ccccc3)nc3ccc(Oc4ccc5nc(-c6ccccc6)c([*])c(-c6ccccc6)c5c4)cc3c2-c2ccccc2)cc1,584.15
[*]c1ccc(-c2cc(-c3ccc(OCC(CC)CCCC)cc3)cc(-c3ccc(-c4ccc5c(c4)C(CCCCCC)(CCCCCC)c4cc([*])ccc4-5)cc3)c2-c2ccc(OCC(CC)CCCC)cc2)cc1,383.15
[*]c1ccc(-c2cc(-c3ccccc3)c(/N=C/c3ccc(C=Nc4c(-c5ccccc5)cc([*])cc4-c4ccccc4)cc3)c(-c3ccccc3)c2)cc1,573.15
[*]c1ccc(-c2cc(-c3ccccc3)c3cc(-c4ccc5nc(-c6ccc(C7([*])c8ccccc8C(=O)c8ccccc87)cc6)cc(-c6ccccc6)c5c4)ccc3n2)cc1,690.15
[*]c1ccc(-c2cc(-c3ccccc3)c3cc(-c4ccc5nc([*])cc(-c6ccccc6)c5c4)ccc3n2)cc1,668.15
[*]c1ccc(-c2cc(-c3ccccc3)c3cc(C4(c5ccc6nc(-c7ccc(C8([*])c9ccccc9C(=O)c9ccccc98)cc7)cc(-c7ccccc7)c6c5)c5ccccc5-c5ccccc54)ccc3n2)cc1,658.15
[*]c1ccc(-c2cc(-c3ccccc3)c3cc(C4(c5ccc6nc(-c7ccc(C8([*])c9ccccc9C(=O)c9ccccc98)cc7)cc(-c7ccccc7)c6c5)c5ccccc5C(=O)c5ccccc54)ccc3n2)cc1,663.15
[*]c1ccc(-c2cc(-c3ccccc3)c3cc(Oc4ccc5nc(-c6ccc(C([*])(C(F)(F)F)C(F)(F)F)cc6)cc(-c6ccccc6)c5c4)ccc3n2)cc1,533.15
[*]c1ccc(-c2cc(-c3ccccc3)c3cc(Oc4ccc5nc(-c6ccc(C7([*])c8ccccc8C(=O)c8ccccc87)cc6)cc(-c6ccccc6)c5c4)ccc3n2)cc1,613.15
[*]c1ccc(-c2cc(CCCCCCBr)c([*])s2)s1,324.15
[*]c1ccc(-c2cc(CCCCCCOC(=O)COc3ccccc3)c([*])s2)s1,352.15
[*]c1ccc(-c2cc3ccc4ccccc4c3cc2-c2ccc(N([*])c3ccc(C)cc3)cc2)cc1,399.15
[*]c1ccc(-c2ccc(-c3c(-c4ccccc4)nc4ccc(Oc5ccc6nc(-c7ccccc7)c([*])c(-c7ccccc7)c6c5)cc4c3-c3ccccc3)cc2)cc1,603.15
[*]c1ccc(-c2ccc(-c3cc(-c4ccc(Oc5ccc(-c6cc([*])nc7ccccc67)cc5)cc4)c4ccccc4n3)cc2)cc1,599.15
[*]c1ccc(-c2ccc(-c3cc(-c4ccccc4)c4cc(-c5ccc6nc([*])cc(-c7ccccc7)c6c5)ccc4n3)cc2)cc1,633.15
[*]c1ccc(-c2ccc(-c3cc(-c4ccccc4)c4cc(C5(c6ccc7nc([*])cc(-c8ccccc8)c7c6)c6ccccc6-c6ccccc65)ccc4n3)cc2)cc1,653.15
[*]c1ccc(-c2ccc(-c3cc(-c4ccccc4)c4cc5c(-c6ccccc6)cc([*])nc5cc4n3)cc2)cc1,665.15
[*]c1ccc(-c2ccc(-c3cc(-c4ccccc4)c4cc5nc([*])cc(-c6ccccc6)c5cc4n3)cc2)cc1,656.15
[*]c1ccc(-c2ccc(-c3cc4c5c(c([*])cc6c5c3C(=O)N(CC(CCCCCCCC)CCCCCCCCCC)C6=O)C(=O)N(CC(CCCCCCCC)CCCCCCCCCC)C4=O)s2)s1,347.15
[*]c1ccc(-c2ccc(-c3ccc(-c4cc(-c5ccccc5)c5cc(-c6ccc7nc([*])cc(-c8ccccc8)c7c6)ccc5n4)cc3)cc2)cc1,633.15
[*]c1ccc(-c2ccc(-c3ccc(-c4cc(-c5ccccc5)c5cc(Oc6ccc7nc([*])cc(-c8ccccc8)c7c6)ccc5n4)cc3)cc2)cc1,573.15
[*]c1ccc(-c2ccc(-c3ccc(-c4ccc(-c5cc(-c6ccccc6)c6cc(-c7ccc8nc([*])cc(-c9ccccc9)c8c7)ccc6n5)cc4)cc3)cc2)cc1,628.15
[*]c1ccc(-c2ccc(-c3ccc(-c4ccc(-c5cc(-c6ccccc6)c6cc(Oc7ccc8nc([*])cc(-c9ccccc9)c8c7)ccc6n5)cc4)cc3)cc2)cc1,583.15
[*]c1ccc(-c2ccc(-c3ccc(-c4ccc(-c5ccc([*])n5CCCCCCCCCCCC)s4)s3)s2)s1,327.15
[*]c1ccc(-c2ccc(-c3ccc(-c4ccc(-c5ccc6c(c5)C(=O)N(c5ccc(Cc7ccc(N8C(=O)c9ccc([*])cc9C8=O)cc7)cc5)C6=O)cc4)cc3)cc2)cc1,517.15
[*]c1ccc(-c2ccc(-c3ccc(-c4ccc(-c5ccc6c(c5)C(=O)N(c5ccc(Oc7ccc(N8C(=O)c9ccc([*])cc9C8=O)cc7)cc5)C6=O)cc4)cc3)cc2)cc1,517.15
[*]c1ccc(-c2ccc(-c3ccc(-c4ccc(-c5ccc6c(c5)C(=O)N(c5cccc(N7C(=O)c8ccc([*])cc8C7=O)c5)C6=O)cc4)cc3)cc2)cc1,510.15
[*]c1ccc(-c2ccc(-c3ccc(-c4ccc(N([*])c5ccc(C)cc5)cc4)c4c(C)ccc(C)c34)c3c(C)ccc(C)c23)cc1,421.15
[*]c1ccc(-c2ccc(-c3ccc(-c4ccc([*])n4CCCCCCCCCCCC)s3)s2)s1,325.15
[*]c1ccc(-c2ccc(-c3ccc(-c4ccc([Si](CCCC)(CCCC)[Si]([*])(CCCC)CCCC)s4)s3)s2)s1,272.15
[*]c1ccc(-c2ccc(-c3ccc(-c4ccc([Si]([*])(CCCC)CCCC)s4)s3)s2)s1,274.15
[*]c1ccc(-c2ccc(-c3ccc(-n4c(=O)c5c(C(F)(F)F)c6c(=O)n([*])c(=O)c6c(C(F)(F)F)c5c4=O)cc3)cc2)cc1,637.15
[*]c1ccc(-c2ccc(-c3ccc(-n4c(=O)c5cc6c(=O)n([*])c(=O)c6c(C(F)(F)F)c5c4=O)cc3)cc2)cc1,637.15
[*]c1ccc(-c2ccc(-c3ccc(Oc4ccc(Sc5ccc(Oc6ccc([*])cc6C(F)(F)F)cc5)cc4)c(C(F)(F)F)c3)cc2)cc1,449.65
[*]c1ccc(-c2ccc(-c3ccc([Si](C)(C)[Si]([*])(C)C)s3)s2)s1,318.15
[*]c1ccc(-c2ccc(-c3ccc([Si](CCCC)(CCCC)[Si]([*])(CCCC)CCCC)s3)s2)s1,268.15
[*]c1ccc(-c2ccc(-c3ccc([Si]([*])(C)C)s3)s2)s1,318.15
[*]c1ccc(-c2ccc(-c3ccc([Si]([*])(CCCC)CCCC)s3)s2)s1,303.15
[*]c1ccc(-c2ccc(-c3cnc4cc(-c5ccc6nc([*])cnc6c5)ccc4n3)cc2)cc1,618.65
[*]c1ccc(-c2ccc(-c3cnc4cc(Oc5ccc6nc([*])cnc6c5)ccc4n3)cc2)cc1,663.15
[*]c1ccc(-c2ccc(-c3cnc4ccc(-c5ccc6ncc(-c7ccc([*])cc7)nc6c5)cc4n3)cc2)cc1,578.15
[*]c1ccc(-c2ccc(-c3nc4ccc(-c5ccc6nc([*])c(-c7ccccc7)c(-c7ccccc7)c6c5)cc4c(-c4ccccc4)c3-c3ccccc3)cc2)cc1,693.15
[*]c1ccc(-c2ccc(-c3nc4ccccc4c(-c4ccc(Oc5ccc(-c6c(-c7ccccc7)c([*])nc7ccccc67)cc5)cc4)c3-c3ccccc3)cc2)cc1,618.15
[*]c1ccc(-c2ccc(-c3sc(-c4c(F)c(F)c(-c5cc(CC(CCCCCCCC)CCCCCCCCCC)c([*])s5)c5nsnc45)cc3CC(CCCCCCCC)CCCCCCCCCC)s2)s1,301.15
[*]c1ccc(-c2ccc(-c3sc(-c4ccc([Si](C)(C)[Si](C)(C)[Si](C)(C)[Si](C)(C)[Si](C)(C)[Si](C)(C)[Si](C)(C)[Si](C)(C)c5ccc(-c6cc(CCCCCCCC)c([*])s6)s5)s4)cc3CCCCCCCC)s2)s1,286.15
[*]c1ccc(-c2ccc(-c3sc(-c4ccc([Si](C)(C)[Si](C)(C)[Si](C)(C)[Si](C)(C)c5ccc(-c6cc(CCCCCCCC)c([*])s6)s5)s4)cc3CCCCCCCC)s2)s1,279.15
[*]c1ccc(-c2ccc(-c3sc(-c4ccc([Si](C)(C)[Si](C)(C)c5ccc(-c6cc(CCCCCCCC)c([*])s6)s5)s4)cc3CCCCCCCC)s2)s1,285.15
[*]c1ccc(-c2ccc(-c3sc(-c4ccc([Si](C)(C)c5ccc(-c6cc(CCCCCCCC)c([*])s6)s5)s4)cc3CCCCCCCC)s2)s1,304.15
[*]c1ccc(-c2ccc(-c3sc(-c4ccc([Si](CCCC)(CCCC)[Si](CCCC)(CCCC)c5ccc(-c6cc(CCCCCCCC)c([*])s6)s5)s4)cc3CCCCCCCC)s2)s1,263.15
[*]c1ccc(-c2ccc(-c3sc(-c4ccc([Si](CCCC)(CCCC)c5ccc(-c6cc(CCCCCCCC)c([*])s6)s5)s4)cc3CCCCCCCC)s2)s1,272.15
[*]c1ccc(-c2ccc(-n3c(=O)c4c(C(F)(F)F)c5c(=O)n([*])c(=O)c5c(C(F)(F)F)c4c3=O)cc2C(F)(F)F)c(C(F)(F)F)c1,577.15
[*]c1ccc(-c2ccc(-n3c(=O)c4c(C(F)(F)F)c5c(=O)n([*])c(=O)c5c(C(F)(F)F)c4c3=O)cc2C)c(C)c1,658.15
[*]c1ccc(-c2ccc(-n3c(=O)c4cc5c(=O)n([*])c(=O)c5c(C(F)(F)F)c4c3=O)cc2C(F)(F)F)c(C(F)(F)F)c1,646.15
[*]c1ccc(-c2ccc(-n3c(=O)c4cc5c(=O)n([*])c(=O)c5c(C(F)(F)F)c4c3=O)cc2C)c(C)c1,646.15
[*]c1ccc(-c2ccc(-n3c(=O)c4cc5c(=O)n([*])c(=O)c5cc4c3=O)cc2F)c(F)c1,671.15
[*]c1ccc(-c2ccc(-n3c(=O)c4cc5c(=O)n([*])c(=O)c5cc4c3=O)cc2OC)c(OC)c1,601.15
[*]c1ccc(-c2ccc(C(=O)c3ccc4c(c3)C(=O)N(c3ccc(Cc5ccc(N6C(=O)c7ccc(C(=O)c8ccc(-c9ccc(C([*])(C)C)cc9)cc8)cc7C6=O)cc5)cc3)C4=O)cc2)cc1,489.15
[*]c1ccc(-c2ccc(C([*])(C(F)(F)F)C(F)(F)F)cc2)cc1,537.15
[*]c1ccc(-c2ccc(C3([*])CCCCC3)cc2)cc1,560.15
[*]c1ccc(-c2ccc(C3([*])c4ccccc4-c4ccccc43)cc2)cc1,570.15
[*]c1ccc(-c2ccc(N([*])c3cc(C(F)(F)F)cc(C(F)(F)F)c3)cc2)cc1,482.15
[*]c1ccc(-c2ccc(N([*])c3ccc(C(F)(F)F)cc3)cc2)cc1,498.15
[*]c1ccc(-c2ccc(N([*])c3ccc(C)cc3)cc2)cc1,358.15
[*]c1ccc(-c2ccc(N([*])c3ccc(CCCC)cc3)cc2)cc1,453.15
[*]c1ccc(-c2ccc(N(c3ccc(C)cc3)c3ccc(C(c4ccccc4)c4ccc(N([*])c5ccc(C)cc5)cc4)cc3)cc2)cc1,512.15
[*]c1ccc(-c2ccc(N(c3ccc(OC)cc3)c3ccc4ccc(N([*])c5ccc(OC)cc5)cc4c3)cc2)cc1,505.15
[*]c1ccc(-c2ccc(N(c3ccccc3)c3ccc(-c4ccc(N(c5ccccc5)c5ccc(-c6ccc(-n7c(=O)c8cc9c(=O)n([*])c(=O)c9cc8c7=O)cc6)cc5)cc4)cc3)cc2)cc1,493.15
[*]c1ccc(-c2ccc(N3C(=O)c4c(c(-c5ccccc5)c(-c5ccc(Oc6ccc(-c7c(-c8ccccc8)c8c(c(-c9ccccc9)c7-c7ccccc7)C(=O)N([*])C8=O)cc6)cc5)c(-c5ccccc5)c4-c4ccccc4)C3=O)cc2)cc1,672.15
[*]c1ccc(-c2ccc(N3C(=O)c4cc5c(cc4C3=O)C(C(F)(F)F)(C(F)(F)F)c3cc4c(cc3O5)C(=O)N([*])C4=O)cc2C(F)(F)F)c(C(F)(F)F)c1,693.15
[*]c1ccc(-c2ccc(N3C(=O)c4cc5c(cc4C3=O)C(C(F)(F)F)(C(F)(F)F)c3cc4c(cc3O5)C(=O)N([*])C4=O)cc2OC(C)(F)F)c(OC(C)(F)F)c1,636.15
[*]c1ccc(-c2ccc(N3C(=O)c4cc5c(cc4C3=O)C(C(F)(F)F)(C(F)(F)F)c3cc4c(cc3O5)C(=O)N([*])C4=O)cc2OC(F)(F)F)c(OC(F)(F)F)c1,648.15
[*]c1ccc(-c2ccc(N3C(=O)c4cc5c(cc4C3=O)C(c3ccccc3)(C(F)(F)F)c3cc4c(cc3O5)C(=O)N([*])C4=O)cc2C(F)(F)F)c(C(F)(F)F)c1,673.15
[*]c1ccc(-c2ccc(N3C(=O)c4cc5c(cc4C3=O)C(c3ccccc3)(C(F)(F)F)c3cc4c(cc3O5)C(=O)N([*])C4=O)cc2OC(F)(F)F)c(OC(F)(F)F)c1,673.15
[*]c1ccc(-c2ccc(N3C(=O)c4ccc(C(=O)Oc5c(C)cc(C(C)(C)c6cc(C)c(OC(=O)c7ccc8c(c7)C(=O)N([*])C8=O)c(C)c6)cc5C)cc4C3=O)cc2C)c(C)c1,455.15
[*]c1ccc(-c2ccc(N3C(=O)c4ccc(C(=O)Oc5cc(OC(=O)c6ccc7c(c6)C(=O)N([*])C7=O)ccc5C56CC7CC(CC(C7)C5)C6)cc4C3=O)cc2C)c(C)c1,498.15
[*]c1ccc(-c2ccc(N3C(=O)c4ccc(C(=O)Oc5ccc(C(C)(C)c6ccc(OC(=O)c7ccc8c(c7)C(=O)N([*])C8=O)cc6)cc5)cc4C3=O)cc2C)c(C)c1,439.15
[*]c1ccc(-c2ccc(N3C(=O)c4ccc(C(=O)Oc5ccc(C6(c7ccc(OC(=O)c8ccc9c(c8)C(=O)N([*])C9=O)cc7)C7CC8CC(C7)CC6C8)cc5)cc4C3=O)cc2C)c(C)c1,495.15
[*]c1ccc(-c2ccc(N3C(=O)c4ccc(C(=O)Oc5ccc(C6(c7ccc(OC(=O)c8ccc9c(c8)C(=O)N([*])C9=O)cc7)CC7CC6C6CCCC76)cc5)cc4C3=O)cc2C)c(C)c1,499.15
[*]c1ccc(-c2ccc(N3C(=O)c4ccc(C(=O)Oc5ccc(C6(c7ccc(OC(=O)c8ccc9c(c8)C(=O)N([*])C9=O)cc7)CCC(C(C)(C)C)CC6)cc5)cc4C3=O)cc2C)c(C)c1,490.15
[*]c1ccc(-c2ccc(N3C(=O)c4ccc(C(=O)Oc5ccc(C6(c7ccc(OC(=O)c8ccc9c(c8)C(=O)N([*])C9=O)cc7)CCCCCCCCCCC6)cc5)cc4C3=O)cc2C)c(C)c1,477.15
[*]c1ccc(-c2ccc(N3C(=O)c4ccc(C(=O)c5ccc6c(c5)C(=O)N([*])C6=O)cc4C3=O)cc2C)c(C)c1,658.15
[*]c1ccc(-c2ccc(N3C(=O)c4ccc(C(c5ccc6c(c5)C(=O)N([*])C6=O)(C(F)(F)F)C(F)(F)F)cc4C3=O)cc2-c2ccc(C)cc2)c(-c2ccc(C)cc2)c1,559.15
[*]c1ccc(-c2ccc(N3C(=O)c4ccc(C(c5ccc6c(c5)C(=O)N([*])C6=O)(C(F)(F)F)C(F)(F)F)cc4C3=O)cc2C#N)c(C#N)c1,604.15
[*]c1ccc(-c2ccc(N3C(=O)c4ccc(C(c5ccc6c(c5)C(=O)N([*])C6=O)(C(F)(F)F)C(F)(F)F)cc4C3=O)cc2C)c(C)c1,598.15
[*]c1ccc(-c2ccc(N3C(=O)c4ccc(Oc5ccc6c(c5)C(=O)N([*])C6=O)cc4C3=O)cc2C)c(C)c1,598.15
[*]c1ccc(-c2ccc(N3C(=O)c4cccc(-c5ccc6c(c5)C(=O)N([*])C6=O)c4C3=O)cc2C)c(C)c1,645.15
[*]c1ccc(-c2ccc(OCCCC)c(-c3cc([*])ccc3OCCCC)c2)cc1,437.15
[*]c1ccc(-c2ccc(OCCCCCC)c(-c3cc([*])ccc3OCCCCCC)c2)cc1,390.15
[*]c1ccc(-c2ccc(OCCCCCCCC)c(-c3cc([*])ccc3OCCCCCCCC)c2)cc1,360.15
[*]c1ccc(-c2ccc(OCCCCCCCCCC)c(-c3cc([*])ccc3OCCCCCCCCCC)c2)cc1,331.15
[*]c1ccc(-c2ccc(Oc3ccc(-c4ccc(Oc5ccc([*])cc5C(F)(F)F)cc4)cc3)c(C(F)(F)F)c2)cc1,476.65
[*]c1ccc(-c2ccc(Oc3ccc(C(c4ccc(Oc5ccc([*])cc5C(F)(F)F)cc4)(C(F)(F)F)C(F)(F)F)cc3)c(C(F)(F)F)c2)cc1,480.65
[*]c1ccc(-c2ccc(Oc3ccc(C4(c5ccc(Oc6ccc([*])cc6C(F)(F)F)cc5)c5ccccc5-c5ccccc54)cc3)c(C(F)(F)F)c2)cc1,510.15
[*]c1ccc(-c2ccc(Oc3ccc(Sc4ccc(Oc5ccc([*])cc5C(F)(F)F)cc4)cc3)c(C(F)(F)F)c2)cc1,437.65
[*]c1ccc(-c2ccc([Si](C)(C)[Si]([*])(C)C)s2)s1,318.15
[*]c1ccc(-c2ccc([Si](C)(C)c3ccc4c(c3)C(=O)N(c3cccc(Cc5cccc(N6C(=O)c7ccc([Si]([*])(C)C)cc7C6=O)c5)c3)C4=O)cc2)cc1,558.15
[*]c1ccc(-c2ccc([Si](CCCC)(CCCC)[Si]([*])(CCCC)CCCC)s2)s1,253.15
[*]c1ccc(-c2ccc([Si]([*])(C)C)s2)s1,318.15
[*]c1ccc(-c2ccc([Si]([*])(CCCC)CCCC)s2)s1,263.15
[*]c1ccc(-c2ccc3c(c2)C(=O)N(CCCCCCCCCCCCN2C(=O)c4ccc([*])cc4C2=O)C3=O)cc1,359.15
[*]c1ccc(-c2ccc3c(c2)C(=O)N(CCCCCCCCCCCN2C(=O)c4ccc([*])cc4C2=O)C3=O)cc1,362.15
[*]c1ccc(-c2ccc3c(c2)C(=O)N(CCCCCCCCCCN2C(=O)c4ccc([*])cc4C2=O)C3=O)cc1,376.15
[*]c1ccc(-c2ccc3c(c2)C(=O)N(CCCCCCCCCN2C(=O)c4ccc([*])cc4C2=O)C3=O)cc1,377.15
[*]c1ccc(-c2ccc3c(c2)C(=O)N(CCCCCCCCN2C(=O)c4ccc([*])cc4C2=O)C3=O)cc1,393.15
[*]c1ccc(-c2ccc3c(c2)C(=O)N(CCCCCCCN2C(=O)c4ccc([*])cc4C2=O)C3=O)cc1,408.15
[*]c1ccc(-c2ccc3c(c2)C(=O)N(CCCCCCN2C(=O)c4ccc([*])cc4C2=O)C3=O)cc1,414.15
[*]c1ccc(-c2ccc3c(c2)C(CCCCCC)(CCCCCC)c2cc(-c4ccc(-c5cc(-c6ccc(OCCCCCC)cc6)cc([*])c5-c5ccc(OCCCCCC)cc5)cc4)ccc2-3)cc1,391.15
[*]c1ccc(-c2ccc3c(c2)C(CCCCCC)(CCCCCC)c2cc(-c4ccc(-c5cc(-c6ccc(OCCCCCCCCCCCC)cc6)cc([*])c5-c5ccc(OCCCCCCCCCCCC)cc5)cc4)ccc2-3)cc1,352.15
[*]c1ccc(-c2ccc3c(c2)C(CCCCCC)(CCCCCC)c2cc([*])ccc2-3)cc1,379.35
[*]c1ccc(-c2ccc3c(c2)C(CCCCCCBr)(CCCCCCBr)c2cc([*])ccc2-3)cc1,395.15
[*]c1ccc(-c2ccc3c(c2)C(CCCCCCC#N)(CCCCCCC#N)c2cc([*])ccc2-3)cc1,363.15
[*]c1ccc(-c2ccc3c(c2)C(CCCCCCCC)(CCCCCCCC)c2cc([*])ccc2-3)c(F)c1,307.15
[*]c1ccc(-c2ccc3c(c2)C(CCCCCCCC)(CCCCCCCC)c2cc([*])ccc2-3)cc1,354.15
[*]c1ccc(-c2ccc3ccc4ccc(-c5ccc(-c6cc(CCCCCC)c([*])cc6CCCCCC)cc5)nc4c3n2)cc1,463.15
[*]c1ccc(-c2ccc3nc([*])cc(-c4ccccc4)c3c2)cc1,656.15
[*]c1ccc(-c2ccn(-c3ccc(-n4ccc([*])n4)cc3)n2)cc1,348.15
[*]c1ccc(-c2ccn(CCCCCCn3ccc([*])n3)n2)cc1,328.15
[*]c1ccc(-c2cnc3cc(-c4ccc5nc([*])cnc5c4)ccc3n2)cc1,623.15
[*]c1ccc(-c2cnc3cc(-c4ccc5ncc([*])nc5c4)ccc3n2)cc1,649.15
[*]c1ccc(-c2cnc3cc(Oc4ccc5nc([*])cnc5c4)ccc3n2)cc1,579.15
[*]c1ccc(-c2cnc3cc4nc([*])cnc4cc3n2)cc1,665.15
[*]c1ccc(-c2cnc3cc4ncc([*])nc4cc3n2)cc1,665.15
[*]c1ccc(-c2cnc3ccc(-c4ccc5ncc([*])nc5c4)cc3n2)cc1,649.15
[*]c1ccc(-c2cnc3ccc(Oc4ccc5ncc([*])nc5c4)cc3n2)cc1,579.15
[*]c1ccc(-c2nc3cc(-c4ccc5nc(-c6ccccc6)c(-c6ccc(-n7c(=O)c8cc9c(=O)n([*])c(=O)c9cc8c7=O)cc6)nc5c4)ccc3nc2-c2ccccc2)cc1,490.15
[*]c1ccc(-c2nc3cc(-c4ccc5nc(-c6ccccc6)c(-c6ccc(N7C(=O)C8OC9C(=O)N([*])C(=O)C9C8C7=O)cc6)nc5c4)ccc3nc2-c2ccccc2)cc1,503.15
[*]c1ccc(-c2nc3cc(-c4ccc5oc([*])nc5c4)ccc3o2)cc1,703.15
[*]c1ccc(-c2nc3cc(C(c4ccc5oc(-c6ccc(C([*])(C(F)(F)F)C(F)(F)F)cc6)nc5c4)(C(F)(F)F)C(F)(F)F)ccc3o2)cc1,609.15
[*]c1ccc(-c2nc3cc(C(c4ccc5oc(-c6ccc(C([*])(c7ccccc7)C(F)(F)F)cc6)nc5c4)(C(F)(F)F)C(F)(F)F)ccc3o2)cc1,583.15
[*]c1ccc(-c2nc3cc(C(c4ccccc4)(c4ccc5oc(-c6ccc(C([*])(c7ccccc7)C(F)(F)F)cc6)nc5c4)C(F)(F)F)ccc3o2)cc1,603.15
[*]c1ccc(-c2nc3cc(C)ccc3o2)c([*])c1,494.15
[*]c1ccc(-c2nc3cc(Oc4ccc5nc(-c6ccccc6)c(-c6ccc(-n7c(=O)c8cc9c(=O)n([*])c(=O)c9cc8c7=O)cc6)nc5c4)ccc3nc2-c2ccccc2)cc1,547.15
[*]c1ccc(-c2nc3cc(S(=O)(=O)c4ccc5nc(-c6ccccc6)c(-c6ccc(-n7c(=O)c8cc9c(=O)n([*])c(=O)c9cc8c7=O)cc6)nc5c4)ccc3nc2-c2ccccc2)cc1,459.15
[*]c1ccc(-c2nc3cc4nc(-c5ccccc5)c([*])nc4cc3nc2-c2ccccc2)cc1,668.15
[*]c1ccc(-c2nc3cc4nc([*])c(-c5ccccc5)nc4cc3nc2-c2ccccc2)cc1,668.15
[*]c1ccc(-c2nc3cc4sc([*])nc4cc3s2)cc1,298.15
[*]c1ccc(-c2nc3ccc(-c4ccc5nc(-c6ccc(C([*])(C(F)(F)F)C(F)(F)F)cc6)[nH]c5c4)cc3[nH]2)cc1,542.15
[*]c1ccc(-c2nc3ccc(-c4ccc5nc(-c6ccc(C([*])(C(F)(F)F)C(F)(F)F)cc6)oc5c4)cc3o2)cc1,618.15
[*]c1ccc(-c2nc3ccc(-c4ccc5nc(-c6ccc(C([*])(c7ccccc7)C(F)(F)F)cc6)oc5c4)cc3o2)cc1,623.15
[*]c1ccc(-c2nc3ccc(-c4ccc5nc([*])c(-c6ccccc6)c(-c6ccccc6)c5c4)cc3c(-c3ccccc3)c2-c2ccccc2)cc1,673.15
[*]c1ccc(-c2nc3ccc(Oc4ccc5nc([*])c(-c6ccccc6)c(-c6ccccc6)c5c4)cc3c(-c3ccccc3)c2-c2ccccc2)cc1,618.15
[*]c1ccc(-c2nc3ccccc3o2)c([*])c1,502.15
[*]c1ccc(-c2nnc(-c3ccc(-c4ccc(-c5nnc(-c6ccc([Si]([*])(c7ccccc7)c7ccccc7)cc6)o5)cc4)cc3)o2)cc1,551.15
[*]c1ccc(-c2nnc(-c3ccc(-c4nnc(-c5ccc([Si]([*])(c6ccccc6)c6ccccc6)cc5)o4)c4ccccc34)o2)cc1,546.15
[*]c1ccc(-c2nnc(-c3ccc(-c4nnc(-c5ccc([Si]([*])(c6ccccc6)c6ccccc6)cc5)o4)cc3)o2)cc1,547.15
[*]c1ccc(-c2nnc(-c3ccc(-c4nnc(-c5ccc([Si]([*])(c6ccccc6)c6ccccc6)cc5)o4)nc3)o2)cc1,545.15
[*]c1ccc(-c2nnc(-c3ccc(-c4nnc(-c5ccc([Si]([*])(c6ccccc6)c6ccccc6)cc5)o4)o3)o2)cc1,549.15
[*]c1ccc(-c2nnc(-c3ccc(C4([*])OC(=O)c5ccccc54)cc3)o2)cc1,653.15
[*]c1ccc(-c2nnc(-c3ccc([Si]([*])(c4ccccc4)c4ccccc4)cc3)o2)cc1,535.15
[*]c1ccc(-c2nnc(-c3cccc(-c4nnc(-c5ccc([Si]([*])(c6ccccc6)c6ccccc6)cc5)o4)n3)o2)cc1,538.15
[*]c1ccc(-c2nnc(-c3cccc(-c4nnc([*])n4-c4ccccc4)c3)n2-c2ccccc2)cc1,545.65
[*]c1ccc(-c2nnc(-c3cncc(-c4nnc(-c5ccc([Si]([*])(c6ccccc6)c6ccccc6)cc5)o4)c3)o2)cc1,545.15
[*]c1ccc(-c2nnc([*])o2)c(OCC)c1,504.15
[*]c1ccc(-c2nnc([*])o2)c(OCCCCC)c1,478.15
[*]c1ccc(-c2nnc([*])o2)c(OCCCCCCCC)c1,446.15
[*]c1ccc(-c2nnc([*])o2)c(OCCCCCCCCCC)c1,438.15
[*]c1ccc(-c2sc(-c3cc(CCCC)c([*])s3)cc2CCCC)cc1,395.45
[*]c1ccc(-c2sc(-c3cc(CCCCCCCC)c([*])s3)cc2CCCCCCCC)cc1,323.55
[*]c1ccc(-c2sc(-c3cc(CCCCCCCCCCCC)c([*])s3)cc2CCCCCCCCCCCC)cc1,332.75
[*]c1ccc(-c2sc(-c3cc(SCCCC)c([*])s3)cc2SCCCC)cc1,402.15
[*]c1ccc(-c2sc(-c3cc(SCCCCCCCC)c([*])s3)cc2SCCCCCCCC)cc1,328.45
[*]c1ccc(-c2sc(-c3cc(SCCCCCCCCCCCC)c([*])s3)cc2SCCCCCCCCCCCC)cc1,338.55
[*]c1ccc(-c2sc(-c3ccc(-c4cc(CCCC)c([*])s4)cc3)cc2CCCC)cc1,331.45
[*]c1ccc(-c2sc(-c3ccc(-c4cc(CCCCCCCC)c([*])s4)cc3)cc2CCCCCCCC)cc1,269.15
[*]c1ccc(-c2sc(-c3ccc(-c4cc(CCCCCCCC)c([*])s4)cn3)cc2CCCCCCCC)cc1,289.35
[*]c1ccc(-c2sc(-c3ccc(-c4cc(CCCCCCCCCCCC)c([*])s4)cc3)cc2CCCCCCCCCCCC)cc1,253.95
[*]c1ccc(-c2sc(-c3ccc(-c4cc(SCCCC)c([*])s4)cc3)cc2SCCCC)cc1,299.55
[*]c1ccc(-c2sc(-c3ccc(-c4cc(SCCCCCCCC)c([*])s4)cc3)cc2SCCCCCCCC)cc1,234.35
[*]c1ccc(-c2sc(-c3ccc(-c4ccc(-c5cc(CCCCCCCC)c([*])s5)cc4)cc3)cc2CCCCCCCC)cc1,273.75
[*]c1ccc(-c2sc(-c3ccc(-n4c(=O)c5cc6c(=O)n([*])c(=O)c6cc5c4=O)cc3)c(-c3ccccc3)c2-c2ccccc2)cc1,733.15
[*]c1ccc(-n2c(=O)c3cc4c(=O)n(-c5ccc(-c6cc(-c7ccc(OCCCC#N)cc7)cc([*])n6)cc5)c(=O)c4cc3c2=O)cc1,618.15
[*]c1ccc(-n2c(=O)c3cc4c(=O)n(-c5ccc(N([*])c6ccc(C#N)cc6)cc5)c(=O)c4cc3c2=O)cc1,626.15
[*]c1ccc(-n2c(=O)c3cc4c(=O)n(-c5ccc(Oc6c(C(C)(C)C)cc([*])cc6C(C)(C)C)c(C(F)(F)F)c5)c(=O)c4cc3c2=O)cc1,693.15
[*]c1ccc(-n2c(=O)c3cc4c(=O)n(-c5ccc(Oc6c(C(C)(C)C)cc([*])cc6C(C)(C)C)cc5)c(=O)c4cc3c2=O)cc1,671.65
[*]c1ccc(-n2c(=O)c3cc4c(=O)n([*])c(=O)c4cc3c2=O)cc1,690.15
[*]c1ccc(-n2c(=O)c3cc4c(=O)n([*])c(=O)c4cc3c2=O)cc1S(=O)(=O)O[Na],500.15
[*]c1ccc(-n2nccc2-c2ccc(-c3ccnn3-c3ccc(S([*])(=O)=O)cc3)cc2)cc1,539.15
[*]c1ccc(-n2nccc2-c2cccc(-c3ccnn3-c3ccc(S([*])(=O)=O)cc3)c2)cc1,491.15
[*]c1ccc(/C=C(\C#N)C(=O)NC2CCCCC2NC(=O)/C(C#N)=C/c2ccc(N(CC)c3ccc(Oc4ccc(N([*])CC)cc4)cc3)cc2)cc1,508.15
[*]c1ccc(/C=C/c2ccc(-n3c(=O)c4cc5c(=O)n([*])c(=O)c5cc4c3=O)cc2S(=O)(=O)O[Na])c(S(=O)(=O)O[Na])c1,501.15
[*]c1ccc(/C=N/c2ccc(Oc3ccc(/N=C/c4ccc(N([*])c5ccccc5)cc4)cc3)cc2)cc1,435.15
[*]c1ccc(/C=N/c2ccc(Oc3cccc(Oc4ccc(/N=C/c5ccc(N([*])c6ccccc6)cc5)cc4)c3)cc2)cc1,447.15
[*]c1ccc(/N=C/Nc2ccc(S([*])(=O)=O)cc2)cc1,436.15
[*]c1ccc(/N=C/c2ccc(-c3ccc(-c4ccc(/C=N/c5ccc(C([*])c6ccccc6)cc5)cc4)s3)cc2)cc1,402.15
[*]c1ccc(/N=C/c2ccc(OCCCCCCCCCCOc3ccc(/C=N/c4ccc([*])cc4OC)c(O)c3)cc2O)c(OC)c1,345.15
[*]c1ccc(/N=N/c2ccc(OCC)cc2)cc1C(=O)OCCCCCCOC(=O)c1cc(/N=N/c2ccc(OCC)cc2)ccc1[*],356.15
[*]c1ccc(/N=N/c2ccc(OCC)cc2)cc1C(=O)OCCCOC(=O)c1cc(/N=N/c2ccc(OCC)cc2)ccc1[*],374.15
[*]c1ccc(/N=N/c2ccc(OCC)cc2)cc1C(=O)OCCOCCOCCOC(=O)c1cc(/N=N/c2ccc(OCC)cc2)ccc1[*],338.15
[*]c1ccc(/N=N/c2ccc(OCC)cc2)cc1C(=O)Oc1ccc(-c2ccc(OC(=O)c3cc(/N=N/c4ccc(OCC)cc4)ccc3[*])cc2)cc1,438.15
[*]c1ccc(/N=N/c2ccc(OCC)cc2)cc1C(=O)Oc1ccc(OC(=O)c2cc(/N=N/c3ccc(OCC)cc3)ccc2[*])cc1,443.15
[*]c1ccc(C(=O)N2CCN(C(=O)c3ccc(C([*])(C)CC)cc3)CC2)cc1,505.15
[*]c1ccc(C(=O)NCCCCCCNC(=O)c2ccc(C([*])(C)CC)cc2)cc1,437.15
[*]c1ccc(C(=O)NCCCCCCNC(=O)c2ccc3c(c2)C([*])(C)CC3(C)C)cc1,463.15
[*]c1ccc(C(=O)NCCCCNC(=O)c2ccc(C([*])(C)CC)cc2)cc1,455.15
[*]c1ccc(C(=O)NCCN(CCNC(=O)c2ccc([Si]([*])(C)C)cc2)c2ccc(/C=C/c3ccc([N+](=O)[O-])cc3)cc2)cc1,423.15
[*]c1ccc(C(=O)NCCN(CCNC(=O)c2ccc([Si]([*])(CCCC)CCCC)cc2)c2ccc(/C=C/c3ccc([N+](=O)[O-])cc3)cc2)cc1,388.15
[*]c1ccc(C(=O)Nc2ccc(C(=O)Nc3ccc(-c4ccc(NC(=O)c5ccc(NC(=O)c6ccc([Si]([*])(C)C)cc6)cc5)cc4)cc3)cc2)cc1,593.15
[*]c1ccc(C(=O)Nc2ccc(C(=O)Nc3ccc(-c4sc(-c5ccc(NC(=O)c6ccc(NC(=O)c7ccc([Si]([*])(C)C)cc7)cc6)cc5)c(-c5ccccc5)c4-c4ccccc4)cc3)cc2)cc1,610.15
[*]c1ccc(C(=O)Nc2ccc(C(=O)Nc3ccc(Cc4ccc(NC(=O)c5ccc(NC(=O)c6ccc([Si]([*])(C)C)cc6)cc5)cc4)cc3)cc2)cc1,573.15
[*]c1ccc(C(=O)Nc2ccc(C(=O)Nc3ccc(NC(=O)c4ccc(NC(=O)c5ccc([Si]([*])(C)C)cc5)cc4)cc3)cc2)cc1,611.15
[*]c1ccc(C(=O)Nc2ccc(C(=O)Nc3ccc(Oc4ccc(NC(=O)c5ccc(NC(=O)c6ccc([Si]([*])(C)C)cc6)cc5)cc4)cc3)cc2)cc1,577.15
[*]c1ccc(C(=O)Nc2ccc(C(=O)Nc3ccc(S(=O)(=O)c4ccc(NC(=O)c5ccc(NC(=O)c6ccc([Si]([*])(C)C)cc6)cc5)cc4)cc3)cc2)cc1,588.15
[*]c1ccc(C(=O)Nc2ccc(C(=O)Nc3cccc(NC(=O)c4ccc(NC(=O)c5ccc([Si]([*])(C)C)cc5)cc4)c3)cc2)cc1,576.15
[*]c1ccc(C(=O)Nc2ccc(C(=O)Nc3cccc4c(NC(=O)c5ccc(NC(=O)c6ccc([Si]([*])(C)C)cc6)cc5)cccc34)cc2)cc1,651.15
[*]c1ccc(C(=O)Nc2ccc(C(c3ccc(NC(=O)c4ccc([*])cc4C)cc3)(C(F)(F)F)C(F)(F)F)cc2)c(C)c1,562.15
[*]c1ccc(C(=O)Nc2ccc(C3(c4ccc(NC(=O)c5ccc([*])cc5C)cc4)c4ccccc4-c4ccccc43)cc2)c(C)c1,566.15
[*]c1ccc(C(=O)Nc2ccc(NC(=O)c3ccc(C([*])(C(F)(F)F)C(F)(F)F)cc3C(=O)OCC)cc2)c(C(=O)OCC)c1,543.15
[*]c1ccc(C(=O)Nc2ccc(OC(=O)c3ccc([Si]([*])(C)C)cc3)cc2)cc1,493.15
[*]c1ccc(C(=O)Nc2ccc(Oc3ccc(C(C)(C)c4ccc(Oc5ccc(NC(=O)c6ccc([*])cc6C)cc5)cc4)cc3)cc2)c(C)c1,503.15
[*]c1ccc(C(=O)Nc2ccc(Oc3ccc(Oc4ccc(NC(=O)c5ccc([*])cc5C)cc4)cc3)cc2)c(C)c1,492.15
[*]c1ccc(C(=O)Nc2ccc(Oc3ccc(Oc4ccc(Oc5ccc(NC(=O)c6ccc([*])cc6C)cc5)cc4)cc3)cc2)c(C)c1,473.15
[*]c1ccc(C(=O)Nc2ccc(Oc3ccc(S(=O)(=O)c4ccc(Oc5ccc(NC(=O)c6ccc([*])cc6C)cc5)cc4)cc3)cc2)c(C)c1,524.15
[*]c1ccc(C(=O)Nc2ccc(Oc3cccc(Oc4ccc(NC(=O)c5ccc([*])cc5C)cc4)c3)cc2)c(C)c1,486.15
[*]c1ccc(C(=O)Nc2cccc(OC(=O)c3ccc([Si]([*])(C)C)cc3)c2)cc1,493.15
[*]c1ccc(C(=O)Nc2cccc(Oc3ccc(S(=O)(=O)c4ccc(Oc5cccc(NC(=O)c6ccc([*])cc6C)c5)cc4)cc3)c2)c(C)c1,493.15
[*]c1ccc(C(=O)Nc2cccc(S(=O)(=O)c3cccc(NC(=O)c4ccc([*])cc4C)c3)c2)c(C)c1,533.15
[*]c1ccc(C(=O)O)c(C(=O)Nc2ccc(Oc3ccc(NC(=O)c4cc([*])ccc4C(=O)O)cc3)cc2)c1,457.55
[*]c1ccc(C(=O)OC(=O)c2ccc(C([*])(C)C)cc2)cc1,373.15
[*]c1ccc(C(=O)OCC)c(C(=O)Nc2ccc(Oc3ccc(NC(=O)c4cc([*])ccc4C(=O)OCC)cc3)cc2)c1,463.3
[*]c1ccc(C(=O)OCCCCOC(=O)c2ccc(C([*])(C)C)cc2)cc1,317.15
[*]c1ccc(C(=O)OCCCCOC(=O)c2ccc([Si]([*])(C)C)cc2)cc1,315.15
[*]c1ccc(C(=O)OCCN(CCOC(=O)c2ccc([Si]([*])(C)C)cc2)c2ccc(/C=C/c3ccc([N+](=O)[O-])cc3)cc2)cc1,400.15
[*]c1ccc(C(=O)OCCOC(=O)c2ccc(C([*])(C)CC)cc2)cc1,368.15
[*]c1ccc(C(=O)OCCOC(=O)c2ccc3c(c2)C([*])(C)CC3(C)C)cc1,427.15
[*]c1ccc(C(=O)Oc2ccc(C(=O)c3ccc(OC(=O)c4ccc(C([*])(C)C)cc4)cc3)cc2)cc1,403.15
[*]c1ccc(C(=O)Oc2ccc(C(C)(C)c3ccc(OC(=O)c4ccc(C([*])(C)CC)cc4)cc3)cc2)cc1,484.15
[*]c1ccc(C(=O)Oc2ccc(C(C)(C)c3ccc(OC(=O)c4ccc5c(c4)C([*])(C)CC5(C)C)cc3)cc2)cc1,538.15
[*]c1ccc(C(=O)Oc2ccc(C3(c4ccc(OC(=O)c5ccc([Si]([*])(C)C)cc5)cc4)OC(=O)c4ccccc43)cc2)cc1,487.15
[*]c1ccc(C(=O)Oc2ccc(C3(c4ccc(OC(=O)c5ccc([Si]([*])(C)C)cc5)cc4)c4ccccc4C(=O)N3c3ccccc3)cc2)cc1,528.15
[*]c1ccc(C(=O)Oc2ccc(Cc3ccc(OC(=O)c4ccc(C([*])(C)C)cc4)cc3)cc2)cc1,413.15
[*]c1ccc(C(=O)Oc2ccc(OC(=O)c3ccc(C([*])(C)C)cc3)cc2)cc1,468.15
[*]c1ccc(C(=O)Oc2ccc(OC(=O)c3ccc([Si]([*])(C)C)cc3)cc2)cc1,449.15
[*]c1ccc(C(=O)Oc2ccc(S(=O)(=O)c3ccc(OC(=O)c4ccc([Si]([*])(C)C)cc4)cc3)cc2)cc1,508.15
[*]c1ccc(C(=O)Oc2ccc3c(c2)Oc2cc(OC(=O)c4ccc5c(c4)C([*])(C)CC5(C)C)ccc2C3(C)C)cc1,570.15
[*]c1ccc(C(=O)Oc2cccc(OC(=O)c3ccc(C([*])(C)C)cc3)c2)cc1,431.15
[*]c1ccc(C(=O)Oc2cccc(OC(=O)c3ccc([Si]([*])(C)C)cc3)c2)cc1,407.15
[*]c1ccc(C(=O)c2ccc(Oc3ccc(C(c4ccc(Oc5ccc(C(=O)c6ccc(C([*])(C)C)cc6)cc5)cc4)(C(F)(F)F)C(F)(F)F)cc3)cc2)cc1,452.15
[*]c1ccc(C(=O)c2ccc(Sc3ccc(C(=O)c4ccc(C([*])(C)C)cc4)cc3)cc2)cc1,448.15
[*]c1ccc(C(C#N)(C(=O)O)C([*])(C#N)C(=O)O)cc1,381.15
[*]c1ccc(C(C#N)(C(=O)OC)C([*])(C#N)C(=O)OC)cc1,381.15
[*]c1ccc(C(C#N)(C(=O)OCC(C)C)C([*])(C#N)C(=O)OCC(C)C)cc1,381.15
[*]c1ccc(C(C#N)(C(=O)OCC)C([*])(C#N)C(=O)OCC)cc1,381.15
[*]c1ccc(C(C#N)(C(=O)OCCCC)C([*])(C#N)C(=O)OCCCC)cc1,381.15
[*]c1ccc(C(Cl)(Cl)C([*])Cl)cc1,433.15
[*]c1ccc(C(F)(F)C([*])(F)F)cc1,350.1
[*]c1ccc(C([*])C)cc1,366.15
[*]c1ccc(C(c2ccc(C#N)cc2)c2ccc(N([*])c3ccc(C)cc3)cc2)cc1,503.15
[*]c1ccc(C(c2ccc(N([*])c3ccc(C)cc3)cc2)c2ccc([N+](=O)[O-])cc2)cc1,488.15
[*]c1ccc(C(c2ccc(N3C(=O)c4cc5c(cc4C3=O)C(C(F)(F)F)(C(F)(F)F)c3cc4c(cc3O5)C(=O)N([*])C4=O)cc2)(C(F)(F)F)C(F)(F)F)cc1,703.15
[*]c1ccc(C(c2ccccc2)(c2ccc(-n3c(=O)c4cc5c(=O)n([*])c(=O)c5cc4c3=O)cc2)C(F)(F)F)cc1,709.15
[*]c1ccc(C(c2ccccc2)c2ccc(-n3c(=O)c4cc5c(=O)n([*])c(=O)c5cc4c3=O)cc2)cc1,594.15
[*]c1ccc(C(c2ccccc2)c2ccc(N([*])c3ccc(C)cc3)cc2)cc1,472.15
[*]c1ccc(C)c(N2C(=O)C(=O)N(CCCCCCN3C(=O)C(=O)N([*])C3=O)C2=O)c1,454.65
[*]c1ccc(C)c(N2C(=O)c3ccc(-c4ccc5c(c4)C(=O)N([*])C5=O)cc3C2=O)c1,668.15
[*]c1ccc(C)c(N2C(=O)c3ccc(C(=O)Nc4ccc(Oc5ccc(-c6ccc(Oc7ccc(NC(=O)c8ccc9c(c8)C(=O)N([*])C9=O)cc7)cc6)cc5)cc4)cc3C2=O)c1,572.15
[*]c1ccc(C)c(N2C(=O)c3ccc(C(=O)Nc4ccc(Oc5ccccc5-c5ccccc5Oc5ccc(NC(=O)c6ccc7c(c6)C(=O)N([*])C7=O)cc5)cc4)cc3C2=O)c1,539.15
[*]c1ccc(C)c(N2C(=O)c3ccc(C(c4ccc5c(c4)C(=O)N([*])C5=O)(C(F)(F)F)C(F)(F)F)cc3C2=O)c1,608.15
[*]c1ccc(C)c(N2C(=O)c3ccc(C(c4ccc5c(c4)C(=O)N(c4ccc(C([*])(C(F)(F)F)C(F)(F)F)cc4C)C5=O)(C(F)(F)F)C(F)(F)F)cc3C2=O)c1,539.15
[*]c1ccc(C)c(N2C(=O)c3ccc(S(=O)(=O)c4ccc5c(c4)C(=O)N([*])C5=O)cc3C2=O)c1,621.15
[*]c1ccc(C)c(NC(=O)OCCN(CCOC(=O)Nc2ccc(C)c(N3C(=O)c4ccc(C(c5ccc6c(c5)C(=O)N([*])C6=O)(C(F)(F)F)C(F)(F)F)cc4C3=O)c2)c2ccc(/N=N/c3ccc([N+](=O)[O-])cc3)cc2)c1,469.15
[*]c1ccc(C)c(NC(=O)c2ccc(OC(=O)c3ccc(C(=O)Oc4ccc(C(=O)Nc5cc(C([*])(C(F)(F)F)C(F)(F)F)ccc5C)cc4)cc3)cc2)c1,486.15
[*]c1ccc(C)c(S(=O)(=O)Oc2ccc(C3(c4ccc(OS([*])(=O)=O)cc4)CCCC3)cc2)c1,407.15
[*]c1ccc(C)c(S(=O)(=O)Oc2ccc(C3(c4ccc(OS([*])(=O)=O)cc4)CCCCC3)cc2)c1,415.15
[*]c1ccc(C2(c3ccc(-c4cc(-c5ccccc5)c5cc(-c6ccc7nc([*])cc(-c8ccccc8)c7c6)ccc5n4)cc3)c3ccccc3-c3ccccc32)cc1,693.15
[*]c1ccc(C2(c3ccc(-c4cc(-c5ccccc5)c5cc(C6(c7ccc8nc([*])cc(-c9ccccc9)c8c7)c7ccccc7-c7ccccc76)ccc5n4)cc3)c3ccccc3-c3ccccc32)cc1,663.15
[*]c1ccc(C2(c3ccc(-c4cc(-c5ccccc5)c5cc(Oc6ccc7nc([*])cc(-c8ccccc8)c7c6)ccc5n4)cc3)c3ccccc3-c3ccccc32)cc1,583.15
[*]c1ccc(C2=C(c3ccc(-c4ccc5c(c4)C(CCCCCC)(CCCCCC)c4cc([*])ccc4-5)cc3)C(=O)N(CCCC)C2=O)cc1,428.15
[*]c1ccc(C=Cc2ccc3c4ccc(C=Cc5ccc(N([*])c6ccc(OCC(CC)CCCC)cc6)cc5)cc4n(CC(CC)CCCC)c3c2)cc1,405.15
[*]c1ccc(CCCCCCCCCCCCCCc2ccc(-c3c(-c4ccccc4)cc(-c4ccc(-c5cc(-c6ccccc6)c([*])c(-c6ccccc6)c5-c5ccccc5)cc4)c(-c4ccccc4)c3-c3ccccc3)cc2)cc1,458.15
[*]c1ccc(CCCCCCCCCCCCCCc2ccc(-c3c(-c4ccccc4)cc(-c4cccc(-c5cc(-c6ccccc6)c([*])c(-c6ccccc6)c5-c5ccccc5)c4)c(-c4ccccc4)c3-c3ccccc3)cc2)cc1,433.15
[*]c1ccc(CCCCCCCCCCc2ccc(-c3c(-c4ccccc4)cc(-c4ccc(-c5cc(-c6ccccc6)c([*])c(-c6ccccc6)c5-c5ccccc5)cc4)c(-c4ccccc4)c3-c3ccccc3)cc2)cc1,508.15
[*]c1ccc(CCCCCCCCCCc2ccc(-c3c(-c4ccccc4)cc(-c4cccc(-c5cc(-c6ccccc6)c([*])c(-c6ccccc6)c5-c5ccccc5)c4)c(-c4ccccc4)c3-c3ccccc3)cc2)cc1,453.15
[*]c1ccc(CCCCCCc2ccc(-c3c(-c4ccccc4)cc(-c4ccc(-c5cc(-c6ccccc6)c([*])c(-c6ccccc6)c5-c5ccccc5)cc4)c(-c4ccccc4)c3-c3ccccc3)cc2)cc1,523.15
[*]c1ccc(CCCCCCc2ccc(-c3c(-c4ccccc4)cc(-c4cccc(-c5cc(-c6ccccc6)c([*])c(-c6ccccc6)c5-c5ccccc5)c4)c(-c4ccccc4)c3-c3ccccc3)cc2)cc1,488.15
[*]c1ccc(CCCCc2ccc(-c3c(-c4ccccc4)cc(-c4ccc(-c5cc(-c6ccccc6)c([*])c(-c6ccccc6)c5-c5ccccc5)cc4)c(-c4ccccc4)c3-c3ccccc3)cc2)cc1,478.15
[*]c1ccc(CCCCc2ccc(-c3c(-c4ccccc4)cc(-c4cccc(-c5cc(-c6ccccc6)c([*])c(-c6ccccc6)c5-c5ccccc5)c4)c(-c4ccccc4)c3-c3ccccc3)cc2)cc1,453.15
[*]c1ccc(CCCc2ccc(-c3c(-c4ccccc4)cc(-c4ccc(-c5cc(-c6ccccc6)c([*])c(-c6ccccc6)c5-c5ccccc5)cc4)c(-c4ccccc4)c3-c3ccccc3)cc2)cc1,563.15
[*]c1ccc(CCCc2ccc(-c3c(-c4ccccc4)cc(-c4cccc(-c5cc(-c6ccccc6)c([*])c(-c6ccccc6)c5-c5ccccc5)c4)c(-c4ccccc4)c3-c3ccccc3)cc2)cc1,513.15
[*]c1ccc(CCc2ccc(N3C(=O)C(=O)N([*])C3=O)cc2)cc1,469.15
[*]c1ccc(CCc2ccccc2N2C(=O)C(=O)N(CCCCCCN3C(=O)C(=O)N([*])C3=O)C2=O)cc1,410.15
[*]c1ccc(CCc2ccccc2N2C(=O)C(=O)N(c3ccc(CCc4ccc(N5C(=O)C(=O)N([*])C5=O)cc4)cc3)C2=O)cc1,493.15
[*]c1ccc(CN2C(=O)c3ccc(-c4ccc5c(c4)C(=O)N(Cc4ccc(C([*])(C)C)o4)C5=O)cc3C2=O)o1,402.15
[*]c1ccc(CN2C(=O)c3ccc(C(c4ccc5c(c4)C(=O)N(Cc4ccc(C([*])(C)C)o4)C5=O)(C(F)(F)F)C(F)(F)F)cc3C2=O)o1,407.15
[*]c1ccc(CN2C(=O)c3ccc(Oc4ccc5c(c4)C(=O)N(Cc4ccc(C([*])(C)C)o4)C5=O)cc3C2=O)o1,389.15
[*]c1ccc(CN2C(=O)c3ccc(Oc4ccc5c(c4)C(=O)N(Cc4ccc(C([*])C)o4)C5=O)cc3C2=O)o1,402.15
[*]c1ccc(CNC(=O)OC(c2ccco2)C(OC(=O)NCc2ccc(C([*])(C)C)o2)c2ccco2)o1,318.15
[*]c1ccc(CNC(=O)OCC(OC(=O)NCc2ccc(C([*])(C)C)o2)c2ccco2)o1,293.15
[*]c1ccc(CNC(=O)OCC(OC(=O)NCc2ccc(C([*])CCC)o2)c2ccco2)o1,316.15
[*]c1ccc(CNC(=O)OCCOC(=O)NCc2ccc(C([*])(C)C)o2)o1,323.15
[*]c1ccc(CNC(=O)OCc2ccc(COC(=O)NCc3ccc(C([*])(C)C)o3)o2)o1,328.15
[*]c1ccc(CNC(=O)OCc2ccc(COCc3ccc(COC(=O)NCc4ccc(C([*])(C)C)o4)o3)o2)o1,312.15
[*]c1ccc(CNC(=O)OCc2cocc2COC(=O)NCc2ccc(C([*])(C)C)o2)o1,298.15
[*]c1ccc(Cc2ccc(-n3c(=O)c4cc5c(=O)n([*])c(=O)c5cc4c3=O)cc2)cc1,624.15
[*]c1ccc(Cc2ccc(-n3nc(-c4ccccc4)cc3-c3ccc(-c4cc(-c5ccccc5)nn4[*])cc3)cc2)cc1,525.15
[*]c1ccc(Cc2ccc(-n3nc(-c4ccccc4)cc3-c3cccc(-c4cc(-c5ccccc5)nn4[*])c3)cc2)cc1,498.15
[*]c1ccc(Cc2ccc(-n3nccc3-c3ccc(-c4ccnn4[*])cc3)cc2)cc1,475.15
[*]c1ccc(Cc2ccc(N(c3ccc(C)cc3)c3ccc(-c4ccc(N([*])c5ccc(C)cc5)cc4)cc3)cc2)cc1,456.15
[*]c1ccc(Cc2ccc(N3C(=O)C(=O)N(CCCCCCN4C(=O)C(=O)N([*])C4=O)C3=O)cc2)cc1,431.15
[*]c1ccc(Cc2ccc(N3C(=O)C(=O)N(c4ccccc4CCc4ccc(N5C(=O)C(=O)N([*])C5=O)cc4)C3=O)cc2)cc1,471.15
[*]c1ccc(Cc2ccc(N3C(=O)C4CCC5C(=O)N([*])C(=O)C5C4C3=O)cc2)cc1,614.15
[*]c1ccc(Cc2ccc(N3C(=O)CC(C)(SCCOCCSC4(C)CC(=O)N(c5ccc(Cc6ccc(N7C(=O)C(C)C(SCCOCCSC8C(=O)N([*])C(=O)C8C)C7=O)cc6)cc5)C4=O)C3=O)cc2)cc1,378.15
[*]c1ccc(Cc2ccc(N3C(=O)N(c4ccc(Cc5ccc(N6C(=O)N([*])C(=O)C6(C)C)cc5)cc4)C(C)(C)C3=O)cc2)cc1,532.65
[*]c1ccc(Cc2ccc(N3C(=O)c4c(c(-c5ccccc5)c(-c5ccc(Oc6ccc(-c7c(-c8ccccc8)c8c(c(-c9ccccc9)c7-c7ccccc7)C(=O)N([*])C8=O)cc6)cc5)c(-c5ccccc5)c4-c4ccccc4)C3=O)cc2)cc1,629.15
[*]c1ccc(Cc2ccc(N3C(=O)c4ccc(-c5ccc6c(c5)C(=O)N([*])C6=O)cc4C3=O)c(C)c2C)c(C)c1C,570.15
[*]c1ccc(Cc2ccc(N3C(=O)c4ccc(Oc5ccc(Oc6ccc7c(c6)C(=O)N([*])C7=O)cc5)cc4C3=O)c(C)c2C)c(C)c1C,550.15
[*]c1ccc(Cc2ccc(S([*])(=O)=O)cc2)cc1,500.65
[*]c1ccc(Cc2ccc3c(c2)C(=O)N(c2cccc(N4C(=O)c5ccc(Oc6ccc(C([*])(C)C)cc6)cc5C4=O)c2)C3=O)cc1,488.15
[*]c1ccc(Cn2c(=O)c3cc4c(=O)n(Cc5ccc(C([*])(C)C)o5)c(=O)c4cc3c2=O)o1,411.15
[*]c1ccc(Cn2c(=O)c3cc4c(=O)n(Cc5ccc(C([*])(C)CC)o5)c(=O)c4cc3c2=O)o1,416.15
[*]c1ccc(Cn2c(=O)c3cc4c(=O)n(Cc5ccc(C([*])(C)CCC)o5)c(=O)c4cc3c2=O)o1,407.15
[*]c1ccc(Cn2c(=O)c3cc4c(=O)n(Cc5ccc(C([*])C)o5)c(=O)c4cc3c2=O)o1,389.15
[*]c1ccc(N(c2ccc(-c3ccc4c(c3)C(CCCCCCCC)(CCCCCCCC)c3cc([*])ccc3-4)cc2)c2ccc(C(C)CC)cc2)cc1,413.15
[*]c1ccc(N(c2ccc(-c3ccc4c(c3)C(CCCCCCCC)(CCCCCCCC)c3cc([*])ccc3-4)cc2)c2ccc(N(c3ccc(C(C)(C)c4ccccc4)cc3)c3ccc(C(C)(C)c4ccccc4)cc3)cc2)cc1,410.15
[*]c1ccc(N(c2ccc(C)cc2)c2ccc(C([*])c3ccc(C(=O)OC)cc3)cc2)cc1,495.15
[*]c1ccc(N(c2ccc(C)cc2)c2ccc(C([*])c3ccc(OCCCC)cc3)cc2)cc1,443.15
[*]c1ccc(N2C(=O)C3ON(C)C(c4ccc(C5C6C(=O)N([*])C(=O)C6ON5C)cc4)C3C2=O)cc1,340.15
[*]c1ccc(N2C(=O)C3ON(C)C(c4ccc(OCCCCCCOc5ccc(C6C7C(=O)N([*])C(=O)C7ON6C)cc5)cc4)C3C2=O)cc1,325.15
[*]c1ccc(N2C(=O)c3c(c(-c4ccccc4)c(-c4ccc(-c5c(-c6ccccc6)c6c(c(-c7ccccc7)c5-c5ccccc5)C(=O)N([*])C6=O)cc4)c(-c4ccccc4)c3-c3ccccc3)C2=O)cc1,739.15
[*]c1ccc(N2C(=O)c3c(c(-c4ccccc4)c(-c4ccc(Oc5ccc(-c6c(-c7ccccc7)c7c(c(-c8ccccc8)c6-c6ccccc6)C(=O)N([*])C7=O)cc5)cc4)c(-c4ccccc4)c3-c3ccccc3)C2=O)cc1,644.15
[*]c1ccc(N2C(=O)c3ccc(-c4ccc5c(c4)C(=O)N(c4ccc(-c6cc(-c7ccc(OCCCC#N)cc7)cc([*])n6)cc4)C5=O)cc3C2=O)cc1,633.15
[*]c1ccc(N2C(=O)c3ccc(-c4ccc5c(c4)C(=O)N(c4ccc(N([*])c6ccc(C#N)cc6)cc4)C5=O)cc3C2=O)cc1,631.15
[*]c1ccc(N2C(=O)c3ccc(-c4ccc5c(c4)C(=O)N(c4ccc(Oc6c(C(C)(C)C)cc([*])cc6C(C)(C)C)c(C(F)(F)F)c4)C5=O)cc3C2=O)cc1,662.15
[*]c1ccc(N2C(=O)c3ccc(-c4ccc5c(c4)C(=O)N(c4ccc(Oc6c(C(C)(C)C)cc([*])cc6C(C)(C)C)cc4)C5=O)cc3C2=O)cc1,654.65
[*]c1ccc(N2C(=O)c3ccc(-c4ccc5c(c4)C(=O)N(c4ccc([*])cc4C)C5=O)cc3C2=O)c(C)c1,575.15
[*]c1ccc(N2C(=O)c3ccc(-c4cccc5c4C(=O)N(c4ccc([*])cc4C)C5=O)cc3C2=O)c(C)c1,657.15
[*]c1ccc(N2C(=O)c3ccc(C(=O)Nc4ccc(C(c5ccc(NC(=O)c6ccc7c(c6)C(=O)N(c6ccc([*])cc6OC)C7=O)cc5)(C(F)(F)F)C(F)(F)F)cc4)cc3C2=O)c(OC)c1,523.15
[*]c1ccc(N2C(=O)c3ccc(C(=O)Nc4ccc(C5(c6ccc(NC(=O)c7ccc8c(c7)C(=O)N(c7ccc([*])cc7OC)C8=O)cc6)c6ccccc6-c6ccccc65)cc4)cc3C2=O)c(OC)c1,454.15
[*]c1ccc(N2C(=O)c3ccc(C(=O)c4ccc5c(c4)C(=O)N(c4ccc(-c6cc(-c7ccc(OC)cc7)cc([*])n6)cc4)C5=O)cc3C2=O)cc1,604.15
[*]c1ccc(N2C(=O)c3ccc(C(=O)c4ccc5c(c4)C(=O)N(c4ccc(-c6cc(-c7ccc(OCCCC#N)cc7)cc([*])n6)cc4)C5=O)cc3C2=O)cc1,615.15
[*]c1ccc(N2C(=O)c3ccc(C(=O)c4ccc5c(c4)C(=O)N(c4ccc(C(C)(C)c6ccc(C([*])(C)C)cc6)cc4)C5=O)cc3C2=O)cc1,595.15
[*]c1ccc(N2C(=O)c3ccc(C(=O)c4ccc5c(c4)C(=O)N(c4ccc(C(C)(C)c6cccc(C([*])(C)C)c6)cc4)C5=O)cc3C2=O)cc1,589.65
[*]c1ccc(N2C(=O)c3ccc(C(=O)c4ccc5c(c4)C(=O)N(c4ccc(N([*])c6ccc(C#N)cc6)cc4)C5=O)cc3C2=O)cc1,588.15
[*]c1ccc(N2C(=O)c3ccc(C(=O)c4ccc5c(c4)C(=O)N(c4ccc(Oc6c(C(C)(C)C)cc([*])cc6C(C)(C)C)c(C(F)(F)F)c4)C5=O)cc3C2=O)cc1,635.15
[*]c1ccc(N2C(=O)c3ccc(C(=O)c4ccc5c(c4)C(=O)N(c4ccc(Oc6c(C(C)(C)C)cc([*])cc6C(C)(C)C)cc4)C5=O)cc3C2=O)cc1,620.65
[*]c1ccc(N2C(=O)c3ccc(C(=O)c4ccc5c(c4)C(=O)N(c4ccc([*])cc4C)C5=O)cc3C2=O)c(C)c1,638.15
[*]c1ccc(N2C(=O)c3ccc(C(=O)c4ccc5c(c4)C(=O)N(c4ccc6c(c4)C([*])(C)CC6(C)C)C5=O)cc3C2=O)cc1,593.15
[*]c1ccc(N2C(=O)c3ccc(C(c4ccc5c(c4)C(=O)N(c4ccc(-c6cc(-c7ccc(OCCCC#N)cc7)cc([*])n6)cc4)C5=O)(C(F)(F)F)C(F)(F)F)cc3C2=O)cc1,612.15
[*]c1ccc(N2C(=O)c3ccc(C(c4ccc5c(c4)C(=O)N(c4ccc(C(C)(C)c6ccc(C([*])(C)C)cc6)cc4)C5=O)(C(F)(F)F)C(F)(F)F)cc3C2=O)cc1,508.55
[*]c1ccc(N2C(=O)c3ccc(C(c4ccc5c(c4)C(=O)N(c4ccc(C([*])(C)C)cc4)C5=O)(C(F)(F)F)C(F)(F)F)cc3C2=O)cc1,583.15
[*]c1ccc(N2C(=O)c3ccc(C(c4ccc5c(c4)C(=O)N(c4ccc(C6([*])c7ccccc7-c7ccccc76)cc4C(C)C)C5=O)(C(F)(F)F)C(F)(F)F)cc3C2=O)c(C(C)C)c1,572.15
[*]c1ccc(N2C(=O)c3ccc(C(c4ccc5c(c4)C(=O)N(c4ccc(N([*])c6ccc(C#N)cc6)cc4)C5=O)(C(F)(F)F)C(F)(F)F)cc3C2=O)cc1,594.15
[*]c1ccc(N2C(=O)c3ccc(C(c4ccc5c(c4)C(=O)N(c4ccc(Oc6c(C(C)(C)C)cc([*])cc6C(C)(C)C)c(C(F)(F)F)c4)C5=O)(C(F)(F)F)C(F)(F)F)cc3C2=O)cc1,635.65
[*]c1ccc(N2C(=O)c3ccc(C(c4ccc5c(c4)C(=O)N(c4ccc(Oc6c(C(C)(C)C)cc([*])cc6C(C)(C)C)cc4)C5=O)(C(F)(F)F)C(F)(F)F)cc3C2=O)cc1,628.15
[*]c1ccc(N2C(=O)c3ccc(C(c4ccc5c(c4)C(=O)N(c4ccc([*])cc4C)C5=O)(C(F)(F)F)C(F)(F)F)cc3C2=O)c(C)c1,625.15
[*]c1ccc(N2C(=O)c3ccc(C(c4ccc5c(c4)C(=O)N(c4ccc([*])cc4OC(=O)/C=C/c4ccccc4)C5=O)(C(F)(F)F)C(F)(F)F)cc3C2=O)c(OC(=O)/C=C/c2ccccc2)c1,454.15
[*]c1ccc(N2C(=O)c3ccc(C(c4ccc5c(c4)C(=O)N(c4ccc([*])cc4OCCN(CC)c4ccc(C(C#N)=C(C#N)C#N)cc4)C5=O)(C(F)(F)F)C(F)(F)F)cc3C2=O)c(OCCN(CC)c2ccc(C(C#N)=C(C#N)C#N)cc2)c1,495.15
[*]c1ccc(N2C(=O)c3ccc(C(c4ccc5c(c4)C(=O)N(c4ccc([*])cc4OCCOc4ccc6c(C)cc(=O)oc6c4)C5=O)(C(F)(F)F)C(F)(F)F)cc3C2=O)c(OCCOc2ccc3c(C)cc(=O)oc3c2)c1,405.15
[*]c1ccc(N2C(=O)c3ccc(C(c4ccc5c(c4)C(=O)N(c4cccc(C([*])(C)C)c4)C5=O)(C(F)(F)F)C(F)(F)F)cc3C2=O)cc1,533.15
[*]c1ccc(N2C(=O)c3ccc(Oc4ccc(C(c5ccc(Oc6ccc7c(c6)C(=O)N(c6ccc(N([*])c8ccc(C#N)cc8)cc6)C7=O)cc5)(C(F)(F)F)C(F)(F)F)cc4)cc3C2=O)cc1,507.15
[*]c1ccc(N2C(=O)c3ccc(Oc4ccc(C5(c6ccc(Oc7ccc8c(c7)C(=O)N(c7ccc(N([*])c9ccc(C#N)cc9)cc7)C8=O)cc6)CCCCC5)cc4)cc3C2=O)cc1,516.15
[*]c1ccc(N2C(=O)c3ccc(Oc4ccc(C5(c6ccc(Oc7ccc8c(c7)C(=O)N(c7ccc(N([*])c9ccc(C#N)cc9)cc7)C8=O)cc6)c6ccccc6-c6ccccc65)cc4)cc3C2=O)cc1,552.15
[*]c1ccc(N2C(=O)c3ccc(Oc4ccc(Oc5ccc6c(c5)C(=O)N(c5ccc(C([*])(C)C)cc5)C6=O)cc4)cc3C2=O)cc1,537.15
[*]c1ccc(N2C(=O)c3ccc(Oc4ccc(Oc5ccc6c(c5)C(=O)N(c5ccc([*])cc5OC)C6=O)cc4)cc3C2=O)c(OC)c1,547.15
[*]c1ccc(N2C(=O)c3ccc(Oc4ccc5c(c4)C(=O)N(c4ccc(-c6cc(-c7ccc(OCCCC#N)cc7)cc([*])n6)cc4)C5=O)cc3C2=O)cc1,588.15
[*]c1ccc(N2C(=O)c3ccc(Oc4ccc5c(c4)C(=O)N(c4ccc(C([*])(C)C)cc4)C5=O)cc3C2=O)cc1,538.15
[*]c1ccc(N2C(=O)c3ccc(Oc4ccc5c(c4)C(=O)N(c4ccc(N([*])c6ccc(C#N)cc6)cc4)C5=O)cc3C2=O)cc1,577.15
[*]c1ccc(N2C(=O)c3ccc(Oc4ccc5c(c4)C(=O)N(c4ccc(Oc6c(C(C)(C)C)cc([*])cc6C(C)(C)C)c(C(F)(F)F)c4)C5=O)cc3C2=O)cc1,626.15
[*]c1ccc(N2C(=O)c3ccc(Oc4ccc5c(c4)C(=O)N(c4ccc(Oc6c(C(C)(C)C)cc([*])cc6C(C)(C)C)cc4)C5=O)cc3C2=O)cc1,615.15
[*]c1ccc(N2C(=O)c3ccc(Oc4ccc5cc(Oc6ccc7c(c6)C(=O)N(c6ccc(C(C)(C)c8ccc(C([*])(C)C)cc8)cc6)C7=O)ccc5c4)cc3C2=O)cc1,519.15
[*]c1ccc(N2C(=O)c3ccc(Oc4ccc5cc(Oc6ccc7c(c6)C(=O)N(c6ccc(C([*])(C)C)cc6)C7=O)ccc5c4)cc3C2=O)cc1,509.15
[*]c1ccc(N2C(=O)c3ccc(Oc4ccc5ccc(Oc6ccc7c(c6)C(=O)N(c6ccc(C(C)(C)c8ccc(C([*])(C)C)cc8)cc6)C7=O)cc5c4)cc3C2=O)cc1,519.15
[*]c1ccc(N2C(=O)c3ccc(Oc4ccc5ccc(Oc6ccc7c(c6)C(=O)N(c6ccc(C([*])(C)C)cc6)C7=O)cc5c4)cc3C2=O)cc1,520.15
[*]c1ccc(N2C(=O)c3ccc(Oc4cccc5c(Oc6ccc7c(c6)C(=O)N(c6ccc(C(C)(C)c8ccc(C([*])(C)C)cc8)cc6)C7=O)cccc45)cc3C2=O)cc1,526.15
[*]c1ccc(N2C(=O)c3ccc(Oc4cccc5c(Oc6ccc7c(c6)C(=O)N(c6ccc(C([*])(C)C)cc6)C7=O)cccc45)cc3C2=O)cc1,538.15
[*]c1ccc(N2C(=O)c3ccc(S(=O)(=O)c4ccc5c(c4)C(=O)N(c4ccc(Oc6c(C(C)(C)C)cc([*])cc6C(C)(C)C)c(C(F)(F)F)c4)C5=O)cc3C2=O)cc1,638.65
[*]c1ccc(N2C(=O)c3ccc(S(=O)(=O)c4ccc5c(c4)C(=O)N(c4ccc(Oc6c(C(C)(C)C)cc([*])cc6C(C)(C)C)cc4)C5=O)cc3C2=O)cc1,627.65
[*]c1ccc(N2C(=O)c3ccc4c5c(ccc(c35)C2=O)C(=O)N(c2ccc(Oc3c(C(C)(C)C)cc([*])cc3C(C)(C)C)c(C(F)(F)F)c2)C4=O)cc1,729.15
[*]c1ccc(N=C2OC(=O)c3cc(Oc4ccc5c(c4)/C(=N\c4ccc(C(C)(C)c6ccc(C([*])(C)C)cc6)cc4)OC5=O)ccc32)cc1,522.15
[*]c1ccc(NC(=C(C#N)C#N)c2ccc(C(Nc3ccc(C(C)(C)c4cccc(C([*])(C)C)c4)cc3)=C(C#N)C#N)cc2)cc1,481.15
[*]c1ccc(NC(=O)Nc2ccc(NC(=O)Nc3ccc(-c4nc(C#N)c(C#N)nc4[*])cc3)cc2)cc1,521.85
[*]c1ccc(NC(=O)OCCCCn2c3ccccc3c3cc(/C=C(\C#N)C(=O)OCCCCCCOC(=O)/C(C#N)=C/c4ccc5c(c4)c4ccccc4n5CCCCOC(=O)Nc4ccc([*])cc4C)ccc32)c(C)c1,386.15
[*]c1ccc(NC(=O)OCCN(CCOC(=O)Nc2ccc([*])cc2C)c2ccc(/N=N/c3ccc([N+](=O)[O-])cc3)cc2)c(C)c1,392.65
[*]c1ccc(NC(=O)OCCN(CCOC(=O)Nc2ccc([*])cc2OC)c2ccc(/N=N/c3ccc([N+](=O)[O-])cc3)cc2)c(OC)c1,413.15
[*]c1ccc(NC(=O)c2cc(C(=O)Nc3ccc(C([*])(C)C)cc3)cc(N3C(=O)C4C5CCC(C5)C4C3=O)c2)cc1,584.15
[*]c1ccc(NC(=O)c2cc(C(=O)Nc3ccc(C([*])(C)C)cc3)cc(N3C(=O)C4CC=CCC4C3=O)c2)cc1,581.15
[*]c1ccc(NC(=O)c2cc(C(=O)Nc3ccc(C([*])(C)C)cc3)cc(N3C(=O)C=CC3=O)c2)cc1,576.15
[*]c1ccc(NC(=O)c2cc(C(=O)Nc3ccc(C([*])(C)C)cc3)cc(S(=O)(=O)c3ccccc3)c2)cc1,560.15
[*]c1ccc(NC(=O)c2cc(NC(=O)c3ccccc3)cc(C(=O)Nc3ccc(C([*])(C)C)cc3)c2)cc1,576.65
[*]c1ccc(NC(=O)c2ccc(Oc3cc(C(C)(C)C)c(Oc4ccc(C(=O)Nc5ccc(C([*])(C)C)cc5C)cc4)cc3C(C)(C)C)cc2)c(C)c1,548.15
[*]c1ccc(NC(=O)c2ccc(Oc3ccc4ccc(Oc5ccc(C(=O)Nc6ccc(C(C)(C)c7ccc(C([*])(C)C)cc7)cc6)cc5)cc4c3)cc2)cc1,428.15
[*]c1ccc(NC(=O)c2ccc3c(c2)C(=O)N(c2ccc(C4([*])CC(C)CC(C)(C)C4)cc2)C3=O)cc1,601.15
[*]c1ccc(NC(=O)c2ccc3c(c2)C(=O)N(c2ccc(C4([*])CCC(C(C)(C)C)CC4)cc2)C3=O)cc1,604.15
[*]c1ccc(NC(=O)c2ccc3c(c2)C(=O)N(c2ccc(C4([*])CCC(C(C)(C)CC)CC4)cc2)C3=O)cc1,615.15
[*]c1ccc(NC(=O)c2ccc3c(c2)C(=O)N(c2ccc(C4([*])CCC(C)CC4)cc2)C3=O)cc1,595.15
[*]c1ccc(NC(=O)c2ccc3c(c2)C(=O)N(c2ccc(C4([*])CCC(CC)CC4)cc2)C3=O)cc1,585.15
[*]c1ccc(NC(=O)c2ccc3c(c2)C(=O)N(c2ccc(Oc4cccc5c(N6C(=O)c7ccc(C(=O)Nc8ccc([*])cc8OC)cc7C6=O)cccc45)cc2)C3=O)c(OC)c1,577.15
[*]c1ccc(NC(=O)c2cccc(C(=O)Nc3ccc(C([*])(C)C)cc3)c2)cc1,552.15
[*]c1ccc(NC(=O)c2cccc(C(=O)Nc3ccc([*])cc3OC)c2)c(OC)c1,491.35
[*]c1ccc(NC(=S)N=Cc2ccc(Cl)c(-n3c(=O)c4cc5c(=O)n([*])c(=O)c5cc4c3=O)c2)cc1,549.15
[*]c1ccc(NC2CC(=O)N(c3ccc(-c4sc(-c5ccc(N6C(=O)CC(Nc7ccc(-c8nc(C#N)c(C#N)nc8[*])cc7)C6=O)cc5)c(-c5ccccc5)c4-c4ccccc4)cc3)C2=O)cc1,504.15
[*]c1ccc(N[Se]Nc2ccc(S([*])(=O)=O)cc2)cc1,335.15
[*]c1ccc(Nc2c(F)c(F)c(-c3c(F)c(F)c(Nc4ccc(S([*])(=O)=O)cc4)c(F)c3F)c(F)c2F)cc1,605.15
[*]c1ccc(Nc2ccc(C(=O)c3ccc(C(=O)c4ccc(Nc5ccc(C(C)(C)c6ccc(C([*])(C)C)cc6)cc5)cc4)cc3)cc2)cc1,430.15
[*]c1ccc(Nc2ccc(C(=O)c3ccc(C(=O)c4ccc(Nc5ccc(C(C)(C)c6cccc(C([*])(C)C)c6)cc5)cc4)cc3)cc2)cc1,450.15
[*]c1ccc(Nc2ccc(C(O)(c3ccccc3)c3ccc(C(O)(c4ccccc4)c4ccc(Nc5ccc(C(C)(C)c6ccc(C([*])(C)C)cc6)cc5)cc4)cc3)cc2)cc1,450.15
[*]c1ccc(Nc2ccc(C(c3ccc(Nc4ccc(S([*])(=O)=O)cc4)cc3)(C(F)(F)F)C(F)(F)F)cc2)cc1,418.15
[*]c1ccc(Nc2ccc(C3(c4ccc(Nc5ccc(S([*])(=O)=O)cc5)c(F)c4)c4ccccc4-c4ccccc43)cc2F)cc1,418.15
[*]c1ccc(Nc2ccc(C3(c4ccc(Nc5ccc(S([*])(=O)=O)cc5)cc4)c4ccccc4-c4ccccc43)cc2)cc1,494.15
[*]c1ccc(Nc2ccc(Nc3ccc(C(O)(c4ccccc4)c4ccc(C([*])(O)c5ccccc5)cc4)cc3)cc2)cc1,473.15
[*]c1ccc(Nc2ccc(Nc3ccc(S([*])(=O)=O)cc3)cc2)cc1,418.15
[*]c1ccc(Nc2ccc(Oc3ccc(Oc4ccc(Nc5ccc(S([*])(=O)=O)cc5)cc4)cc3)cc2)cc1,417.75
[*]c1ccc(Nc2ccc(S(=O)(=O)c3ccc(Nc4ccc(C5([*])c6ccccc6-c6ccccc65)cc4C)cc3)cc2)c(C)c1,542.15
[*]c1ccc(Nc2cccc(Nc3ccc(S([*])(=O)=O)cc3)c2)cc1,418.15
[*]c1ccc(O)c(/C=C/CC2CC(=O)N(c3ccc(Cc4ccc(N5C(=O)CC(C/C=C/c6cc(C([*])(C)C)ccc6O)C5=O)cc4)cc3)C2=O)c1,479.15
[*]c1ccc(OC(=O)C2CCC(C(=O)Oc3ccc(C([*])(C)C)cc3)CC2)cc1,423.15
[*]c1ccc(OC(=O)CCC(=O)Oc2ccc(C3([*])c4cc(N(C)C)ccc4-c4ccc([N+](=O)[O-])cc43)cc2)cc1,488.15
[*]c1ccc(OC(=O)CCC(=O)Oc2ccc(C3([*])c4cc(OC)ccc4-c4ccc([N+](=O)[O-])cc43)cc2)cc1,503.15
[*]c1ccc(OC(=O)CCCC(=O)Oc2ccc(C3([*])c4cc(N(C)C)ccc4-c4ccc([N+](=O)[O-])cc43)cc2)cc1,454.15
[*]c1ccc(OC(=O)CCCC(=O)Oc2ccc(C3([*])c4cc(OC)ccc4-c4ccc([N+](=O)[O-])cc43)cc2)cc1,470.15
[*]c1ccc(OC(=O)CCCCC(=O)Oc2ccc(C([*])(C)C)cc2)cc1,327.15
[*]c1ccc(OC(=O)CCCCC(=O)Oc2ccc(C([*])(C)C)cc2C)c(C)c1,306.65
[*]c1ccc(OC(=O)CCCCC(=O)Oc2ccc(C3([*])c4cc(N(C)C)ccc4-c4ccc([N+](=O)[O-])cc43)cc2)cc1,423.15
[*]c1ccc(OC(=O)CCCCCCCCC(=O)Oc2ccc(C([*])(C)C)cc2)cc1,287.4
[*]c1ccc(OC(=O)CCCCCCCCC(=O)Oc2ccc(C([*])(CC)c3ccccc3)cc2)cc1,361.15
[*]c1ccc(OC(=O)CCCCCCCCCCCN2C(=O)c3ccc(C(=O)Oc4ccc(C(C)(C)c5ccc(C([*])(C)C)cc5)cc4)cc3C2=O)cc1,370.15
[*]c1ccc(OC(=O)CCCCCCCCCCCN2C(=O)c3ccc(C(=O)Oc4ccc(C([*])(C)C)cc4)cc3C2=O)cc1,366.15
[*]c1ccc(OC(=O)CCCCCN2C(=O)c3ccc(C(=O)Oc4ccc(C(C)(C)c5ccc(C([*])(C)C)cc5)cc4)cc3C2=O)cc1,377.15
[*]c1ccc(OC(=O)CCCCCN2C(=O)c3ccc(C(=O)Oc4ccc(C([*])(C)C)cc4)cc3C2=O)cc1,383.15
[*]c1ccc(OC(=O)CN(CC(=O)Oc2ccc(C([*])(C)C)cc2)c2ccc(/N=N/c3ccc([N+](=O)[O-])cc3)cc2)cc1,425.15
[*]c1ccc(OC(=O)Cc2ccc(C(=O)Oc3ccc(C([*])(C)C)cc3)cc2)cc1,358.15
[*]c1ccc(OC(=O)Nc2ccc(OP(=O)(Oc3ccc(NC(=O)Oc4ccc(C([*])(C)C)cc4)cc3)c3ccccc3)cc2)cc1,307.15
[*]c1ccc(OC(=O)Nc2cccc(P(=O)(c3ccccc3)c3cccc(NC(=O)Oc4ccc(C([*])(C)C)cc4)c3)c2)cc1,335.15
[*]c1ccc(OC(=O)OC2C(C)(C)C(OC(=O)Oc3ccc(C([*])(C)C)cc3)C2(C)C)cc1,403.15
[*]c1ccc(OC(=O)OC2C(C)(C)C(OC(=O)Oc3ccc(C([*])(C)CC)cc3)C2(C)C)cc1,397.15
[*]c1ccc(OC(=O)OC2C(C)(C)C(OC(=O)Oc3ccc(C([*])(C)c4ccccc4)cc3)C2(C)C)cc1,422.15
[*]c1ccc(OC(=O)OC2C(C)(C)C(OC(=O)Oc3ccc(C4([*])CCC(C(C)(C)C)CC4)cc3)C2(C)C)cc1,445.15
[*]c1ccc(OC(=O)OC2CC3CC(OC(=O)Oc4ccc(C([*])(C)C)cc4)CC(C2)O3)cc1,467.15
[*]c1ccc(OC(=O)OCC2CCC(COC(=O)Oc3ccc(C([*])(C)C)cc3)CC2)cc1,363.55
[*]c1ccc(OC(=O)OCCCCCOC(=O)Oc2ccc(C([*])(C)C)cc2)cc1,322.65
[*]c1ccc(OC(=O)OCCCCOC(=O)Oc2ccc(C([*])(C)C)cc2)cc1,329.65
[*]c1ccc(OC(=O)OCCCOC(=O)Oc2ccc(C([*])(C)C)cc2)cc1,341.25
[*]c1ccc(OC(=O)OCCN(CCOC(=O)Oc2ccc(C([*])(C)C)cc2)c2ccc3[nH]c4ccccc4c3c2)cc1,363.15
[*]c1ccc(OC(=O)OCCN(CCOC(=O)Oc2ccc(C([*])(C)C)cc2)c2ccccc2)cc1,343.15
[*]c1ccc(OC(=O)Oc2c(Cl)cc(C([*])(C)C)cc2Cl)cc1,459.15
[*]c1ccc(OC(=O)Oc2ccc(C(C)(C)c3ccc(C([*])(C)C)cc3)cc2)cc1,427.15
[*]c1ccc(OC(=O)Oc2ccc(C([*])(C#N)c3ccccc3)cc2)cc1,411.15
[*]c1ccc(OC(=O)Oc2ccc(C([*])(C)C)cc2C(C)C)c(C(C)C)c1,353.15
[*]c1ccc(OC(=O)Oc2ccc(C([*])(C)C)cc2C)c(C)c1,397.15
[*]c1ccc(OC(=O)Oc2ccc(C([*])(C)C)cc2CC)c(CC)c1,338.15
[*]c1ccc(OC(=O)Oc2ccc(C([*])(C)C)cc2Cl)c(C)c1,411.15
[*]c1ccc(OC(=O)Oc2ccc(C([*])(C)C)cc2Cl)c(Cl)c1,420.15
[*]c1ccc(OC(=O)Oc2ccc(C([*])(C)C)cc2Cl)cc1,419.15
[*]c1ccc(OC(=O)Oc2ccc(C([*])(C)CC)cc2)cc1,409.15
[*]c1ccc(OC(=O)Oc2ccc(C([*])(C)CC)cc2C)c(C)c1,392.15
[*]c1ccc(OC(=O)Oc2ccc(C([*])(C)CC)cc2Cl)c(Cl)c1,415.15
[*]c1ccc(OC(=O)Oc2ccc(C([*])(C)CCC#N)cc2)cc1,423.15
[*]c1ccc(OC(=O)Oc2ccc(C([*])(C)CCC#N)cc2C)c(C)c1,390.15
[*]c1ccc(OC(=O)Oc2ccc(C([*])(C)c3ccccc3)cc2)cc1,452.15
[*]c1ccc(OC(=O)Oc2ccc(C([*])(CC)c3ccccc3)cc2)cc1,420.15
[*]c1ccc(OC(=O)Oc2ccc(C([*])(CCC)CCC)cc2C)c(C)c1,374.15
[*]c1ccc(OC(=O)Oc2ccc(C([*])(CCCC)CCCC)cc2)cc1,386.15
[*]c1ccc(OC(=O)Oc2ccc(C([*])C)cc2)cc1,403.15
[*]c1ccc(OC(=O)Oc2ccc(C([*])C3C4CCC(C4)C3C)cc2)cc1,505.15
[*]c1ccc(OC(=O)Oc2ccc(C([*])CC)cc2)cc1,401.15
[*]c1ccc(OC(=O)Oc2ccc(C3([*])CC(C)CC(C)(C)C3)cc2)cc1,508.65
[*]c1ccc(OC(=O)Oc2ccc(C3([*])CC4CC3C3C5CCC(C5)C43)c(C)c2)c(C)c1,505.15
[*]c1ccc(OC(=O)Oc2ccc(C3([*])CC4CC3C3CCCC43)cc2C)c(C)c1,490.15
[*]c1ccc(OC(=O)Oc2ccc(C3([*])CC4CCC3C4)cc2C)c(C)c1,434.15
[*]c1ccc(OC(=O)Oc2ccc(C3([*])CCCCC3)cc2C)c(C)c1,410.65
[*]c1ccc(OC(=O)Oc2ccc(C3([*])c4cc(N(C)C)ccc4-c4ccc([N+](=O)[O-])cc43)cc2)cc1,551.15
[*]c1ccc(OC(=O)Oc2ccc(C3([*])c4cc(OC)ccc4-c4ccc([N+](=O)[O-])cc43)cc2)cc1,567.15
[*]c1ccc(OC(=O)Oc2ccc(Cc3ccc(OC(=O)Oc4ccc(C([*])(C)C)cc4)cc3)cc2)cc1,380.95
[*]c1ccc(OC(=O)Oc2ccc(OC(=O)Oc3ccc(C([*])(C)C)cc3)cc2)cc1,370.15
[*]c1ccc(OC(=O)Oc2ccc3c(c2)C([*])(C)CC3(C)C)cc1,474.85
[*]c1ccc(OC(=O)Oc2cccc(OC(=O)Oc3ccc(C([*])(C)C)cc3)c2)cc1,356.25
[*]c1ccc(OC(=O)SCCCCCCSC(=O)Oc2ccc(C([*])(C)C)cc2)cc1,331.15
[*]c1ccc(OC(=O)SCCCSC(=O)Oc2ccc(C([*])(C)C)cc2)cc1,363.15
[*]c1ccc(OC(=O)Sc2ccc(C(C)(C)c3ccc(SC(=O)Oc4ccc(C([*])(C)C)cc4)cc3)cc2)cc1,427.15
[*]c1ccc(OC(=O)Sc2ccc(Oc3ccc(SC(=O)Oc4ccc(C([*])(C)C)cc4)cc3)cc2)cc1,418.15
[*]c1ccc(OC(=O)c2ccc(C(=O)Oc3ccc(C([*])(C)C)cc3C(C)C)cc2)c(C(C)C)c1,413.15
[*]c1ccc(OC(=O)c2ccc(C(=O)Oc3ccc(C([*])(C)C)cc3C(C)CC)cc2)c(C(C)CC)c1,363.15
[*]c1ccc(OC(=O)c2ccc(C(=O)Oc3ccc(C([*])(C)C)cc3C)cc2)c(C)c1,451.65
[*]c1ccc(OC(=O)c2ccc(C(=O)Oc3ccc(C([*])(C)C)cc3CCCC)cc2)c(CCCC)c1,433.15
[*]c1ccc(OC(=O)c2ccc(C(=O)Oc3ccc(C([*])(C)C)cc3Cl)cc2)c(Cl)c1,463.15
[*]c1ccc(OC(=O)c2ccc(C(=O)Oc3ccc(C([*])(CC)CC)cc3)cc2)cc1,453.15
[*]c1ccc(OC(=O)c2ccc(C(=O)Oc3ccc(C([*])(CC)c4ccccc4)cc3)cc2)cc1,516.15
[*]c1ccc(OC(=O)c2ccc(C(=O)Oc3ccc(C4([*])CCC(C(C)(C)C)CC4)cc3)cc2)cc1,483.15
[*]c1ccc(OC(=O)c2ccc(C(=O)Oc3ccc(C4([*])CCC5CCCCC5C4)cc3C)cc2)c(C)c1,520.15
[*]c1ccc(OC(=O)c2ccc(C(=O)Oc3ccc(C4([*])NC(=O)c5ccccc54)cc3)cc2)cc1,600.15
[*]c1ccc(OC(=O)c2ccc(C(=O)Oc3ccc(C4([*])c5ccccc5C(=O)N4C)cc3)cc2)cc1,555.15
[*]c1ccc(OC(=O)c2ccc(C(=O)Oc3ccc4c(c3)C([*])(C)CC4(C)C)cc2)cc1,525.65
[*]c1ccc(OC(=O)c2ccc(C(=O)c3ccc(C(=O)Oc4ccc(C([*])(C)C)cc4)cc3)cc2)cc1,467.15
[*]c1ccc(OC(=O)c2ccc(C(C)(C)c3ccc(C(=O)Oc4ccc(C([*])(C)C)cc4)cc3)cc2)cc1,503.15
[*]c1ccc(OC(=O)c2ccc(C(c3ccc(C(=O)Oc4ccc(C([*])(C)C)cc4)cc3)(C(F)(F)F)C(F)(F)F)cc2)cc1,397.15
[*]c1ccc(OC(=O)c2ccc(Cc3ccc(C(=O)Oc4ccc(C([*])(C)C)cc4)cc3)cc2)cc1,478.15
[*]c1ccc(OC(=O)c2ccc(N3C(=O)CC(SCCOCCSC4CC(=O)N(c5ccc(C(=O)Oc6ccc(C([*])(C)C)cc6)cc5)C4=O)C3=O)cc2)cc1,416.15
[*]c1ccc(OC(=O)c2ccc(OCCCCCCCCCCOc3ccc(C(=O)Oc4ccc(C([*])(C)C)cc4)cc3)cc2)cc1,350.15
[*]c1ccc(OC(=O)c2ccc(Oc3ccc(C(=O)Oc4ccc(C([*])(C)C)cc4)cc3)cc2)cc1,493.15
[*]c1ccc(OC(=O)c2ccc(Oc3ccc(C4(c5ccc(Oc6ccc(C(=O)Oc7ccc(C([*])(C)C)cc7)cc6)cc5)CCC(C(C)(C)C)CC4)cc3)cc2)cc1,417.15
[*]c1ccc(OC(=O)c2ccc(S(=O)(=O)c3ccc(C(=O)Oc4ccc(C([*])(C)C)cc4)cc3)cc2)cc1,493.15
[*]c1ccc(OC(=O)c2ccc([Si](C)(C)c3ccc(C(=O)Oc4ccc(C([*])(C)C)cc4)cc3)cc2)cc1,453.15
[*]c1ccc(OC(=O)c2ccc([Si](c3ccccc3)(c3ccccc3)c3ccc(C(=O)Oc4ccc(C([*])(C)C)cc4)cc3)cc2)cc1,568.15
[*]c1ccc(OC(=O)c2ccc3c(c2)C(=O)N(CCCOCCCCOCCCN2C(=O)c4ccc(C(=O)Oc5ccc(C([*])(C)C)cc5)cc4C2=O)C3=O)cc1,333.15
[*]c1ccc(OC(=O)c2ccc3c(c2)C(=O)N(CCOCCOCCN2C(=O)c4ccc(C(=O)Oc5ccc(C([*])(C)C)cc5)cc4C2=O)C3=O)cc1,391.15
[*]c1ccc(OC(=O)c2ccc3c(c2)C(=O)N(c2cc(N4C(=O)c5ccc(C(=O)Oc6ccc(C([*])(C)C)cc6)cc5C4=O)ccc2O)C3=O)cc1,498.15
[*]c1ccc(OC(=O)c2ccc3c(c2)C(=O)N(c2ccc(Oc4ccc(N5C(=O)c6ccc(C(=O)Oc7ccc(C([*])(C)C)cc7)cc6C5=O)cc4)cc2)C3=O)cc1,473.15
[*]c1ccc(OC(=O)c2ccc3c(c2)C(=O)N(c2cccc(N4C(=O)c5ccc(C(=O)Oc6ccc(C([*])(C)C)cc6)cc5C4=O)c2)C3=O)cc1,498.15
[*]c1ccc(OC(=O)c2cccc(C(=O)Oc3ccc(C([*])(C)C)cc3C)c2)c(C)c1,435.15
[*]c1ccc(OC(=O)c2cccc(C(=O)Oc3ccc(C([*])(C)c4ccccc4)cc3)c2)cc1,475.15
[*]c1ccc(OC(=O)c2cccc(C(=O)Oc3ccc(C4([*])CCC5CCCCC5C4)cc3C)c2)c(C)c1,480.15
[*]c1ccc(OC(=O)c2cccc(C(=O)Oc3ccc(C4([*])NC(=O)c5ccccc54)cc3)c2)cc1,598.15
[*]c1ccc(OC(=O)c2cccc(C(=O)Oc3ccc(C4([*])OC(=O)c5ccccc54)cc3C)c2)c(C)c1,546.15
[*]c1ccc(OC(=O)c2cccc(C(=O)Oc3ccc(C4([*])c5ccccc5-c5ccccc54)cc3C)c2)c(C)c1,560.15
[*]c1ccc(OC(=O)c2cccc(C(=O)Oc3ccc(C4([*])c5ccccc5C(=O)N4C)cc3)c2)cc1,558.15
[*]c1ccc(OC(=O)c2cccc(C(=O)Oc3ccc4c(c3)C([*])(C)CC4(C)C)c2)cc1,503.65
[*]c1ccc(OC(=O)c2cccc(C(F)(F)C(F)(F)C(F)(F)c3cccc(C(=O)Oc4ccc(C([*])(C)C)cc4)c3)c2)cc1,395.15
[*]c1ccc(OC(=O)c2cccc(Oc3cccc(C(=O)Oc4ccc(C([*])(C)C)cc4)c3)c2)cc1,358.15
[*]c1ccc(OC(=O)c2cccc(S(=O)(=O)Oc3ccc(C([*])(C)C)cc3)c2)cc1,406.15
[*]c1ccc(OC(=O)c2ccccc2-c2ccccc2C(=O)Oc2ccc(C([*])(C)C)cc2)cc1,434.15
[*]c1ccc(OC(=O)c2ccccc2-c2ccccc2C(=O)Oc2ccc(C([*])(C)c3ccccc3)cc2)cc1,445.15
[*]c1ccc(OC(=S)Oc2ccc(C([*])(C)C)cc2)cc1,413.65
[*]c1ccc(OC(=S)Oc2ccc(C([*])(C)CC(C)C)cc2)cc1,401.15
[*]c1ccc(OC(=S)Oc2ccc(C([*])(C)CC)cc2)cc1,375.15
[*]c1ccc(OC(=S)Oc2ccc(C([*])(C)c3ccccc3)cc2)cc1,454.15
[*]c1ccc(OC(=S)Oc2ccc(C([*])(CC)CC)cc2)cc1,394.15
[*]c1ccc(OC(=S)Oc2ccc(C([*])(CC)c3ccccc3)cc2)cc1,446.15
[*]c1ccc(OC(=S)Oc2ccc(C([*])C(C)C)cc2)cc1,408.15
[*]c1ccc(OC(=S)Oc2ccc(C([*])C(CC)CC)cc2)cc1,421.15
[*]c1ccc(OC(=S)Oc2ccc(C([*])C)cc2)cc1,380.15
[*]c1ccc(OC(=S)Oc2ccc(C([*])CC)cc2)cc1,377.15
[*]c1ccc(OC(=S)Oc2ccc(C([*])CCC)cc2)cc1,403.15
[*]c1ccc(OC(=S)Oc2ccc(C3([*])CCC(C)CC3)cc2)cc1,441.15
[*]c1ccc(OC(C)=O)c(N2C(=O)c3ccc(C(c4ccc5c(c4)C(=O)N(c4cc(C([*])(C(F)(F)F)C(F)(F)F)ccc4OC(C)=O)C5=O)(C(F)(F)F)C(F)(F)F)cc3C2=O)c1,539.65
[*]c1ccc(OC(Oc2ccccc2)(Oc2ccccc2)Oc2ccc(C([*])(C)C)cc2)cc1,365.15
[*]c1ccc(OC(Oc2ccccc2)(Oc2ccccc2)Oc2ccc([*])cc2C)c(C)c1,398.15
[*]c1ccc(OC2(F)C(F)(F)C(F)(F)C2(F)Oc2ccc(C([*])(C(F)(F)F)C(F)(F)F)cc2)cc1,395.65
[*]c1ccc(OC2(F)C(F)(F)C(F)(F)C2(F)Oc2ccc(C([*])(C)C)cc2)cc1,371.15
[*]c1ccc(OC2(F)C(F)(F)C(F)(F)C2(F)Oc2ccc(S([*])(=O)=O)cc2)cc1,435.35
[*]c1ccc(OC2=C(Cl)C(=O)N(c3ccc(Cc4ccc(N5C(=O)C(Cl)=C(Oc6ccc(C([*])(C)C)cc6)C5=O)cc4)cc3)C2=O)cc1,445.15
[*]c1ccc(OC2=C(Cl)C(=O)N(c3ccc(Cc4ccc(N5C(=O)C(Cl)=C(c6ccc(C([*])(C)C)cc6)C5=O)cc4)cc3)C2=O)cc1,446.15
[*]c1ccc(OC2=C(Cl)C(=O)N(c3ccc(Oc4ccc(N5C(=O)C(Cl)=C(Oc6ccc(C([*])(C)C)cc6)C5=O)cc4)cc3)C2=O)cc1,448.15
[*]c1ccc(OC2=C(Cl)C(=O)N(c3cccc(N4C(=O)C(Cl)=C(c5ccc(C([*])(C)C)cc5)C4=O)c3)C2=O)cc1,436.15
[*]c1ccc(OCC(=O)OC(=O)COc2ccc(C([*])(C)C)cc2)cc1,378.15
[*]c1ccc(OCC(CCl)O[Si](C)(C)OC(CCl)COc2ccc(C([*])(C)C)cc2)cc1,297.15
[*]c1ccc(OCC(COc2ccc(C([*])(C)C)cc2)OC(=O)/C=C/c2ccccc2)cc1,373.75
[*]c1ccc(OCC(COc2ccc(C([*])(C)C)cc2)OC(=O)/C=C/c2ccco2)cc1,380.35
[*]c1ccc(OCC(COc2ccc(C([*])(C)C)cc2)OC(=O)CCl)cc1,338.15
[*]c1ccc(OCC(COc2ccc(C([*])(C)C)cc2)OC(=O)c2ccccc2)cc1,338.15
[*]c1ccc(OCC(COc2ccc(C([*])(C)C)cc2)OC(=O)c2ccccc2Cl)cc1,339.15
[*]c1ccc(OCC(COc2ccc(C([*])(C)c3ccccc3)cc2)OC(=O)c2ccccc2)cc1,399.15
[*]c1ccc(OCC(COc2ccc(C3CCCC([*])(CC)C3)cc2)OC(C)=O)cc1,380.15
[*]c1ccc(OCC(O)CN(CC(O)COc2ccc(C([*])(C)C)cc2)c2ccc(/C=C/c3ccc([N+](=O)[O-])cc3)cc2)cc1,593.15
[*]c1ccc(OCC(O)CN(CC(O)COc2ccc(C([*])(C)C)cc2)c2ccc(/N=N/c3ccc([N+](=O)[O-])cc3)cc2)cc1,332.15
[*]c1ccc(OCC(O)CN(CC(O)COc2ccc(C([*])(C)C)cc2)c2ccc(C#N)cc2)cc1,373.15
[*]c1ccc(OCC(O)CN(CCO)CC(O)COc2ccc(C([*])(C)C)cc2)cc1,360.25
[*]c1ccc(OCC(O)CN(CCO)S(=O)(=O)c2ccc(-c3ccc(S(=O)(=O)N(CCO)CC(O)COc4ccc(C([*])(C)C)cc4)cc3)cc2)cc1,349.15
[*]c1ccc(OCC(O)CN(Cc2ccccc2)CC(O)COc2ccc(C([*])(C)C)cc2)cc1,367.4
[*]c1ccc(OCC(O)CN2CCN(CC(O)COc3ccc(C([*])(C)C)cc3)CC2)cc1,373.15
[*]c1ccc(OCC(O)COC(=O)/C=C/C(=O)Oc2ccc(C([*])(C)C)cc2)cc1,305.15
[*]c1ccc(OCC(O)COC(=O)C2CCC(C(=O)OCC(O)COc3ccc(C([*])(C)C)cc3)CC2)cc1,343.15
[*]c1ccc(OCC(O)COC(=O)CCCCC(=O)OCC(O)COc2ccc(C([*])(C)C)cc2)cc1,307.15
[*]c1ccc(OCC(O)COC(=O)CCCCCCC(=O)OCC(O)COc2ccc(C([*])(C)C)cc2)cc1,308.15
[*]c1ccc(OCC(O)COC(=O)CCCCCCCCC(=O)OCC(O)COc2ccc(C([*])(C)C)cc2)cc1,303.15
[*]c1ccc(OCC(O)COC(=O)CCCCCCCCCCC(=O)OCC(O)COc2ccc(C([*])(C)C)cc2)cc1,298.15
[*]c1ccc(OCC(O)COC(=O)c2cccc(C(=O)OCC(O)COc3ccc(C([*])(C)C)cc3)c2)cc1,370.15
[*]c1ccc(OCC(O)COc2c(Cl)cc(C(C)(C)c3cc(Cl)c(OCC(O)COc4ccc(C([*])(C)C)cc4)c(Cl)c3)cc2Cl)cc1,373.15
[*]c1ccc(OCC(O)COc2ccc(C(=O)c3ccc(OCC(O)COc4ccc(C([*])(C)C)cc4)cc3)cc2)cc1,393.15
[*]c1ccc(OCC(O)COc2ccc(C(C)(C)C3CCC([*])(C)CC3)cc2)cc1,408.15
[*]c1ccc(OCC(O)COc2ccc(C(C)(C)c3ccc(OCC(O)COc4ccc(S([*])(=O)=O)cc4C)cc3)cc2)c(C)c1,390.65
[*]c1ccc(OCC(O)COc2ccc(C([*])(C)C)cc2)cc1,364.15
[*]c1ccc(OCC(O)COc2ccc(C([*])(C)C)cc2Cl)c(Cl)c1,358.15
[*]c1ccc(OCC(O)COc2ccc(C([*])(C)CC)cc2)cc1,368.15
[*]c1ccc(OCC(O)COc2ccc(C([*])(C)c3ccccc3)cc2)cc1,388.15
[*]c1ccc(OCC(O)COc2ccc(C3(c4ccc(OCC(O)COc5ccc(C([*])(C)C)cc5)cc4)c4ccccc4-c4ccccc43)cc2)cc1,434.15
[*]c1ccc(OCC(O)COc2ccc(C3CC(C(C)C)CCC3([*])C)cc2)cc1,448.15
[*]c1ccc(OCC(O)COc2ccc(C3CCCC([*])(CC)C3)cc2)cc1,413.15
[*]c1ccc(OCC(O)COc2ccc(NC(=O)CCCC(=O)Nc3ccc(OCC(O)COc4ccc(C([*])(C)C)cc4)cc3)cc2)cc1,378.15
[*]c1ccc(OCC(O)COc2ccc(NC(=O)CCCCC(=O)Nc3ccc(OCC(O)COc4ccc(C([*])(C)C)cc4)cc3)cc2)cc1,385.15
[*]c1ccc(OCC(O)COc2ccc(NC(=O)CCCCCC(=O)Nc3ccc(OCC(O)COc4ccc(C([*])(C)C)cc4)cc3)cc2)cc1,389.15
[*]c1ccc(OCC(O)COc2ccc(NC(=O)c3ccc(OCC(O)COc4ccc(C([*])(C)C)cc4)cc3)cc2)cc1,400.15
[*]c1ccc(OCC(O)COc2ccc(NC(=O)c3ccccc3OCC(O)COc3ccc(C([*])(C)C)cc3)cc2)cc1,394.15
[*]c1ccc(OCC(O)COc2ccc(Oc3ccc(OCC(O)COc4ccc(C([*])(C)C)cc4)cc3)cc2)cc1,358.15
[*]c1ccc(OCC(O)COc2ccc(S(=O)(=O)c3ccc(OCC(O)COc4ccc(C([*])(C)C)cc4)cc3)cc2)cc1,413.15
[*]c1ccc(OCC(O)COc2ccc(S(=O)(=O)c3ccc(OCC(O)COc4ccc(S([*])(=O)=O)cc4C)cc3)cc2)c(C)c1,415.65
[*]c1ccc(OCC(O)COc2ccc(S([*])(=O)=O)cc2)cc1,440.65
[*]c1ccc(OCC(O)COc2ccc(S([*])(=O)=O)cc2C)c(C)c1,405.65
[*]c1ccc(OCC(O)COc2ccc3c(c2)C(C)(C)CC3([*])C)cc1,393.15
[*]c1ccc(OCC(O)COc2cccc(C(=O)Nc3cccc(OCC(O)COc4ccc(C([*])(C)C)cc4)c3)c2)cc1,390.15
[*]c1ccc(OCC(O)COc2cccc(NC(=O)C(=O)Nc3cccc(OCC(O)COc4ccc(C([*])(C)C)cc4)c3)c2)cc1,392.15
[*]c1ccc(OCC(O)COc2cccc(NC(=O)CCCC(=O)Nc3cccc(OCC(O)COc4ccc(C([*])(C)C)cc4)c3)c2)cc1,384.15
[*]c1ccc(OCC(O)COc2cccc(NC(=O)CCCCC(=O)Nc3cccc(OCC(O)COc4ccc(C([*])(C)C)cc4)c3)c2)cc1,376.15
[*]c1ccc(OCC(O)COc2cccc(NC(=O)CCCCCC(=O)Nc3cccc(OCC(O)COc4ccc(C([*])(C)C)cc4)c3)c2)cc1,380.15
[*]c1ccc(OCC(O)COc2cccc(NC(=O)CCCCCCC(=O)Nc3cccc(OCC(O)COc4ccc(C([*])(C)C)cc4)c3)c2)cc1,365.15
[*]c1ccc(OCC(O)COc2cccc(NC(=O)CCCCCCCCCCC(=O)Nc3cccc(OCC(O)COc4ccc(C([*])(C)C)cc4)c3)c2)cc1,363.15
[*]c1ccc(OCC(O)COc2cccc(NC(=O)Cc3cccc(CC(=O)Nc4cccc(OCC(O)COc5ccc(C([*])(C)C)cc5)c4)c3)c2)cc1,392.15
[*]c1ccc(OCC(O)COc2cccc(NC(=O)c3cccc(C(=O)Nc4cccc(OCC(O)COc5ccc(C([*])(C)C)cc5)c4)c3)c2)cc1,406.15
[*]c1ccc(OCC(O)COc2cccc(OCC(O)COc3ccc(C([*])(C)C)cc3)c2)cc1,356.15
[*]c1ccc(OCC(O)COc2cccc(OCC(O)COc3ccc(S([*])(=O)=O)cc3)c2)cc1,378.15
[*]c1ccc(OCC2(COc3ccc(C([*])(C(F)(F)F)C(F)(F)F)cc3)COC2)cc1,407.15
[*]c1ccc(OCC2CCC(COc3ccc(-n4c(=O)c5cc6c(=O)n([*])c(=O)c6cc5c4=O)cc3)CC2)cc1,579.85
[*]c1ccc(OCCCCCCCCCCCCCCCC)c(N2C(=O)CC(C3C=C(C)C4C(=O)N([*])C(=O)C4C3)C2=O)c1,459.15
[*]c1ccc(OCCCCCCCCCCCCOc2ccc(C(C)(C)c3ccc(OCOc4ccc(C([*])(C)C)cc4)cc3)cc2)cc1,310.15
[*]c1ccc(OCCCCCCCCCCCCOc2ccc(N(c3ccccc3)c3ccc(-c4ccc(N([*])c5ccccc5)cc4)cc3)cc2)cc1,315.65
[*]c1ccc(OCCCCCCCCCCOc2ccc(N(c3ccccc3)c3ccc(-c4ccc(N([*])c5ccccc5)cc4)cc3)cc2)cc1,363.15
[*]c1ccc(OCCCCCCCCOc2ccc(C([*])(C(F)(F)F)C(F)(F)F)cc2)cc1,300.95
[*]c1ccc(OCCCCCCCCOc2ccc(C([*])(C)C)cc2)cc1,292.75
[*]c1ccc(OCCCCCCN(CC)c2ccc(C(C#N)=C(C#N)C#N)cc2)c(-c2cc(-c3ccccc3)c3cc(Oc4ccc5nc([*])cc(-c6ccccc6)c5c4)ccc3n2)c1,448.15
[*]c1ccc(OCCCCCCOc2ccc(-c3ccc(OCC)cc3)cc2)c(N2C(=O)c3ccc(C(c4ccc5c(c4)C(=O)N([*])C5=O)(C(F)(F)F)C(F)(F)F)cc3C2=O)c1,423.45
[*]c1ccc(OCCCCCCOc2ccc(/N=N/c3ccc(OCC)cc3)cc2)c(N2C(=O)c3ccc(C(c4ccc5c(c4)C(=O)N([*])C5=O)(C(F)(F)F)C(F)(F)F)cc3C2=O)c1,471.15
[*]c1ccc(OCCCCCCOc2ccc(C([*])(C)C)cc2)cc1,309.15
[*]c1ccc(OCCCCCCOc2ccc(N(c3ccccc3)c3ccc(-c4ccc(N([*])c5ccccc5)cc4)cc3)cc2)cc1,358.15
[*]c1ccc(OCCCCOc2ccc(C(C)(C)c3ccc(Oc4ccc(S(=O)(=O)c5ccc(Oc6ccc(C([*])(C)C)cc6)cc5)cc4)cc3)cc2)cc1,413.15
[*]c1ccc(OCCN(C)c2ccc(/C=C/C3=C/C(=C(/C#N)C(=O)OC)CC(C)(C)C3)cc2)c(N2C(=O)c3ccc(Oc4ccc5c(c4)C(=O)N(c4cc(C([*])(C(F)(F)F)C(F)(F)F)ccc4OCCN(c4ccccc4)c4ccc(/C=C/C6=C/C(=C(/C#N)C(=O)OC)CC(C)(C)C6)cc4)C5=O)cc3C2=O)c1,480.15
[*]c1ccc(OCCN(C)c2ccc(/C=C/C3=C/C(=C(/C#N)C(=O)OCCc4ccccc4)CC(C)(C)C3)cc2)c(N2C(=O)c3ccc(Oc4ccc5c(c4)C(=O)N(c4cc(C([*])(C(F)(F)F)C(F)(F)F)ccc4OCCN(c4ccccc4)c4ccc(/C=C/C6=C/C(=C(/C#N)C(=O)OCCc7ccccc7)CC(C)(C)C6)cc4)C5=O)cc3C2=O)c1,450.15
[*]c1ccc(OCCN(C)c2ccc(/C=C/C3=C/C(=C(/C#N)C(=O)OCc4ccc(Oc5c(F)c(F)c(F)c(F)c5F)cc4)CC(C)(C)C3)cc2)c(N2C(=O)c3ccc(Oc4ccc5c(c4)C(=O)N(c4cc(C([*])(C(F)(F)F)C(F)(F)F)ccc4OCCN(c4ccccc4)c4ccc(/C=C/C6=C/C(=C(/C#N)C(=O)OCc7ccc(Oc8c(F)c(F)c(F)c(F)c8F)cc7)CC(C)(C)C6)cc4)C5=O)cc3C2=O)c1,435.15
[*]c1ccc(OCCN(C)c2ccc(/C=C/C3=C/C(=C(/C#N)S(C)(=O)=O)CC(C)(C)C3)cc2)c(N2C(=O)c3ccc(Oc4ccc5c(c4)C(=O)N(c4cc(C([*])(C(F)(F)F)C(F)(F)F)ccc4OCCN(C)c4ccc(/C=C/C6=C/C(=C(/C#N)S(C)(=O)=O)CC(C)(C)C6)cc4)C5=O)cc3C2=O)c1,498.15
[*]c1ccc(OCCN(C)c2ccc(/C=C/C3=CC(=C(C#N)C#N)CC(C)(C)C3)cc2)c(N2C(=O)c3ccc(Oc4ccc5c(c4)C(=O)N(c4cc(C([*])(C(F)(F)F)C(F)(F)F)ccc4OCCN(C)c4ccc(/C=C/C6=CC(=C(C#N)C#N)CC(C)(C)C6)cc4)C5=O)cc3C2=O)c1,488.15
[*]c1ccc(OCCN(CC)c2ccc(-c3ccc(C(=C(C#N)C#N)c4ccc(-c5ccc(N(CC)CC)cc5)s4)s3)cc2)c(-c2cc(-c3ccccc3)c3cc(Oc4ccc5nc([*])cc(-c6ccccc6)c5c4)ccc3n2)c1,478.15
[*]c1ccc(OCCN(CC)c2ccc(-c3ccc(C(=C(C#N)C#N)c4ccc(N(CC)CC)cc4)s3)cc2)c(-c2cc(-c3ccccc3)c3cc(Oc4ccc5nc([*])cc(-c6ccccc6)c5c4)ccc3n2)c1,488.15
[*]c1ccc(OCCN(CC)c2ccc(/C=C/C3=CC(=C(C#N)C#N)CC(C)(C)C3)cc2)c(N2C(=O)c3ccc(Oc4ccc5c(c4)C(=O)N(c4cc(C([*])(C(F)(F)F)C(F)(F)F)ccc4OCCN(CC)c4ccc(/C=C/C6=CC(=C(C#N)C#N)CC(C)(C)C6)cc4)C5=O)cc3C2=O)c1,475.15
[*]c1ccc(OCCN(CC)c2ccc(/N=N/c3ccc([N+](=O)[O-])cc3)cc2)c(N2C(=O)c3ccc(C(c4ccc5c(c4)C(=O)N(c4cc(C([*])(C(F)(F)F)C(F)(F)F)ccc4OCCN(CC)c4ccc(/N=N/c6ccc([N+](=O)[O-])cc6)cc4)C5=O)(C(F)(F)F)C(F)(F)F)cc3C2=O)c1,472.15
[*]c1ccc(OCCN(CC)c2ccc(C(C#N)=C(C#N)C#N)cc2)c(-c2cc(-c3ccccc3)c3cc(Oc4ccc5nc([*])cc(-c6ccccc6)c5c4)ccc3n2)c1,473.15
[*]c1ccc(OCCN(c2ccccc2)c2ccc(/C=C/C3=C/C(=C(/C#N)S(C)(=O)=O)CC(C)(C)C3)cc2)c(N2C(=O)c3ccc(Oc4ccc5c(c4)C(=O)N(c4cc(C([*])(C(F)(F)F)C(F)(F)F)ccc4OCCN(c4ccccc4)c4ccc(/C=C/C6=C/C(=C(/C#N)S(C)(=O)=O)CC(C)(C)C6)cc4)C5=O)cc3C2=O)c1,507.15
[*]c1ccc(OCCN(c2ccccc2)c2ccc(/C=C/C3=CC(=C(C#N)C#N)CC(C)(C)C3)cc2)c(N2C(=O)c3ccc(Oc4ccc5c(c4)C(=O)N(c4cc(C([*])(C(F)(F)F)C(F)(F)F)ccc4OCCN(c4ccccc4)c4ccc(/C=C/C6=CC(=C(C#N)C#N)CC(C)(C)C6)cc4)C5=O)cc3C2=O)c1,493.15
[*]c1ccc(OCCOC(=O)C2CCC(C(=O)OCCOc3ccc(C([*])(C)C)cc3)CC2)cc1,330.15
[*]c1ccc(OCCOC(=O)Nc2ccc(Cc3ccc(NC(=O)OCCOc4ccc(C([*])(C)C)cc4)cc3)cc2)cc1,400.15
[*]c1ccc(OCCOC(=O)Nc2ccc3c(c2)C(=O)N(c2cccc(P(=O)(c4ccccc4)c4cccc(N5C(=O)c6ccc(NC(=O)OCCOc7ccc(C([*])(C)C)cc7)cc6C5=O)c4)c2)C3=O)cc1,493.15
[*]c1ccc(OCCOC(=O)Nc2ccc3c(c2)C(=O)N(c2cccc(P(C)(=O)c4cccc(N5C(=O)c6ccc(NC(=O)OCCOc7ccc(C([*])(C)C)cc7)cc6C5=O)c4)c2)C3=O)cc1,484.15
[*]c1ccc(OCCOC(=O)c2ccc(C(=O)OCCOc3ccc(C([*])(C)C)cc3)cc2)cc1,356.15
[*]c1ccc(OCOc2ccc(-c3oc(-c4ccc([N+](=O)[O-])cc4)nc3[*])cc2)cc1,467.15
[*]c1ccc(OCOc2ccc(C([*])(C(F)(F)F)C(F)(F)F)cc2)cc1,396.15
[*]c1ccc(OCOc2ccc(C([*])(C)C)cc2)cc1,363.15
[*]c1ccc(OCc2cc(OCCN(C)c3ccc(/C=C/C4=CC(=C(C#N)C#N)CC(C)(C)C4)cc3)cc(OCCN(C)c3ccc(/C=C/C4=CC(=C(C#N)C#N)CC(C)(C)C4)cc3)c2)c(N2C(=O)c3ccc(Oc4ccc5c(c4)C(=O)N(c4cc(C([*])(C(F)(F)F)C(F)(F)F)ccc4OCc4cc(OCCN(C)c6ccc(/C=C/C7=CC(=C(C#N)C#N)CC(C)(C)C7)cc6)cc(OCCN(C)c6ccc(/C=C/C7=CC(=C(C#N)C#N)CC(C)(C)C7)cc6)c4)C5=O)cc3C2=O)c1,451.15
[*]c1ccc(OCc2ccc(Oc3ccc(C([*])(C)C)cc3)n2-c2ccc(C#N)cc2)cc1,346.28
[*]c1ccc(OCc2ccc(Oc3ccc(C([*])(C)C)cc3)n2-c2ccc([N+](=O)[O-])cc2)cc1,349.9
[*]c1ccc(OP(=O)(Oc2ccc(C([*])(C)C)cc2)OC2CCCCC2)cc1,359.15
[*]c1ccc(OP(=O)(Oc2ccc(C([*])(C)C)cc2)Oc2c(Cl)c(Cl)c(Cl)c(Cl)c2Cl)cc1,403.15
[*]c1ccc(OP(=O)(Oc2ccc(C([*])(C)C)cc2)Oc2c(Cl)cc(Cl)cc2Cl)cc1,367.15
[*]c1ccc(OP(=O)(Oc2ccc(C([*])(C)C)cc2)Oc2c(Cl)cccc2Cl)cc1,369.15
[*]c1ccc(OP(=O)(Oc2ccc(Cl)cc2)Oc2ccc(C([*])(C)C)cc2)cc1,344.15
[*]c1ccc(OP(=O)(Oc2ccccc2)Oc2ccc(C([*])(C)C)cc2)cc1,347.65
[*]c1ccc(OS(=O)(=O)c2ccc(C)c(S(=O)(=O)Oc3ccc(C4([*])CCCCC4)cc3C)c2)c(C)c1,414.15
[*]c1ccc(OS(=O)(=O)c2cccc(C(=O)c3cccc(S(=O)(=O)Oc4ccc(C([*])(C)C)cc4)c3)c2)cc1,395.15
[*]c1ccc(OS(=O)(=O)c2cccc(S(=O)(=O)Oc3ccc(C([*])(C)C)cc3)c2)cc1,397.15
[*]c1ccc(OS(=O)(=O)c2cccc(S(=O)(=O)Oc3ccc(C([*])(C)CC)cc3)c2)cc1,420.15
[*]c1ccc(O[Si](C)(C)Oc2ccc(C([*])(C)C)cc2)cc1,318.15
[*]c1ccc(O[Si](C)(Oc2ccc(C([*])(C)C)cc2)c2ccccc2)cc1,331.15
[*]c1ccc(O[Si](Oc2ccc(C3([*])c4ccccc4-c4ccccc43)cc2C)(c2ccccc2)c2ccccc2)c(C)c1,444.15
[*]c1ccc(Oc2c(F)c(F)c(-c3c(F)c(F)c(-n4nc([*])c5ccccc5c4=O)c(F)c3F)c(F)c2F)cc1F,526.15
[*]c1ccc(Oc2c(F)c(F)c(C(=O)c3c(F)c(F)c(Oc4ccc(C([*])(C)c5ccccc5)cc4)c(F)c3F)c(F)c2F)cc1,448.15
[*]c1ccc(Oc2c(F)c(F)c(C(=O)c3c(F)c(F)c(Oc4ccc(C5([*])OC(=O)c6ccccc65)cc4)c(F)c3F)c(F)c2F)cc1,488.15
[*]c1ccc(Oc2c(F)c(F)c(COC(c3cccc(C(OCc4c(F)c(F)c(Oc5ccc(C([*])(C)C)cc5)c(F)c4F)(C(F)(F)F)C(F)(F)F)c3)(C(F)(F)F)C(F)(F)F)c(F)c2F)cc1,371.15
[*]c1ccc(Oc2cc(Oc3ccc(C([*])(C)C)cc3)cc(C(=O)Oc3ccc(/N=N/c4ccc(C#N)cc4)cc3)c2)cc1,436.15
[*]c1ccc(Oc2cc(Oc3ccc(C([*])(C)C)cc3)cc([N+](=O)[O-])c2)cc1,423.15
[*]c1ccc(Oc2cc3ccccc3cc2Oc2ccc(-n3c(=O)c4cc5c(=O)n([*])c(=O)c5cc4c3=O)cc2)cc1,589.15
[*]c1ccc(Oc2ccc(-c3c(-c4ccccc4)c(-c4ccc(-c5nc6ccccc6c([*])c5-c5ccccc5)cc4)nc4ccccc34)cc2)cc1,546.15
[*]c1ccc(Oc2ccc(-c3c4ccccc4c(-c4ccc(Oc5ccc(-c6c7c(c([*])c8ccccc68)C(=O)N(c6ccccc6)C7=O)cc5)c(C(F)(F)F)c4)c4ccccc34)cc2C(F)(F)F)cc1,634.15
[*]c1ccc(Oc2ccc(-c3cc(-c4ccc(Oc5ccc(-c6cc([*])nc7ccccc67)cc5)cc4)c4ccccc4n3)cc2)cc1,573.15
[*]c1ccc(Oc2ccc(-c3cc(-c4ccc(Oc5ccc(P([*])(=O)c6ccccc6)cc5)cc4)n[nH]3)cc2)cc1,569.15
[*]c1ccc(Oc2ccc(-c3cc(-c4ccc(Oc5ccc(P([*])(=O)c6ccccc6)cc5)cc4)nn3-c3ccccc3)cc2)cc1,512.15
[*]c1ccc(Oc2ccc(-c3cc(-c4ccc(Oc5ccc(S([*])(=O)=O)cc5)cc4)n[nH]3)cc2)cc1,533.15
[*]c1ccc(Oc2ccc(-c3cc(-c4ccc(Oc5ccc(S([*])(=O)=O)cc5)cc4)nn3-c3ccccc3)cc2)cc1,508.15
[*]c1ccc(Oc2ccc(-c3cc(-c4ccccc4)c4cc(-c5ccc6nc([*])cc(-c7ccccc7)c6c5)ccc4n3)cc2)cc1,578.15
[*]c1ccc(Oc2ccc(-c3cc(-c4ccccc4)c4cc(C5(c6ccc7nc([*])cc(-c8ccccc8)c7c6)c6ccccc6-c6ccccc65)ccc4n3)cc2)cc1,588.15
[*]c1ccc(Oc2ccc(-c3cc(-c4ccccc4)c4cc(Oc5ccc6nc([*])cc(-c7ccccc7)c6c5)ccc4n3)cc2)cc1,539.15
[*]c1ccc(Oc2ccc(-c3cc(-c4ccccc4)c4cc5c(-c6ccccc6)cc([*])nc5cc4n3)cc2)cc1,653.65
[*]c1ccc(Oc2ccc(-c3cc(-c4ccccc4)c4cc5nc([*])cc(-c6ccccc6)c5cc4n3)cc2)cc1,638.15
[*]c1ccc(Oc2ccc(-c3ccc(-c4ccc(-c5ccc(Oc6ccc(-c7c8c(c([*])c9ccccc79)C(=O)N(c7ccccc7)C8=O)cc6)c(C(F)(F)F)c5)cc4)cc3)cc2C(F)(F)F)cc1,607.15
[*]c1ccc(Oc2ccc(-c3ccc(-c4ccc(Oc5ccc(-c6c7c(c([*])c8ccccc68)C(=O)N(c6ccccc6)C7=O)cc5)c(C(F)(F)F)c4)cc3)cc2C(F)(F)F)cc1,590.15
[*]c1ccc(Oc2ccc(-c3ccc(-c4ccc(Oc5ccc(-c6c7c(c([*])c8ccccc68)C(=O)N(c6ccccc6)C7=O)cc5)c(C(F)(F)F)c4)s3)cc2C(F)(F)F)cc1,560.15
[*]c1ccc(Oc2ccc(-c3ccc(-c4ccc(Oc5ccc(C([*])(C)C)cc5)c(C(F)(F)F)c4)cc3)cc2C(F)(F)F)cc1,465.15
[*]c1ccc(Oc2ccc(-c3ccc(-c4ccc(Oc5ccc(C([*])(C)C)cc5)c(C(F)(F)F)c4)s3)cc2C(F)(F)F)cc1,403.15
[*]c1ccc(Oc2ccc(-c3ccc(-c4ccc(Oc5ccc(C([*])(C)C)cc5)cc4)cc3)cc2)cc1,455.15
[*]c1ccc(Oc2ccc(-c3ccc(-c4ccc(Oc5ccc(P([*])(=O)c6ccccc6)cc5)cc4)nc3)cc2)cc1,530.15
[*]c1ccc(Oc2ccc(-c3ccc(-c4ccc(Oc5ccc(S(=O)(=O)c6ccc(-c7ccc(S([*])(=O)=O)cc7)cc6)cc5)cc4)cc3)cc2)cc1,536.15
[*]c1ccc(Oc2ccc(-c3ccc(-c4ccc(Oc5ccc(S([*])(=O)=O)cc5)c(C(F)(F)F)c4)cc3)cc2C(F)(F)F)cc1,487.15
[*]c1ccc(Oc2ccc(-c3ccc(-c4ccc(Oc5ccc(S([*])(=O)=O)cc5)cc4)cc3)cc2)cc1,524.15
[*]c1ccc(Oc2ccc(-c3ccc(-n4c(=O)c5cc6c(=O)n(-c7ccc(-c8ccc(Oc9ccc%10c(c9)C([*])(C)CC%10(C)C)c(C(F)(F)F)c8)cc7)c(=O)c6cc5c4=O)cc3)cc2C(F)(F)F)cc1,538.15
[*]c1ccc(Oc2ccc(-c3ccc(N4C(=O)c5ccc(C(=O)c6ccc7c(c6)C(=O)N(c6ccc(-c8ccc(Oc9ccc%10c(c9)C([*])(C)CC%10(C)C)c(C(F)(F)F)c8)cc6)C7=O)cc5C4=O)cc3)cc2C(F)(F)F)cc1,525.15
[*]c1ccc(Oc2ccc(-c3ccc(N4C(=O)c5ccc(C(c6ccc7c(c6)C(=O)N(c6ccc(-c8ccc(Oc9ccc%10c(c9)C([*])(C)CC%10(C)C)c(C(F)(F)F)c8)cc6)C7=O)(C(F)(F)F)C(F)(F)F)cc5C4=O)cc3)cc2C(F)(F)F)cc1,535.15
[*]c1ccc(Oc2ccc(-c3ccc(N4C(=O)c5ccc(Oc6ccc(C(C)(C)c7ccc(Oc8ccc9c(c8)C(=O)N(c8ccc(-c%10ccc(Oc%11ccc%12c(c%11)C([*])(C)CC%12(C)C)c(C(F)(F)F)c%10)cc8)C9=O)cc7)cc6)cc5C4=O)cc3)cc2C(F)(F)F)cc1,514.15
[*]c1ccc(Oc2ccc(-c3ccc(N4C(=O)c5ccc(Oc6ccc7c(c6)C(=O)N(c6ccc(-c8ccc(Oc9ccc%10c(c9)C([*])(C)CC%10(C)C)c(C(F)(F)F)c8)cc6)C7=O)cc5C4=O)cc3)cc2C(F)(F)F)cc1,522.15
[*]c1ccc(Oc2ccc(-c3ccc(Oc4ccc(-c5cnc([*])o5)cc4C(F)(F)F)cc3)cc2)c(C(F)(F)F)c1,473.15
[*]c1ccc(Oc2ccc(-c3ccc(Oc4ccc(-c5nc(-c6ccccn6)nnc5[*])cc4)cc3)cc2)cc1,503.15
[*]c1ccc(Oc2ccc(-c3ccc(Oc4ccc(-c5nc([*])nc(-c6ccccc6)n5)cc4)cc3)cc2)cc1,514.15
[*]c1ccc(Oc2ccc(-c3ccc(Oc4ccc(-c5nnc([*])c6c(-c7ccc(F)cc7)c(-c7ccc(F)cc7)c(-c7ccc(F)cc7)c(-c7ccc(F)cc7)c56)cc4)cc3)cc2)cc1,593.15
[*]c1ccc(Oc2ccc(-c3ccc(Oc4ccc(-c5nnc([*])c6c(-c7ccccc7)c(-c7ccc8ccccc8c7)c(-c7ccc8ccccc8c7)c(-c7ccccc7)c56)cc4)cc3)cc2)cc1,607.15
[*]c1ccc(Oc2ccc(-c3ccc(Oc4ccc(-n5c(=O)c6cc7c(=O)n([*])c(=O)c7cc6c5=O)cc4)cc3)cc2)cc1,573.15
[*]c1ccc(Oc2ccc(-c3ccc(Oc4ccc(C([*])(C)C)cc4)cc3)cc2)cc1,427.15
[*]c1ccc(Oc2ccc(-c3ccc(Oc4ccc(N5C(=O)CC(=O)N([*])C5=S)cc4)cc3)cc2)cc1,431.65
[*]c1ccc(Oc2ccc(-c3ccc(Oc4ccc(P([*])(=O)c5ccccc5)cc4)cc3)cc2)cc1,507.15
[*]c1ccc(Oc2ccc(-c3ccc(Oc4ccc(S(=O)(=O)c5ccc(-c6ccc(-c7ccc(S([*])(=O)=O)cc7)cc6)cc5)cc4)cc3)cc2)cc1,537.15
[*]c1ccc(Oc2ccc(-c3ccc(Oc4ccc(S(=O)(=O)c5ccc6cc(S([*])(=O)=O)ccc6c5)cc4)cc3)cc2)cc1,528.15
[*]c1ccc(Oc2ccc(-c3ccc(Oc4ccc(S(=O)(=O)c5cccc6c(S([*])(=O)=O)cccc56)cc4)cc3)cc2)cc1,521.15
[*]c1ccc(Oc2ccc(-c3ccc(Oc4ccc(S([*])(=O)=O)cc4)cc3)cc2)cc1,494.15
[*]c1ccc(Oc2ccc(-c3ccc(S([*])(=O)=O)cc3)cc2)cc1,542.15
[*]c1ccc(Oc2ccc(-c3cccc(-c4ccc(Oc5ccc(-c6c7c(c([*])c8ccccc68)C(=O)N(c6ccccc6)C7=O)cc5)c(C(F)(F)F)c4)c3)cc2C(F)(F)F)cc1,544.15
[*]c1ccc(Oc2ccc(-c3cccc(-c4ccc(Oc5ccc(-c6c7c(c([*])c8ccccc68)C(=O)N(c6ccccc6)C7=O)cc5)c(C(F)(F)F)c4)n3)cc2C(F)(F)F)cc1,571.15
[*]c1ccc(Oc2ccc(-c3cccc(-c4ccc(Oc5ccc(C([*])(C)C)cc5)c(C(F)(F)F)c4)n3)cc2C(F)(F)F)cc1,398.15
[*]c1ccc(Oc2ccc(-c3cnc(-c4ccc(Oc5ccc(C([*])(C)C)cc5)c(C(F)(F)F)c4)o3)cc2C(F)(F)F)cc1,458.15
[*]c1ccc(Oc2ccc(-c3cnc(-c4ccc(Oc5ccc(S([*])(=O)=O)cc5)c(C(F)(F)F)c4)o3)cc2C(F)(F)F)cc1,483.15
[*]c1ccc(Oc2ccc(-c3cnc(-n4c(=O)c5cc6c(=O)n([*])c(=O)c6cc5c4=O)s3)cc2)cc1,601.95
[*]c1ccc(Oc2ccc(-c3cnc4cc(-c5ccc6nc(-c7ccc(Oc8ccc([*])cc8)cc7)cnc6c5)ccc4n3)cc2)cc1,486.15
[*]c1ccc(Oc2ccc(-c3cnc4cc(-c5ccc6nc([*])cnc6c5)ccc4n3)cc2)cc1,607.15
[*]c1ccc(Oc2ccc(-c3cnc4cc(-c5ccc6ncc([*])nc6c5)ccc4n3)cc2)cc1,553.15
[*]c1ccc(Oc2ccc(-c3cnc4cc(Oc5ccc6nc([*])cnc6c5)ccc4n3)cc2)cc1,655.15
[*]c1ccc(Oc2ccc(-c3cnc4cc(Oc5ccc6ncc([*])nc6c5)ccc4n3)cc2)cc1,543.15
[*]c1ccc(Oc2ccc(-c3cnc4cc5nc([*])cnc5cc4n3)cc2)cc1,626.15
[*]c1ccc(Oc2ccc(-c3cnc4cc5ncc([*])nc5cc4n3)cc2)cc1,626.15
[*]c1ccc(Oc2ccc(-c3cnc4ccc(-c5ccc6ncc([*])nc6c5)cc4n3)cc2)cc1,578.15
[*]c1ccc(Oc2ccc(-c3nc(-c4ccc(-c5nc(-c6ccc(Oc7ccc(S([*])(=O)=O)cc7)cc6)c(-c6ccccc6)[nH]5)cc4)[nH]c3-c3ccccc3)cc2)cc1,574.15
[*]c1ccc(Oc2ccc(-c3nc(-c4cccc(-c5nc(-c6ccc(Oc7ccc(S([*])(=O)=O)cc7)cc6)c(-c6ccccc6)[nH]5)c4)[nH]c3-c3ccccc3)cc2)cc1,565.15
[*]c1ccc(Oc2ccc(-c3nc(-c4ccccc4)[nH]c3-c3ccc(Oc4ccc(P([*])(=O)c5ccccc5)cc4)cc3)cc2)cc1,591.15
[*]c1ccc(Oc2ccc(-c3nc(-c4ccccc4)[nH]c3-c3ccc(Oc4ccc(S([*])(=O)=O)cc4)cc3)cc2)cc1,550.15
[*]c1ccc(Oc2ccc(-c3nc(-c4ccccc4)nc(-c4ccc(Oc5ccc(C([*])(C(F)(F)F)C(F)(F)F)cc5)cc4)n3)cc2)cc1,514.15
[*]c1ccc(Oc2ccc(-c3nc(-c4ccccc4)nc(-c4ccc(Oc5ccc(C([*])(C)C)cc5)cc4)n3)cc2)cc1,501.15
[*]c1ccc(Oc2ccc(-c3nc4cc(C(c5ccc6oc(-c7ccc(Oc8ccc(C([*])(C(F)(F)F)C(F)(F)F)cc8)cc7)nc6c5)(C(F)(F)F)C(F)(F)F)ccc4o3)cc2)cc1,528.15
[*]c1ccc(Oc2ccc(-c3nc4cc5sc(-c6ccc(Oc7ccc(-n8c(=O)c9cc%10c(=O)n([*])c(=O)c%10cc9c8=O)cc7)cc6)nc5cc4s3)cc2)cc1,673.15
[*]c1ccc(Oc2ccc(-c3nc4cc5sc([*])nc5cc4s3)cc2)cc1,623.15
[*]c1ccc(Oc2ccc(-c3nc4ccc(-c5ccc6nc([*])c(-c7ccccc7)c(-c7ccccc7)c6c5)cc4c(-c4ccccc4)c3-c3ccccc3)cc2)cc1,573.15
[*]c1ccc(Oc2ccc(-c3nc4ccc(Oc5ccc6nc([*])cc(-c7ccccc7)c6c5)cc4c(-c4ccccc4)c3-c3ccccc3)cc2)cc1,578.15
[*]c1ccc(Oc2ccc(-c3nc4ccccc4n3-c3ccc(-c4ccc(-n5c(-c6ccc(Oc7ccc(S([*])(=O)=O)cc7)cc6)nc6ccccc65)cc4)cc3)cc2)cc1,562.15
[*]c1ccc(Oc2ccc(-c3nc4ccccc4n3-c3ccc(-n4c(-c5ccc(Oc6ccc(S([*])(=O)=O)cc6)cc5)nc5ccccc54)cc3)cc2)cc1,543.15
[*]c1ccc(Oc2ccc(-c3nn(-c4ccc(S(=O)(=O)c5ccc(-n6nc([*])c7ccccc7c6=O)cc5)cc4)c(=O)c4ccccc34)cc2)cc1,568.15
[*]c1ccc(Oc2ccc(-c3nnc(-c4ccc(Oc5ccc(-c6cc(OCCCCCC)c([*])cc6OCCCCCC)cc5)cc4)o3)cc2)cc1,376.15
[*]c1ccc(Oc2ccc(-c3nnc(-c4ccc(Oc5ccc(C([*])(C(F)(F)F)C(F)(F)F)cc5)c5ccccc45)o3)c3ccccc23)cc1,493.15
[*]c1ccc(Oc2ccc(-c3nnc(-c4ccc(Oc5ccc(C([*])(C(F)(F)F)C(F)(F)F)cc5)cc4)c4c(-c5ccccc5)c(-c5ccc6ccccc6c5)c(-c5ccc6ccccc6c5)c(-c5ccccc5)c34)cc2)cc1,564.15
[*]c1ccc(Oc2ccc(-c3nnc(-c4ccc(Oc5ccc(C([*])(C(F)(F)F)C(F)(F)F)cc5)cc4)n3-c3ccccc3)cc2)cc1,476.15
[*]c1ccc(Oc2ccc(-c3nnc(-c4ccc(Oc5ccc(C([*])(C)C)cc5)cc4)c4c(-c5ccc(F)cc5)c(-c5ccc(F)cc5)c(-c5ccc(F)cc5)c(-c5ccc(F)cc5)c34)cc2)cc1,555.15
[*]c1ccc(Oc2ccc(-c3nnc(-c4ccc(Oc5ccc(C([*])(C)C)cc5)cc4)c4c(-c5ccccc5)c(-c5ccc6ccccc6c5)c(-c5ccc6ccccc6c5)c(-c5ccccc5)c34)cc2)cc1,563.15
[*]c1ccc(Oc2ccc(-c3nnc(-c4ccc(Oc5ccc(C([*])(C)C)cc5)cc4)n3-c3ccc(S(=O)(=O)c4ccccc4)cc3)cc2)cc1,471.15
[*]c1ccc(Oc2ccc(-c3nnc(-c4ccc(Oc5ccc(C([*])(C)C)cc5)cc4)n3-c3ccc(S(C)(=O)=O)cc3)cc2)cc1,503.15
[*]c1ccc(Oc2ccc(-c3nnc(-c4ccc(Oc5ccc(C([*])(C)C)cc5)cc4)n3-c3cccc(C(F)(F)F)c3)cc2)cc1,463.15
[*]c1ccc(Oc2ccc(-c3nnc(-c4ccc(Oc5ccc(C([*])(C)C)cc5)cc4)n3-c3ccccc3)cc2)cc1,480.15
[*]c1ccc(Oc2ccc(-c3nnc(-c4ccc(Oc5ccc(C([*])(C)C)cc5)cc4)o3)cc2)cc1,453.15
[*]c1ccc(Oc2ccc(-c3nnc(-c4ccccn4)nc3-c3ccc(Oc4ccc(C([*])(C(F)(F)F)C(F)(F)F)cc4)cc3)cc2)cc1,497.15
[*]c1ccc(Oc2ccc(-c3nnc(-c4ccccn4)nc3-c3ccc(Oc4ccc(C([*])(C)C)cc4)cc3)cc2)cc1,493.15
[*]c1ccc(Oc2ccc(-c3nnc(-c4ccccn4)nc3-c3ccc(Oc4ccc(C([*])(C)c5ccccc5)cc4)cc3)cc2)cc1,505.15
[*]c1ccc(Oc2ccc(-c3nnc(-c4ccccn4)nc3-c3ccc(Oc4ccc(S([*])(=O)=O)cc4)cc3)cc2)cc1,538.15
[*]c1ccc(Oc2ccc(-c3nnc([*])o3)cc2)cc1,513.15
[*]c1ccc(Oc2ccc(-n3c(=O)c4c(Oc5ccc(OC)cc5)c5c(=O)n([*])c(=O)c5c(Oc5ccc(OC)cc5)c4c3=O)cc2)cc1,576.65
[*]c1ccc(Oc2ccc(-n3c(=O)c4c(Oc5ccc(OCCCC)cc5)c5c(=O)n([*])c(=O)c5c(Oc5ccc(OCCCC)cc5)c4c3=O)cc2)cc1,542.65
[*]c1ccc(Oc2ccc(-n3c(=O)c4c(Oc5ccc(OCCCCCCCC)cc5)c5c(=O)n([*])c(=O)c5c(Oc5ccc(OCCCCCCCC)cc5)c4c3=O)cc2)cc1,507.65
[*]c1ccc(Oc2ccc(-n3c(=O)c4c(Oc5ccc(OCCCCCCCCCCCC)cc5)c5c(=O)n([*])c(=O)c5c(Oc5ccc(OCCCCCCCCCCCC)cc5)c4c3=O)cc2)cc1,491.15
[*]c1ccc(Oc2ccc(-n3c(=O)c4cc5c(=O)n(-c6ccc(Oc7ccc(C(C)(C)c8cccc(C([*])(C)C)c8)cc7)cc6)c(=O)c5cc4c3=O)cc2)cc1,522.62
[*]c1ccc(Oc2ccc(-n3c(=O)c4cc5c(=O)n(-c6ccc(Oc7ccc(C([*])(C)C)cc7)cc6)c(=O)c5cc4c3=O)cc2)cc1,556.15
[*]c1ccc(Oc2ccc(-n3c(=O)c4cc5c(=O)n([*])c(=O)c5cc4c3=O)cc2)c(-c2ccccc2)c1,602.15
[*]c1ccc(Oc2ccc(-n3nc(-c4ccccc4)cc3-c3ccc(-c4cc(-c5ccccc5)nn4[*])cc3)cc2)cc1,533.15
[*]c1ccc(Oc2ccc(-n3nc(-c4ccccc4)cc3-c3cccc(-c4cc(-c5ccccc5)nn4[*])c3)cc2)cc1,505.15
[*]c1ccc(Oc2ccc(-n3nccc3-c3ccc(-c4ccnn4[*])cc3)cc2)cc1,516.15
[*]c1ccc(Oc2ccc(/C(=N/c3ccc(/N=C(\c4ccccc4)c4ccc(Oc5ccc(C([*])(C)C)cc5)cc4)cc3)c3ccccc3)cc2)cc1,434.15
[*]c1ccc(Oc2ccc(/C(=N/c3ccc(Oc4ccc(/N=C(\c5ccccc5)c5ccc(Oc6ccc(C([*])(C)C)cc6)cc5)cc4)cc3)c3ccccc3)cc2)cc1,428.15
[*]c1ccc(Oc2ccc(/C=C/C(=O)c3ccc(Oc4ccc(C([*])(C)C)cc4)cc3)cc2)cc1,425.15
[*]c1ccc(Oc2ccc(/C=C/C(=O)c3ccc(Oc4ccc(C([*])(C)C)cc4C)cc3)cc2)c(C)c1,430.15
[*]c1ccc(Oc2ccc(/C=C/C(=O)c3ccc(Oc4ccc(C([*])(C)c5ccccc5)cc4)cc3)cc2)cc1,440.15
[*]c1ccc(Oc2ccc(/C=C/c3ccc(Oc4ccc(S([*])(=O)=O)cc4)cc3)cc2)cc1,507.65
[*]c1ccc(Oc2ccc(/C=N/N=C/c3ccc(Oc4ccc(C([*])(C(F)(F)F)C(F)(F)F)cc4)cc3)cc2)cc1,435.15
[*]c1ccc(Oc2ccc(/C=N/N=C/c3ccc(Oc4ccc(C([*])(C)C)cc4)cc3)cc2)cc1,436.15
[*]c1ccc(Oc2ccc(/C=N/N=C/c3ccc(Oc4ccc(C5([*])c6ccccc6-c6ccccc65)cc4)cc3)cc2)cc1,500.15
[*]c1ccc(Oc2ccc(/C=N/N=C/c3ccc(Oc4ccc(S([*])(=O)=O)cc4)cc3)cc2)cc1,424.15
[*]c1ccc(Oc2ccc(/C=N/N=C/c3ccc(Oc4ccc(S([*])=O)cc4)cc3)cc2)cc1,424.15
[*]c1ccc(Oc2ccc(/C=N/c3ccc(/N=C/c4ccc(Oc5ccc(C([*])(c6ccccc6)c6ccccc6)cc5)cc4)cc3)cc2)cc1,503.15
[*]c1ccc(Oc2ccc(/C=N/c3ccc(Oc4ccc(-c5ccc(Oc6ccc(/N=C/c7ccc(Oc8ccc(C([*])(C(F)(F)F)C(F)(F)F)cc8)cc7)cc6)cc5)cc4)cc3)cc2)cc1,401.15
[*]c1ccc(Oc2ccc(/C=N/c3ccc(Oc4ccc(-c5ccc(Oc6ccc(/N=C/c7ccc(Oc8ccc(C([*])(C)C)cc8)cc7)cc6)cc5)cc4)cc3)cc2)cc1,393.15
[*]c1ccc(Oc2ccc(/C=N/c3ccc(Oc4ccc(-c5ccc(Oc6ccc(/N=C/c7ccc(Oc8ccc(S([*])(=O)=O)cc8)cc7)cc6)cc5)cc4)cc3)cc2)cc1,400.15
[*]c1ccc(Oc2ccc(/C=N/c3ccc(Oc4ccc(/N=C/c5ccc(Oc6ccc(C([*])(c7ccccc7)c7ccccc7)cc6)cc5)cc4)cc3)cc2)cc1,484.15
[*]c1ccc(Oc2ccc(/C=N/c3ccc(Oc4ccc(/N=C/c5ccc(Oc6ccc(S([*])(=O)=O)cc6)cc5)cc4)cc3)cc2)cc1,435.15
[*]c1ccc(Oc2ccc(/C=N/c3ccc(Oc4ccc(S([*])(=O)=O)cc4)cc3)cc2)cc1,383.15
[*]c1ccc(Oc2ccc(/N=N/c3ccc(Oc4ccc(C([*])(C)C)cc4)cc3)cc2)cc1,448.15
[*]c1ccc(Oc2ccc(C(=O)C(=O)c3ccc(Oc4ccc(C([*])(C)C)cc4)cc3)cc2)cc1,425.15
[*]c1ccc(Oc2ccc(C(=O)C(=O)c3ccc(Oc4ccc(C([*])(C)c5ccccc5)cc4)cc3)cc2)cc1,450.15
[*]c1ccc(Oc2ccc(C(=O)Nc3ccc(-c4ccc(NC(=O)c5ccc(Oc6ccc(C([*])(C)C)cc6)cc5)cc4C(F)(F)F)c(C(F)(F)F)c3)cc2)cc1,523.15
[*]c1ccc(Oc2ccc(C(=O)Nc3ccc(Cc4ccc(NC(=O)c5ccc(Oc6ccc(C(C)(C)c7ccc(C([*])(C)C)cc7)cc6)cc5)cc4)cc3)cc2)cc1,435.15
[*]c1ccc(Oc2ccc(C(=O)Nc3ccc(Cc4ccc(NC(=O)c5ccc(Oc6ccc(C(C)(C)c7cccc(C([*])(C)C)c7)cc6)cc5)cc4)cc3)cc2)cc1,422.15
[*]c1ccc(Oc2ccc(C(=O)Nc3ccc(NC(=O)c4ccc(Oc5ccc(C(C)(C)c6ccc(C([*])(C)C)cc6)cc5)cc4)cc3)cc2)cc1,436.15
[*]c1ccc(Oc2ccc(C(=O)Nc3ccc(NC(=O)c4ccc(Oc5ccc(C(C)(C)c6cccc(C([*])(C)C)c6)cc5)cc4)cc3)cc2)cc1,427.15
[*]c1ccc(Oc2ccc(C(=O)Nc3ccc(NC(=O)c4ccc(Oc5ccc(C([*])(C)C)cc5)cc4)cc3)cc2)cc1,503.15
[*]c1ccc(Oc2ccc(C(=O)Nc3ccc(Oc4ccc(-c5ccc(Oc6ccc(NC(=O)c7ccc(Oc8ccc(C(C)(C)c9ccc(C([*])(C)C)cc9)cc8)cc7)cc6)cc5)cc4)cc3)cc2)cc1,450.15
[*]c1ccc(Oc2ccc(C(=O)Nc3ccc(Oc4ccc(-c5ccc(Oc6ccc(NC(=O)c7ccc(Oc8ccc(C(C)(C)c9cccc(C([*])(C)C)c9)cc8)cc7)cc6)cc5)cc4)cc3)cc2)cc1,440.15
[*]c1ccc(Oc2ccc(C(=O)Nc3ccc(Oc4ccc(C(c5ccc(Oc6ccc(NC(=O)c7ccc(Oc8ccc(C(C)(C)c9ccc(C([*])(C)C)cc9)cc8)cc7)cc6)cc5)(C(F)(F)F)C(F)(F)F)cc4)cc3)cc2)cc1,442.15
[*]c1ccc(Oc2ccc(C(=O)Nc3ccc(Oc4ccc(C(c5ccc(Oc6ccc(NC(=O)c7ccc(Oc8ccc(C(C)(C)c9cccc(C([*])(C)C)c9)cc8)cc7)cc6)cc5)(C(F)(F)F)C(F)(F)F)cc4)cc3)cc2)cc1,427.15
[*]c1ccc(Oc2ccc(C(=O)Nc3ccc(Oc4ccc(NC(=O)c5ccc(Oc6ccc(C(C)(C)c7ccc(C([*])(C)C)cc7)cc6)cc5)cc4)cc3)cc2)cc1,447.15
[*]c1ccc(Oc2ccc(C(=O)Nc3ccc(Oc4ccc(NC(=O)c5ccc(Oc6ccc(C(C)(C)c7cccc(C([*])(C)C)c7)cc6)cc5)cc4)cc3)cc2)cc1,428.15
[*]c1ccc(Oc2ccc(C(=O)Nc3ccc(Oc4ccc(Oc5ccc(NC(=O)c6ccc(Oc7ccc(C(C)(C)c8ccc(C([*])(C)C)cc8)cc7)cc6)cc5)cc4)cc3)cc2)cc1,438.15
[*]c1ccc(Oc2ccc(C(=O)Nc3ccc(Oc4ccc(Oc5ccc(NC(=O)c6ccc(Oc7ccc(C(C)(C)c8cccc(C([*])(C)C)c8)cc7)cc6)cc5)cc4)cc3)cc2)cc1,420.15
[*]c1ccc(Oc2ccc(C(=O)Nc3ccc(Oc4ccc(S(=O)(=O)c5ccc(Oc6ccc(NC(=O)c7ccc(Oc8ccc(C(C)(C)c9ccc(C([*])(C)C)cc9)cc8)cc7)cc6)cc5)cc4)cc3)cc2)cc1,450.15
[*]c1ccc(Oc2ccc(C(=O)Nc3ccc(Oc4ccc(S(=O)(=O)c5ccc(Oc6ccc(NC(=O)c7ccc(Oc8ccc(C(C)(C)c9cccc(C([*])(C)C)c9)cc8)cc7)cc6)cc5)cc4)cc3)cc2)cc1,440.15
[*]c1ccc(Oc2ccc(C(=O)Nc3ccc(Oc4ccc5cccc(Oc6ccc(NC(=O)c7ccc(Oc8ccc(C([*])(C)c9ccccc9)cc8)cc7)cc6)c5c4)cc3)cc2)cc1,485.15
[*]c1ccc(Oc2ccc(C(=O)Nc3ccc(Oc4cccc(NC(=O)c5ccc(Oc6ccc(C(C)(C)c7ccc(C([*])(C)C)cc7)cc6)cc5)c4)cc3)cc2)cc1,441.15
[*]c1ccc(Oc2ccc(C(=O)Nc3ccc(Oc4cccc5ccc(Oc6ccc(NC(=O)c7ccc(Oc8ccc(C(C)(C)c9cccc(C([*])(C)C)c9)cc8)cc7)cc6)cc45)cc3)cc2)cc1,412.15
[*]c1ccc(Oc2ccc(C(=O)Nc3cccc(NC(=O)c4ccc(Oc5ccc(C(C)(C)c6ccc(C([*])(C)C)cc6)cc5)cc4)c3)cc2)cc1,446.15
[*]c1ccc(Oc2ccc(C(=O)Nc3cccc(NC(=O)c4ccc(Oc5ccc(C(C)(C)c6cccc(C([*])(C)C)c6)cc5)cc4)c3)cc2)cc1,428.15
[*]c1ccc(Oc2ccc(C(=O)Nc3cccc(NC(=O)c4ccc(Oc5ccc(C([*])(C)C)cc5)cc4)c3)cc2)cc1,487.15
[*]c1ccc(Oc2ccc(C(=O)Nc3cccc(Oc4ccc(NC(=O)c5ccc(Oc6ccc(C(C)(C)c7cccc(C([*])(C)C)c7)cc6)cc5)cc4)c3)cc2)cc1,420.15
[*]c1ccc(Oc2ccc(C(=O)Oc3ccc(C4(c5ccc(OC(=O)c6ccc(Oc7ccc(C8([*])CCC(C(C)(C)C)CC8)cc7)cc6)cc5)C5CC6CC(C5)CC4C6)cc3)cc2)cc1,470.15
[*]c1ccc(Oc2ccc(C(=O)Oc3ccc(C4(c5ccc(OC(=O)c6ccc(Oc7ccc(C8([*])CCC(C(C)(C)C)CC8)cc7)cc6)cc5)CC5CC4C4CCCC54)cc3)cc2)cc1,454.15
[*]c1ccc(Oc2ccc(C(=O)Oc3ccc(C4(c5ccc(OC(=O)c6ccc(Oc7ccc(C8([*])CCC(C(C)(C)C)CC8)cc7)cc6)cc5)CCC(c5ccccc5)CC4)cc3)cc2)cc1,445.15
[*]c1ccc(Oc2ccc(C(=O)Oc3ccc(C4(c5ccc(OC(=O)c6ccc(Oc7ccc(C8([*])CCC(C(C)(C)C)CC8)cc7)cc6)cc5)CCCCCCCCCCC4)cc3)cc2)cc1,454.15
[*]c1ccc(Oc2ccc(C(=O)Oc3ccc(C45CC6CC(CC(C6)C4)C5)c(OC(=O)c4ccc(Oc5ccc(C6([*])CCC(C(C)(C)C)CC6)cc5)cc4)c3)cc2)cc1,453.15
[*]c1ccc(Oc2ccc(C(=O)c3c(C(=O)c4ccc(Oc5ccc(C([*])(C)C)cc5)cc4)c(-c4ccc(F)cc4)c(-c4ccc(F)cc4)c(-c4ccc(F)cc4)c3-c3ccc(F)cc3)cc2)cc1,525.15
[*]c1ccc(Oc2ccc(C(=O)c3c(C(=O)c4ccc(Oc5ccc(C([*])(C)C)cc5)cc4)c(-c4ccccc4)c(-c4ccc5ccccc5c4)c(-c4ccc5ccccc5c4)c3-c3ccccc3)cc2)cc1,537.15
[*]c1ccc(Oc2ccc(C(=O)c3ccc(-c4ccc(C(=O)c5ccc(Oc6ccc(C([*])(C)C)cc6)cc5)cc4)cc3)cc2)cc1,459.15
[*]c1ccc(Oc2ccc(C(=O)c3ccc(C(=O)c4ccc(Oc5ccc(C([*])(C)C)cc5)c(C(F)(F)F)c4)cc3)cc2C(F)(F)F)cc1,444.15
[*]c1ccc(Oc2ccc(C(=O)c3ccc(C(=O)c4ccc(Oc5ccc(C([*])(C)C)cc5)cc4)cc3)cc2)cc1,433.15
[*]c1ccc(Oc2ccc(C(=O)c3ccc(C(=O)c4ccc(Oc5ccc(C([*])(C)C)cc5)s4)cc3)s2)cc1,427.15
[*]c1ccc(Oc2ccc(C(=O)c3ccc(C(C)(C)c4ccc(C(=O)c5ccc(Oc6ccc(C([*])(C)C)cc6)cc5)cc4)cc3)cc2)cc1,444.15
[*]c1ccc(Oc2ccc(C(=O)c3ccc(C(c4ccc(C(=O)c5ccc(Oc6ccc(C([*])(C)C)cc6)cc5)cc4)(C(F)(F)F)C(F)(F)F)cc3)cc2)cc1,454.15
[*]c1ccc(Oc2ccc(C(=O)c3ccc(Oc4ccc(-c5c6c(c([*])c7ccccc57)C(=O)N(C)C6=O)cc4)cc3)cc2)cc1,556.15
[*]c1ccc(Oc2ccc(C(=O)c3ccc(Oc4ccc(-c5c6c(c([*])c7ccccc57)C(=O)N(CCCCCCCCCCCC)C6=O)cc4)cc3)cc2)cc1,420.15
[*]c1ccc(Oc2ccc(C(=O)c3ccc(Oc4ccc(C(=O)c5ccc(Oc6ccc(C([*])(C)C)cc6)cc5)cc4)cc3)cc2)cc1,435.15
[*]c1ccc(Oc2ccc(C(=O)c3ccc(Oc4ccc(C(C)(C)C5CCC([*])(C)CC5)cc4)cc3)cc2)cc1,473.15
[*]c1ccc(Oc2ccc(C(=O)c3ccc(Oc4ccc(C([*])(C)C)cc4)c(S(=O)(=O)O)c3)cc2S(=O)(=O)O)cc1,448.15
[*]c1ccc(Oc2ccc(C(=O)c3ccc(Oc4ccc(C([*])(C)C)cc4)cc3)cc2)cc1,428.15
[*]c1ccc(Oc2ccc(C(=O)c3ccc(Oc4ccc(C([*])(C)C)cc4)s3)cc2)cc1,424.15
[*]c1ccc(Oc2ccc(C(=O)c3ccc(Oc4ccc(C([*])(C)C)cc4)s3)s2)cc1,397.15
[*]c1ccc(Oc2ccc(C(=O)c3ccc(Oc4ccc(C5([*])CCC6CCCCC6C5)cc4C)cc3)cc2)c(C)c1,474.15
[*]c1ccc(Oc2ccc(C(=O)c3ccc(Oc4ccc(C5([*])OC(=O)c6ccccc65)cc4)cc3)cc2)cc1,491.15
[*]c1ccc(Oc2ccc(C(=O)c3ccc(Oc4ccc(C5([*])c6ccccc6C(=O)N5C)cc4)cc3)cc2)cc1,518.15
[*]c1ccc(Oc2ccc(C(=O)c3ccc(Oc4ccc(S(=O)(=O)c5ccc(Oc6ccc(C([*])(C)C)cc6)cc5)cc4)cc3)cc2)cc1,448.15
[*]c1ccc(Oc2ccc(C(=O)c3ccc(P(=O)(c4ccccc4)c4ccc(C(=O)c5ccc(Oc6ccc(C([*])(C)C)cc6)cc5)cc4)cc3)cc2)cc1,468.15
[*]c1ccc(Oc2ccc(C(=O)c3ccc4c(c3)C(=O)N(c3ccc(Cc5ccc(N6C(=O)c7ccc(C(=O)c8ccc(Oc9ccc(C%10([*])OC(=O)c%11ccccc%11%10)cc9)cc8)cc7C6=O)cc5)cc3)C4=O)cc2)cc1,541.15
[*]c1ccc(Oc2ccc(C(=O)c3ccc4c(c3)C(=O)N(c3ccc(Oc5ccc(N6C(=O)c7ccc(C(=O)c8ccc(Oc9ccc(C%10([*])OC(=O)c%11ccccc%11%10)cc9)cc8)cc7C6=O)cc5)cc3)C4=O)cc2)cc1,533.15
[*]c1ccc(Oc2ccc(C(=O)c3ccc4c(c3)C(=O)N(c3ccc(Oc5ccc(N6C(=O)c7ccc(C(=O)c8ccc(Oc9ccc(C([*])(C)C)cc9)cc8)cc7C6=O)cc5)cc3)C4=O)cc2)cc1,490.15
[*]c1ccc(Oc2ccc(C(=O)c3ccc4cc(C(=O)c5ccc(Oc6ccc(C([*])(C)C)cc6)cc5)ccc4c3)cc2)cc1,458.15
[*]c1ccc(Oc2ccc(C(=O)c3cccc(C(=O)c4ccc(Oc5ccc(-c6c7c(c([*])c8ccccc68)C(=O)N(C)C7=O)cc5)cc4)c3)cc2)cc1,524.15
[*]c1ccc(Oc2ccc(C(=O)c3cccc(C(=O)c4ccc(Oc5ccc(-c6c7c(c([*])c8ccccc68)C(=O)N(CCCCCCCCCCCC)C7=O)cc5)cc4)c3)cc2)cc1,413.15
[*]c1ccc(Oc2ccc(C(=O)c3cccc(C(=O)c4ccc(Oc5ccc(C([*])(C)C)cc5)cc4)c3)cc2)cc1,426.15
[*]c1ccc(Oc2ccc(C(=O)c3cccc(C(=O)c4ccc(Oc5ccc(C6([*])CCC7CCCCC7C6)cc5C)cc4)c3)cc2)c(C)c1,458.15
[*]c1ccc(Oc2ccc(C(=O)c3cccc(C(=O)c4ccc(Oc5ccc(C6([*])c7ccccc7-c7ccccc76)cc5C)cc4)c3)cc2)c(C)c1,490.15
[*]c1ccc(Oc2ccc(C(=O)c3cccc4cccc(C(=O)c5ccc(Oc6ccc(C([*])(C)C)cc6)cc5)c34)cc2)cc1,483.65
[*]c1ccc(Oc2ccc(C(=O)c3ccccc3)c(-c3cc(Oc4ccc(C([*])(C)C)cc4)ccc3C(=O)c3ccccc3)c2)cc1,429.15
[*]c1ccc(Oc2ccc(C(=O)c3ccccc3-c3ccccc3C(=O)c3ccc(Oc4ccc(C([*])(C)C)cc4)cc3)cc2)cc1,445.15
[*]c1ccc(Oc2ccc(C(C)(C)c3ccc(Oc4ccc(-c5nnc([*])n5-c5ccc(C)cc5)cc4)cc3)cc2)cc1,478.15
[*]c1ccc(Oc2ccc(C(C)(C)c3ccccc3)cc2)c(N2C(=O)c3ccc(-c4ccc5c(c4)C(=O)N([*])C5=O)cc3C2=O)c1,548.15
[*]c1ccc(Oc2ccc(C(C)(C)c3ccccc3)cc2)c(N2C(=O)c3ccc(C(=O)c4ccc5c(c4)C(=O)N([*])C5=O)cc3C2=O)c1,540.15
[*]c1ccc(Oc2ccc(C(O)C(O)c3ccc(Oc4ccc(C([*])(C)C)cc4)cc3)cc2)cc1,424.15
[*]c1ccc(Oc2ccc(C(c3ccc(Oc4ccc(-c5ccc([*])s5)cc4C(F)(F)F)cc3)(C(F)(F)F)C(F)(F)F)cc2)c(C(F)(F)F)c1,428.15
[*]c1ccc(Oc2ccc(C(c3ccc(Oc4ccc(-c5cccc([*])n5)cc4C(F)(F)F)cc3)(C(F)(F)F)C(F)(F)F)cc2)c(C(F)(F)F)c1,426.15
[*]c1ccc(Oc2ccc(C(c3ccc(Oc4ccc(-c5cnc([*])o5)cc4C(F)(F)F)cc3)(C(F)(F)F)C(F)(F)F)cc2)c(C(F)(F)F)c1,478.15
[*]c1ccc(Oc2ccc(C(c3ccc(Oc4ccc(-c5nnc([*])c6c(-c7ccc(F)cc7)c(-c7ccc(F)cc7)c(-c7ccc(F)cc7)c(-c7ccc(F)cc7)c56)cc4)cc3)(C(F)(F)F)C(F)(F)F)cc2)cc1,561.15
[*]c1ccc(Oc2ccc(C(c3ccc(Oc4ccc(-c5nnc([*])n5-c5ccc(C)cc5)cc4)cc3)(C(F)(F)F)C(F)(F)F)cc2)cc1,486.15
[*]c1ccc(Oc2ccc(C(c3ccc(Oc4ccc(-c5nnc([*])n5-c5ccc(S(=O)(=O)c6ccccc6)cc5)cc4)cc3)(C(F)(F)F)C(F)(F)F)cc2)cc1,484.15
[*]c1ccc(Oc2ccc(C(c3ccc(Oc4ccc(-c5nnc([*])n5-c5ccc(S(C)(=O)=O)cc5)cc4)cc3)(C(F)(F)F)C(F)(F)F)cc2)cc1,499.15
[*]c1ccc(Oc2ccc(C(c3ccc(Oc4ccc(-c5nnc([*])n5-c5cccc(C(F)(F)F)c5)cc4)cc3)(C(F)(F)F)C(F)(F)F)cc2)cc1,458.15
[*]c1ccc(Oc2ccc(C(c3ccc(Oc4ccc(-n5c(=O)c6cc7c(=O)n([*])c(=O)c7cc6c5=O)cc4C(F)(F)F)cc3)(C(F)(F)F)C(F)(F)F)cc2)c(C(F)(F)F)c1,526.15
[*]c1ccc(Oc2ccc(C(c3ccc(Oc4ccc(N5C(=O)CC(=O)N([*])C5=S)cc4)cc3)(C(F)(F)F)C(F)(F)F)cc2)cc1,420.15
[*]c1ccc(Oc2ccc(C(c3ccc(Oc4ccc(N5C(=O)c6ccc7c8c(ccc(c68)C5=O)C(=O)N([*])C7=O)cc4)c(S(=O)(=O)O)c3)(C(F)(F)F)C(F)(F)F)cc2S(=O)(=O)O)cc1,543.15
[*]c1ccc(Oc2ccc(C(c3ccc(Oc4ccc(N5C(=O)c6ccc7c8c(ccc(c68)C5=O)C(=O)N([*])C7=O)cc4)cc3)(C(F)(F)F)C(F)(F)F)cc2)cc1,553.15
[*]c1ccc(Oc2ccc(C(c3ccc(Oc4ccc(P([*])(=O)c5ccccc5)cc4)cc3)(C(F)(F)F)C(F)(F)F)cc2)cc1,483.65
[*]c1ccc(Oc2ccc(C(c3ccc(Oc4ccc(P([*])(C)=O)cc4)cc3)(C(F)(F)F)C(F)(F)F)cc2)cc1,481.15
[*]c1ccc(Oc2ccc(C(c3ccc(Oc4ccc(S([*])(=O)=O)c(C(O)(C(F)(F)F)C(F)(F)F)c4)cc3)(C(F)(F)F)C(F)(F)F)cc2)cc1C(O)(C(F)(F)F)C(F)(F)F,421.15
[*]c1ccc(Oc2ccc(C(c3ccc(Oc4ccc(S([*])(=O)=O)cc4)c(Br)c3)(C(F)(F)F)C(F)(F)F)cc2Br)cc1,470.65
[*]c1ccc(Oc2ccc(C(c3ccc(Oc4ccc(S([*])(=O)=O)cc4)cc3)(C(F)(F)F)C(F)(F)F)cc2)cc1,472.85
[*]c1ccc(Oc2ccc(C(c3ccccc3)(c3ccc(Oc4ccc(P([*])(C)=O)cc4)cc3)C(F)(F)F)cc2)cc1,502.15
[*]c1ccc(Oc2ccc(C(c3ccccc3)(c3ccccc3)c3ccc(Oc4ccc(-c5nc([*])nc(-c6ccccc6)n5)cc4)cc3)cc2)cc1,534.15
[*]c1ccc(Oc2ccc(C(c3ccccc3)(c3ccccc3)c3ccc(Oc4ccc(S([*])(=O)=O)cc4)cc3)cc2)cc1,503.15
[*]c1ccc(Oc2ccc(C3(c4ccc(Oc5ccc(-c6ccc([*])s6)cc5C(F)(F)F)cc4)c4ccccc4-c4ccccc43)cc2)c(C(F)(F)F)c1,442.15
[*]c1ccc(Oc2ccc(C3(c4ccc(Oc5ccc(-c6cccc([*])n6)cc5C(F)(F)F)cc4)c4ccccc4-c4ccccc43)cc2)c(C(F)(F)F)c1,455.65
[*]c1ccc(Oc2ccc(C3(c4ccc(Oc5ccc(-c6nc(-c7ccccn7)nnc6[*])cc5)cc4)c4ccccc4-c4ccccc43)cc2)cc1,550.15
[*]c1ccc(Oc2ccc(C3(c4ccc(Oc5ccc(-c6nnc([*])c7c(-c8ccc(F)cc8)c(-c8ccc(F)cc8)c(-c8ccc(F)cc8)c(-c8ccc(F)cc8)c67)cc5)cc4)c4ccccc4-c4ccccc43)cc2)cc1,594.15
[*]c1ccc(Oc2ccc(C3(c4ccc(Oc5ccc(-c6nnc([*])c7c(-c8ccccc8)c(-c8ccc9ccccc9c8)c(-c8ccc9ccccc9c8)c(-c8ccccc8)c67)cc5)cc4)c4ccccc4-c4ccccc43)cc2)cc1,607.15
[*]c1ccc(Oc2ccc(C3(c4ccc(Oc5ccc(N6C(=O)CC(=O)N([*])C6=S)cc5)cc4)c4ccccc4-c4ccccc43)cc2)cc1,448.15
[*]c1ccc(Oc2ccc(C3(c4ccc(Oc5ccc(P([*])(C)=O)cc5)cc4)OC(=O)c4ccccc43)cc2)cc1,536.15
[*]c1ccc(Oc2ccc(C3(c4ccc(Oc5ccc(S([*])(=O)=O)cc5)cc4)C4CC5CC(C4)CC3C5)cc2)cc1,570.15
[*]c1ccc(Oc2ccc(C3(c4ccc(Oc5ccc(S([*])(=O)=O)cc5)cc4)CC4CCC3C4)cc2)cc1,523.15
[*]c1ccc(Oc2ccc(C3(c4ccc(Oc5ccc(S([*])(=O)=O)cc5)cc4)CCCC3)cc2)cc1,503.15
[*]c1ccc(Oc2ccc(C3(c4ccc(Oc5ccc(S([*])(=O)=O)cc5)cc4)CCCCC3)cc2)cc1,499.15
[*]c1ccc(Oc2ccc(C3(c4ccc(Oc5ccc(S([*])(=O)=O)cc5)cc4)CCCCCC3)cc2)cc1,520.15
[*]c1ccc(Oc2ccc(C3(c4ccc(Oc5ccc(S([*])(=O)=O)cc5)cc4)c4ccccc4-c4ccccc43)cc2)cc1,551.65
[*]c1ccc(Oc2ccc(C34CC5CC(C3)CC(c3ccc(Oc6ccc(S([*])(=O)=O)cc6)cc3)(C5)C4)cc2)cc1,515.15
[*]c1ccc(Oc2ccc(Cc3ccc(Oc4ccc(S([*])(=O)=O)cc4)cc3)cc2)cc1,462.7
[*]c1ccc(Oc2ccc(N(c3ccc(OC)cc3)c3ccc4ccc(N([*])c5ccc(OC)cc5)cc4c3)cc2)cc1,470.15
[*]c1ccc(Oc2ccc(N(c3ccc(OCCCCCC)cc3)c3ccc(-c4ccc(N([*])c5ccc(OCCCCCC)cc5)cc4)cc3)cc2)cc1,378.15
[*]c1ccc(Oc2ccc(N(c3ccccc3)c3ccc(-c4ccc(N([*])c5ccccc5)cc4)cc3)cc2)cc1,491.15
[*]c1ccc(Oc2ccc(N3C(=O)C(=O)N(CCCCCCN4C(=O)C(=O)N([*])C4=O)C3=O)cc2)cc1,445.15
[*]c1ccc(Oc2ccc(N3C(=O)C(=O)N(c4ccccc4CCc4ccc(N5C(=O)C(=O)N([*])C5=O)cc4)C3=O)cc2)cc1,481.15
[*]c1ccc(Oc2ccc(N3C(=O)C4CCC(C5CCC6C(=O)N(c7ccc(Oc8ccc(C([*])(C)C)cc8)cc7)C(=O)C6C5)CC4C3=O)cc2)cc1,498.15
[*]c1ccc(Oc2ccc(N3C(=O)C4CCC5C(=O)N([*])C(=O)C5C4C3=O)cc2)cc1,615.15
[*]c1ccc(Oc2ccc(N3C(=O)C4CCC5C(=O)N(c6ccc(Oc7ccc(C([*])(C)C)cc7)cc6)C(=O)C5C4C3=O)cc2)cc1,536.65
[*]c1ccc(Oc2ccc(N3C(=O)CC(=O)N(c4ccc(Oc5ccc(C([*])(C)C)cc5)cc4)C3=S)cc2)cc1,423.15
[*]c1ccc(Oc2ccc(N3C(=O)CC(C)(SCCOCCSC4(C)CC(=O)N(c5ccc(Oc6ccc(N7C(=O)C(C)C(SCCOCCSC8C(=O)N([*])C(=O)C8C)C7=O)cc6)cc5)C4=O)C3=O)cc2)cc1,418.15
[*]c1ccc(Oc2ccc(N3C(=O)CC4C(CC5C(=O)N([*])C(=O)C54)C3=O)cc2)cc1,623.15
[*]c1ccc(Oc2ccc(N3C(=O)N4C(c5ccc(OC)cc5)N([*])C(=O)N4C3c3ccc(OC)cc3)cc2)cc1,436.15
[*]c1ccc(Oc2ccc(N3C(=O)c4c(c(-c5ccccc5)c(-c5ccc(-c6c(-c7ccccc7)c7c(c(-c8ccccc8)c6-c6ccccc6)C(=O)N([*])C7=O)cc5)c(-c5ccccc5)c4-c4ccccc4)C3=O)cc2)cc1,686.15
[*]c1ccc(Oc2ccc(N3C(=O)c4c(c(-c5ccccc5)c(-c5ccc(Oc6ccc(-c7c(-c8ccccc8)c8c(c(-c9ccccc9)c7-c7ccccc7)C(=O)N([*])C8=O)cc6)cc5)c(-c5ccccc5)c4-c4ccccc4)C3=O)cc2)cc1,633.15
[*]c1ccc(Oc2ccc(N3C(=O)c4ccc(-c5ccc(-c6ccc(-c7ccc(-c8ccc(-c9ccc%10c(c9)C(=O)N(c9ccc(Oc%11ccc(C([*])(C)C)cc%11)cc9)C%10=O)cc8)cc7)cc6)cc5)cc4C3=O)cc2)cc1,509.15
[*]c1ccc(Oc2ccc(N3C(=O)c4ccc(C(=O)Nc5ccc(Oc6ccc(-c7ccc(Oc8ccc(NC(=O)c9ccc%10c(c9)C(=O)N(c9ccc(Oc%11ccc(C([*])(C)C)cc%11)cc9)C%10=O)cc8)cc7)cc6)cc5)cc4C3=O)cc2)cc1,556.15
[*]c1ccc(Oc2ccc(N3C(=O)c4ccc(C(=O)Nc5ccc(Oc6ccccc6-c6ccccc6Oc6ccc(NC(=O)c7ccc8c(c7)C(=O)N(c7ccc(Oc9ccc(C([*])(C)C)cc9)cc7)C8=O)cc6)cc5)cc4C3=O)cc2)cc1,502.15
[*]c1ccc(Oc2ccc(N3C(=O)c4ccc(Oc5ccc(C(C)(C)c6ccc(Oc7ccc8c(c7)C(=O)N(c7ccc(Oc9ccc(C([*])(C)C)cc9)cc7)C8=O)cc6)cc5)cc4C3=O)cc2)cc1,449.15
[*]c1ccc(Oc2ccc(N3C(=O)c4ccc(Oc5ccc(C6(c7ccc(Oc8ccc9c(c8)C(=O)N(c8ccc(Oc%10ccc(C%11([*])CCC(C(C)(C)C)CC%11)cc%10)cc8)C9=O)cc7)CCC(c7ccccc7)CC6)cc5)cc4C3=O)cc2)cc1,516.15
[*]c1ccc(Oc2ccc(N3C(=O)c4ccc(Oc5ccc(C6(c7ccc(Oc8ccc9c(c8)C(=O)N(c8ccc(Oc%10ccc(C%11([*])CCC(C(C)(C)C)CC%11)cc%10)cc8)C9=O)cc7)CCCCCCCCCCC6)cc5)cc4C3=O)cc2)cc1,527.15
[*]c1ccc(Oc2ccc(N3C(=O)c4ccc(Oc5ccc6c(c5)C(=O)N(c5ccc(Oc7ccc(C([*])(C)C)cc7)cc5)C6=O)cc4C3=O)cc2)cc1,500.65
[*]c1ccc(Oc2ccc(N3C(=O)c4ccc(Oc5ccccc5Oc5ccc6c(c5)C(=O)N(c5ccc(Oc7ccc(C([*])(C)C)cc7)c(C(F)(F)F)c5)C6=O)cc4C3=O)cc2C(F)(F)F)cc1,465.15
[*]c1ccc(Oc2ccc(NC(=O)CN3C(=O)c4ccc(C(c5ccc6c(c5)C(=O)N(CC(=O)Nc5ccc(Oc7ccc(C([*])(C)C)cc7)cc5)C6=O)(C(F)(F)F)C(F)(F)F)cc4C3=O)cc2)cc1,497.15
[*]c1ccc(Oc2ccc(NC(=O)c3ccc(N4C(=O)c5ccc(C(=O)Nc6ccc(Oc7ccc(C([*])(C)C)cc7)cc6)cc5C4=O)cc3)cc2)cc1,489.15
[*]c1ccc(Oc2ccc(NC(=O)c3ccc(N4C(=O)c5ccc(C(c6ccc7c(c6)C(=O)N(c6ccc(C(=O)Nc8ccc(Oc9ccc(C([*])(C)C)cc9)cc8)cc6)C7=O)(C(F)(F)F)C(F)(F)F)cc5C4=O)cc3)cc2)cc1,539.15
[*]c1ccc(Oc2ccc(NC(=O)c3ccc(Oc4ccc(C(C)(C)c5ccc(C(C)(C)c6ccc(Oc7ccc(C(=O)Nc8ccc(Oc9ccc(C([*])(C)C)cc9)cc8)cc7)cc6)cc5)cc4)cc3)cc2)cc1,436.15
[*]c1ccc(Oc2ccc(NC(=O)c3ccc(Oc4ccc(C(C)(C)c5cccc(C(C)(C)c6ccc(Oc7ccc(C(=O)Nc8ccc(Oc9ccc(C([*])(C)C)cc9)cc8)cc7)cc6)c5)cc4)cc3)cc2)cc1,420.15
[*]c1ccc(Oc2ccc(NC(=O)c3ccc(Oc4ccc5ccc(Oc6ccc(C(=O)Nc7ccc(Oc8ccc(C(C)(C)c9ccc(C([*])(C)C)cc9)cc8)cc7)cc6)cc5c4)cc3)cc2)cc1,439.15
[*]c1ccc(Oc2ccc(NC(=O)c3ccc(Oc4ccc5ccc(Oc6ccc(C(=O)Nc7ccc(Oc8ccc(C([*])(C)C)cc8)cc7)cc6)cc5c4)cc3)cc2)cc1,416.15
[*]c1ccc(Oc2ccc(NC(=O)c3ccc(Oc4ccc5ccc(Oc6ccc(C(=O)Nc7ccc(Oc8ccc(C([*])(C)c9ccccc9)cc8)cc7)cc6)cc5c4)cc3)cc2)cc1,450.15
[*]c1ccc(Oc2ccc(NC(=O)c3ccc4c(c3)C(=O)N(c3ccc(-c5sc(-c6ccc(N7C(=O)c8ccc(C(=O)Nc9ccc(Oc%10ccc(C([*])(C)C)cc%10)cc9)cc8C7=O)cc6)c(-c6ccccc6)c5-c5ccccc5)cc3)C4=O)cc2)cc1,560.15
[*]c1ccc(Oc2ccc(NC(=O)c3ccc4c(c3)C(=O)N(c3ccc(Oc5ccc(C(C)(C)c6cccc(C([*])(C)C)c6)cc5)cc3)C4=O)cc2)cc1,450.15
[*]c1ccc(Oc2ccc(NC(=O)c3ccc4c(c3)C(=O)N(c3ccc(Oc5ccc6ccc(Oc7ccc(N8C(=O)c9ccc(C(=O)Nc%10ccc(Oc%11ccc(C([*])(C)C)cc%11)cc%10)cc9C8=O)cc7)cc6c5)cc3)C4=O)cc2)cc1,523.15
[*]c1ccc(Oc2ccc(NC(=O)c3ccc4c(c3)C(=O)N(c3ccc(Oc5cccc(N6C(=O)c7ccc(C(=O)Nc8ccc(Oc9ccc(C([*])(C)C)cc9)cc8)cc7C6=O)c5)cc3)C4=O)cc2)cc1,480.15
[*]c1ccc(Oc2ccc(NC(=O)c3ccc4c(c3)C(=O)N(c3ccc(Oc5cccc6c(Oc7ccc(N8C(=O)c9ccc(C(=O)Nc%10ccc(Oc%11ccc(C([*])(C)C)cc%11)cc%10)cc9C8=O)cc7)cccc56)cc3)C4=O)cc2)cc1,508.15
[*]c1ccc(Oc2ccc(NC(=O)c3cccc(C(=O)Nc4ccc(Oc5ccc(C(C)(C)c6cccc(C([*])(C)C)c6)cc5)cc4)c3)cc2)cc1,453.15
[*]c1ccc(Oc2ccc(NC(=O)c3cccc(N4C(=O)c5ccc(-c6ccc7c(c6)C(=O)N(c6cccc(C(=O)Nc8ccc(Oc9ccc(C([*])(C)C)cc9)cc8)c6)C7=O)cc5C4=O)c3)cc2)cc1,530.15
[*]c1ccc(Oc2ccc(NC(=O)c3cccc(N4C(=O)c5ccc(C(c6ccc7c(c6)C(=O)N(c6cccc(C(=O)Nc8ccc(Oc9ccc(C([*])(C)C)cc9)cc8)c6)C7=O)(C(F)(F)F)C(F)(F)F)cc5C4=O)c3)cc2)cc1,532.15
[*]c1ccc(Oc2ccc(NC(=O)c3cccc(N4C(=O)c5cccc(-c6ccc7c(c6)C(=O)N(c6cccc(C(=O)Nc8ccc(Oc9ccc(C([*])(C)C)cc9)cc8)c6)C7=O)c5C4=O)c3)cc2)cc1,534.15
[*]c1ccc(Oc2ccc(Nc3ccc(S(=O)(=O)c4ccc(Nc5ccc(Oc6ccc(C([*])(C)C)cc6)cc5)cc4)cc3)cc2)cc1,418.15
[*]c1ccc(Oc2ccc(Oc3ccc(-c4ccc(Oc5ccc(Oc6ccc(C7([*])OC(=O)c8ccccc87)cc6)cc5)c5ccccc45)c4ccccc34)cc2)cc1,471.15
[*]c1ccc(Oc2ccc(Oc3ccc(-c4ccc(Oc5ccc(Oc6ccc(S([*])(=O)=O)cc6)cc5)c5ccccc45)c4ccccc34)cc2)cc1,487.15
[*]c1ccc(Oc2ccc(Oc3ccc(-c4nc([*])nc(-c5ccccc5)n4)cc3)cc2)cc1,517.15
[*]c1ccc(Oc2ccc(Oc3ccc(-c4nc5cc6sc(-c7ccc(Oc8ccc(Oc9ccc(P([*])(=O)c%10ccccc%10)cc9)cc8)cc7)nc6cc5s4)cc3)cc2)cc1,528.15
[*]c1ccc(Oc2ccc(Oc3ccc(-c4nc5ccc(-c6ccc7nc(-c8ccc(Oc9ccc(Oc%10ccc(P([*])(=O)c%11ccccc%11)cc%10)cc9)cc8)oc7c6)cc5o4)cc3)cc2)cc1,496.15
[*]c1ccc(Oc2ccc(Oc3ccc(-c4nc5ccccc5nc4-c4ccc(Oc5ccc(Oc6ccc(P([*])(=O)c7ccccc7)cc6)cc5)cc4)cc3)cc2)cc1,482.15
[*]c1ccc(Oc2ccc(Oc3ccc(-c4nnc([*])c5c(-c6ccc(F)cc6)c(-c6ccc(F)cc6)c(-c6ccc(F)cc6)c(-c6ccc(F)cc6)c45)cc3)cc2)cc1,582.15
[*]c1ccc(Oc2ccc(Oc3ccc(-n4c(=O)c5cc6c(=O)n([*])c(=O)c6cc5c4=O)cc3)c(-c3ccccc3)c2)cc1,544.15
[*]c1ccc(Oc2ccc(Oc3ccc(-n4c(=O)c5cc6c(=O)n([*])c(=O)c6cc5c4=O)cc3C(F)(F)F)cc2)cc1,545.35
[*]c1ccc(Oc2ccc(Oc3ccc(-n4c(=O)c5ccc6c(=O)n([*])c(=O)c6c5c4=O)cc3)cc2)cc1,565.15
[*]c1ccc(Oc2ccc(Oc3ccc(C([*])(C)C)cc3)nn2)cc1,453.15
[*]c1ccc(Oc2ccc(Oc3ccc(N4C(=O)C5CCC6C(=O)N([*])C(=O)C6C5C4=O)cc3)cc2)cc1,547.15
[*]c1ccc(Oc2ccc(Oc3ccc(N4C(=O)CC(=O)N([*])C4=S)cc3)cc2)cc1,430.15
[*]c1ccc(Oc2ccc(Oc3ccc(Oc4ccc(-c5nc([*])nc(-c6ccccc6)n5)cc4)cc3)cc2)cc1,476.15
[*]c1ccc(Oc2ccc(Oc3ccc(Oc4ccc(-n5c(=O)c6cc7c(=O)n([*])c(=O)c7cc6c5=O)cc4)cc3)cc2)cc1,568.15
[*]c1ccc(Oc2ccc(Oc3ccc(Oc4ccc(C([*])(C)C)cc4)cc3)cc2)cc1,395.15
[*]c1ccc(Oc2ccc(Oc3ccc(Oc4ccc(S([*])(=O)=O)cc4)cc3)cc2)cc1,465.15
[*]c1ccc(Oc2ccc(Oc3ccc(P([*])(C)=O)cc3)cc2)cc1,486.15
[*]c1ccc(Oc2ccc(Oc3ccc(S(=O)(=O)c4ccc(-c5ccc(-c6ccc(S([*])(=O)=O)cc6)cc5)cc4)cc3)cc2)cc1,532.15
[*]c1ccc(Oc2ccc(Oc3ccc(S(=O)(=O)c4ccc(-c5ccc(S([*])(=O)=O)cc5)cc4)cc3)cc2)cc1,524.15
[*]c1ccc(Oc2ccc(Oc3ccc(S([*])(=O)=O)cc3)cc2)cc1,483.15
[*]c1ccc(Oc2ccc(Oc3ccc4nc(-c5ccc(-c6nc7ccc(Oc8ccc(Oc9ccc(P([*])(=O)c%10ccccc%10)cc9)cc8)cc7nc6-c6ccccc6)cc5)c(-c5ccccc5)nc4c3)cc2)cc1,521.15
[*]c1ccc(Oc2ccc(Oc3cccc(Oc4ccc(Oc5ccc(P([*])(=O)c6ccccc6)cc5)cc4)n3)cc2)cc1,437.15
[*]c1ccc(Oc2ccc(Oc3cccc(Oc4ccc(Oc5ccc(S([*])(=O)=O)cc5)cc4)n3)cc2)cc1,431.15
[*]c1ccc(Oc2ccc(Oc3cccc(Oc4ccc(Oc5ccc(S([*])=O)cc5)cc4)n3)cc2)cc1,411.15
[*]c1ccc(Oc2ccc(P(=O)(c3ccccc3)c3ccc(Oc4ccc(C([*])(C)C)cc4)cc3)cc2)cc1,472.15
[*]c1ccc(Oc2ccc(P(=O)(c3ccccc3)c3ccc(Oc4ccc(P([*])(C)=O)cc4)cc3)cc2)cc1,511.15
[*]c1ccc(Oc2ccc(P(=O)(c3ccccc3)c3ccc(Oc4cccc(-n5c(=O)c6cc7c(=O)n([*])c(=O)c7cc6c5=O)c4)cc3)cc2)cc1,527.15
[*]c1ccc(Oc2ccc(P(C)(=O)c3ccc(Oc4ccc(C([*])(C)C)cc4)cc3)cc2)cc1,465.15
[*]c1ccc(Oc2ccc(P([*])(=O)c3ccccc3)cc2)cc1,513.15
[*]c1ccc(Oc2ccc(P([*])(C)=O)cc2)cc1,511.15
[*]c1ccc(Oc2ccc(S(=O)(=O)c3ccc(-c4ccc(-c5ccc(S(=O)(=O)c6ccc(Oc7ccc(S([*])(=O)=O)cc7)cc6)cc5)cc4)cc3)cc2)cc1,554.15
[*]c1ccc(Oc2ccc(S(=O)(=O)c3ccc(-c4ccc(-c5ccc(S([*])(=O)=O)cc5)cc4)cc3)cc2)cc1,584.15
[*]c1ccc(Oc2ccc(S(=O)(=O)c3ccc(-c4ccc(S(=O)(=O)c5ccc(Oc6ccc(S([*])(=O)=O)cc6)cc5)cc4)cc3)cc2)cc1,540.15
[*]c1ccc(Oc2ccc(S(=O)(=O)c3ccc(-c4ccc(S([*])(=O)=O)cc4)cc3)cc2)cc1,555.15
[*]c1ccc(Oc2ccc(S(=O)(=O)c3ccc(-n4nc([*])c5ccccc5c4=O)cc3)cc2)cc1F,556.15
[*]c1ccc(Oc2ccc(S(=O)(=O)c3ccc(C)cc3)cc2)c(N2C(=O)c3ccc(-c4ccc5c(c4)C(=O)N([*])C5=O)cc3C2=O)c1,554.15
[*]c1ccc(Oc2ccc(S(=O)(=O)c3ccc(C)cc3)cc2)c(N2C(=O)c3ccc(C(=O)c4ccc5c(c4)C(=O)N([*])C5=O)cc3C2=O)c1,566.15
[*]c1ccc(Oc2ccc(S(=O)(=O)c3ccc(Oc4ccc(-c5c6c(c([*])c7ccccc57)C(=O)N(C)C6=O)cc4)cc3)cc2)cc1,587.15
[*]c1ccc(Oc2ccc(S(=O)(=O)c3ccc(Oc4ccc(-c5c6c(c([*])c7ccccc57)C(=O)N(CCCCCCCCCCCC)C6=O)cc4)cc3)cc2)cc1,440.15
[*]c1ccc(Oc2ccc(S(=O)(=O)c3ccc(Oc4ccc(-c5c6c(c([*])c7ccccc57)C(=O)N(c5ccc(C(F)(F)F)cc5)C6=O)cc4)cc3)cc2)cc1,563.15
[*]c1ccc(Oc2ccc(S(=O)(=O)c3ccc(Oc4ccc(-c5c6c(c([*])c7ccccc57)C(=O)N(c5ccc(Cl)cc5)C6=O)cc4)cc3)cc2)cc1,553.15
[*]c1ccc(Oc2ccc(S(=O)(=O)c3ccc(Oc4ccc(-c5c6c(c([*])c7ccccc57)C(=O)N(c5ccc(F)cc5)C6=O)cc4)cc3)cc2)cc1,573.15
[*]c1ccc(Oc2ccc(S(=O)(=O)c3ccc(Oc4ccc(-c5c6c(c([*])c7ccccc57)C(=O)N(c5cccc(C(F)(F)F)c5)C6=O)cc4)cc3)cc2)cc1,553.65
[*]c1ccc(Oc2ccc(S(=O)(=O)c3ccc(Oc4ccc(-c5c6c(c([*])c7ccccc57)C(=O)N(c5ccccc5)C6=O)cc4)cc3)cc2)cc1,583.15
[*]c1ccc(Oc2ccc(S(=O)(=O)c3ccc(Oc4ccc(-c5c6c(c([*])c7ccccc57)C(=O)N(c5ccccc5-c5ccccc5)C6=O)cc4)cc3)cc2)cc1,551.15
[*]c1ccc(Oc2ccc(S(=O)(=O)c3ccc(Oc4ccc(-c5c6c(c([*])c7ccccc57)C(=O)N(c5ccccc5C(F)(F)F)C6=O)cc4)cc3)cc2)cc1,563.15
[*]c1ccc(Oc2ccc(S(=O)(=O)c3ccc(Oc4ccc(/C=C5\CCC/C(=C\c6ccc(Oc7ccc(S(=O)(=O)c8ccc(Oc9ccc(C([*])(C)C)cc9)cc8)cc7)cc6)C5=O)cc4)cc3)cc2)cc1,467.15
[*]c1ccc(Oc2ccc(S(=O)(=O)c3ccc(Oc4ccc(/C=C5\CCCC/C(=C\c6ccc(Oc7ccc(S(=O)(=O)c8ccc(Oc9ccc(C([*])(C)C)cc9)cc8)cc7)cc6)C5=O)cc4)cc3)cc2)cc1,461.15
[*]c1ccc(Oc2ccc(S(=O)(=O)c3ccc(Oc4ccc(C([*])(C(F)(F)F)C(F)(F)F)cc4[Si](C)(C)C)cc3)cc2)c([Si](C)(C)C)c1,441.75
[*]c1ccc(Oc2ccc(S(=O)(=O)c3ccc(Oc4ccc(C([*])(C(F)(F)F)C(F)(F)F)cc4[Si](C)(C)C)cc3[Si](C)(C)C)c([Si](C)(C)C)c2)c([Si](C)(C)C)c1,422.05
[*]c1ccc(Oc2ccc(S(=O)(=O)c3ccc(Oc4ccc(C([*])(C)C)cc4)c(S(=O)(=O)O)c3)cc2S(=O)(=O)O)cc1,461.15
[*]c1ccc(Oc2ccc(S(=O)(=O)c3ccc(Oc4ccc(C([*])(C)C)cc4)c([N+](=O)[O-])c3)cc2[N+](=O)[O-])cc1,479.15
[*]c1ccc(Oc2ccc(S(=O)(=O)c3ccc(Oc4ccc(C([*])(C)C)cc4)cc3)cc2)cc1,459.15
[*]c1ccc(Oc2ccc(S(=O)(=O)c3ccc(Oc4ccc(C([*])(C)C)cc4)cc3N)c(N)c2)cc1,483.65
[*]c1ccc(Oc2ccc(S(=O)(=O)c3ccc(Oc4ccc(C([*])(C)C)cc4)cc3N)cc2)cc1,475.15
[*]c1ccc(Oc2ccc(S(=O)(=O)c3ccc(Oc4ccc(C([*])(C)C)cc4)s3)cc2)cc1,435.0
[*]c1ccc(Oc2ccc(S(=O)(=O)c3ccc(Oc4ccc(C([*])(C)C)cc4C(O)(C(F)(F)F)C(F)(F)F)cc3)cc2)c(C(O)(C(F)(F)F)C(F)(F)F)c1,440.15
[*]c1ccc(Oc2ccc(S(=O)(=O)c3ccc(Oc4ccc(C([*])(C)C)cc4C(OC)(C(F)(F)F)C(F)(F)F)cc3)cc2)c(C(OC)(C(F)(F)F)C(F)(F)F)c1,436.15
[*]c1ccc(Oc2ccc(S(=O)(=O)c3ccc(Oc4ccc(C([*])(C)C)cc4C)cc3)cc2)c(C)c1,453.15
[*]c1ccc(Oc2ccc(S(=O)(=O)c3ccc(Oc4ccc(C([*])(C)C)cc4Cl)cc3)cc2)c(Cl)c1,478.15
[*]c1ccc(Oc2ccc(S(=O)(=O)c3ccc(Oc4ccc(C([*])(C)C)cc4N)cc3)cc2)c(N)c1,503.55
[*]c1ccc(Oc2ccc(S(=O)(=O)c3ccc(Oc4ccc(C([*])(C)C)cc4N)cc3N)cc2)c(N)c1,510.25
[*]c1ccc(Oc2ccc(S(=O)(=O)c3ccc(Oc4ccc(C([*])(C)C)cc4[N+](=O)[O-])cc3)cc2)cc1,463.15
[*]c1ccc(Oc2ccc(S(=O)(=O)c3ccc(Oc4ccc(C([*])(C)CCC(=O)O)cc4)cc3)cc2)cc1,436.15
[*]c1ccc(Oc2ccc(S(=O)(=O)c3ccc(Oc4ccc(C([*])(C)c5ccc(O)cc5)cc4)cc3)cc2)cc1,501.15
[*]c1ccc(Oc2ccc(S(=O)(=O)c3ccc(Oc4ccc(C([*])(C)c5ccccc5)cc4)cc3)cc2)cc1,480.15
[*]c1ccc(Oc2ccc(S(=O)(=O)c3ccc(Oc4ccc(C([*])C(C)C)cc4)cc3)cc2)cc1,473.15
[*]c1ccc(Oc2ccc(S(=O)(=O)c3ccc(Oc4ccc(C([*])c5ccccc5C(=O)O)cc4)cc3)cc2)cc1,496.15
[*]c1ccc(Oc2ccc(S(=O)(=O)c3ccc(Oc4ccc(C5([*])CCCCC5)cc4C)cc3)cc2)c(C)c1,470.15
[*]c1ccc(Oc2ccc(S(=O)(=O)c3ccc(Oc4ccc(C5([*])OC(=O)c6ccccc65)cc4)cc3)cc2)cc1,520.15
[*]c1ccc(Oc2ccc(S(=O)(=O)c3ccc(Oc4ccc(C5([*])OC(=O)c6ccccc65)cc4C)cc3)cc2)c(C)c1,518.15
[*]c1ccc(Oc2ccc(S(=O)(=O)c3ccc(Oc4ccc(C5CCCC(C([*])C)C5)cc4)cc3)cc2)cc1,503.15
[*]c1ccc(Oc2ccc(S(=O)(=O)c3ccc(Oc4ccc(P([*])(=O)c5ccccc5)cc4)cc3)cc2)cc1,504.15
[*]c1ccc(Oc2ccc(S(=O)(=O)c3ccc(Oc4ccc(P([*])(C)=O)cc4)cc3)cc2)cc1,506.15
[*]c1ccc(Oc2ccc(S(=O)(=O)c3ccc4ccc(S([*])(=O)=O)cc4c3)cc2)cc1,523.15
[*]c1ccc(Oc2ccc(S(=O)(=O)c3ccc4oc5ccc(S([*])(=O)=O)cc5c4c3)cc2)cc1,563.15
[*]c1ccc(Oc2ccc(S(=O)c3ccc(Oc4ccc(C([*])(C)C)cc4)cc3)cc2)cc1,438.15
[*]c1ccc(Oc2ccc(S([*])(=O)=O)c3ccccc23)cc1,511.15
[*]c1ccc(Oc2ccc(S([*])(=O)=O)cc2)cc1,498.15
[*]c1ccc(Oc2ccc(Sc3ccc(Oc4ccc(-c5ccc([*])s5)cc4C(F)(F)F)cc3)cc2)c(C(F)(F)F)c1,415.15
[*]c1ccc(Oc2ccc(Sc3ccc(Oc4ccc(-c5cccc([*])n5)cc4C(F)(F)F)cc3)cc2)c(C(F)(F)F)c1,417.65
[*]c1ccc(Oc2ccc(Sc3ccc(Oc4ccc(-c5nc([*])nc(-c6ccccc6)n5)cc4)cc3)cc2)cc1,484.15
[*]c1ccc(Oc2ccc(Sc3ccc(Oc4ccc(S([*])(=O)=O)cc4)cc3)cc2)cc1,448.15
[*]c1ccc(Oc2ccc3c(-c4ccccc4)nn(-c4ccc(C(=O)c5ccc(-n6nc(-c7ccccc7)c7cc(Oc8ccc(C([*])(C)C)cc8)ccc7c6=O)cc5)cc4)c(=O)c3c2)cc1,468.15
[*]c1ccc(Oc2ccc3c(-c4ccccc4)nn(-c4ccc(S(=O)(=O)c5ccc(-n6nc(-c7ccccc7)c7cc(Oc8ccc(C([*])(C)C)cc8)ccc7c6=O)cc5)cc4)c(=O)c3c2)cc1,483.65
[*]c1ccc(Oc2ccc3c(-c4ccccc4)nn(-c4cccc(-n5nc(-c6ccccc6)c6cc(Oc7ccc(C([*])(C)C)cc7)ccc6c5=O)c4C#N)c(=O)c3c2)cc1,473.15
[*]c1ccc(Oc2ccc3c(c2)C(=O)N(N2C(=O)c4ccc(Oc5ccc(C([*])(C)C)cc5)cc4C2=O)C3=O)cc1,489.85
[*]c1ccc(Oc2ccc3c(c2)C(=O)N(c2ccc(-c4nc5cc(N6C(=O)c7ccc(Oc8ccc(C([*])(C)C)cc8)cc7C6=O)ccc5[nH]4)cc2)C3=O)cc1,597.15
[*]c1ccc(Oc2ccc3c(c2)C(=O)N(c2ccc(Cc4ccc(N5C(=O)c6ccc(Oc7ccc(C([*])(C)C)cc7)cc6C5=O)cc4)cc2)C3=O)cc1,490.15
[*]c1ccc(Oc2ccc3c(c2)C(=O)N(c2ccc(N(c4ccc(C#N)cc4)c4ccc(N5C(=O)c6ccc(Oc7ccc(C(C)(C)c8ccc(C([*])(C)C)cc8)cc7)cc6C5=O)cc4)cc2)C3=O)cc1,497.15
[*]c1ccc(Oc2ccc3c(c2)C(=O)N(c2ccc(N(c4ccc(C#N)cc4)c4ccc(N5C(=O)c6ccc(Oc7ccc(C([*])(C)C)cc7)cc6C5=O)cc4)cc2)C3=O)cc1,503.15
[*]c1ccc(Oc2ccc3c(c2)C(=O)N(c2ccc(N4C(=O)c5ccc(Oc6cccc(C([*])(C)C)c6)cc5C4=O)cc2)C3=O)cc1,541.15
[*]c1ccc(Oc2ccc3c(c2)C(=O)N(c2ccc(O)c(N4C(=O)c5ccc(Oc6ccc(C([*])(C)C)cc6)cc5C4=O)c2)C3=O)cc1,519.15
[*]c1ccc(Oc2ccc3c(c2)C(=O)N(c2ccc(Oc4ccc(-c5ccc(Oc6ccc(N7C(=O)c8ccc(Oc9ccc(C([*])(C)C)cc9)cc8C7=O)cc6)cc5)cc4)cc2)C3=O)cc1,493.15
[*]c1ccc(Oc2ccc3c(c2)C(=O)N(c2ccc(Oc4ccc(C(c5ccc(Oc6ccc(N7C(=O)c8ccc(Oc9ccc(C%10([*])CCC(C(C)(C)C)CC%10)cc9)cc8C7=O)cc6)cc5)(C(F)(F)F)C(F)(F)F)cc4)cc2)C3=O)cc1,500.15
[*]c1ccc(Oc2ccc3c(c2)C(=O)N(c2ccc(Oc4ccc(C5(c6ccc(Oc7ccc(N8C(=O)c9ccc(Oc%10ccc(C%11([*])CCC(C(C)(C)C)CC%11)cc%10)cc9C8=O)cc7)cc6)C6CC7CC(C6)CC5C7)cc4)cc2)C3=O)cc1,539.15
[*]c1ccc(Oc2ccc3c(c2)C(=O)N(c2ccc(Oc4ccc(C5(c6ccc(Oc7ccc(N8C(=O)c9ccc(Oc%10ccc(C%11([*])CCC(C(C)(C)C)CC%11)cc%10)cc9C8=O)cc7)cc6)CC6CC5C5CCCC65)cc4)cc2)C3=O)cc1,530.15
[*]c1ccc(Oc2ccc3c(c2)C(=O)N(c2ccc(Oc4ccc(N5C(=O)c6ccc(Oc7ccc(C([*])(C)C)cc7)cc6C5=O)cc4)cc2)C3=O)cc1,488.15
[*]c1ccc(Oc2ccc3c(c2)C(=O)N(c2ccc(Oc4ccc(N5C(=O)c6ccc(Oc7cccc(C([*])(C)C)c7)cc6C5=O)cc4)cc2)C3=O)cc1,496.15
[*]c1ccc(Oc2ccc3c(c2)C(=O)N(c2ccc(Oc4ccc(S(=O)(=O)c5ccc(Oc6ccc(N7C(=O)c8ccc(Oc9ccc(C([*])(C)C)cc9)cc8C7=O)cc6)cc5)cc4)cc2)C3=O)cc1,473.15
[*]c1ccc(Oc2ccc3c(c2)C(=O)N(c2ccc(Oc4cccc(Oc5ccc(N6C(=O)c7ccc(Oc8ccc(C([*])(C)C)cc8)cc7C6=O)cc5)c4)cc2)C3=O)cc1,519.15
[*]c1ccc(Oc2ccc3c(c2)C(=O)N(c2ccc(Oc4cccc(Oc5ccc(N6C(=O)c7ccc(Oc8ccc(C([*])(C)C)cc8)cc7C6=O)cc5)c4C#N)cc2)C3=O)cc1,486.15
[*]c1ccc(Oc2ccc3c(c2)C(=O)N(c2ccc(Oc4cccc(Oc5ccc(N6C(=O)c7ccc(Oc8cccc(C([*])(C)C)c8)cc7C6=O)cc5)c4)cc2)C3=O)cc1,451.15
[*]c1ccc(Oc2ccc3c(c2)C(=O)N(c2ccc(S(=O)(=O)c4ccc(N5C(=O)c6ccc(Oc7ccc(C([*])(C)C)cc7)cc6C5=O)cc4)cc2)C3=O)cc1,540.15
[*]c1ccc(Oc2ccc3c(c2)C(=O)N(c2ccc(Sc4ccc(Oc5ccc(Sc6ccc(N7C(=O)c8ccc(Oc9ccc(C([*])(C)C)cc9)cc8C7=O)cc6)cc5)cc4)cc2)C3=O)cc1,472.15
[*]c1ccc(Oc2ccc3c(c2)C(=O)N(c2cccc(N4C(=O)c5ccc(Oc6ccc(C([*])(C)C)cc6)cc5C4=O)c2)C3=O)cc1,490.65
[*]c1ccc(Oc2ccc3c(c2)C(=O)N(c2cccc(N4C(=O)c5ccc(Oc6cccc(C([*])(C)C)c6)cc5C4=O)c2)C3=O)cc1,488.15
[*]c1ccc(Oc2ccc3c(c2)C(=O)N(c2cccc(P(=O)(c4ccccc4)c4cccc(N5C(=O)c6ccc(Oc7ccc(C([*])(C)C)cc7)cc6C5=O)c4)c2)C3=O)cc1,486.15
[*]c1ccc(Oc2ccc3c(c2)C(=O)N(c2cccc(P(C)(=O)c4cccc(N5C(=O)c6ccc(Oc7ccc(C([*])(C)C)cc7)cc6C5=O)c4)c2)C3=O)cc1,501.15
[*]c1ccc(Oc2ccc3c4c2cccc4c(=O)n2c4ccc(-c5ccc6nc7c8cccc9c(Oc%10ccc(C%11([*])c%12ccccc%12C(=O)c%12ccccc%12%11)cc%10)ccc(c(=O)n7c6c5)c98)cc4nc32)cc1,701.15
[*]c1ccc(Oc2ccc3c4c2cccc4c(=O)n2c4ccc(-c5ccc6nc7c8cccc9c(Oc%10ccc(C([*])(C)C)cc%10)ccc(c(=O)n7c6c5)c98)cc4nc32)cc1,653.15
[*]c1ccc(Oc2ccc3c4c2cccc4c(=O)n2c4ccc(Oc5ccc6nc7c8cccc9c(Oc%10ccc(C([*])(C)C)cc%10)ccc(c(=O)n7c6c5)c98)cc4nc32)cc1,607.15
[*]c1ccc(Oc2ccc3cc(Oc4ccc(S([*])(=O)=O)cc4)ccc3c2)cc1,504.15
[*]c1ccc(Oc2ccc3ccc(Oc4ccc(-c5nc([*])nc(-c6ccccc6)n5)cc4)cc3c2)cc1,528.15
[*]c1ccc(Oc2ccc3ccc(Oc4ccc(-n5c(=O)c6cc7c(=O)n([*])c(=O)c7cc6c5=O)cc4)cc3c2)cc1,593.95
[*]c1ccc(Oc2ccc3ccc(Oc4ccc(N5C(=O)CC(=O)N([*])C5=S)cc4)cc3c2)cc1,424.65
[*]c1ccc(Oc2cccc(-c3cc(-c4ccccc4)cc(-c4cccc(Oc5ccc(-n6c(=O)c7cc8c(=O)n([*])c(=O)c8cc7c6=O)cc5)c4)n3)c2)cc1,537.15
[*]c1ccc(Oc2cccc(Oc3ccc(-n4c(=O)c5cc6c(=O)n([*])c(=O)c6cc5c4=O)cc3)c2)cc1,599.15
[*]c1ccc(Oc2cccc(Oc3ccc(C([*])(C)C)cc3)n2)cc1,380.15
[*]c1ccc(Oc2cccc(Oc3ccc(N4C(=O)CC(=O)N([*])C4=S)cc3)c2)cc1,418.15
[*]c1ccc(Oc2cccc(Oc3ccc(S([*])(=O)=O)cc3)c2)cc1,450.15
[*]c1ccc(Oc2cccc(S([*])(=O)=O)c2)cc1,448.15
[*]c1ccc(Oc2cccc3c2C(=O)N(c2ccc(Oc4ccc(-c5ccc(Oc6ccc(N7C(=O)c8cccc(Oc9ccc(C([*])(C)C)cc9)c8C7=O)cc6)cc5)cc4)cc2)C3=O)cc1,509.15
[*]c1ccc(Oc2cccc3c2C(=O)N(c2ccc(Oc4ccc(N5C(=O)c6cccc(Oc7ccc(C([*])(C)C)cc7)c6C5=O)cc4)cc2)C3=O)cc1,508.15
[*]c1ccc(Oc2cccc3c2C(=O)N(c2ccc(Oc4ccc(N5C(=O)c6cccc(Oc7cccc(C([*])(C)C)c7)c6C5=O)cc4)cc2)C3=O)cc1,508.15
[*]c1ccc(Oc2cccc3c2C(=O)N(c2ccc(Oc4cccc(Oc5ccc(N6C(=O)c7cccc(Oc8cccc(C([*])(C)C)c8)c7C6=O)cc5)c4)cc2)C3=O)cc1,475.15
[*]c1ccc(Oc2cccc3c2C(=O)N(c2cccc(N4C(=O)c5cccc(Oc6ccc(C([*])(C)C)cc6)c5C4=O)c2)C3=O)cc1,500.65
[*]c1ccc(Oc2cccc3c2C(=O)N(c2cccc(N4C(=O)c5cccc(Oc6cccc(C([*])(C)C)c6)c5C4=O)c2)C3=O)cc1,509.15
[*]c1ccc(Oc2ccccc2Oc2ccc(-n3c(=O)c4cc5c(=O)n([*])c(=O)c5cc4c3=O)cc2)cc1,586.15
[*]c1ccc(Oc2ccccc2Oc2ccc(-n3c(=O)c4cc5c(=O)n([*])c(=O)c5cc4c3=O)cc2C(F)(F)F)c(C(F)(F)F)c1,550.15
[*]c1ccc(Oc2ccccc2Oc2ccc(S([*])(=O)=O)cc2)cc1,444.15
[*]c1ccc(Oc2ccccc2S([*])(=O)=O)cc1,494.15
[*]c1ccc(Oc2cncc(Oc3ccc(C([*])(C)C)cc3)n2)cc1,418.15
[*]c1ccc(Oc2nc(Cl)nc(Oc3ccc(C([*])(C)C)cc3)n2)cc1,353.15
[*]c1ccc(P(=O)(c2ccccc2)c2ccc(-n3c(=O)c4cc5c(=O)n([*])c(=O)c5cc4c3=O)cc2)cc1,698.15
[*]c1ccc(S(=O)(=O)c2ccc(-n3c(=O)c4cc5c(=O)n([*])c(=O)c5cc4c3=O)cc2)cc1,623.15
[*]c1ccc(S(=O)(=O)c2ccc(N3C(=O)CC(C)(SCCOCCSC4(C)CC(=O)N(c5ccc(S(=O)(=O)c6ccc(N7C(=O)C(C)C(SCCOCCSC8C(=O)N([*])C(=O)C8C)C7=O)cc6)cc5)C4=O)C3=O)cc2)cc1,430.15
[*]c1ccc(S([*])(=O)=O)cc1,492.65
[*]c1ccc(Sc2ccc(-c3ccc(Sc4ccc(P([*])(=O)c5ccccc5)cc4)cc3)cc2)cc1,505.15
[*]c1ccc(Sc2ccc(-c3nn(-c4ccc(S(=O)(=O)c5ccc(-n6nc([*])c7ccccc7c6=O)cc5)cc4)c(=O)c4ccccc34)cc2)cc1,552.15
[*]c1ccc(Sc2ccc(-n3c(=O)c4cc5c(=O)n([*])c(=O)c5cc4c3=O)cc2)cc1,673.15
[*]c1ccc(Sc2ccc(-n3c(=O)c4cc5c(=O)n([*])c(=O)c5cc4c3=O)cn2)nc1,632.15
[*]c1ccc(Sc2ccc(S([*])(=O)=O)cc2)cc1,488.15
[*]c1ccc(Sc2ccc(Sc3ccc(Sc4ccc(-n5c(=O)c6cc7c(=O)n([*])c(=O)c7cc6c5=O)cc4)cc3)cc2)cc1,507.2
[*]c1ccc(Sc2ccc(Sc3ccc(Sc4ccc(P([*])(=O)c5ccccc5)cc4)cc3)cc2)cc1,448.15
[*]c1ccc(Sc2ccc(Sc3ccc(Sc4ccc(S([*])(=O)=O)cc4S(=O)(=O)O)cc3)cc2)c(S(=O)(=O)O)c1,475.15
[*]c1ccc(Sc2ccc(Sc3ccc(Sc4ccc(S([*])=O)cc4)cc3)cc2)cc1,406.15
[*]c1ccc(Sc2ccc3c(c2)Sc2ccc(Sc4ccc(-n5c(=O)c6cc7c(=O)n([*])c(=O)c7cc6c5=O)cc4)cc2S3)cc1,527.9
[*]c1ccc(Sc2cccc(Sc3ccc(S([*])=O)cc3)c2)cc1,394.15
[*]c1ccc([*])c(C(=O)c2ccc(C)cc2)c1,475.15
[*]c1ccc([*])c(C(=O)c2ccc(F)cc2)c1,467.15
[*]c1ccc([*])c(C(=O)c2ccccc2)c1,453.15
[*]c1ccc([Si](C)(C)[Si]([*])(C)C)s1,288.15
[*]c1ccc([Si](C)(C)c2ccc3c(c2)C(=O)N(c2ccc(Cc4ccc(N5C(=O)c6ccc([Si]([*])(C)C)cc6C5=O)cc4)cc2)C3=O)cc1,568.15
[*]c1ccc([Si](C)(C)c2ccc3c(c2)C(=O)N(c2cccc(Cc4cccc(N5C(=O)c6ccc([Si]([*])(C)C)cc6C5=O)c4)c2)C3=O)cc1,519.15
[*]c1ccc([Si](CCCC)(CCCC)[Si]([*])(CCCC)CCCC)s1,220.15
[*]c1ccc([Si]([*])(C)C)s1,294.15
[*]c1ccc([Si](c2ccccc2)(c2ccccc2)c2ccc(-c3ccc4c(c3)c3cc([*])ccc3n4CCCCCC#N)cc2)cc1,438.15
[*]c1ccc2[nH]c(CCCCCCCCc3nc4cc([*])ccc4[nH]3)nc2c1,507.15
[*]c1ccc2[nH]c(CCCc3nc4cc([*])ccc4[nH]3)nc2c1,548.15
[*]c1ccc2[nH]c([*])nc2c1,671.15
[*]c1ccc2c(-c3ccccc3)nn(-c3ccc(S(=O)(=O)c4ccc(-n5nc(-c6ccccc6)c6ccc(S([*])(=O)=O)cc6c5=O)cc4)cc3)c(=O)c2c1,695.15
[*]c1ccc2c(c1)C(=O)N(C(=S)Nc1ccc(Oc3ccc(NC(=S)N4C(=O)c5ccc(C([*])(C(F)(F)F)C(F)(F)F)cc5C4=O)cc3)cc1)C2=O,533.15
[*]c1ccc2c(c1)C(=O)N(C1CCC(CC3CCC(N4C(=O)c5ccc(C([*])(C(F)(F)F)C(F)(F)F)cc5C4=O)CC3)CC1)C2=O,538.15
[*]c1ccc2c(c1)C(=O)N(C1CCC(CC3CCC(N4C(=O)c5ccc([*])cc5C4=O)CC3)CC1)C2=O,515.15
[*]c1ccc2c(c1)C(=O)N(C1CCC(N3C(=O)c4ccc(C([*])(C(F)(F)F)C(F)(F)F)cc4C3=O)CC1)C2=O,619.65
[*]c1ccc2c(c1)C(=O)N(C1CCC(N3C(=O)c4ccc(S([*])(=O)=O)cc4C3=O)CC1)C2=O,636.15
[*]c1ccc2c(c1)C(=O)N(C1CCC(N3C(=O)c4ccc([*])cc4C3=O)CC1)C2=O,633.15
[*]c1ccc2c(c1)C(=O)N(CC1CC3CC1C1CCC(CN4C(=O)c5ccc([*])cc5C4=O)C31)C2=O,503.15
[*]c1ccc2c(c1)C(=O)N(CC1CCC3C4CC(CC4CN4C(=O)c5ccc(C([*])(C(F)(F)F)C(F)(F)F)cc5C4=O)C13)C2=O,480.15
[*]c1ccc2c(c1)C(=O)N(CC1CCCC(CN3C(=O)c4ccc(C([*])(C(F)(F)F)C(F)(F)F)cc4C3=O)C1)C2=O,495.15
[*]c1ccc2c(c1)C(=O)N(CC1CCCC(CN3C(=O)c4ccc([*])cc4C3=O)C1)C2=O,507.15
[*]c1ccc2c(c1)C(=O)N(CCCCCCCCCCCCN1C(=O)c3ccc(C([*])(C(F)(F)F)C(F)(F)F)cc3C1=O)C2=O,374.15
[*]c1ccc2c(c1)C(=O)N(CCCCCCCCCCCCN1C(=O)c3ccc4c5ccc6c7c(ccc(c8ccc(c3c48)C1=O)c75)C(=O)N(CCCCCCCCCCCCN1C(=O)c3ccc(C([*])(C(F)(F)F)C(F)(F)F)cc3C1=O)C6=O)C2=O,443.15
[*]c1ccc2c(c1)C(=O)N(CCCCCCCCCCN1C(=O)c3ccc(C([*])(C(F)(F)F)C(F)(F)F)cc3C1=O)C2=O,396.15
[*]c1ccc2c(c1)C(=O)N(CCCCCCCCCN1C(=O)c3ccc(C([*])(C(F)(F)F)C(F)(F)F)cc3C1=O)C2=O,408.15
[*]c1ccc2c(c1)C(=O)N(CCCCCCCCN1C(=O)c3ccc(C([*])(C(F)(F)F)C(F)(F)F)cc3C1=O)C2=O,428.15
[*]c1ccc2c(c1)C(=O)N(CCCCCCCN1C(=O)c3ccc(C([*])(C(F)(F)F)C(F)(F)F)cc3C1=O)C2=O,438.15
[*]c1ccc2c(c1)C(=O)N(CCCCCCN1C(=O)c3ccc(C([*])(C(F)(F)F)C(F)(F)F)cc3C1=O)C2=O,428.15
[*]c1ccc2c(c1)C(=O)N(CCCCCN1C(=O)c3ccc(C([*])(C(F)(F)F)C(F)(F)F)cc3C1=O)C2=O,453.15
[*]c1ccc2c(c1)C(=O)N(CCCCN1C(=O)c3ccc(C([*])(C(F)(F)F)C(F)(F)F)cc3C1=O)C2=O,463.15
[*]c1ccc2c(c1)C(=O)N(CCCN1C(=O)c3ccc(C([*])(C(F)(F)F)C(F)(F)F)cc3C1=O)C2=O,463.15
[*]c1ccc2c(c1)C(=O)N(CCN(CCN1C(=O)c3ccc(C([*])(C(F)(F)F)C(F)(F)F)cc3C1=O)c1ccc(/N=N/c3ccc(C4OCCO4)cc3)cc1)C2=O,451.15
[*]c1ccc2c(c1)C(=O)N(CCN(CCN1C(=O)c3ccc(C([*])(C(F)(F)F)C(F)(F)F)cc3C1=O)c1ccc(/N=N/c3ccc([N+](=O)[O-])cc3)cc1)C2=O,483.15
[*]c1ccc2c(c1)C(=O)N(CCN1C(=O)c3ccc(C([*])(C(F)(F)F)C(F)(F)F)cc3C1=O)C2=O,453.15
[*]c1ccc2c(c1)C(=O)N(Cc1nc3cc(-c4ccc5oc(CN6C(=O)c7ccc(C([*])(C(F)(F)F)C(F)(F)F)cc7C6=O)nc5c4)ccc3o1)C2=O,504.15
[*]c1ccc2c(c1)C(=O)N(Cc1nnc(-c3ccc(-c4nnc(CN5C(=O)c6ccc(C([*])(C(F)(F)F)C(F)(F)F)cc6C5=O)o4)c(Oc4ccccc4)c3)o1)C2=O,481.15
[*]c1ccc2c(c1)C(=O)N(Cc1nnc(-c3ccc(-c4nnc(CN5C(=O)c6ccc(C([*])(C(F)(F)F)C(F)(F)F)cc6C5=O)o4)cc3)o1)C2=O,487.15
[*]c1ccc2c(c1)C(=O)N(Cc1nnc(-c3ccc(Oc4ccc(-c5nnc(CN6C(=O)c7ccc(C([*])(C(F)(F)F)C(F)(F)F)cc7C6=O)o5)cc4)cc3)o1)C2=O,483.15
[*]c1ccc2c(c1)C(=O)N(c1c(F)cc(Oc3ccc(C(c4ccc(Oc5cc(F)c(N6C(=O)c7ccc(C([*])(C(F)(F)F)C(F)(F)F)cc7C6=O)c(F)c5)cc4)(C(F)(F)F)C(F)(F)F)cc3)cc1F)C2=O,497.15
[*]c1ccc2c(c1)C(=O)N(c1cc(-c3ccc(O)c(N4C(=O)c5ccc(C([*])(C(F)(F)F)C(F)(F)F)cc5C4=O)c3)ccc1O)C2=O,643.15
[*]c1ccc2c(c1)C(=O)N(c1cc(Br)c(Oc3c(Br)cc(N4C(=O)c5ccc(C([*])(C(F)(F)F)C(F)(F)F)cc5C4=O)cc3Br)c(Br)c1)C2=O,576.15
[*]c1ccc2c(c1)C(=O)N(c1cc(Br)c(Oc3c(Br)cc(N4C(=O)c5ccc(S([*])(=O)=O)cc5C4=O)cc3Br)c(Br)c1)C2=O,601.15
[*]c1ccc2c(c1)C(=O)N(c1cc(Br)c(Oc3c(Br)cc(N4C(=O)c5ccc([*])cc5C4=O)cc3Br)c(Br)c1)C2=O,560.15
[*]c1ccc2c(c1)C(=O)N(c1cc(C(F)(F)F)c(N3C(=O)c4ccc(C([*])(C(F)(F)F)C(F)(F)F)cc4C3=O)cc1C(F)(F)F)C2=O,638.15
[*]c1ccc2c(c1)C(=O)N(c1cc(C(F)(F)F)cc(N3C(=O)c4ccc(C([*])(C(F)(F)F)C(F)(F)F)cc4C3=O)c1OC(c1c(F)c(F)c(F)c(F)c1F)c1c(F)c(F)c(F)c(F)c1F)C2=O,594.85
[*]c1ccc2c(c1)C(=O)N(c1cc(C(c3ccc(O)c(N4C(=O)c5ccc(C([*])(C(F)(F)F)C(F)(F)F)cc5C4=O)c3)(C(F)(F)F)C(F)(F)F)ccc1O)C2=O,603.15
[*]c1ccc2c(c1)C(=O)N(c1cc(C(c3ccc(OC(=O)C45CC6CC(CC(C6)C4)C5)c(N4C(=O)c5ccc(C([*])(C(F)(F)F)C(F)(F)F)cc5C4=O)c3)(C(F)(F)F)C(F)(F)F)ccc1OC(=O)C13CC4CC(CC(C4)C1)C3)C2=O,578.15
[*]c1ccc2c(c1)C(=O)N(c1cc(C(c3ccc4nc([*])oc4c3)(C(F)(F)F)C(F)(F)F)ccc1O)C2=O,602.15
[*]c1ccc2c(c1)C(=O)N(c1cc(N3C(=O)c4ccc(C([*])(C(F)(F)F)C(F)(F)F)cc4C3=O)c(O)cc1O)C2=O,597.15
[*]c1ccc2c(c1)C(=O)N(c1cc(N3C(=O)c4ccc(P([*])(=O)c5ccccc5)cc4C3=O)cc(C(F)(F)F)c1)C2=O,590.15
[*]c1ccc2c(c1)C(=O)N(c1cc(N3C(=O)c4ccc(S([*])(=O)=O)cc4C3=O)cc(C(F)(F)F)c1)C2=O,583.15
[*]c1ccc2c(c1)C(=O)N(c1cc(N3C(=O)c4ccc([*])cc4C3=O)c(O)cc1O)C2=O,616.15
[*]c1ccc2c(c1)C(=O)N(c1cc(N3C(=O)c4ccc([*])cc4C3=O)cc(C(F)(F)F)c1)C2=O,602.15
[*]c1ccc2c(c1)C(=O)N(c1cc(N3C(=O)c4ccc([Si]([*])(C)C)cc4C3=O)cc(C(F)(F)F)c1)C2=O,536.15
[*]c1ccc2c(c1)C(=O)N(c1ccc(-c3ccc(N4C(=O)c5ccc(C([*])(C(F)(F)F)C(F)(F)F)cc5C4=O)c(O)c3)cc1O)C2=O,631.15
[*]c1ccc2c(c1)C(=O)N(c1ccc(-c3ccc(N4C(=O)c5ccc(C([*])(C(F)(F)F)C(F)(F)F)cc5C4=O)c(OCCCCCCOc4ccc(/C=C/c5ccc(F)cc5)cc4)c3)cc1OCCCCCCOc1ccc(/C=C/c3ccc(F)cc3)cc1)C2=O,413.15
[*]c1ccc2c(c1)C(=O)N(c1ccc(-c3ccc(N4C(=O)c5ccc(C([*])(C(F)(F)F)C(F)(F)F)cc5C4=O)cc3-c3cc(C(F)(F)F)cc(C(F)(F)F)c3)c(-c3cc(C(F)(F)F)cc(C(F)(F)F)c3)c1)C2=O,536.15
[*]c1ccc2c(c1)C(=O)N(c1ccc(-c3ccc(N4C(=O)c5ccc(C([*])(C(F)(F)F)C(F)(F)F)cc5C4=O)cc3-c3ccc(-c4ccccc4)cc3)c(-c3ccc(-c4ccccc4)cc3)c1)C2=O,558.15
[*]c1ccc2c(c1)C(=O)N(c1ccc(-c3ccc(N4C(=O)c5ccc(C([*])(C(F)(F)F)C(F)(F)F)cc5C4=O)cc3-c3ccc(C(F)(F)F)cc3)c(-c3ccc(C(F)(F)F)cc3)c1)C2=O,556.15
[*]c1ccc2c(c1)C(=O)N(c1ccc(-c3ccc(N4C(=O)c5ccc(C([*])(C(F)(F)F)C(F)(F)F)cc5C4=O)cc3-c3cccc(C(F)(F)F)c3)c(-c3cccc(C(F)(F)F)c3)c1)C2=O,551.15
[*]c1ccc2c(c1)C(=O)N(c1ccc(-c3ccc(N4C(=O)c5ccc(C([*])(C(F)(F)F)C(F)(F)F)cc5C4=O)cc3-c3ccccc3C(F)(F)F)c(-c3ccccc3C(F)(F)F)c1)C2=O,562.15
[*]c1ccc2c(c1)C(=O)N(c1ccc(-c3ccc(N4C(=O)c5ccc(C([*])(C(F)(F)F)C(F)(F)F)cc5C4=O)cc3Br)c(Br)c1)C2=O,602.15
[*]c1ccc2c(c1)C(=O)N(c1ccc(-c3ccc(N4C(=O)c5ccc(C([*])(C(F)(F)F)C(F)(F)F)cc5C4=O)cc3Cl)c(Cl)c1)C2=O,609.15
[*]c1ccc2c(c1)C(=O)N(c1ccc(-c3ccc(N4C(=O)c5ccc(C([*])(C(F)(F)F)C(F)(F)F)cc5C4=O)cc3I)c(I)c1)C2=O,592.15
[*]c1ccc2c(c1)C(=O)N(c1ccc(-c3ccc(N4C(=O)c5ccc(C([*])(c6ccccc6)C(F)(F)F)cc5C4=O)cc3C(F)(F)F)c(C(F)(F)F)c1)C2=O,553.15
[*]c1ccc2c(c1)C(=O)N(c1ccc(-c3ccc(N4C(=O)c5ccc(S([*])(=O)=O)cc5C4=O)cc3C(F)(F)F)c(C(F)(F)F)c1)C2=O,593.15
[*]c1ccc2c(c1)C(=O)N(c1ccc(-c3ccc(N4C(=O)c5ccc([*])cc5C4=O)cc3OC(F)(F)F)c(OC(F)(F)F)c1)C2=O,608.15
[*]c1ccc2c(c1)C(=O)N(c1ccc(-c3ccc(N4C(=O)c5cccc([*])c5C4=O)cc3C(F)(F)F)c(C(F)(F)F)c1)C2=O,619.15
[*]c1ccc2c(c1)C(=O)N(c1ccc(-c3nc4cc(N5C(=O)c6ccc([*])cc6C5=O)ccc4[nH]3)cc1)C2=O,670.65
[*]c1ccc2c(c1)C(=O)N(c1ccc(C(c3ccc(N4C(=O)c5ccc(C([*])(C(F)(F)F)C(F)(F)F)cc5C4=O)cc3)(C(F)(F)F)C(F)(F)F)cc1)C2=O,588.25
[*]c1ccc2c(c1)C(=O)N(c1ccc(C(c3ccc(N4C(=O)c5ccc([*])cc5C4=O)cc3)(C(F)(F)F)C(F)(F)F)cc1)C2=O,616.15
[*]c1ccc2c(c1)C(=O)N(c1ccc(C(c3ccccc3)(c3ccc(N4C(=O)c5ccc(C([*])(C(F)(F)F)C(F)(F)F)cc5C4=O)cc3)C(F)(F)F)cc1)C2=O,578.15
[*]c1ccc2c(c1)C(=O)N(c1ccc(C(c3ccccc3)c3ccc(N4C(=O)c5ccc(S([*])(=O)=O)cc5C4=O)cc3)cc1)C2=O,578.15
[*]c1ccc2c(c1)C(=O)N(c1ccc(C(c3ccccc3)c3ccc(N4C(=O)c5ccc([*])cc5C4=O)cc3)cc1)C2=O,588.15
[*]c1ccc2c(c1)C(=O)N(c1ccc(C3(c4ccc(N5C(=O)c6ccc(C([*])(C(F)(F)F)C(F)(F)F)cc6C5=O)c(F)c4)c4ccccc4-c4ccccc43)cc1F)C2=O,625.15
[*]c1ccc2c(c1)C(=O)N(c1ccc(C3(c4ccc(N5C(=O)c6ccc(C([*])(C(F)(F)F)C(F)(F)F)cc6C5=O)cc4)c4ccccc4-c4ccccc43)cc1)C2=O,643.15
[*]c1ccc2c(c1)C(=O)N(c1ccc(C3(c4ccc(N5C(=O)c6ccc(S([*])(=O)=O)cc6C5=O)cc4)c4ccccc4-c4ccccc43)cc1)C2=O,665.15
[*]c1ccc2c(c1)C(=O)N(c1ccc(C3(c4ccc(N5C(=O)c6ccc([*])cc6C5=O)cc4)c4ccccc4-c4ccccc43)cc1)C2=O,661.15
[*]c1ccc2c(c1)C(=O)N(c1ccc(Cc3ccc(N4C(=O)c5ccc(C(F)(F)C(F)(F)C([*])(F)F)cc5C4=O)cc3)cc1)C2=O,563.15
[*]c1ccc2c(c1)C(=O)N(c1ccc(Cc3ccc(N4C(=O)c5ccc(C([*])(C(F)(F)F)C(F)(F)F)cc5C4=O)cc3)cc1)C2=O,570.15
[*]c1ccc2c(c1)C(=O)N(c1ccc(Cc3ccc(N4C(=O)c5ccc(S([*])(=O)=O)cc5C4=O)cc3)cc1)C2=O,592.15
[*]c1ccc2c(c1)C(=O)N(c1ccc(Cc3ccc(N4C(=O)c5ccc([Si]([*])(C)C)cc5C4=O)cc3)cc1)C2=O,553.15
[*]c1ccc2c(c1)C(=O)N(c1ccc(N(c3ccc(/C=C/c4ccc([N+](=O)[O-])cc4)cc3)c3ccc(N4C(=O)c5ccc(C([*])(C(F)(F)F)C(F)(F)F)cc5C4=O)cc3)cc1)C2=O,563.15
[*]c1ccc2c(c1)C(=O)N(c1ccc(N3C(=O)c4ccc(-c5c(-c6ccccc6)c(-c6ccccc6)c(-c6ccc(Oc7ccc(-c8c(-c9ccccc9)c(-c9ccccc9)c([*])c(-c9ccccc9)c8-c8ccccc8)cc7)cc6)c(-c6ccccc6)c5-c5ccccc5)cc4C3=O)cc1)C2=O,626.15
[*]c1ccc2c(c1)C(=O)N(c1ccc(N3C(=O)c4ccc(-c5c(-c6ccccc6)c(-c6ccccc6)c(-c6ccc(Sc7ccc(-c8c(-c9ccccc9)c(-c9ccccc9)c([*])c(-c9ccccc9)c8-c8ccccc8)cc7)cc6)c(-c6ccccc6)c5-c5ccccc5)cc4C3=O)cc1)C2=O,617.15
[*]c1ccc2c(c1)C(=O)N(c1ccc(N3C(=O)c4ccc(C([*])(C(F)(F)F)C(F)(F)F)cc4C3=O)c(C(F)(F)F)c1)C2=O,639.15
[*]c1ccc2c(c1)C(=O)N(c1ccc(N3C(=O)c4ccc(C([*])(C(F)(F)F)C(F)(F)F)cc4C3=O)c(F)c1)C2=O,643.15
[*]c1ccc2c(c1)C(=O)N(c1ccc(N3C(=O)c4ccc(C(c5ccc6c(c5)C(=O)N(c5ccc(N7C(=O)c8ccc([*])cc8C7=O)cc5)C6=O)(C(F)(F)F)C(F)(F)F)cc4C3=O)cc1)C2=O,615.15
[*]c1ccc2c(c1)C(=O)N(c1ccc(N3C(=O)c4ccc(P([*])(=O)c5ccccc5)cc4C3=O)cc1)C2=O,639.15
[*]c1ccc2c(c1)C(=O)N(c1ccc(N3C(=O)c4ccc([*])cc4C3=O)cc1)C2=O,614.15
[*]c1ccc2c(c1)C(=O)N(c1ccc(NC(=O)C(F)(F)C(F)(F)C(F)(F)C(F)(F)C(=O)Nc3ccc(N4C(=O)c5ccc(C([*])(C(F)(F)F)C(F)(F)F)cc5C4=O)cc3)cc1)C2=O,558.15
[*]c1ccc2c(c1)C(=O)N(c1ccc(NC(=O)C(F)(F)C(F)(F)C(F)(F)C(F)(F)C(F)(F)C(F)(F)C(=O)Nc3ccc(N4C(=O)c5ccc(C([*])(C(F)(F)F)C(F)(F)F)cc5C4=O)cc3)cc1)C2=O,538.15
[*]c1ccc2c(c1)C(=O)N(c1ccc(NC(=S)/N=C/c3ccc(Cl)c(N4C(=O)c5ccc(C([*])(C(F)(F)F)C(F)(F)F)cc5C4=O)c3)cc1)C2=O,545.15
[*]c1ccc2c(c1)C(=O)N(c1ccc(OCC(F)(F)C(F)(F)C(F)(F)C(F)(F)C(F)(F)C(F)(F)C(F)(F)C(F)(F)C(F)(F)C(F)(F)F)c(N3C(=O)c4ccc(C([*])(C(F)(F)F)C(F)(F)F)cc4C3=O)c1)C2=O,462.15
[*]c1ccc2c(c1)C(=O)N(c1ccc(OCC(F)(F)C(F)(F)C(F)(F)C(F)(F)C(F)(F)C(F)(F)C(F)(F)C(F)(F)C(F)(F)C(F)(F)F)c(N3C(=O)c4ccc([*])cc4C3=O)c1)C2=O,503.15
[*]c1ccc2c(c1)C(=O)N(c1ccc(OCC(F)(F)C(F)(F)C(F)(F)C(F)(F)C(F)(F)C(F)(F)C(F)(F)F)c(N3C(=O)c4ccc(C([*])(C(F)(F)F)C(F)(F)F)cc4C3=O)c1)C2=O,499.15
[*]c1ccc2c(c1)C(=O)N(c1ccc(OCC(F)(F)C(F)(F)C(F)(F)C(F)(F)C(F)(F)C(F)(F)C(F)(F)F)c(N3C(=O)c4ccc([*])cc4C3=O)c1)C2=O,523.15
[*]c1ccc2c(c1)C(=O)N(c1ccc(OCC(F)(F)C(F)(F)C(F)(F)C(F)(F)C(F)(F)C(F)(F)F)c(N3C(=O)c4ccc(C([*])(C(F)(F)F)C(F)(F)F)cc4C3=O)c1)C2=O,501.15
[*]c1ccc2c(c1)C(=O)N(c1ccc(OCC(F)(F)C(F)(F)C(F)(F)C(F)(F)C(F)(F)C(F)(F)F)c(N3C(=O)c4ccc([*])cc4C3=O)c1)C2=O,535.15
[*]c1ccc2c(c1)C(=O)N(c1ccc(OCC(F)(F)C(F)(F)C(F)(F)F)c(N3C(=O)c4ccc(C([*])(C(F)(F)F)C(F)(F)F)cc4C3=O)c1)C2=O,539.15
[*]c1ccc2c(c1)C(=O)N(c1ccc(OCC(F)(F)C(F)(F)C(F)(F)F)c(N3C(=O)c4ccc([*])cc4C3=O)c1)C2=O,573.15
[*]c1ccc2c(c1)C(=O)N(c1ccc(OCC3CCC(COc4ccc(N5C(=O)c6ccc([*])cc6C5=O)cc4)CC3)cc1)C2=O,527.55
[*]c1ccc2c(c1)C(=O)N(c1ccc(OCCCCCCCCCCOc3ccc(N4C(=O)c5ccc(C([*])(C(F)(F)F)C(F)(F)F)cc5C4=O)cc3)cc1)C2=O,416.15
[*]c1ccc2c(c1)C(=O)N(c1ccc(OCCCCCCCCCCOc3ccc(N4C(=O)c5ccc([*])cc5C4=O)cc3)cc1)C2=O,426.15
[*]c1ccc2c(c1)C(=O)N(c1ccc(OCCCCCCOc3ccc(N4C(=O)c5ccc(C([*])(C(F)(F)F)C(F)(F)F)cc5C4=O)cc3)cc1)C2=O,440.15
[*]c1ccc2c(c1)C(=O)N(c1ccc(OCCCCCOc3ccc(N4C(=O)c5cccc([*])c5C4=O)cc3)cc1)C2=O,481.15
[*]c1ccc2c(c1)C(=O)N(c1ccc(OCCCCOc3ccc(N4C(=O)c5ccc(C([*])(C(F)(F)F)C(F)(F)F)cc5C4=O)cc3)cc1)C2=O,442.15
[*]c1ccc2c(c1)C(=O)N(c1ccc(OCCCOc3ccc(N4C(=O)c5cccc([*])c5C4=O)cc3)cc1)C2=O,510.65
[*]c1ccc2c(c1)C(=O)N(c1ccc(OCCN(CCOc3ccc(N4C(=O)c5ccc(C([*])(C(F)(F)F)C(F)(F)F)cc5C4=O)cc3)c3ccccc3)cc1)C2=O,443.15
[*]c1ccc2c(c1)C(=O)N(c1ccc(OCCOCCOCCOCCOc3ccc(N4C(=O)c5ccc(C([*])(C(F)(F)F)C(F)(F)F)cc5C4=O)cc3)cc1)C2=O,413.15
[*]c1ccc2c(c1)C(=O)N(c1ccc(OCCOCCOCCOc3ccc(N4C(=O)c5ccc(C([*])(C(F)(F)F)C(F)(F)F)cc5C4=O)cc3)cc1)C2=O,439.15
[*]c1ccc2c(c1)C(=O)N(c1ccc(OCCOCCOc3ccc(N4C(=O)c5ccc(C([*])(C(F)(F)F)C(F)(F)F)cc5C4=O)cc3)cc1)C2=O,460.65
[*]c1ccc2c(c1)C(=O)N(c1ccc(OCCOc3ccc(N4C(=O)c5ccc(C([*])(C(F)(F)F)C(F)(F)F)cc5C4=O)cc3)cc1)C2=O,527.15
[*]c1ccc2c(c1)C(=O)N(c1ccc(Oc3c(F)c(F)c(-c4c(F)c(F)c(Oc5ccc(N6C(=O)c7ccc(C([*])(C(F)(F)F)C(F)(F)F)cc7C6=O)cc5)c(F)c4F)c(F)c3F)cc1)C2=O,544.35
[*]c1ccc2c(c1)C(=O)N(c1ccc(Oc3c(F)c(F)c(Oc4ccc(N5C(=O)c6ccc(C([*])(C(F)(F)F)C(F)(F)F)cc6C5=O)cc4)c(F)c3F)cc1)C2=O,516.95
[*]c1ccc2c(c1)C(=O)N(c1ccc(Oc3cc4ccccc4cc3Oc3ccc(N4C(=O)c5ccc(S([*])(=O)=O)cc5C4=O)cc3)cc1)C2=O,548.15
[*]c1ccc2c(c1)C(=O)N(c1ccc(Oc3cc4ccccc4cc3Oc3ccc(N4C(=O)c5ccc([*])cc5C4=O)cc3)cc1)C2=O,526.65
[*]c1ccc2c(c1)C(=O)N(c1ccc(Oc3ccc(-c4ccc(Oc5ccc(N6C(=O)c7ccc(C([*])(C(F)(F)F)C(F)(F)F)cc7C6=O)cc5)cc4)cc3)cc1)C2=O,561.15
[*]c1ccc2c(c1)C(=O)N(c1ccc(Oc3ccc(-c4cnc(N5C(=O)c6ccc(C([*])(C(F)(F)F)C(F)(F)F)cc6C5=O)s4)cc3)cc1)C2=O,541.35
[*]c1ccc2c(c1)C(=O)N(c1ccc(Oc3ccc(C(=O)c4cccc(C(=O)c5ccc(Oc6ccc(N7C(=O)c8ccc([Si]([*])(C)C)cc8C7=O)cc6)cc5)c4)cc3)cc1)C2=O,481.15
[*]c1ccc2c(c1)C(=O)N(c1ccc(Oc3ccc(C(c4ccc(Oc5ccc(N6C(=O)c7ccc(C([*])(C(F)(F)F)C(F)(F)F)cc7C6=O)cc5C(F)(F)F)cc4)(C(F)(F)F)C(F)(F)F)cc3)c(C(F)(F)F)c1)C2=O,507.15
[*]c1ccc2c(c1)C(=O)N(c1ccc(Oc3ccc(C(c4ccc(Oc5ccc(N6C(=O)c7ccc([*])cc7C6=O)cc5C(F)(F)F)cc4)(C(F)(F)F)C(F)(F)F)cc3)c(C(F)(F)F)c1)C2=O,496.15
[*]c1ccc2c(c1)C(=O)N(c1ccc(Oc3ccc(N4C(=O)c5ccc(-c6c(-c7ccccc7)c(-c7ccccc7)c(-c7ccc(Oc8ccc(-c9c(-c%10ccccc%10)c(-c%10ccccc%10)c([*])c(-c%10ccccc%10)c9-c9ccccc9)cc8)cc7)c(-c7ccccc7)c6-c6ccccc6)cc5C4=O)cc3)cc1)C2=O,602.15
[*]c1ccc2c(c1)C(=O)N(c1ccc(Oc3ccc(N4C(=O)c5ccc(-c6c(-c7ccccc7)c(-c7ccccc7)c(-c7ccc(Sc8ccc(-c9c(-c%10ccccc%10)c(-c%10ccccc%10)c([*])c(-c%10ccccc%10)c9-c9ccccc9)cc8)cc7)c(-c7ccccc7)c6-c6ccccc6)cc5C4=O)cc3)cc1)C2=O,595.15
[*]c1ccc2c(c1)C(=O)N(c1ccc(Oc3ccc(N4C(=O)c5ccc(C(F)(F)C(F)(F)C(F)(F)C(F)(F)C(F)(F)C(F)(F)C(F)(F)C([*])(F)F)cc5C4=O)cc3)cc1)C2=O,459.15
[*]c1ccc2c(c1)C(=O)N(c1ccc(Oc3ccc(N4C(=O)c5ccc(C(F)(F)C(F)(F)C(F)(F)C(F)(F)C(F)(F)C(F)(F)C([*])(F)F)cc5C4=O)cc3)cc1)C2=O,451.15
[*]c1ccc2c(c1)C(=O)N(c1ccc(Oc3ccc(N4C(=O)c5ccc(C(F)(F)C(F)(F)C(F)(F)C(F)(F)C(F)(F)C([*])(F)F)cc5C4=O)cc3)cc1)C2=O,458.15
[*]c1ccc2c(c1)C(=O)N(c1ccc(Oc3ccc(N4C(=O)c5ccc(C(F)(F)C(F)(F)C(F)(F)C([*])(F)F)cc5C4=O)cc3)cc1)C2=O,485.15
[*]c1ccc2c(c1)C(=O)N(c1ccc(Oc3ccc(N4C(=O)c5ccc(C(F)(F)C(F)(F)C([*])(F)F)cc5C4=O)cc3)cc1)C2=O,495.15
[*]c1ccc2c(c1)C(=O)N(c1ccc(Oc3ccc(N4C(=O)c5ccc(C([*])(C(F)(F)F)C(F)(F)F)cc5C4=O)cc3Br)c(Br)c1)C2=O,572.15
[*]c1ccc2c(c1)C(=O)N(c1ccc(Oc3ccc(N4C(=O)c5ccc(C([*])(C(F)(F)F)C(F)(F)F)cc5C4=O)cc3O)cc1)C2=O,565.15
[*]c1ccc2c(c1)C(=O)N(c1ccc(Oc3ccc(N4C(=O)c5ccc(C([*])O)cc5C4=O)cc3)cc1)C2=O,523.15
[*]c1ccc2c(c1)C(=O)N(c1ccc(Oc3ccc(N4C(=O)c5ccc(C([*])O[Si](C)(C)C)cc5C4=O)cc3)cc1)C2=O,483.15
[*]c1ccc2c(c1)C(=O)N(c1ccc(Oc3ccc(N4C(=O)c5ccc(C([*])O[Si](C)(C)O[Si](C)(C)O[Si](C)(C)C)cc5C4=O)cc3)cc1)C2=O,440.15
[*]c1ccc2c(c1)C(=O)N(c1ccc(Oc3ccc(N4C(=O)c5ccc(P([*])(=O)c6ccccc6)cc5C4=O)cc3)cc1)C2=O,591.15
[*]c1ccc2c(c1)C(=O)N(c1ccc(Oc3ccc(N4C(=O)c5ccc(S([*])(=O)=O)cc5C4=O)cc3)cc1)C2=O,556.65
[*]c1ccc2c(c1)C(=O)N(c1ccc(Oc3ccc(N4C(=O)c5ccc(S([*])(=O)=O)cc5C4=O)cc3Br)c(Br)c1)C2=O,554.15
[*]c1ccc2c(c1)C(=O)N(c1ccc(Oc3ccc(N4C(=O)c5ccc([*])cc5C4=O)cc3)cc1)C2=O,552.15
[*]c1ccc2c(c1)C(=O)N(c1ccc(Oc3ccc(N4C(=O)c5ccc([*])cc5C4=O)cc3Br)c(Br)c1)C2=O,548.15
[*]c1ccc2c(c1)C(=O)N(c1ccc(Oc3ccc(N4C(=O)c5ccc([Si]([*])(C)C)cc5C4=O)cc3)cc1)C2=O,547.15
[*]c1ccc2c(c1)C(=O)N(c1ccc(Oc3ccc(N4C(=O)c5cccc([*])c5C4=O)cc3)cc1)C2=O,593.15
[*]c1ccc2c(c1)C(=O)N(c1ccc(Oc3ccc(Oc4ccc(N5C(=O)c6ccc(C([*])(C(F)(F)F)C(F)(F)F)cc6C5=O)cc4)cc3)cc1)C2=O,552.15
[*]c1ccc2c(c1)C(=O)N(c1ccc(Oc3ccc(Oc4ccc(N5C(=O)c6ccc(C([*])(C(F)(F)F)C(F)(F)F)cc6C5=O)cc4C(F)(F)F)cc3)cc1)C2=O,533.95
[*]c1ccc2c(c1)C(=O)N(c1ccc(Oc3ccc(Oc4ccc(N5C(=O)c6ccc([*])cc6C5=O)cc4)c(-c4ccccc4)c3)cc1)C2=O,520.15
[*]c1ccc2c(c1)C(=O)N(c1ccc(Oc3ccc(Oc4ccc(N5C(=O)c6cccc([*])c6C5=O)cc4)cc3)cc1)C2=O,558.15
[*]c1ccc2c(c1)C(=O)N(c1ccc(Oc3ccc(Oc4ccc(Oc5ccc(N6C(=O)c7ccc([*])cc7C6=O)cc5)cc4)cc3)cc1)C2=O,501.66
[*]c1ccc2c(c1)C(=O)N(c1ccc(Oc3ccc(P(=O)(c4ccccc4)c4ccc(Oc5cccc(N6C(=O)c7ccc(C([*])(C(F)(F)F)C(F)(F)F)cc7C6=O)c5)cc4)cc3)cc1)C2=O,493.15
[*]c1ccc2c(c1)C(=O)N(c1ccc(Oc3ccc(P(=O)(c4ccccc4)c4ccc(Oc5cccc(N6C(=O)c7ccc([*])cc7C6=O)c5)cc4)cc3)cc1)C2=O,514.15
[*]c1ccc2c(c1)C(=O)N(c1ccc(Oc3ccc(S(=O)(=O)c4ccc(Oc5ccc(N6C(=O)c7ccc(C([*])(C(F)(F)F)C(F)(F)F)cc7C6=O)cc5)cc4)cc3)cc1)C2=O,549.65
[*]c1ccc2c(c1)C(=O)N(c1ccc(Oc3ccc(S(=O)(=O)c4ccc(Oc5ccc(N6C(=O)c7ccc(S([*])(=O)=O)cc7C6=O)cc5)cc4)cc3)cc1)C2=O,547.15
[*]c1ccc2c(c1)C(=O)N(c1ccc(Oc3ccc(S(=O)(=O)c4ccc(Oc5ccc(N6C(=O)c7ccc([Si]([*])(C)C)cc7C6=O)cc5)cc4)cc3)cc1)C2=O,519.15
[*]c1ccc2c(c1)C(=O)N(c1ccc(Oc3ccc4ccc(Oc5ccc(N6C(=O)c7ccc(C([*])(C(F)(F)F)C(F)(F)F)cc7C6=O)cc5)cc4c3)cc1)C2=O,575.45
[*]c1ccc2c(c1)C(=O)N(c1ccc(Oc3ccc4nc(-c5ccc(Oc6ccc(-c7nc8ccc(Oc9ccc(N%10C(=O)c%11ccc(C([*])(C(F)(F)F)C(F)(F)F)cc%11C%10=O)cc9)cc8nc7-c7ccccc7)cc6)cc5)c(-c5ccccc5)nc4c3)cc1)C2=O,540.15
[*]c1ccc2c(c1)C(=O)N(c1ccc(Oc3cccc(-c4cc(-c5ccccc5)cc(-c5cccc(Oc6ccc(N7C(=O)c8ccc(C([*])(C(F)(F)F)C(F)(F)F)cc8C7=O)cc6)c5)n4)c3)cc1)C2=O,453.15
[*]c1ccc2c(c1)C(=O)N(c1ccc(Oc3cccc(N4C(=O)c5ccc(-c6c(-c7ccccc7)c(-c7ccccc7)c(-c7ccc(Oc8ccc(-c9c(-c%10ccccc%10)c(-c%10ccccc%10)c([*])c(-c%10ccccc%10)c9-c9ccccc9)cc8)cc7)c(-c7ccccc7)c6-c6ccccc6)cc5C4=O)c3)cc1)C2=O,582.15
[*]c1ccc2c(c1)C(=O)N(c1ccc(Oc3cccc(N4C(=O)c5ccc(-c6c(-c7ccccc7)c(-c7ccccc7)c(-c7ccc(Sc8ccc(-c9c(-c%10ccccc%10)c(-c%10ccccc%10)c([*])c(-c%10ccccc%10)c9-c9ccccc9)cc8)cc7)c(-c7ccccc7)c6-c6ccccc6)cc5C4=O)c3)cc1)C2=O,573.15
[*]c1ccc2c(c1)C(=O)N(c1ccc(Oc3cccc(N4C(=O)c5ccc(C([*])(C(F)(F)F)C(F)(F)F)cc5C4=O)c3)cc1)C2=O,533.15
[*]c1ccc2c(c1)C(=O)N(c1ccc(Oc3cccc(N4C(=O)c5ccc([*])cc5C4=O)c3)cc1)C2=O,532.15
[*]c1ccc2c(c1)C(=O)N(c1ccc(Oc3cccc(Oc4ccc(N5C(=O)c6ccc([*])cc6C5=O)cc4)c3)cc1)C2=O,507.15
[*]c1ccc2c(c1)C(=O)N(c1ccc(Oc3ccccc3-c3ccccc3Oc3ccc(N4C(=O)c5ccc(C([*])(C(F)(F)F)C(F)(F)F)cc5C4=O)cc3)cc1)C2=O,351.15
[*]c1ccc2c(c1)C(=O)N(c1ccc(Oc3ccccc3N3C(=O)c4ccc(C([*])(C(F)(F)F)C(F)(F)F)cc4C3=O)cc1)C2=O,549.15
[*]c1ccc2c(c1)C(=O)N(c1ccc(Oc3ccccc3Oc3ccc(N4C(=O)c5ccc(C([*])(C(F)(F)F)C(F)(F)F)cc5C4=O)cc3C(F)(F)F)c(C(F)(F)F)c1)C2=O,520.15
[*]c1ccc2c(c1)C(=O)N(c1ccc(Oc3ccccc3Oc3ccc(N4C(=O)c5ccc(S([*])(=O)=O)cc5C4=O)cc3C(F)(F)F)c(C(F)(F)F)c1)C2=O,528.15
[*]c1ccc2c(c1)C(=O)N(c1ccc(Oc3ccccc3Oc3ccc(N4C(=O)c5ccc([*])cc5C4=O)cc3)cc1)C2=O,514.15
[*]c1ccc2c(c1)C(=O)N(c1ccc(Oc3ccccc3Oc3ccc(N4C(=O)c5ccc([*])cc5C4=O)cc3C(F)(F)F)c(C(F)(F)F)c1)C2=O,522.15
[*]c1ccc2c(c1)C(=O)N(c1ccc(P(=O)(c3ccccc3)c3ccc(N4C(=O)c5ccc(C([*])(C(F)(F)F)C(F)(F)F)cc5C4=O)cc3)cc1)C2=O,618.15
[*]c1ccc2c(c1)C(=O)N(c1ccc(P(=O)(c3ccccc3)c3ccc(N4C(=O)c5ccc([*])cc5C4=O)cc3)cc1)C2=O,644.15
[*]c1ccc2c(c1)C(=O)N(c1ccc(S(=O)(=O)c3ccc(N4C(=O)c5ccc(C(F)(F)C(F)(F)C([*])(F)F)cc5C4=O)cc3)cc1)C2=O,532.15
[*]c1ccc2c(c1)C(=O)N(c1ccc(S(=O)(=O)c3ccc(S(=O)(=O)c4ccc(N5C(=O)c6ccc(C([*])(C(F)(F)F)C(F)(F)F)cc6C5=O)cc4)cc3)cc1)C2=O,604.15
[*]c1ccc2c(c1)C(=O)N(c1ccc(S(=O)(=O)c3ccc(S(=O)(=O)c4ccc(S(=O)(=O)c5ccc(N6C(=O)c7ccc(C([*])(C(F)(F)F)C(F)(F)F)cc7C6=O)cc5)cc4)cc3)cc1)C2=O,600.15
[*]c1ccc2c(c1)C(=O)N(c1ccc(Sc3ccc(N4C(=O)c5ccc(C([*])(C(F)(F)F)C(F)(F)F)cc5C4=O)cc3)cc1)C2=O,574.15
[*]c1ccc2c(c1)C(=O)N(c1ccc(Sc3ccc(Oc4ccc(Sc5ccc(N6C(=O)c7ccc(C([*])(C(F)(F)F)C(F)(F)F)cc7C6=O)cc5)cc4)cc3)cc1)C2=O,515.15
[*]c1ccc2c(c1)C(=O)N(c1ccc(Sc3ccc(Sc4ccc(N5C(=O)c6ccc(C([*])(C(F)(F)F)C(F)(F)F)cc6C5=O)cc4)cc3)cc1)C2=O,530.15
[*]c1ccc2c(c1)C(=O)N(c1ccc(Sc3ccc(Sc4ccc(Sc5ccc(N6C(=O)c7ccc(C([*])(C(F)(F)F)C(F)(F)F)cc7C6=O)cc5)cc4)cc3)cc1)C2=O,506.15
[*]c1ccc2c(c1)C(=O)N(c1ccc(Sc3ccc(Sc4ccc(Sc5ccc(N6C(=O)c7ccc([*])cc7C6=O)cc5)cc4)cc3)cc1)C2=O,500.25
[*]c1ccc2c(c1)C(=O)N(c1ccc(Sc3ccc(Sc4ccc(Sc5ccc(N6C(=O)c7cccc([*])c7C6=O)cc5)cc4)cc3)cc1)C2=O,499.85
[*]c1ccc2c(c1)C(=O)N(c1ccc(Sc3ccc(Sc4ccc(Sc5ccc(Sc6ccc(N7C(=O)c8ccc(C([*])(C(F)(F)F)C(F)(F)F)cc8C7=O)cc6)cc5)cc4)cc3)cc1)C2=O,489.15
[*]c1ccc2c(c1)C(=O)N(c1ccc3c(c1)-c1cc(N4C(=O)c5ccc(C([*])(C(F)(F)F)C(F)(F)F)cc5C4=O)ccc1C3)C2=O,667.15
[*]c1ccc2c(c1)C(=O)N(c1ccc3c(c1)Cc1cc(N4C(=O)c5ccc(C([*])(C(F)(F)F)C(F)(F)F)cc5C4=O)ccc1-3)C2=O,667.15
[*]c1ccc2c(c1)C(=O)N(c1cccc(-n3c(=O)c4cc5c(=O)n(-c6cccc(N7C(=O)c8ccc(C([*])(C(F)(F)F)C(F)(F)F)cc8C7=O)c6)c(=O)c5cc4c3=O)c1)C2=O,611.15
[*]c1ccc2c(c1)C(=O)N(c1cccc(C(F)(F)C(F)(F)C(F)(F)C(F)(F)C(F)(F)c3cccc(N4C(=O)c5ccc(C(F)(F)C(F)(F)C(F)(F)C(F)(F)C(F)(F)C(F)(F)C([*])(F)F)cc5C4=O)c3)c1)C2=O,381.65
[*]c1ccc2c(c1)C(=O)N(c1cccc(C(F)(F)C(F)(F)C(F)(F)C(F)(F)C(F)(F)c3cccc(N4C(=O)c5ccc(C(F)(F)C(F)(F)C(F)(F)C([*])(F)F)cc5C4=O)c3)c1)C2=O,417.15
[*]c1ccc2c(c1)C(=O)N(c1cccc(C(F)(F)C(F)(F)C(F)(F)C(F)(F)C(F)(F)c3cccc(N4C(=O)c5ccc(C(F)(F)C(F)(F)C([*])(F)F)cc5C4=O)c3)c1)C2=O,384.15
[*]c1ccc2c(c1)C(=O)N(c1cccc(C(F)(F)C(F)(F)C(F)(F)c3cccc(N4C(=O)c5ccc(C(F)(F)C(F)(F)C(F)(F)C(F)(F)C(F)(F)C(F)(F)C([*])(F)F)cc5C4=O)c3)c1)C2=O,406.65
[*]c1ccc2c(c1)C(=O)N(c1cccc(C(F)(F)C(F)(F)C(F)(F)c3cccc(N4C(=O)c5ccc(C(F)(F)C(F)(F)C(F)(F)C([*])(F)F)cc5C4=O)c3)c1)C2=O,432.15
[*]c1ccc2c(c1)C(=O)N(c1cccc(C(F)(F)C(F)(F)C(F)(F)c3cccc(N4C(=O)c5ccc(C(F)(F)C(F)(F)C([*])(F)F)cc5C4=O)c3)c1)C2=O,430.15
[*]c1ccc2c(c1)C(=O)N(c1cccc(C(O)c3cccc(N4C(=O)c5ccc(C([*])(C(F)(F)F)C(F)(F)F)cc5C4=O)c3)c1)C2=O,535.15
[*]c1ccc2c(c1)C(=O)N(c1cccc(C(c3cccc(N4C(=O)c5ccc(C([*])(C(F)(F)F)C(F)(F)F)cc5C4=O)c3)(C(F)(F)F)C(F)(F)F)c1)C2=O,536.15
[*]c1ccc2c(c1)C(=O)N(c1cccc(C(c3cccc(N4C(=O)c5ccc([*])cc5C4=O)c3)(C(F)(F)F)C(F)(F)F)c1)C2=O,540.15
[*]c1ccc2c(c1)C(=O)N(c1cccc(C(c3ccccc3)(c3cccc(N4C(=O)c5ccc(C([*])(C(F)(F)F)C(F)(F)F)cc5C4=O)c3)C(F)(F)F)c1)C2=O,578.15
[*]c1ccc2c(c1)C(=O)N(c1cccc(CCCOc3cccc(N4C(=O)c5cccc([*])c5C4=O)c3)c1)C2=O,451.15
[*]c1ccc2c(c1)C(=O)N(c1cccc(Cc3cccc(N4C(=O)c5ccc([Si]([*])(C)C)cc5C4=O)c3)c1)C2=O,511.15
[*]c1ccc2c(c1)C(=O)N(c1cccc(N3C(=O)c4ccc(-c5ccc6c(c5)C(=O)N(c5cccc(N7C(=O)c8ccc(C([*])(C(F)(F)F)C(F)(F)F)cc8C7=O)c5)C6=O)cc4C3=O)c1)C2=O,581.15
[*]c1ccc2c(c1)C(=O)N(c1cccc(N3C(=O)c4ccc(P([*])(=O)c5ccccc5)cc4C3=O)c1)C2=O,596.15
[*]c1ccc2c(c1)C(=O)N(c1cccc(N3C(=O)c4cccc([*])c4C3=O)c1)C2=O,614.15
[*]c1ccc2c(c1)C(=O)N(c1cccc(NC(=O)C(F)(F)C(F)(F)C(F)(F)C(F)(F)C(=O)Nc3cccc(N4C(=O)c5ccc(C([*])(C(F)(F)F)C(F)(F)F)cc5C4=O)c3)c1)C2=O,505.15
[*]c1ccc2c(c1)C(=O)N(c1cccc(NC(=O)C(F)(F)C(F)(F)C(F)(F)C(F)(F)C(F)(F)C(F)(F)C(=O)Nc3cccc(N4C(=O)c5ccc(C([*])(C(F)(F)F)C(F)(F)F)cc5C4=O)c3)c1)C2=O,491.15
[*]c1ccc2c(c1)C(=O)N(c1cccc(OCCCCCCCCCCCCOc3cccc(N4C(=O)c5ccc([*])cc5C4=O)c3)c1)C2=O,389.15
[*]c1ccc2c(c1)C(=O)N(c1cccc(OCCCCCCCCCCCCOc3cccc(N4C(=O)c5cccc([*])c5C4=O)c3)c1)C2=O,389.15
[*]c1ccc2c(c1)C(=O)N(c1cccc(OCCCCCCCCCCOc3cccc(N4C(=O)c5ccc([*])cc5C4=O)c3)c1)C2=O,398.15
[*]c1ccc2c(c1)C(=O)N(c1cccc(OCCCCCCCCCCOc3cccc(N4C(=O)c5cccc([*])c5C4=O)c3)c1)C2=O,400.15
[*]c1ccc2c(c1)C(=O)N(c1cccc(OCCCCCCCCCOc3cccc(N4C(=O)c5ccc([*])cc5C4=O)c3)c1)C2=O,405.15
[*]c1ccc2c(c1)C(=O)N(c1cccc(OCCCCCCCCCOc3cccc(N4C(=O)c5cccc([*])c5C4=O)c3)c1)C2=O,407.15
[*]c1ccc2c(c1)C(=O)N(c1cccc(OCCCCCCCCOc3cccc(N4C(=O)c5ccc([*])cc5C4=O)c3)c1)C2=O,411.15
[*]c1ccc2c(c1)C(=O)N(c1cccc(OCCCCCCCCOc3cccc(N4C(=O)c5cccc([*])c5C4=O)c3)c1)C2=O,415.15
[*]c1ccc2c(c1)C(=O)N(c1cccc(OCCCCCCOc3cccc(N4C(=O)c5ccc([*])cc5C4=O)c3)c1)C2=O,426.15
[*]c1ccc2c(c1)C(=O)N(c1cccc(OCCCCCCOc3cccc(N4C(=O)c5cccc([*])c5C4=O)c3)c1)C2=O,430.15
[*]c1ccc2c(c1)C(=O)N(c1cccc(OCCCCCOc3cccc(N4C(=O)c5ccc([*])cc5C4=O)c3)c1)C2=O,438.15
[*]c1ccc2c(c1)C(=O)N(c1cccc(OCCCCCOc3cccc(N4C(=O)c5cccc([*])c5C4=O)c3)c1)C2=O,441.15
[*]c1ccc2c(c1)C(=O)N(c1cccc(OCCCCOc3cccc(N4C(=O)c5ccc([*])cc5C4=O)c3)c1)C2=O,448.15
[*]c1ccc2c(c1)C(=O)N(c1cccc(OCCCCOc3cccc(N4C(=O)c5cccc([*])c5C4=O)c3)c1)C2=O,451.15
[*]c1ccc2c(c1)C(=O)N(c1cccc(OCCCOc3cccc(N4C(=O)c5ccc([*])cc5C4=O)c3)c1)C2=O,457.15
[*]c1ccc2c(c1)C(=O)N(c1cccc(Oc3cc(Oc4cccc(N5C(=O)c6ccc(C([*])(C(F)(F)F)C(F)(F)F)cc6C5=O)c4)ccc3P(=O)(c3ccccc3)c3ccccc3)c1)C2=O,503.15
[*]c1ccc2c(c1)C(=O)N(c1cccc(Oc3ccc(C(c4ccc(Oc5cccc(N6C(=O)c7ccc(C([*])(C(F)(F)F)C(F)(F)F)cc7C6=O)c5)cc4)(C(F)(F)F)C(F)(F)F)cc3)c1)C2=O,497.15
[*]c1ccc2c(c1)C(=O)N(c1cccc(Oc3ccc(N4C(=O)c5cccc([*])c5C4=O)cc3)c1)C2=O,559.15
[*]c1ccc2c(c1)C(=O)N(c1cccc(Oc3ccc(Oc4cccc(N5C(=O)c6ccc(C([*])(C(F)(F)F)C(F)(F)F)cc6C5=O)c4)cc3)c1)C2=O,503.15
[*]c1ccc2c(c1)C(=O)N(c1cccc(Oc3ccc(P(=O)(c4ccccc4)c4ccc(Oc5cccc(N6C(=O)c7ccc(C([*])(C(F)(F)F)C(F)(F)F)cc7C6=O)c5)cc4)cc3)c1)C2=O,516.15
[*]c1ccc2c(c1)C(=O)N(c1cccc(Oc3ccc(P(=O)(c4ccccc4)c4ccccc4)c(Oc4cccc(N5C(=O)c6ccc([*])cc6C5=O)c4)c3)c1)C2=O,507.15
[*]c1ccc2c(c1)C(=O)N(c1cccc(Oc3ccc(S(=O)(=O)c4ccc(Oc5cccc(N6C(=O)c7ccc(C([*])(C(F)(F)F)C(F)(F)F)cc7C6=O)c5)cc4)cc3)c1)C2=O,482.65
[*]c1ccc2c(c1)C(=O)N(c1cccc(Oc3cccc(N4C(=O)c5ccc(C(F)(F)C(F)(F)C([*])(F)F)cc5C4=O)c3)c1)C2=O,585.15
[*]c1ccc2c(c1)C(=O)N(c1cccc(Oc3cccc(N4C(=O)c5ccc(C([*])(C(F)(F)F)C(F)(F)F)cc5C4=O)c3)c1)C2=O,517.15
[*]c1ccc2c(c1)C(=O)N(c1cccc(Oc3cccc(Oc4cccc(N5C(=O)c6cccc([*])c6C5=O)c4)c3)c1)C2=O,486.15
[*]c1ccc2c(c1)C(=O)N(c1cccc(P(=O)(c3ccc(C(F)(F)F)cc3)c3cccc(N4C(=O)c5ccc(C([*])(C(F)(F)F)C(F)(F)F)cc5C4=O)c3)c1)C2=O,533.15
[*]c1ccc2c(c1)C(=O)N(c1cccc(P(=O)(c3ccc(Oc4ccc(C56CC7CC(CC(C7)C5)C6)cc4)cc3)c3cccc(N4C(=O)c5ccc(C([*])(C(F)(F)F)C(F)(F)F)cc5C4=O)c3)c1)C2=O,571.15
[*]c1ccc2c(c1)C(=O)N(c1cccc(P(=O)(c3cccc(N4C(=O)c5ccc(C([*])(C(F)(F)F)C(F)(F)F)cc5C4=O)c3)c3cc(C(F)(F)F)cc(C(F)(F)F)c3)c1)C2=O,520.15
[*]c1ccc2c(c1)C(=O)N(c1cccc(P(=O)(c3ccccc3)c3cccc(N4C(=O)c5ccc(C([*])(C(F)(F)F)C(F)(F)F)cc5C4=O)c3)c1)C2=O,544.15
[*]c1ccc2c(c1)C(=O)N(c1cccc(S(=O)(=O)c3cccc(N4C(=O)c5ccc([*])cc5C4=O)c3)c1)C2=O,533.15
[*]c1ccc2c(c1)C(=O)N(c1cccc3c(N4C(=O)c5ccc(C([*])(C(F)(F)F)C(F)(F)F)cc5C4=O)cccc13)C2=O,663.15
[*]c1ccc2c(c1)C(CCCCCC)(CCCCCC)c1cc(-c3cc(CCCCCC)c([*])cc3CCCCCC)ccc1-2,351.95
[*]c1ccc2c(c1)C(CCCCCC)(CCCCCC)c1cc(-c3cc(CCCCCCCC)c([*])cc3CCCCCCCC)ccc1-2,347.65
[*]c1ccc2c(c1)C(CCCCCC)(CCCCCC)c1cc(-c3cc(OCCCCCCCC)c([*])cc3OCCCCCCCC)ccc1-2,331.15
[*]c1ccc2c(c1)C(CCCCCC)(CCCCCC)c1cc(-c3cc(OCc4ccccc4)c([*])cc3OCc3ccccc3)ccc1-2,346.15
[*]c1ccc2c(c1)C(CCCCCC)(CCCCCC)c1cc(-c3ccc4c(c3)C(CC3=NC(Cc5ccccc5)CO3)(CC3=NC(Cc5ccccc5)CO3)c3cc([*])ccc3-4)ccc1-2,387.15
[*]c1ccc2c(c1)C(CCCCCC)(CCCCCC)c1cc(-c3ccc4c(c3)c3cc([*])ccc3n4-c3ccc(C)cc3)ccc1-2,428.15
[*]c1ccc2c(c1)C(CCCCCC)(CCCCCC)c1cc(-c3ccc4c(c3)c3cc([*])ccc3n4-c3ccc(OC)cc3)ccc1-2,447.15
[*]c1ccc2c(c1)C(CCCCCC)(CCCCCC)c1cc(-c3ccc4c(c3)c3cc([*])ccc3n4-c3ccccc3)ccc1-2,443.15
[*]c1ccc2c(c1)C(CCCCCCCC)(CCCCCCCC)c1cc(-c3c(F)c(F)c([*])c(F)c3F)ccc1-2,302.15
[*]c1ccc2c(c1)C(CCCCCCCC)(CCCCCCCC)c1cc(-c3cc(F)c([*])cc3F)ccc1-2,307.15
[*]c1ccc2c(c1)C(CCCCCCCC)(CCCCCCCC)c1cc(-c3ccc(-c4c(-c5ccccc5)c(-c5ccccc5)c(-c5ccc([*])s5)c5nc(-c6ccccc6)c(-c6ccccc6)nc45)s3)ccc1-2,465.15
[*]c1ccc2c(c1)C(CCCCCCCC)(CCCCCCCC)c1cc(-c3ccc(-c4ccc(-c5ccc([*])s5)c5cc(-c6ccccc6)c(-c6ccccc6)nc45)s3)ccc1-2,415.15
[*]c1ccc2c(c1)C(CCCCCCCC)(CCCCCCCC)c1cc(-c3ccc(-c4ccc(-c5ccc([*])s5)c5nsnc45)s3)ccc1-2,399.15
[*]c1ccc2c(c1)C(CCCCCCCC)(CCCCCCCC)c1cc(-c3ccc(-c4ccc(-c5ccc([*])s5)cn4)s3)ccc1-2,400.65
[*]c1ccc2c(c1)C(CCCCCCCC)(CCCCCCCC)c1cc(-c3ccc(-c4ccc([*])s4)s3)ccc1-2,375.15
[*]c1ccc2c(c1)C(CCCCCCCC)(CCCCCCCC)c1cc(-c3ccc4c(c3)C(c3ccc(-c5nnc(-c6ccc(C(C)(C)C)cc6)o5)cc3)(c3ccc(-c5nnc(-c6ccc(C(C)(C)C)cc6)o5)cc3)c3cc([*])ccc3-4)ccc1-2,486.15
[*]c1ccc2c(c1)C(CCCCCCCC)(CCCCCCCC)c1cc(-c3sc(-c4ccc(-c5cc(CCCCCC)c([*])s5)c5nsnc45)cc3CCCCCC)ccc1-2,352.15
[*]c1ccc2c(c1)C(CCCCCCCCCCCC)(CCCCCCCCCCCC)c1cc([*])ccc1-2,289.15
[*]c1ccc2c(c1)C([*])(C)CC2(C)C,488.65
[*]c1ccc2c(c1)Cc1cc(-n3c(=O)c4cc5c(=O)n([*])c(=O)c5cc4c3=O)ccc1-2,595.15
[*]c1ccc2c(c1)Sc1cc(-c3ccc(-c4ccc([*])s4)s3)ccc1N2CCCCCC,413.15
[*]c1ccc2c(c1)Sc1cc(-c3ccc(-c4ccc([*])s4)s3)ccc1N2CCCCCCCCCC,415.15
[*]c1ccc2c(c1)Sc1cc(-c3ccc(-c4ccc([*])s4)s3)ccc1N2CCCCCCCCCCCC,423.15
[*]c1ccc2c(c1)Sc1cc(-c3sc4cc([*])sc4c3CCCCC)ccc1N2CCCCCC,399.15
[*]c1ccc2c(c1)Sc1cc(-c3sc4cc([*])sc4c3CCCCC)ccc1N2CCCCCCCCCC,404.15
[*]c1ccc2c(c1)Sc1cc(-c3sc4cc([*])sc4c3CCCCC)ccc1N2CCCCCCCCCCCC,409.15
[*]c1ccc2c3c(cccc13)C(=O)N(CCCCCCCCCCCCN1C(=O)c3ccc4c5ccc6c7c(ccc(c8ccc(c3c48)C1=O)c75)C(=O)N(CCCCCCCCCCCCN1C(=O)c3cccc4c([*])ccc(c34)C1=O)C6=O)C2=O,483.15
[*]c1ccc2c3ccc(-c4ccc(-c5ccc(-c6ccc([*])s6)c6nccnc56)s4)cc3n(C(CCCCCCCC)CCCCCCCC)c2c1,389.15
[*]c1ccc2c3ccc(-c4sc(-c5ccc(-c6cc(CCCCCC)c([*])s6)c6nsnc56)cc4CCCCCC)cc3n(C(CCCCCCCC)CCCCCCCC)c2c1,347.15
[*]c1ccc2c3ccc(-c4sc(-c5sc(-c6cc(CCCCCC)c([*])s6)c6nc(CC)c(CC)nc56)cc4CCCCCC)cc3n(CCCCCCCCCCCC)c2c1,362.15
[*]c1ccc2cc(-c3nc4ccc(-c5ccc6nc([*])[nH]c6c5)cc4[nH]3)ccc2c1,676.15
[*]c1ccc2cc3cc(-c4sc(-c5cc(CCCCCCCCCCCC)c([*])s5)cc4CCCCCCCCCCCC)ccc3cc2c1,431.15
[*]c1ccc2nc(-c3ccc(-c4ccc(-c5cc(-c6ccc(-c7ccc(Oc8ccccc8)cc7)cc6)c6cc([*])ccc6n5)cc4)cc3)cc(-c3ccc(-c4ccc(Oc5ccccc5)cc4)cc3)c2c1,647.15
[*]c1ccc2nc(-c3ccc(-c4ccc(-c5cc(-c6ccc(Oc7ccc(-c8ccccc8)cc7)cc6)c6cc([*])ccc6n5)cc4)cc3)cc(-c3ccc(Oc4ccc(-c5ccccc5)cc4)cc3)c2c1,637.15
[*]c1ccc2nc(-c3ccc(-c4ccc(-c5cc(-c6ccc(Oc7ccc(Oc8ccccc8)cc7)cc6)c6cc([*])ccc6n5)cc4)cc3)cc(-c3ccc(Oc4ccc(Oc5ccccc5)cc4)cc3)c2c1,628.15
[*]c1ccc2nc(-c3ccc(-c4ccc(-c5cc(-c6ccccc6)c6cc(C7([*])c8ccccc8C(=O)c8ccccc87)ccc6n5)cc4)cc3)cc(-c3ccccc3)c2c1,623.15
[*]c1ccc2nc(-c3ccc(-c4ccc(-c5nc6ccc([*])cc6nc5-c5ccccc5)cc4)cc3)c(-c3ccccc3)nc2c1,677.15
[*]c1ccc2nc(-c3ccc(-c4cnc5cc(S([*])(=O)=O)ccc5n4)cc3)cnc2c1,615.15
[*]c1ccc2nc(-c3ccc(-c4nc5cc(S([*])(=O)=O)ccc5nc4-c4ccccc4)cc3)c(-c3ccccc3)nc2c1,550.65
[*]c1ccc2nc(-c3ccc(-c4nc5cc([*])ccc5nc4-c4ccccc4)cc3)c(-c3ccccc3)nc2c1,664.65
[*]c1ccc2nc(-c3ccc(-c4nc5ccc(S([*])(=O)=O)cc5nc4-c4ccccc4)cc3)c(-c3ccccc3)nc2c1,618.15
[*]c1ccc2nc(-c3ccc(-c4nc5ccc([*])cc5nc4-c4ccccc4)cc3)c(-c3ccccc3)nc2c1,627.65
[*]c1ccc2nc(-c3ccc(C4(c5ccc(-c6cc(-c7ccccc7)c7cc(C8([*])c9ccccc9C(=O)c9ccccc98)ccc7n6)cc5)c5ccccc5-c5ccccc54)cc3)cc(-c3ccccc3)c2c1,678.15
[*]c1ccc2nc(-c3ccc(OCCCCOc4ccc(-c5nc6ccc([*])cc6nc5-c5ccccc5)cc4)cc3)c(-c3ccccc3)nc2c1,513.15
[*]c1ccc2nc(-c3ccc(Oc4ccc(-c5cc(-c6ccccc6)c6cc(C7([*])c8ccccc8C(=O)c8ccccc87)ccc6n5)cc4)cc3)cc(-c3ccccc3)c2c1,593.15
[*]c1ccc2nc(-c3ccc(Oc4ccc(-c5nc6cc([*])ccc6nc5-c5ccccc5)cc4)cc3)c(-c3ccccc3)nc2c1,565.65
[*]c1ccc2nc(-c3ccc(Oc4ccc(-c5nc6ccc([*])cc6nc5-c5ccccc5)cc4)cc3)c(-c3ccccc3)nc2c1,579.15
[*]c1ccc2nc(-c3ccc(Oc4ccc(Oc5ccc(Oc6ccc(-c7nc8ccc([*])cc8nc7-c7ccccc7)cc6)cc5)cc4)cc3)c(-c3ccccc3)nc2c1,536.15
[*]c1ccc2nc(-c3ccc(Sc4ccc(-c5nc6ccc([*])cc6nc5-c5ccccc5)cc4)cc3)c(-c3ccccc3)nc2c1,561.15
[*]c1ccc2nc(-c3ccc4ccccc4c3)c(-c3ccc(-c4nc5ccc([*])cc5nc4-c4ccc5ccccc5c4)cc3)nc2c1,606.15
[*]c1ccc2nc(-c3ccc4ccccc4c3)c(-c3cccc(-c4nc5ccc([*])cc5nc4-c4ccc5ccccc5c4)c3)nc2c1,590.15
[*]c1ccc2nc(-c3cccc(-c4nc5cc([*])ccc5nc4-c4ccccc4)c3)c(-c3ccccc3)nc2c1,592.15
[*]c1ccc2nc(-c3ccccc3)c(-c3ccc(-c4ccc(-c5c(-c6ccccc6)nc6ccc([*])cc6c5-c5ccccc5)cc4)cc3)c(-c3ccccc3)c2c1,678.15
[*]c1ccc2nc(-c3ccccc3)c(-c3ccc(-c4nc5cc(S([*])(=O)=O)ccc5nc4-c4ccccc4)cc3)nc2c1,618.15
[*]c1ccc2nc(-c3ccccc3)c(-c3ccc(Oc4ccc(-c5c(-c6ccccc6)nc6ccc([*])cc6c5-c5ccccc5)cc4)cc3)c(-c3ccccc3)c2c1,580.65
[*]c1ccc2nc(-c3ccccc3)c(-c3ccc(Oc4ccc(-c5nc6cc(S([*])(=O)=O)ccc6nc5-c5ccccc5)cc4)cc3)nc2c1,563.15
[*]c1ccc2nc(-c3ccccc3)c(-c3ccc(Oc4ccc(-c5nc6cc([*])ccc6nc5-c5ccccc5)cc4)cc3)nc2c1,573.15
[*]c1ccc2nc(-c3ccccc3)c(-c3ccc(Sc4ccc(-c5nc6cc([*])ccc6nc5-c5ccccc5)cc4)cc3)nc2c1,561.15
[*]c1ccc2nc(-c3ccccc3)c(-c3cccc(-c4nc5cc([*])ccc5nc4-c4ccccc4)c3)nc2c1,593.15
[*]c1ccc2nc(CCCCCCCCCCCCc3nc4ccc([*])cc4o3)oc2c1,328.15
[*]c1ccc2nc(CCCCCCCCCCCc3nc4ccc([*])cc4o3)oc2c1,335.15
[*]c1ccc2nc(CCCCCCCCCCc3nc4ccc([*])cc4o3)oc2c1,337.15
[*]c1ccc2nc(CCCCCCCCCc3nc4ccc([*])cc4o3)oc2c1,337.15
[*]c1ccc2nc(CCCCCCCCc3nc4ccc([*])cc4o3)oc2c1,496.65
[*]c1ccc2nc(CCCCCCCCc3nc4ccc([*])cc4s3)sc2c1,511.15
[*]c1ccc2nc(CCCCCCCc3nc4ccc([*])cc4o3)oc2c1,358.15
[*]c1ccc2nc([*])cc(-c3ccccc3)c2c1,688.15
[*]c1ccc2ncc(-c3ccc(-c4cnc5ccc(S([*])(=O)=O)cc5n4)cc3)nc2c1,615.15
[*]c1ccc2oc(-c3ccc(-c4nc5cc(C([*])(C(F)(F)F)C(F)(F)F)ccc5o4)cc3)nc2c1,644.65
[*]c1ccc2oc(-c3ccc(-c4nc5cc(C([*])(C(F)(F)F)C(F)(F)F)ccc5o4)nc3)nc2c1,625.15
[*]c1ccc2oc(-c3ccc(-c4nc5cc(C([*])(c6ccccc6)C(F)(F)F)ccc5o4)cc3)nc2c1,642.15
[*]c1ccc2oc(-c3ccc(C(c4ccc(-c5nc6cc(C([*])(c7ccccc7)C(F)(F)F)ccc6o5)cc4)(C(F)(F)F)C(F)(F)F)cc3)nc2c1,607.15
[*]c1ccc2oc(-c3ccc(Oc4ccc(-c5nc6cc(C([*])(C(F)(F)F)C(F)(F)F)ccc6o5)cc4)cc3)nc2c1,576.15
[*]c1ccc2oc(-c3ccc(Oc4ccc(-c5nc6cc(C([*])(c7ccccc7)C(F)(F)F)ccc6o5)cc4)cc3)nc2c1,572.15
[*]c1ccc2oc(-c3ccc4oc5ccc(-c6nc7cc(C([*])(C(F)(F)F)C(F)(F)F)ccc7o6)cc5c4c3)nc2c1,468.15
[*]c1ccc2oc(-c3cccc(-c4nc5cc(C([*])(C(F)(F)F)C(F)(F)F)ccc5o4)c3)nc2c1,574.15
[*]c1ccc2oc(-c3cccc(-c4nc5cc(C([*])(C(F)(F)F)C(F)(F)F)ccc5o4)n3)nc2c1,602.15
[*]c1ccc2oc(-c3cccc(-c4nc5cc(C([*])(c6ccccc6)C(F)(F)F)ccc5o4)c3)nc2c1,574.15
[*]c1ccc2oc(C3CCC(c4nc5cc(C([*])(C(F)(F)F)C(F)(F)F)ccc5o4)CC3)nc2c1,544.15
[*]c1ccc2oc(C3CCC(c4nc5cc(S([*])(=O)=O)ccc5o4)CC3)nc2c1,569.15
[*]c1ccc2oc3ccc(S([*])(=O)=O)cc3c2c1,633.15
[*]c1cccc(-c2cc(-c3ccc(Oc4ccc(-c5cc([*])nc6ccccc56)cc4)cc3)c3ccccc3n2)c1,541.15
[*]c1cccc(-c2cc(-c3ccccc3)c3cc(-c4ccc(OCCCCCCCCCCCOc5ccc(-c6ccc7nc([*])cc(-c8ccccc8)c7c6)cc5)cc4)ccc3n2)c1,406.65
[*]c1cccc(-c2cccc(C(F)(F)C(F)(F)C([*])(F)F)c2)c1,318.15
[*]c1cccc(-c2ccn(-c3ccc(-n4ccc([*])n4)cc3)n2)c1,348.15
[*]c1cccc(-c2ccn(CCCCCCn3ccc([*])n3)n2)c1,343.15
[*]c1cccc(-c2ccnn2-c2ccc(Cc3ccc(-n4nccc4[*])cc3)cc2)c1,485.15
[*]c1cccc(-c2ccnn2-c2ccc(Oc3ccc(-n4nccc4[*])cc3)cc2)c1,489.15
[*]c1cccc(-c2nc3cc(-c4ccc5[nH]c([*])nc5c4)ccc3[nH]2)c1,683.15
[*]c1cccc(-c2nc3cc(-c4ccc5c(c4)nc([*])n5C)ccc3[nH]2)c1,619.81
[*]c1cccc(-c2nc3cc4nc(-c5ccccc5)c([*])nc4cc3nc2-c2ccccc2)c1,638.15
[*]c1cccc(-c2nc3cc4nc([*])c(-c5ccccc5)nc4cc3nc2-c2ccccc2)c1,638.15
[*]c1cccc(-c2nc3ccc(-c4ccc5nc([*])[nH]c5c4)cc3[nH]2)c1,693.15
[*]c1cccc(-c2nc3ccc(-c4ccc5nc([*])sc5c4)cc3s2)c1,768.15
[*]c1cccc(-c2ncc(-c3ccc(Oc4ccc(-c5cnnc([*])n5)cc4)cc3)nn2)n1,496.15
[*]c1cccc(-c2nnc(-c3ccc(-c4nnc([*])o4)cc3)o2)c1,551.15
[*]c1cccc(-c2nnc(-c3ccccc3)c(-c3ccc(-c4nc([*])nnc4-c4ccccc4)cc3)n2)n1,533.15
[*]c1cccc(-c2nnc(-c3ccccc3)c(-c3ccc(Cc4ccc(-c5nc([*])nnc5-c5ccccc5)cc4)cc3)n2)n1,478.15
[*]c1cccc(-c2nnc(-c3ccccc3)c(-c3ccc(Oc4ccc(-c5nc([*])nnc5-c5ccccc5)cc4)cc3)n2)n1,492.15
[*]c1cccc(-n2c(=O)c3cc4c(=O)n([*])c(=O)c4cc3c2=O)c1,703.15
[*]c1cccc(-n2c(=O)c3cc4c(=O)n([*])c(=O)c4cc3c2=O)n1,456.65
[*]c1cccc(-n2nc(-c3ccccc3)c3ccc(Oc4ccc5c(=O)n([*])nc(-c6ccccc6)c5c4)cc3c2=O)c1C#N,574.15
[*]c1cccc(C(F)(F)C(F)(F)C([*])(F)F)c1,302.15
[*]c1cccc(C(c2cccc(-n3c(=O)c4cc5c(=O)n([*])c(=O)c5cc4c3=O)c2)(C(F)(F)F)C(F)(F)F)c1,569.15
[*]c1cccc(Cc2ccc(-n3c(=O)c4cc5c(=O)n([*])c(=O)c5cc4c3=O)cc2)c1,612.15
[*]c1cccc(Cc2cccc(-n3c(=O)c4cc5c(=O)n([*])c(=O)c5cc4c3=O)c2)c1,600.65
[*]c1cccc(N2C(=O)C(=O)N(CCCCCCN3C(=O)C(=O)N([*])C3=O)C2=O)n1,442.65
[*]c1cccc(N2C(=O)C(=O)N(c3ccc(Cc4ccc(N5C(=O)C(=O)N([*])C5=O)cc4)cc3)C2=O)n1,510.15
[*]c1cccc(N2C(=O)c3c(c(-c4ccccc4)c(-c4ccc(-c5c(-c6ccccc6)c6c(c(-c7ccccc7)c5-c5ccccc5)C(=O)N([*])C6=O)cc4)c(-c4ccccc4)c3-c3ccccc3)C2=O)c1,689.15
[*]c1cccc(N2C(=O)c3c(c(-c4ccccc4)c(-c4ccc(Oc5ccc(-c6c(-c7ccccc7)c7c(c(-c8ccccc8)c6-c6ccccc6)C(=O)N([*])C7=O)cc5)cc4)c(-c4ccccc4)c3-c3ccccc3)C2=O)c1,630.15
[*]c1cccc(N2C(=O)c3ccc(C(=O)c4ccc5c(c4)C(=O)N(c4cccc(C([*])O[Si](C)(C)O[Si](C)(C)O[Si](C)(C)C)c4)C5=O)cc3C2=O)c1,508.15
[*]c1cccc(N2C(=O)c3ccc(C(c4ccc5c(c4)C(=O)N([*])C5=O)(C(F)(F)F)C(F)(F)F)cc3C2=O)c1C,626.65
[*]c1cccc(N2C(=O)c3ccc(NC(=O)OCCOc4ccc(C(c5ccc(OCCOC(=O)Nc6ccc7c(c6)C(=O)N(c6cccc(P([*])(C)=O)c6)C7=O)cc5)(C(F)(F)F)C(F)(F)F)cc4)cc3C2=O)c1,477.15
[*]c1cccc(N2C(=O)c3ccc(NC(=O)OCCOc4ccc(P(=O)(c5ccccc5)c5ccc(OCCOC(=O)Nc6ccc7c(c6)C(=O)N(c6cccc(P([*])(C)=O)c6)C7=O)cc5)cc4)cc3C2=O)c1,474.15
[*]c1cccc(N2C(=O)c3ccc(Oc4ccc5c(c4)C(=O)N(c4cccc(C([*])O[Si](C)(C)O[Si](C)(C)O[Si](C)(C)C)c4)C5=O)cc3C2=O)c1,492.15
[*]c1cccc(OP(=O)(Oc2cccc(-n3c(=O)c4cc5c(=O)n([*])c(=O)c5cc4c3=O)c2)c2ccccc2)c1,464.15
[*]c1cccc(Oc2cc(Oc3cccc(-n4c(=O)c5cc6c(=O)n([*])c(=O)c6cc5c4=O)c3)ccc2P(=O)(c2ccccc2)c2ccccc2)c1,524.15
[*]c1cccc(Oc2ccc(-c3ccc(Oc4cccc(-n5c(=O)c6cc7c(=O)n([*])c(=O)c7cc6c5=O)c4)cc3)cc2)c1,524.15
[*]c1cccc(Oc2ccc(-c3nc4cc5sc(-c6ccc(Oc7cccc(-n8c(=O)c9cc%10c(=O)n([*])c(=O)c%10cc9c8=O)c7)cc6)nc5cc4s3)cc2)c1,673.15
[*]c1cccc(Oc2ccc(-n3c(=O)c4cc5c(=O)n([*])c(=O)c5cc4c3=O)cc2)c1,670.15
[*]c1cccc(Oc2ccc(S(=O)(=O)c3ccc(Oc4cccc(-n5c(=O)c6cc7c(=O)n([*])c(=O)c7cc6c5=O)c4)cc3)cc2)c1,496.3
[*]c1cccc(Oc2cccc(Oc3cccc(-n4c(=O)c5cc6c(=O)n([*])c(=O)c6cc5c4=O)c3)c2)c1,494.15
[*]c1cccc(Oc2cccc(Oc3cccc(N4C(=O)C5C6C=CC(C7C(=O)N([*])C(=O)C67)C5C4=O)c3)c2)c1,450.15
[*]c1cccc(Oc2cccc(Oc3cccc(N4C(=O)c5c(c(-c6ccccc6)c(-c6ccc(-c7c(-c8ccccc8)c8c(c(-c9ccccc9)c7-c7ccccc7)C(=O)N([*])C8=O)cc6)c(-c6ccccc6)c5-c5ccccc5)C4=O)c3)c2)c1,553.15
[*]c1cccc(Oc2cccc(Oc3cccc(N4C(=O)c5c(c(-c6ccccc6)c(-c6ccc(Oc7ccc(-c8c(-c9ccccc9)c9c(c(-c%10ccccc%10)c8-c8ccccc8)C(=O)N([*])C9=O)cc7)cc6)c(-c6ccccc6)c5-c5ccccc5)C4=O)c3)c2)c1,534.15
[*]c1cccc(Oc2cccc(Oc3cccc(N4C(=O)c5c(c(-c6ccccc6)c(-c6ccc(Oc7ccc(Oc8ccc(-c9c(-c%10ccccc%10)c%10c(c(-c%11ccccc%11)c9-c9ccccc9)C(=O)N([*])C%10=O)cc8)cc7)cc6)c(-c6ccccc6)c5-c5ccccc5)C4=O)c3)c2)c1,511.15
[*]c1cccc(P(=O)(c2ccc(C(F)(F)F)cc2)c2cccc(-n3c(=O)c4c(-c5cc(C(F)(F)F)cc(C(F)(F)F)c5)c5c(=O)n([*])c(=O)c5c(-c5cc(C(F)(F)F)cc(C(F)(F)F)c5)c4c3=O)c2)c1,584.15
[*]c1cccc(P(=O)(c2ccc(C(F)(F)F)cc2)c2cccc(-n3c(=O)c4c(-c5ccc(C(F)(F)F)cc5)c5c(=O)n([*])c(=O)c5c(-c5ccc(C(F)(F)F)cc5)c4c3=O)c2)c1,597.15
[*]c1cccc(P(=O)(c2ccc(C(F)(F)F)cc2)c2cccc(-n3c(=O)c4c(-c5ccccc5)c5c(=O)n([*])c(=O)c5c(-c5ccccc5)c4c3=O)c2)c1,610.15
[*]c1cccc(P(=O)(c2ccc(C(F)(F)F)cc2)c2cccc(-n3c(=O)c4cc5c(=O)n([*])c(=O)c5c(-c5cc(C(F)(F)F)cc(C(F)(F)F)c5)c4c3=O)c2)c1,563.15
[*]c1cccc(P(=O)(c2ccc(C(F)(F)F)cc2)c2cccc(-n3c(=O)c4cc5c(=O)n([*])c(=O)c5c(-c5ccc(C(F)(F)F)cc5)c4c3=O)c2)c1,576.15
[*]c1cccc(P(=O)(c2ccc(C(F)(F)F)cc2)c2cccc(-n3c(=O)c4cc5c(=O)n([*])c(=O)c5c(-c5ccccc5)c4c3=O)c2)c1,584.15
[*]c1cccc(P(=O)(c2ccc(C(F)(F)F)cc2)c2cccc(-n3c(=O)c4cc5c(=O)n([*])c(=O)c5cc4c3=O)c2)c1,584.15
[*]c1cccc(P(=O)(c2ccc(Oc3ccc(C45CC6CC(CC(C6)C4)C5)cc3)cc2)c2cccc(-n3c(=O)c4cc5c(=O)n([*])c(=O)c5cc4c3=O)c2)c1,603.15
[*]c1cccc(P(=O)(c2cccc(-n3c(=O)c4c(-c5cc(C(F)(F)F)cc(C(F)(F)F)c5)c5c(=O)n([*])c(=O)c5c(-c5cc(C(F)(F)F)cc(C(F)(F)F)c5)c4c3=O)c2)c2cc(C(F)(F)F)cc(C(F)(F)F)c2)c1,566.15
[*]c1cccc(P(=O)(c2cccc(-n3c(=O)c4c(-c5ccc(C(F)(F)F)cc5)c5c(=O)n([*])c(=O)c5c(-c5ccc(C(F)(F)F)cc5)c4c3=O)c2)c2cc(C(F)(F)F)cc(C(F)(F)F)c2)c1,583.15
[*]c1cccc(P(=O)(c2cccc(-n3c(=O)c4c(-c5ccccc5)c5c(=O)n([*])c(=O)c5c(-c5ccccc5)c4c3=O)c2)c2cc(C(F)(F)F)cc(C(F)(F)F)c2)c1,593.15
[*]c1cccc(P(=O)(c2cccc(-n3c(=O)c4cc5c(=O)n([*])c(=O)c5c(-c5cc(C(F)(F)F)cc(C(F)(F)F)c5)c4c3=O)c2)c2cc(C(F)(F)F)cc(C(F)(F)F)c2)c1,553.15
[*]c1cccc(P(=O)(c2cccc(-n3c(=O)c4cc5c(=O)n([*])c(=O)c5c(-c5ccc(C(F)(F)F)cc5)c4c3=O)c2)c2cc(C(F)(F)F)cc(C(F)(F)F)c2)c1,565.15
[*]c1cccc(P(=O)(c2cccc(-n3c(=O)c4cc5c(=O)n([*])c(=O)c5c(-c5ccccc5)c4c3=O)c2)c2cc(C(F)(F)F)cc(C(F)(F)F)c2)c1,573.15
[*]c1cccc(P(=O)(c2cccc(-n3c(=O)c4cc5c(=O)n([*])c(=O)c5cc4c3=O)c2)c2cc(C(F)(F)F)cc(C(F)(F)F)c2)c1,554.15
[*]c1cccc(P(=O)(c2ccccc2)c2cccc(-n3c(=O)c4c(-c5cc(C(F)(F)F)cc(C(F)(F)F)c5)c5c(=O)n([*])c(=O)c5c(-c5cc(C(F)(F)F)cc(C(F)(F)F)c5)c4c3=O)c2)c1,597.15
[*]c1cccc(P(=O)(c2ccccc2)c2cccc(-n3c(=O)c4c(-c5ccc(C(F)(F)F)cc5)c5c(=O)n([*])c(=O)c5c(-c5ccc(C(F)(F)F)cc5)c4c3=O)c2)c1,607.15
[*]c1cccc(P(=O)(c2ccccc2)c2cccc(-n3c(=O)c4c(-c5ccccc5)c5c(=O)n([*])c(=O)c5c(-c5ccccc5)c4c3=O)c2)c1,615.15
[*]c1cccc(P(=O)(c2ccccc2)c2cccc(-n3c(=O)c4cc5c(=O)n([*])c(=O)c5c(-c5cc(C(F)(F)F)cc(C(F)(F)F)c5)c4c3=O)c2)c1,572.15
[*]c1cccc(P(=O)(c2ccccc2)c2cccc(-n3c(=O)c4cc5c(=O)n([*])c(=O)c5c(-c5ccc(C(F)(F)F)cc5)c4c3=O)c2)c1,594.15
[*]c1cccc(P(=O)(c2ccccc2)c2cccc(-n3c(=O)c4cc5c(=O)n([*])c(=O)c5c(-c5ccccc5)c4c3=O)c2)c1,598.15
[*]c1cccc(P(=O)(c2ccccc2)c2cccc(-n3c(=O)c4cc5c(=O)n([*])c(=O)c5cc4c3=O)c2)c1,604.15
[*]c1cccc(S(=O)(=O)c2cccc(-n3c(=O)c4cc5c(=O)n([*])c(=O)c5cc4c3=O)c2)c1,633.15
[*]c1cccc([*])c1,378.08
[*]c1ccccc1C(=O)Oc1ccc2c([*])c3ccc(=O)cc-3oc2c1,523.15
[*]c1ccccc1Cc1ccc(-n2c(=O)c3cc4c(=O)n([*])c(=O)c4cc3c2=O)cc1,629.65
[*]c1ccccc1Oc1ccc(-n2c(=O)c3cc4c(=O)n([*])c(=O)c4cc3c2=O)cc1,659.15
[*]c1ccccc1Oc1ccc(N2Cc3cc4c(cc3C2=O)C(=O)N([*])C4=O)cc1,659.15
[*]c1cn([*])c2ccccc12,338.15
[*]c1cnc(C2C(c3ccccc3)C([*])C2c2ccccc2)cn1,423.15
[*]c1nc(-c2ccccc2)nc(N(CCCCCCCCCCN([*])c2ccccc2)c2ccccc2)n1,335.15
[*]c1nc(-c2ccccc2)nc(N(CCCCCCN([*])c2ccccc2)c2ccccc2)n1,347.15
[*]c1nc(-c2ccccc2)nc(N(CCCCN([*])c2ccccc2)c2ccccc2)n1,367.15
[*]c1nc(-c2ccccc2)nc(N(c2ccccc2)c2ncnc(N([*])c3ccccc3)n2)n1,552.15
[*]c1nc(C(F)(F)C(F)(F)C(F)(F)F)nc(C(F)(F)C(F)(F)C(F)(F)C(F)(F)C(F)(F)C([*])(F)F)n1,268.15
[*]c1nc(C)nc(N(CCCCCCCCCCN([*])c2ccccc2)c2ccccc2)n1,321.15
[*]c1nc(C)nc(N(CCCCCCN([*])c2ccccc2)c2ccccc2)n1,340.15
[*]c1nc(C)nc(N(CCCCN([*])c2ccccc2)c2ccccc2)n1,358.15
[*]c1nc2cc(C(c3ccc4oc(-c5cc(OCCCCCCCCCC)c([*])cc5OCCCCCCCCCC)nc4c3)(C(F)(F)F)C(F)(F)F)ccc2o1,367.15
[*]c1nc2ccc(-c3cccc(-c4ccc5[nH]c(S([*])(=O)=O)nc5c4)c3)cc2[nH]1,563.15
[*]c1nnc(-c2cc(CCCCCCCC)c(-c3ccc(-c4sc(-c5nnc(-c6cc(OCCCCCCCC)c([*])cc6OCCCCCCCC)o5)cc4CCCCCCCC)s3)s2)o1,307.25
[*]c1nnc(-c2sc(-c3nnc(-c4cc(OCCCCCCCC)c([*])cc4OCCCCCCCC)o3)cc2CCCCCCCC)o1,397.45
[*]c1sc(-c2cc3sc(-c4cc(CCCCCCCCCCCCCC)c([*])s4)cc3s2)cc1CCCCCCCCCCCCCC,278.15
[*]c1sc(-c2nnc(-c3cc(OCCCCCCCC)c(-c4nnc(-c5cc(CCCCCCCCCC)c([*])s5)o4)cc3OCCCCCCCC)o2)cc1CCCCCCCCCC,326.95
[*]c1sc([*])c(CCCCCCN(CC)c2ccc(/N=N/c3ccc([N+](=O)[O-])cc3)cc2)c1CCCCCC,290.15
[*]=CCCC(=[*])CCC,195.5
[*]=CCCCC=[*],173.075
[*]=Cc1ccc(C=[*])cc1,410.575
[*]C(=O)c1ccc(Oc2cccc(N3C(=O)c4ccc(Oc5cccc6c5C(=O)N(c5cccc(Oc7ccc([*])cc7)c5)C6=O)cc4C3=O)c2)cc1,478.65
[*]C(=O)c1ccc2c(c1)C(=O)N(c1cc(N3C(=O)c4ccc([*])cc4C3=O)cc(C(F)(F)F)c1)C2=O,567.9
[*]C(=O)c1ccc2c(c1)C(=O)N(c1ccc(N3C(=O)c4ccc([*])cc4C3=O)cc1)C2=O,598.15
[*]C(=O)c1ccc2c(c1)C(=O)N(c1ccc(Oc3ccc(C(c4ccc(Oc5ccc(N6C(=O)c7ccc([*])cc7C6=O)cc5)cc4)(C(F)(F)F)C(F)(F)F)cc3)cc1)C2=O,521.9
[*]C(=O)c1ccc2c(c1)C(=O)N(c1cccc(S(=O)(=O)c3cccc(N4C(=O)c5ccc([*])cc5C4=O)c3)c1)C2=O,548.65
[*]C(F)(F)C([*])(F)Cl,342.625
[*]C([*])(F)F,391.575
[*]CC(CCl)O[*],250.925
[*]CC(COCC=C)O[*],237.825
[*]CC([*])(C#N)C(=O)OCCCCCC,359.075
[*]CC([*])(C)C#N,374.825
[*]CC([*])(C)C(=O)OC(C)C,357.075
[*]CC([*])(C)C(=O)OC1CCCCC1,375.075
[*]CC([*])(C)C(=O)OCC(C)C,320.5
[*]CC([*])(C)C(=O)OCC(CC)CC,283.5
[*]CC([*])(C)C(=O)OCC(F)(F)C(F)F,348.575
[*]CC([*])(C)C(=O)OCC(F)(F)F,347.575
[*]CC([*])(C)C(=O)OCCCCCCCCCC,209.325
[*]CC([*])(C)C(=O)OCCO,357.175
[*]CC([*])(C)C(=O)OCCc1ccccc1,310.575
[*]CC([*])(C)CC,261.575
[*]CC([*])(Cl)Cl,263.325
[*]CC([*])(F)F,240.375
[*]CC([*])C(=O)NC(C)(C)C,404.575
[*]CC([*])C(=O)Nc1ccccc1,429.075
[*]CC([*])C(=O)OC(C)CCCCC,234.0
[*]CC([*])C(=O)OC1CCCCC1,293.575
[*]CC([*])C(=O)OCC(CC)CCCC,216.075
[*]CC([*])C(=O)OCCCCCCCCCCCCCCCCCC,270.825
[*]CC([*])C(=O)c1ccccc1,333.95
[*]CC([*])C(N)=O,452.075
[*]CC([*])C=C,267.075
[*]CC([*])CCCCC,228.825
[*]CC([*])CCCCCC,218.575
[*]CC([*])CCCCCCC,225.575
[*]CC([*])Cl,351.575
[*]CC([*])F,307.075
[*]CC([*])OC(=O)CCC,275.0
[*]CC([*])OC(C)=O,314.075
[*]CC([*])OCCCC,221.075
[*]CC([*])c1ccc(C(=O)c2ccc(C)cc2)cc1,372.075
[*]CC([*])c1ccc(C(C)CC)cc1,358.5
[*]CC([*])c1ccc(CO)cc1,412.0
[*]CC([*])c1ccc(O)cc1,430.575
[*]CC([*])c1ccc(OC(C)=O)cc1,394.575
[*]CC([*])c1ccc(OC)cc1C,360.5
[*]CC([*])c1cccc(CO)c1,397.5
[*]CC([*])c1ccccc1CC,375.0
[*]CC([*])c1ccccc1OCCCCCCCC,285.0
[*]CCC(=O)OCCOC([*])=O,264.525
[*]CCCCC(=O)NCCCCCCNC([*])=O,327.675
[*]CCCCC(=O)OCCOC([*])=O,224.325
[*]CCCCCCCC(=O)NCCCCCCNC([*])=O,323.725
[*]CCCCCCCCCCC(=O)NCCCCCCNC([*])=O,319.075
[*]CCCCCCCCCCCCCCOC([*])=O,248.525
[*]CCCCCCCCCNC([*])=O,315.575
[*]CCCOCCC[*],201.5
[*]CCNC([*])=O,401.325
[*]CNC[*],237.375
[*]COC(=O)OC([*])C,308.875
[*]CSC[*],247.325
[*]Cc1cc(C)c(N2C(=O)c3ccc(C(=O)c4ccc5c(c4)C(=O)N(c4c(C)cc([*])cc4C)C5=O)cc3C2=O)c(C)c1,593.15
[*]Cc1cc(CC)c(N2C(=O)c3ccc(C(=O)c4ccc5c(c4)C(=O)N(c4c(CC)cc([*])cc4CC)C5=O)cc3C2=O)c(CC)c1,545.65
[*]Cc1ccc(N2C(=O)c3ccc(C(=O)c4ccc5c(c4)C(=O)N(c4ccc([*])cc4C)C5=O)cc3C2=O)c(C)c1,570.65
[*]Cc1ccc(N2C(=O)c3cccc(-c4cccc5c4C(=O)N(c4ccc([*])cc4C)C5=O)c3C2=O)c(C)c1,572.65
[*]Cc1ccc(N2C(=O)c3cccc(Sc4ccc5c(c4)C(=O)N(c4cc([*])ccc4C)C5=O)c3C2=O)c(C)c1,530.65
[*]OCCCCOC(=O)c1ccc(C([*])=O)cc1,317.275
[*]OCCCCOC(=O)c1cccc(C([*])=O)c1,294.575
[*]OCCCOC(=O)c1ccc(C([*])=O)cc1,326.075
[*]OCCOC(=O)c1ccccc1C([*])=O,333.325
[*]OCCOC([*])=O,284.075
[*]Oc1ccc(C(c2ccc(Oc3ccc4c(c3)C(=O)N(c3ccc(Cc5ccc(N6C(=O)c7ccc([*])cc7C6=O)cc5)cc3)C4=O)cc2)(C(F)(F)F)C(F)(F)F)cc1,500.15
[*]Oc1ccc(C(c2ccc(Oc3ccc4c(c3)C(=O)N(c3ccc(Oc5ccc(N6C(=O)c7ccc([*])cc7C6=O)cc5)cc3)C4=O)cc2)(C(F)(F)F)C(F)(F)F)cc1,499.65
[*]Oc1ccc(Oc2ccc(Oc3ccc4c(c3)C(=O)N(CCCCCCN3C(=O)c5ccc([*])cc5C3=O)C4=O)cc2)cc1,399.5
[*]Oc1ccc2c(c1)C(=O)N(c1ccc(N3C(=O)c4ccc([*])cc4C3=O)cc1)C2=O,628.9
[*]Oc1ccc2c(c1)C(=O)N(c1ccc(Oc3cccc(N4C(=O)c5ccc([*])cc5C4=O)c3)cc1)C2=O,505.15
[*]Oc1ccc2c(c1)C(=O)N(c1ccc(Oc3cccc(Oc4ccc(N5C(=O)c6ccc([*])cc6C5=O)cc4)c3)cc1)C2=O,481.4
[*]Oc1ccc2c(c1)C(=O)N(c1ccc(S(=O)(=O)c3ccc(N4C(=O)c5ccc([*])cc5C4=O)cc3)cc1)C2=O,559.15
[*]Oc1ccc2c(c1)C(=O)N(c1cccc(N3C(=O)c4ccc([*])cc4C3=O)c1)C2=O,543.65
[*]Oc1ccc2c(c1)C(=O)N(c1cccc(Oc3cccc(N4C(=O)c5ccc([*])cc5C4=O)c3)c1)C2=O,479.15
[*]Oc1ccc2c(c1)C(=O)N(c1cccc(Oc3cccc(Oc4cccc(N5C(=O)c6ccc([*])cc6C5=O)c4)c3)c1)C2=O,466.15
[*]Oc1cccc2c1C(=O)N(c1ccc(Oc3ccc(N4C(=O)c5cccc([*])c5C4=O)cc3)cc1)C2=O,566.9
[*]Oc1cccc2c1C(=O)N(c1ccc(Oc3ccc(Oc4ccc(N5C(=O)c6cccc([*])c6C5=O)cc4)cc3)cc1)C2=O,533.65
[*]Oc1cccc2c1C(=O)N(c1cccc(Oc3ccc(Oc4ccc(N5C(=O)c6ccc([*])cc6C5=O)cc4)cc3)c1)C2=O,522.15
[*]Sc1cccc2c1C(=O)N(c1ccc(N3C(=O)c4ccc([*])cc4C3=O)cc1)C2=O,592.65
[*]Sc1cccc2c1C(=O)N(c1ccc(Oc3ccc(N4C(=O)c5cccc([*])c5C4=O)cc3)cc1)C2=O,560.15
[*]Sc1cccc2c1C(=O)N(c1ccc(Oc3ccc(Oc4ccc(N5C(=O)c6ccc([*])cc6C5=O)cc4)cc3)cc1)C2=O,511.15
[*]c1c(C)cc(C)c(N2C(=O)c3ccc(C(=O)c4ccc5c(c4)C(=O)N([*])C5=O)cc3C2=O)c1C,677.15
[*]c1cc(C)c(N2C(=O)c3ccc(C(c4ccc5c(c4)C(=O)N([*])C5=O)(C(F)(F)F)C(F)(F)F)cc3C2=O)cc1C,640.15
[*]c1cc(CCCC)c([*])s1,327.65
[*]c1cc(CCCCCC)c([*])s1,288.3
[*]c1cc(CCCCCCCC)c([*])s1,260.05
[*]c1cc(CCCCCCCCCC)c([*])s1,243.15
[*]c1cc(CCCCCCCCCCCC)c([*])s1,248.9
[*]c1cc(N2C(=O)c3ccc(C(=O)c4ccc5c(c4)C(=O)N([*])C5=O)cc3C2=O)ccc1C,590.4
[*]c1ccc(-c2ccc(-n3c(=O)c4cc5c(=O)n([*])c(=O)c5cc4c3=O)cc2C)c(C)c1,642.4
[*]c1ccc(-c2ccc(-n3c(=O)c4cc5c(=O)n([*])c(=O)c5cc4c3=O)cc2OC(F)(F)F)c(OC(F)(F)F)c1,646.65
[*]c1ccc(C(c2ccc(-n3c(=O)c4cc5c(=O)n([*])c(=O)c5cc4c3=O)cc2)(C(F)(F)F)C(F)(F)F)cc1,635.65
[*]c1ccc(N2C(=O)c3cccc(-c4cccc5c4C(=O)N(c4ccc(C6([*])CCCCC6)cc4C)C5=O)c3C2=O)c(C)c1,575.65
[*]c1ccc(N2C(=O)c3cccc(-c4cccc5c4C(=O)N(c4ccc(C6([*])c7ccccc7-c7ccccc76)cc4C)C5=O)c3C2=O)c(C)c1,586.15
[*]c1ccc(OC(=O)Oc2ccc(C([*])(C)C)cc2)cc1,425.575
[*]c1ccc(OC(=O)c2ccc(C(=O)Oc3ccc(C([*])(C)C)cc3)cc2)cc1,473.075
[*]c1ccc(OC(=O)c2cccc(C(=O)Oc3ccc(C([*])(C)C)cc3)c2)cc1,457.575
[*]c1ccc(Oc2ccc(C(c3ccc(Oc4ccc(-n5c(=O)c6cc7c(=O)n([*])c(=O)c7cc6c5=O)cc4)cc3)(C(F)(F)F)C(F)(F)F)cc2)cc1,575.65
[*]c1ccc(Oc2ccc(N3C(=O)c4ccc(C(=O)c5ccc6c(c5)C(=O)N(c5ccc(Oc7ccc(C([*])(C)C)cc7)cc5)C6=O)cc4C3=O)cc2)cc1,529.15
[*]c1ccc(Oc2ccc(N3C(=O)c4ccc(C(c5ccc6c(c5)C(=O)N(c5ccc(Oc7ccc(C([*])(C)C)cc7)cc5)C6=O)(C(F)(F)F)C(F)(F)F)cc4C3=O)cc2)cc1,519.85
[*]c1ccc(Oc2ccc(Oc3ccc(-n4c(=O)c5cc6c(=O)n([*])c(=O)c6cc5c4=O)cc3)cc2)cc1,565.15
[*]c1ccc([*])[nH]1,359.575
[*]c1ccc([*])cc1,551.325
[*]c1ccc([*])s1,425.325
[*]c1ccc2c(c1)C(=O)N(c1c(F)c(F)c(-c3c(F)c(F)c(N4C(=O)c5ccc(C([*])(C(F)(F)F)C(F)(F)F)cc5C4=O)c(F)c3F)c(F)c1F)C2=O,647.65
[*]c1ccc2c(c1)C(=O)N(c1c(F)c(F)c(N3C(=O)c4ccc(C([*])(C(F)(F)F)C(F)(F)F)cc4C3=O)c(F)c1F)C2=O,648.65
[*]c1ccc2c(c1)C(=O)N(c1cc(N3C(=O)c4ccc(C([*])(C(F)(F)F)C(F)(F)F)cc4C3=O)cc(C(F)(F)F)c1)C2=O,563.65
[*]c1ccc2c(c1)C(=O)N(c1ccc(Oc3ccc(C(c4ccc(Oc5ccc(N6C(=O)c7ccc([*])cc7C6=O)cc5)cc4)(C(F)(F)F)C(F)(F)F)cc3)cc1)C2=O,522.65
[*]c1ccc2c(c1)C(=O)N(c1ccc(Oc3ccc(N4C(=O)c5ccc(C([*])(C(F)(F)F)C(F)(F)F)cc5C4=O)cc3)cc1)C2=O,568.65
[*]c1ccc2c(c1)C(=O)N(c1ccc(Oc3cccc(Oc4ccc(N5C(=O)c6ccc(C([*])(C(F)(F)F)C(F)(F)F)cc6C5=O)cc4)c3)cc1)C2=O,514.65
[*]c1ccc2c(c1)C(=O)N(c1ccc(S(=O)(=O)c3ccc(N4C(=O)c5ccc(C([*])(C(F)(F)F)C(F)(F)F)cc5C4=O)cc3)cc1)C2=O,609.65
[*]c1ccc2c(c1)C(=O)N(c1ccc(S(=O)(=O)c3ccc(N4C(=O)c5ccc([*])cc5C4=O)cc3)cc1)C2=O,613.15
[*]c1ccc2c(c1)C(=O)N(c1cccc(Oc3cccc(Oc4cccc(N5C(=O)c6ccc(C([*])(C(F)(F)F)C(F)(F)F)cc6C5=O)c4)c3)c1)C2=O,479.65
[*]c1ccc2c(c1)C(=O)N(c1cccc(S(=O)(=O)c3cccc(N4C(=O)c5ccc(C([*])(C(F)(F)F)C(F)(F)F)cc5C4=O)c3)c1)C2=O,548.15
[*]c1ccc2c(c1)C(CC(CC)CCCC)(CC(CC)CCCC)c1cc([*])ccc1-2,317.15
[*]c1ccc2c(c1)C(CCCCCC)(CCCCCC)c1cc([*])ccc1-2,375.65
[*]c1ccc2c(c1)C(CCCCCCCC)(CCCCCCCC)c1cc(-c3ccc([*])c4nsnc34)ccc1-2,386.4
[*]c1ccc2c3ccc(-c4ccc(-c5ccc(-c6ccc([*])s6)c6nsnc56)s4)cc3n(C(CCCCCCCC)CCCCCCCC)c2c1,394.15
[*]c1ccc2nc(-c3ccccc3)c(-c3ccc(-c4nc5cc([*])ccc5nc4-c4ccccc4)cc3)nc2c1,640.575
[*]c1cccc(Oc2ccc(C(c3ccc(Oc4cccc(-n5c(=O)c6cc7c(=O)n([*])c(=O)c7cc6c5=O)c4)cc3)(C(F)(F)F)C(F)(F)F)cc2)c1,499.65
[*]c1cccc(Oc2cccc(-n3c(=O)c4cc5c(=O)n([*])c(=O)c5cc4c3=O)c2)c1,558.4
[*]c1nc(C(F)(F)C(F)(F)OC(F)(F)F)nc(C(F)(F)C(F)(F)C(F)(F)C([*])(F)F)n1,254.5
[*]c1nc(C(F)(F)F)nc(C(F)(OC(F)(F)C(F)(F)C(F)(F)C(F)(F)C(F)(F)C(F)(F)OC([*])(F)C(F)(F)F)C(F)(F)F)n1,259.5
[*]=CCCC(=[*])C,206.15
[*]=CCCC(=[*])Cl,225.0
[*]=CCCC=[*],182.15
[*]C(=O)c1ccc(N2C(=O)c3ccc(C(=O)c4ccc5c(c4)C(=O)N(c4ccc([*])cc4)C5=O)cc3C2=O)cc1,566.15
[*]C(=O)c1ccc(Oc2ccc(Oc3ccc([*])cc3)cc2)cc1,419.0
[*]C(=O)c1ccc2c(c1)C(=O)N(c1ccc(Cc3ccc(N4C(=O)c5ccc([*])cc5C4=O)cc3)cc1)C2=O,565.65
[*]C(=O)c1ccc2c(c1)C(=O)N(c1ccc(Oc3ccc(N4C(=O)c5ccc([*])cc5C4=O)cc3)cc1)C2=O,563.15
[*]C(=O)c1ccc2c(c1)C(=O)N(c1cccc(C(=O)c3cccc(N4C(=O)c5ccc([*])cc5C4=O)c3)c1)C2=O,493.0
[*]C(=O)c1ccc2c(c1)C(=O)N(c1cccc(Cc3cccc(N4C(=O)c5ccc([*])cc5C4=O)c3)c1)C2=O,522.65
[*]C(=O)c1ccc2c(c1)C(=O)N(c1cccc(N3C(=O)c4ccc([*])cc4C3=O)c1)C2=O,573.15
[*]C(=O)c1cccc(-n2c(=O)c3cc4c(=O)n(-c5ccc([*])cc5)c(=O)c4cc3c2=O)c1,613.15
[*]C(=O)c1cccc(N2C(=O)c3ccc(C(=O)c4ccc5c(c4)C(=O)N(c4ccc([*])cc4)C5=O)cc3C2=O)c1,555.15
[*]C(=O)c1cccc(N2C(=O)c3ccc(Oc4ccc5c(c4)C(=O)N(c4cccc([*])c4)C5=O)cc3C2=O)c1,512.15
[*]C(F)(F)C1(F)C(F)(F)C([*])(F)C(F)(F)C1(F)F,390.0
[*]CC(C)O[*],203.975
[*]CC(C)S[*],226.0
[*]CC(COC)O[*],211.0
[*]CC([*])(C)C,199.0
[*]CC([*])(C)C(=O)OC,382.075
[*]CC([*])(C)C(=O)OC(C)(C)C,380.0
[*]CC([*])(C)C(=O)OC(C)CC,330.0
[*]CC([*])(C)C(=O)OCC,293.0
[*]CC([*])(C)C(=O)OCC(C)(C)C,306.0
[*]CC([*])(C)C(=O)OCC(C)O,348.5
[*]CC([*])(C)C(=O)OCCC,308.0
[*]CC([*])(C)C(=O)OCCC(C)(C)C,318.0
[*]CC([*])(C)C(=O)OCCCC,295.575
[*]CC([*])(C)C(=O)OCCCCCC,266.5
[*]CC([*])(C)C(=O)OCCCl,363.0
[*]CC([*])(C)C(=O)OCc1ccccc1,327.15
[*]CC([*])(C)c1ccccc1,441.15
[*]CC([*])(Cl)C(=O)OCC,365.0
[*]CC([*])C,248.5
[*]CC([*])C#N,383.0
[*]CC([*])C(=O)NC(C)C,358.3
[*]CC([*])C(=O)O,378.0
[*]CC([*])C(=O)OC,282.0
[*]CC([*])C(=O)OC(C)(C)C,314.0
[*]CC([*])C(=O)OC(C)CC,253.0
[*]CC([*])C(=O)OCC,251.0
[*]CC([*])C(=O)OCC(C)C,249.0
[*]CC([*])C(=O)OCCC,231.825
[*]CC([*])C(=O)OCCCC,221.575
[*]CC([*])C(=O)OCCCCCCCC,208.0
[*]CC([*])C(=O)OCCCCCCCCC,213.0
[*]CC([*])C(C)C,322.0
[*]CC([*])C(F)(F)C(F)(F)C(F)(F)F,331.0
[*]CC([*])C(F)(F)C(F)(F)F,314.0
[*]CC([*])C(F)(F)F,300.0
[*]CC([*])C1CCCC1,348.0
[*]CC([*])C1CCCCC1,377.925
[*]CC([*])CC,236.5
[*]CC([*])CCC,238.0
[*]CC([*])N1CCCC1=O,418.0
[*]CC([*])O,352.825
[*]CC([*])OC,246.175
[*]CC([*])OC(=O)C(F)(F)F,319.0
[*]CC([*])OC(=O)CC,283.0
[*]CC([*])OC(C)C,269.0
[*]CC([*])OC(C)CC,251.0
[*]CC([*])OC=O,305.5
[*]CC([*])OCC,246.575
[*]CC([*])OCC(C)C,251.075
[*]CC([*])OCCCCC,207.0
[*]CC([*])OCCCCCC,203.575
[*]CC([*])OCCCCCCCC,193.325
[*]CC([*])OCCCCCCCCCC,197.0
[*]CC([*])SC,272.0
[*]CC([*])c1cc(C)ccc1C,416.0
[*]CC([*])c1ccc(-c2ccccc2)cc1,411.0
[*]CC([*])c1ccc(Br)cc1,413.5
[*]CC([*])c1ccc(C(=O)OC)cc1,386.0
[*]CC([*])c1ccc(C(C)(C)C)cc1,402.0
[*]CC([*])c1ccc(C)c(C)c1,384.0
[*]CC([*])c1ccc(C)cc1,374.0
[*]CC([*])c1ccc(C)cc1C,385.0
[*]CC([*])c1ccc(CCCC)cc1,279.0
[*]CC([*])c1ccc(COC)cc1,350.0
[*]CC([*])c1ccc(COCCC)cc1,295.0
[*]CC([*])c1ccc(Cl)c(F)c1,395.0
[*]CC([*])c1ccc(Cl)cc1,393.075
[*]CC([*])c1ccc(Cl)cc1Cl,406.0
[*]CC([*])c1ccc(F)cc1,377.0
[*]CC([*])c1ccc(OC)cc1,362.0
[*]CC([*])c1ccc(OCCC)cc1,343.0
[*]CC([*])c1ccc(OCCCC)cc1,320.0
[*]CC([*])c1cccc(C)c1,368.0
[*]CC([*])c1ccccc1,369.11
[*]CC([*])c1ccccc1Cl,392.075
[*]CC([*])c1ccccn1,377.0
[*]CC([*])c1ccncc1,415.0
[*]CC([*])n1c2ccccc2c2ccccc21,423.0
[*]CC1CC([*])OC(CCC)O1,327.575
[*]CC1CC([*])OCO1,377.0
[*]CCCCC(=O)OCCCCCCCCCCOC([*])=O,216.0
[*]CCCCC(=O)OCCCCOC([*])=O,205.0
[*]CCCCCCCCC(=O)NCCCCCCNC([*])=O,313.0
[*]CCCCCCCCC(=O)OCCOC([*])=O,243.5
[*]CCCCCCCCCCCNC([*])=O,311.5
[*]CCCCCNC([*])=O,328.875
[*]CCCCCOC([*])=O,328.1
[*]CCCCOCCCC[*],203.0
[*]CCOC(=O)CCC([*])C,220.0
[*]CCOCC[*],189.5
[*]CCOC[*],195.0
[*]CCc1ccc([*])cc1,343.0
[*]CCc1ccc([*])cc1C,328.0
[*]COCC([*])(CCl)CCl,265.0
[*]COC[*],257.5
[*]CO[*],217.0
[*]C[*],219.15
[*]NCCCCCCNC(=O)c1cccc(C([*])=O)c1,402.0
[*]OC(C)C([*])=O,324.5
[*]OCCOC(=O)c1ccc(C([*])=O)c2ccccc12,337.0
[*]OCCOC(=O)c1ccc(C([*])=O)cc1,348.0
[*]OCCOC(=O)c1ccc2cc(C([*])=O)ccc2c1,394.575
[*]O[Si]([*])(C)C,149.0
[*]Oc1ccc(C([*])=O)cc1,420.0
[*]Oc1ccc(Oc2ccc3c(c2)C(=O)N(c2ccc(Oc4ccc(N5C(=O)c6ccc([*])cc6C5=O)cc4)cc2)C3=O)cc1,514.15
[*]Oc1ccc(Oc2cccc3c2C(=O)N(c2ccc(Oc4ccc(N5C(=O)c6cccc([*])c6C5=O)cc4)cc2)C3=O)cc1,527.15
[*]Oc1ccc(Sc2ccc(OC([*])=O)cc2)cc1,386.5
[*]Oc1ccc2c(c1)C(=O)N(c1ccc(Oc3ccc(N4C(=O)c5ccc([*])cc5C4=O)cc3)cc1)C2=O,542.15
[*]Oc1ccc2c(c1)C(=O)N(c1ccc(Oc3ccc(Oc4ccc(N5C(=O)c6ccc([*])cc6C5=O)cc4)cc3)cc1)C2=O,520.65
[*]Oc1ccc2c(c1)C(=O)N(c1cccc(S(=O)(=O)c3cccc(N4C(=O)c5ccc([*])cc5C4=O)c3)c1)C2=O,519.15
[*]Sc1ccc([*])cc1,360.0
[*]Sc1cccc2c1C(=O)N(c1ccc(Oc3ccc(N4C(=O)c5ccc([*])cc5C4=O)cc3)cc1)C2=O,540.65
[*]c1ccc(-c2ccc(-n3c(=O)c4cc5c(=O)n([*])c(=O)c5cc4c3=O)cc2C(F)(F)F)c(C(F)(F)F)c1,652.15
[*]c1ccc(OC(=O)Oc2ccc(C([*])(C)CCC)cc2)cc1,410.0
[*]c1ccc(OC(=O)Oc2ccc(C([*])(CCC)CCC)cc2)cc1,421.0
[*]c1ccc(OC(=O)Oc2ccc(C([*])C(C)C)cc2)cc1,422.0
[*]c1ccc(OC(=O)Oc2ccc(C([*])CCC)cc2)cc1,396.0
[*]c1ccc(Oc2ccc(-n3c(=O)c4cc5c(=O)n([*])c(=O)c5cc4c3=O)cc2)cc1,658.15
[*]c1ccc(Oc2ccc(N3C(=O)c4ccc(-c5ccc6c(c5)C(=O)N(c5ccc(Oc7ccc(C([*])(C)C)cc7)cc5)C6=O)cc4C3=O)cc2)cc1,510.65
[*]c1ccc2c(c1)C(=O)N(c1ccc(-c3ccc(N4C(=O)c5ccc(C([*])(C(F)(F)F)C(F)(F)F)cc5C4=O)cc3C(F)(F)F)c(C(F)(F)F)c1)C2=O,600.15
[*]c1ccc2c(c1)C(=O)N(c1ccc(-c3ccc(N4C(=O)c5ccc([*])cc5C4=O)cc3C(F)(F)F)c(C(F)(F)F)c1)C2=O,596.9
[*]c1ccc2c(c1)C(=O)N(c1ccc(Cc3ccc(N4C(=O)c5ccc([*])cc5C4=O)cc3)cc1)C2=O,581.15
[*]c1ccc2c(c1)C(=O)N(c1ccc(N3C(=O)c4ccc(C([*])(C(F)(F)F)C(F)(F)F)cc4C3=O)cc1)C2=O,628.65
[*]c1ccc2c(c1)C(=O)N(c1ccc(N3C(=O)c4cccc([*])c4C3=O)cc1)C2=O,678.15
[*]c1ccc2c(c1)C(=O)N(c1ccc(Oc3ccc(C(c4ccc(Oc5ccc(N6C(=O)c7ccc(C([*])(C(F)(F)F)C(F)(F)F)cc7C6=O)cc5)cc4)(C(F)(F)F)C(F)(F)F)cc3)cc1)C2=O,520.15
[*]c1ccc2c(c1)C(=O)N(c1ccc(Oc3ccc(Oc4ccc(N5C(=O)c6ccc([*])cc6C5=O)cc4)cc3)cc1)C2=O,551.15
[*]c1ccc2c(c1)C(=O)N(c1ccc(Oc3cccc(Oc4ccc(N5C(=O)c6cccc([*])c6C5=O)cc4)c3)cc1)C2=O,521.15
[*]c1ccc2c(c1)C(=O)N(c1cccc(N3C(=O)c4ccc(C([*])(C(F)(F)F)C(F)(F)F)cc4C3=O)c1)C2=O,571.15
[*]c1ccc2c(c1)C(=O)N(c1cccc(N3C(=O)c4ccc([*])cc4C3=O)c1)C2=O,606.4
[*]c1ccc2c(c1)C(=O)N(c1cccc(Oc3cccc(N4C(=O)c5cccc([*])c5C4=O)c3)c1)C2=O,518.15
[*]c1ccc2c(c1)C(=O)N(c1cccc(Oc3cccc(Oc4cccc(N5C(=O)c6ccc([*])cc6C5=O)c4)c3)c1)C2=O,478.15
[*]c1ccc2c(c1)C(CCCCCCCC)(CCCCCCCC)c1cc([*])ccc1-2,344.15
[*]c1cccc2c1C(=O)N(c1ccc(Oc3ccc(N4C(=O)c5cccc([*])c5C4=O)cc3)cc1)C2=O,579.15
